# https://github.com/mikedh/trimesh
v 0.00001795 0.02441185 0.07617712
v -0.00000188 -0.08727354 0.28164357
v -0.00000062 -0.05552836 0.28979212
v 0.00000061 -0.02428305 0.29088181
v 0.00000361 0.05150879 0.22343677
v 0.00000358 0.05076620 0.17469186
v 0.00000371 0.05407536 0.19685680
v 0.00000247 0.03298646 0.13811374
v 0.00000191 0.02587961 0.11798525
v 0.00000426 0.02315681 0.09650326
v 0.00000323 0.04298763 0.15548116
v -0.00000420 -0.14622337 0.11593932
v -0.00000402 -0.14156753 0.11272424
v -0.00000397 -0.14023136 0.11159891
v -0.00000409 -0.14310959 0.10679823
v -0.00000380 -0.13554536 0.07717377
v -0.00000343 -0.12604298 0.06840485
v -0.00000416 -0.14509255 0.19553798
v -0.00000406 -0.14247969 0.21871597
v -0.00000389 -0.13818493 0.23356849
v -0.00000410 -0.14352563 0.18675357
v -0.00000353 -0.12903818 0.25017077
v -0.00000380 -0.13613408 0.11724013
v -0.00000377 -0.13497495 0.11110121
v -0.00000372 -0.13406485 0.12993389
v -0.00000359 -0.13044493 0.10187286
v -0.00000272 -0.10878943 0.14179367
v -0.00000306 -0.11693722 0.09289449
v -0.00000166 -0.08185523 0.14086062
v -0.00000211 -0.09296955 0.08872265
v -0.00000122 -0.07073721 0.12702602
v -0.00000118 -0.06919388 0.07839864
v -0.00000425 -0.14754355 0.13247687
v -0.00000464 -0.15737255 0.13602489
v -0.00000417 -0.14543544 0.12782460
v -0.00000390 -0.13824240 0.09818858
v -0.00000000 -0.03979303 0.09350890
v -0.00000047 -0.05123704 0.07314736
v -0.00000405 -0.14208784 0.10165876
v -0.00000422 -0.14663215 0.12106973
v -0.00000408 -0.14310708 0.17983609
v -0.00000436 -0.15026381 0.16598731
v -0.00000382 -0.13614405 0.09309953
v -0.00000483 -0.16205632 0.14011008
v -0.00000443 -0.15209261 0.13413554
v -0.00000460 -0.15616009 0.15705806
v -0.00000386 -0.13703172 0.08626765
v -0.00000483 -0.16197142 0.14828688
v -0.00000415 -0.14482502 0.20621604
v -0.00000418 -0.14562932 0.17342478
v -0.00000275 -0.10051178 0.06501955
v -0.00000249 -0.11187397 0.06631809
v -0.00000289 -0.11303400 0.26680475
v -0.00003278 -0.09038861 0.05772513
v -0.00014739 -0.07710475 0.02933055
v -0.00007598 -0.08349643 0.04478511
v -0.00023152 -0.07126450 0.01138300
v 0.00000307 0.03771253 0.25534517
v 0.00000192 0.00872675 0.28213269
v 0.00007578 0.03316814 0.05764407
v -0.00036053 -0.07083560 -0.00716692
v 0.07728508 -0.05454460 0.18298620
v 0.06260171 -0.04474960 0.12862504
v 0.06251107 -0.04131226 0.13378543
v 0.06561782 -0.03682187 0.14222544
v 0.07348172 -0.02770284 0.16034323
v 0.07580403 -0.03036865 0.17027169
v 0.06988328 -0.02948557 0.14988846
v 0.06148954 -0.04267519 0.12201488
v 0.06019919 -0.04335385 0.11182636
v 0.02425731 0.01961929 0.07458115
v 0.05003687 -0.00044727 0.06848353
v 0.05481055 -0.01165957 0.06651163
v 0.05598133 -0.02332029 0.08150822
v 0.05829374 -0.04821762 0.10170537
v 0.05829298 -0.03519842 0.09295541
v 0.03497484 0.01425503 0.07283759
v 0.01257041 0.02301405 0.07572532
v 0.04368980 0.00734786 0.07079315
v 0.07841297 -0.05657111 0.19834858
v 0.07696506 -0.06047770 0.21362013
v 0.07297186 -0.06689403 0.22883981
v 0.06492539 -0.07425009 0.24351031
v 0.05347852 -0.08071231 0.25754207
v 0.03886525 -0.08521907 0.27010232
v 0.02063063 -0.08706067 0.27869171
v 0.07813062 -0.04403082 0.18592936
v 0.07804615 -0.03958111 0.18386918
v 0.02291500 -0.05596892 0.28589767
v 0.04358105 -0.05644797 0.27674788
v 0.02521255 -0.02523146 0.28676909
v 0.05997666 -0.05505559 0.26260334
v 0.04745316 -0.02615090 0.27621597
v 0.07107659 -0.05169392 0.24683267
v 0.06488641 -0.02662392 0.26122016
v 0.07968951 -0.04394387 0.19816285
v 0.07738424 -0.04797658 0.23101109
v 0.07482348 -0.02783895 0.24572045
v 0.02380184 0.04969207 0.22061497
v 0.07990579 -0.04503960 0.21530432
v 0.07956602 -0.03586621 0.19542176
v 0.05899378 -0.02945672 0.10736567
v 0.07911979 -0.02910114 0.23000687
v 0.04384948 0.04135240 0.21452600
v 0.01851160 0.04790854 0.17370015
v 0.02121647 0.05118757 0.19494408
v 0.01276181 0.03126737 0.13810366
v 0.01113469 0.02472932 0.11781025
v 0.01123864 0.02188026 0.09610975
v 0.08062591 -0.03123564 0.21361858
v 0.07413965 -0.02167184 0.17582387
v 0.06137038 -0.03013299 0.12495059
v 0.05401941 -0.01625548 0.10104740
v 0.03342609 0.04020414 0.17099458
v 0.03897841 0.04319871 0.19057614
v 0.05789724 0.02859371 0.20762199
v 0.01541230 0.04047823 0.15525502
v 0.02104547 0.02176332 0.11687940
v 0.02325506 0.02704780 0.13703877
v 0.02147508 0.01883044 0.09494591
v 0.07085930 -0.02128273 0.16413480
v 0.07344197 -0.00891502 0.18357831
v 0.07113366 0.00335755 0.19169873
v 0.05548010 -0.01245929 0.12176949
v 0.04785051 -0.00648092 0.09543955
v 0.04491291 0.02876992 0.16684467
v 0.05228591 0.03082469 0.18568033
v 0.06653747 0.01595328 0.19999033
v 0.02752027 0.03413041 0.15379339
v 0.03144949 0.02130080 0.13422847
v 0.02930671 0.01761275 0.11531258
v 0.03034661 0.01410672 0.09347665
v 0.06070762 0.00386565 0.15718716
v 0.06652658 0.00437101 0.17382711
v 0.06989263 -0.00847486 0.16808802
v 0.06605568 -0.01053426 0.15397853
v 0.06771159 -0.02339586 0.15188366
v 0.06426995 -0.02682885 0.13982999
v 0.06063227 -0.01206791 0.13934571
v 0.05329743 0.01610347 0.16189033
v 0.06077222 0.01739748 0.18008524
v 0.03704624 0.02506179 0.15022945
v 0.03571081 0.01259491 0.11504275
v 0.03622381 0.01597667 0.13065934
v 0.04389339 0.01332885 0.14096397
v 0.04166789 0.00656865 0.11738491
v 0.04269188 0.00136313 0.09327227
v 0.03726345 0.00817835 0.09287369
v 0.04852802 -0.00117237 0.11972606
v 0.05345389 0.00169326 0.14010668
v 0.00488959 -0.14091476 0.11309046
v 0.00526687 -0.14558129 0.11664587
v 0.01603390 -0.13492428 0.11219174
v 0.01767661 -0.13723220 0.11340171
v 0.02188311 -0.12960281 0.11107022
v 0.02244815 -0.13081920 0.11095315
v 0.01964502 -0.13132852 0.11122733
v 0.02040855 -0.13229344 0.10975784
v 0.01048019 -0.13840254 0.11188775
v 0.01142347 -0.14059958 0.10735351
v 0.01724291 -0.12993271 0.07687765
v 0.01676014 -0.12068613 0.07007122
v 0.01618609 -0.13797231 0.14864308
v 0.01857806 -0.13606668 0.15201408
v 0.02172891 -0.13490540 0.14112133
v 0.02672020 -0.13420515 0.14583248
v 0.03662379 -0.13116691 0.12891966
v 0.04247107 -0.12885059 0.13313305
v 0.04106788 -0.12701525 0.12156254
v 0.04745567 -0.12315812 0.12509388
v 0.04336735 -0.11828618 0.10407132
v 0.05058309 -0.10797411 0.10194200
v 0.03532076 -0.11751912 0.08885449
v 0.03787869 -0.10972992 0.08340377
v 0.01336341 -0.14189233 0.21800822
v 0.02599196 -0.13932673 0.21640617
v 0.02128190 -0.14360305 0.19513625
v 0.01003121 -0.14488683 0.19525772
v 0.02899100 -0.13427101 0.22976094
v 0.01503549 -0.13743125 0.23250943
v 0.03315091 -0.13948061 0.19463116
v 0.00911079 -0.14084925 0.18571812
v 0.01277529 -0.13355349 0.18140274
v 0.02109377 -0.12988361 0.17844981
v 0.01944086 -0.13364304 0.18436068
v 0.01679901 -0.12875998 0.17463320
v 0.01919952 -0.12960898 0.16706079
v 0.02188203 -0.12842042 0.17315239
v 0.02810688 -0.12964277 0.16402811
v 0.02891313 -0.13030386 0.17191690
v 0.04172705 -0.12542171 0.16253775
v 0.03712053 -0.12888970 0.17245382
v 0.05071678 -0.11768318 0.16817945
v 0.04279485 -0.12468523 0.17461985
v 0.05792646 -0.11371575 0.18124348
v 0.04506450 -0.12261801 0.17632371
v 0.02798532 -0.13293402 0.18126792
v 0.02907206 -0.13365715 0.18537742
v 0.03805531 -0.13170675 0.18089825
v 0.03981617 -0.13148410 0.18417972
v 0.04374501 -0.12626414 0.17806524
v 0.04580755 -0.12657463 0.18127459
v 0.06046288 -0.11315626 0.15454668
v 0.06431676 -0.10504934 0.16513771
v 0.06607152 -0.09940727 0.18752807
v 0.02501011 -0.13016227 0.16000074
v 0.03607016 -0.12851857 0.15620297
v 0.05478315 -0.11987775 0.14582819
v 0.06539331 -0.10353965 0.14730930
v 0.07044259 -0.09063893 0.16061693
v 0.05991383 -0.11181265 0.13791341
v 0.07063126 -0.08683785 0.19112962
v 0.03778840 -0.13384440 0.21261066
v 0.04129344 -0.12798533 0.22419471
v 0.04824490 -0.12696106 0.20675594
v 0.05182406 -0.12006711 0.21684915
v 0.05611329 -0.11917937 0.19965404
v 0.06001640 -0.11133319 0.20773274
v 0.03218156 -0.12468590 0.24426740
v 0.01659892 -0.12810191 0.24843961
v 0.04538970 -0.11787825 0.23671979
v 0.05598359 -0.10913967 0.22717088
v 0.06427129 -0.09969437 0.21588808
v 0.06443085 -0.10350920 0.19776911
v 0.04377664 -0.13366849 0.19214433
v 0.05115257 -0.12683036 0.18779069
v 0.04347376 -0.12225814 0.11325151
v 0.05001226 -0.11632489 0.11542183
v 0.06886068 -0.09138697 0.20375150
v 0.00529599 -0.13549795 0.11718732
v 0.01696012 -0.12981173 0.11458439
v 0.02108441 -0.12497756 0.11136883
v 0.01858490 -0.12769715 0.11074013
v 0.00931360 -0.13332382 0.11128372
v 0.00801808 -0.13304316 0.12870842
v 0.02237179 -0.12205678 0.11949259
v 0.02307211 -0.11788775 0.10931462
v 0.01914930 -0.12257284 0.10475773
v 0.01015097 -0.12913335 0.10218626
v 0.01315951 -0.11190694 0.13997751
v 0.02898571 -0.10584556 0.12266153
v 0.02912470 -0.10602744 0.10610658
v 0.02213427 -0.11524309 0.09695977
v 0.01206705 -0.11763531 0.09358650
v 0.03250238 -0.08113244 0.12115866
v 0.01436338 -0.09575094 0.09007937
v 0.02698512 -0.06333829 0.11099106
v 0.01554203 -0.07250818 0.08262271
v 0.00483195 -0.14642191 0.13395244
v 0.00540914 -0.15527873 0.13751835
v 0.00511071 -0.14517671 0.12827402
v 0.01182206 -0.14137885 0.12768537
v 0.01042345 -0.14199269 0.13395506
v 0.01641472 -0.13954087 0.14499980
v 0.01281940 -0.14367065 0.13650900
v 0.01769025 -0.13606391 0.14150888
v 0.01044578 -0.14320404 0.11593240
v 0.00924750 -0.13906512 0.11314756
v 0.00977030 -0.13394998 0.11669129
v 0.01450208 -0.13008047 0.12625569
v 0.01911196 -0.11952071 0.13500553
v 0.02233170 -0.08300297 0.13713104
v 0.02020586 -0.06025578 0.11979336
v 0.02967730 -0.12030787 0.08334428
v 0.03103521 -0.11244710 0.07787663
v 0.01825738 -0.13470642 0.10881191
v 0.01723197 -0.13374987 0.11143655
v 0.01593444 -0.12985220 0.11090964
v 0.01633961 -0.12578076 0.10408586
v 0.01821081 -0.12099233 0.09713870
v 0.02077565 -0.09974365 0.09225816
v 0.02010897 -0.07788511 0.08594745
v 0.02280966 -0.13634558 0.11859673
v 0.02202380 -0.13195172 0.11163753
v 0.02117568 -0.13045847 0.11121279
v 0.02090160 -0.12583168 0.11216193
v 0.02331022 -0.11844549 0.11232990
v 0.02755147 -0.10795604 0.11106628
v 0.03413287 -0.09023796 0.10661525
v 0.02765422 -0.06213393 0.09615070
v 0.01289471 -0.13640409 0.09821862
v 0.02101514 -0.13253085 0.10219222
v 0.02389654 -0.13056323 0.10460263
v 0.02745218 -0.12985354 0.10917276
v 0.02777112 -0.13143725 0.11219615
v 0.02631070 -0.13361689 0.11551088
v 0.04423984 -0.10823551 0.09070307
v 0.04029993 -0.11668373 0.09562701
v 0.02616475 -0.12938969 0.10680705
v 0.02192202 -0.13099833 0.11039978
v 0.02138966 -0.12978334 0.11103469
v 0.02027930 -0.12565816 0.11084467
v 0.02169030 -0.11957071 0.10647565
v 0.02680553 -0.10983307 0.09986168
v 0.02784874 -0.09174990 0.09451401
v 0.02344518 -0.06942565 0.08686250
v 0.00389028 -0.14405840 0.14367229
v 0.00284383 -0.15273716 0.14398450
v 0.00503283 -0.13839916 0.14208573
v 0.00899189 -0.13779217 0.14387685
v 0.00592583 -0.14561549 0.13812417
v 0.00808439 -0.14240374 0.13755006
v 0.01030721 -0.14267913 0.13869292
v 0.00413379 -0.15372007 0.14032036
v 0.02582191 -0.11026554 0.13177878
v 0.01952019 -0.12586204 0.12337667
v 0.01360573 -0.13210913 0.11585790
v 0.01284983 -0.13698780 0.11272758
v 0.01448472 -0.14009008 0.11449897
v 0.01827959 -0.13902966 0.12230074
v 0.03005926 -0.13378579 0.13519293
v 0.03521556 -0.13254276 0.13999921
v 0.04658348 -0.12566479 0.15187222
v 0.05225214 -0.12005207 0.15902585
v 0.05696564 -0.11283998 0.16715175
v 0.06176113 -0.10830487 0.18421131
v 0.05414329 -0.12029873 0.18293482
v 0.06041983 -0.11227819 0.19204444
v 0.02029900 -0.13423145 0.11241573
v 0.01904581 -0.13242642 0.11154944
v 0.01959058 -0.12755526 0.11321336
v 0.02316631 -0.11978089 0.11561137
v 0.02864505 -0.10516657 0.11452073
v 0.01606626 -0.11892121 0.09452468
v 0.01367528 -0.12779274 0.10276896
v 0.01273199 -0.13165705 0.11109555
v 0.01412362 -0.13623742 0.11169356
v 0.01540159 -0.13763104 0.10785919
v 0.01739693 -0.13451857 0.09974211
v 0.02371797 -0.12486911 0.07915729
v 0.02397864 -0.11631713 0.07331520
v 0.01757745 -0.04478179 0.09244770
v 0.01534002 -0.05639942 0.07850319
v 0.01997788 -0.13041251 0.18136674
v 0.02801638 -0.13220393 0.18426889
v 0.03910829 -0.13064562 0.18316525
v 0.04490273 -0.12568568 0.18028933
v 0.04441700 -0.12360652 0.17269486
v 0.03790535 -0.12870278 0.17047125
v 0.02908060 -0.13028798 0.16994148
v 0.02125917 -0.12925752 0.17063135
v 0.01556000 -0.12973549 0.17825550
v 0.01019238 -0.06979871 0.08032054
v 0.00841065 -0.09370739 0.08917671
v 0.00725726 -0.11713151 0.09319896
v 0.00586689 -0.13019118 0.10204136
v 0.00512835 -0.13464885 0.11119658
v 0.00516609 -0.13990827 0.11186570
v 0.00582722 -0.14279080 0.10692817
v 0.00718426 -0.13782599 0.09790379
v 0.00938478 -0.13417487 0.07663459
v 0.00906050 -0.12445884 0.06857270
v 0.04820428 -0.12295154 0.17956299
v 0.04753559 -0.12210249 0.17809075
v 0.05547693 -0.11332139 0.17496628
v 0.06057237 -0.10847424 0.17596966
v 0.06608952 -0.10000092 0.17675680
v 0.03053855 -0.13628730 0.18936318
v 0.04115150 -0.13215493 0.18753916
v 0.04792120 -0.12663819 0.18457741
v 0.05066583 -0.12167211 0.18072337
v 0.05030245 -0.11948169 0.17768425
v 0.04779016 -0.12028377 0.17515451
v 0.01935210 -0.13922072 0.18853182
v 0.07099813 -0.08698835 0.17770237
v 0.05379081 -0.11804419 0.13053089
v 0.04855492 -0.12507298 0.13867730
v 0.04072668 -0.12962303 0.14547336
v 0.03126372 -0.13153881 0.15099317
v 0.02172138 -0.13303067 0.15594333
v 0.01209814 -0.13962204 0.10244590
v 0.00655288 -0.14152766 0.10166436
v 0.00566794 -0.14629937 0.12187761
v 0.01093660 -0.14426557 0.12030965
v 0.01626889 -0.14088056 0.11759180
v 0.01984538 -0.13760639 0.11534125
v 0.02261731 -0.13437253 0.11352360
v 0.02402996 -0.13181521 0.11179179
v 0.02401944 -0.13059664 0.11028320
v 0.02327211 -0.13077189 0.10909241
v 0.02186892 -0.13201599 0.10775059
v 0.01965562 -0.13432942 0.10594827
v 0.01649211 -0.13700675 0.10411221
v 0.00636127 -0.14009428 0.17881614
v 0.01387834 -0.13668970 0.16190857
v 0.01600889 -0.13188331 0.16497558
v 0.00740537 -0.14663500 0.16274410
v 0.01221680 -0.14156555 0.15708405
v 0.00875119 -0.14391582 0.14600152
v 0.01049906 -0.14663835 0.14046639
v 0.01228772 -0.14773581 0.13834375
v 0.01479476 -0.14445547 0.14681023
v 0.01167797 -0.14640961 0.15075487
v 0.00789689 -0.13543647 0.09279031
v 0.01418523 -0.13370088 0.09249026
v 0.01897935 -0.13165312 0.09395784
v 0.02333051 -0.12956609 0.09679776
v 0.02697247 -0.12787433 0.10025674
v 0.02998222 -0.12719216 0.10389465
v 0.03187781 -0.12795587 0.10781342
v 0.03218257 -0.12960037 0.11256653
v 0.03051306 -0.13187436 0.11756843
v 0.02676755 -0.13424398 0.12219614
v 0.02172561 -0.13605402 0.12672126
v 0.01660461 -0.13707888 0.13131207
v 0.01465765 -0.13851072 0.13465410
v 0.01607323 -0.14269777 0.13694483
v 0.01482642 -0.14815106 0.13987285
v 0.00764199 -0.15845313 0.14110976
v 0.00360898 -0.15102260 0.13572365
v 0.00406425 -0.14969601 0.13892430
v 0.00302027 -0.14899318 0.14380509
v 0.00738495 -0.15284297 0.15502864
v 0.01168331 -0.15324919 0.14144534
v 0.00995871 -0.15174178 0.13910395
v 0.00839650 -0.15046555 0.14084250
v 0.00602901 -0.15040590 0.14511794
v 0.00870968 -0.13595227 0.08586377
v 0.01599294 -0.13267114 0.08505827
v 0.02168743 -0.12872632 0.08618659
v 0.02690874 -0.12505787 0.08950597
v 0.03165901 -0.12291879 0.09413368
v 0.03530487 -0.12303504 0.09980983
v 0.03777562 -0.12400314 0.10589713
v 0.03767758 -0.12633783 0.11277765
v 0.03572617 -0.12946431 0.11961633
v 0.03162742 -0.13239339 0.12571722
v 0.02583387 -0.13402122 0.13086081
v 0.02004136 -0.13480540 0.13533074
v 0.01701858 -0.13676960 0.13805395
v 0.01766614 -0.14119766 0.14056021
v 0.01586762 -0.14694356 0.14368373
v 0.01244196 -0.15223487 0.14605182
v 0.00808045 -0.15837330 0.14776522
v 0.01168972 -0.14475827 0.20575160
v 0.02343727 -0.14293431 0.20486993
v 0.03545557 -0.13821454 0.20270139
v 0.04640971 -0.13218429 0.19859713
v 0.05409279 -0.12475297 0.19282919
v 0.05746946 -0.11781091 0.18691140
v 0.02230718 -0.12967061 0.16817993
v 0.02919676 -0.12970876 0.16728276
v 0.03922212 -0.12714777 0.16728383
v 0.04696994 -0.12118382 0.17004627
v 0.05129272 -0.11697212 0.17467421
v 0.05417044 -0.11684517 0.17889196
v 0.00741604 -0.14109837 0.17038637
v 0.01496781 -0.12950461 0.17168325
v 0.01348168 -0.12967669 0.17549664
v 0.00973698 -0.13389877 0.17718917
v 0.01049725 -0.13369380 0.17131370
v 0.01418347 -0.09838267 0.06689721
v 0.07061476 -0.05649752 0.14458030
v 0.07246022 -0.05824001 0.15558308
v 0.07378937 -0.05733450 0.16830188
v 0.06573949 -0.04946707 0.13074595
v 0.06891132 -0.05542140 0.13516158
v 0.03463110 -0.08826498 0.07596487
v 0.04781638 -0.07939522 0.08629817
v 0.06444934 -0.05759174 0.11638093
v 0.06881676 -0.07695830 0.13351196
v 0.06531046 -0.05330400 0.12403363
v 0.07039923 -0.06682501 0.13997835
v 0.01306622 -0.08843883 0.05935514
v 0.04565222 -0.06652092 0.07851940
v 0.05192443 -0.09331321 0.09179342
v 0.03767134 -0.09920380 0.07875758
v 0.01518660 -0.10819471 0.06806618
v 0.03222053 -0.07750084 0.06817967
v 0.05669177 -0.04179581 0.03615770
v 0.05214494 -0.04977839 0.05113810
v 0.04844739 -0.05864869 0.06591821
v 0.06235693 -0.06269625 0.10790348
v 0.06595906 -0.08623516 0.12555212
v 0.07393702 -0.07193904 0.16604406
v 0.07520648 -0.07199258 0.19511312
v 0.06229589 -0.09369173 0.11733562
v 0.06539598 -0.07594313 0.11544567
v 0.06748987 -0.06876015 0.12352902
v 0.06829534 -0.06150499 0.13024288
v 0.05857586 -0.06815290 0.09990013
v 0.05533611 -0.05418437 0.09279829
v 0.05695511 -0.04306669 0.08130062
v 0.05739742 -0.03258957 0.06758273
v 0.05988667 -0.02361188 0.05278492
v 0.06197203 -0.08233706 0.10719103
v 0.03488236 -0.10808562 0.25798362
v 0.01797095 -0.11181397 0.26469725
v 0.04889457 -0.10180881 0.24809271
v 0.05965501 -0.09343753 0.23635536
v 0.06835442 -0.08448485 0.22344130
v 0.06165148 -0.10289471 0.12820011
v 0.06599116 -0.09461492 0.13686353
v 0.06982971 -0.08351022 0.14565629
v 0.07221432 -0.07054510 0.15196472
v 0.07301995 -0.07660975 0.20938188
v 0.02997429 -0.10203348 0.07440740
v 0.02753282 -0.09231482 0.07200283
v 0.02512756 -0.08256465 0.06397665
v 0.04186419 -0.06471472 0.06076837
v 0.03920575 -0.07207137 0.07291996
v 0.04159875 -0.08402217 0.08070546
v 0.04520934 -0.09657846 0.08444291
v 0.02240617 -0.10513682 0.07074398
v 0.02064211 -0.09580534 0.06891531
v 0.01861671 -0.08614760 0.06087476
v 0.00832777 -0.11073035 0.06671649
v 0.00787085 -0.09991394 0.06564850
v 0.00731739 -0.08988993 0.05827606
v 0.07497054 -0.07102433 0.18059546
v 0.00877973 -0.07640294 0.02996063
v 0.00764976 -0.08271096 0.04542482
v 0.04663801 -0.05710291 0.04556260
v 0.05177784 -0.04978354 0.02973157
v 0.01345791 -0.08106172 0.04685256
v 0.01961368 -0.07838798 0.04890132
v 0.02663079 -0.07456279 0.05206060
v 0.03433106 -0.06994454 0.05630422
v 0.01582008 -0.07445818 0.03141731
v 0.02300890 -0.07190219 0.03390339
v 0.03093778 -0.06844588 0.03703052
v 0.03922758 -0.06350217 0.04094189
v 0.01073730 -0.07102372 0.01209301
v 0.02003873 -0.06997046 0.01371357
v 0.02858643 -0.06706141 0.01603884
v 0.03685097 -0.06252666 0.01960763
v 0.04480010 -0.05680599 0.02424958
v 0.05950187 -0.03306045 0.04373252
v 0.05596922 -0.04173675 0.05805409
v 0.05359120 -0.05136140 0.07257932
v 0.05123275 -0.06049416 0.08516443
v 0.05351370 -0.07382501 0.09269947
v 0.05743267 -0.08817337 0.09930927
v 0.05771568 -0.10035458 0.10954529
v 0.05640176 -0.10976027 0.12075454
v 0.01730651 -0.12707782 0.17434984
v 0.02204638 -0.12757946 0.17788750
v 0.02284656 -0.12745382 0.17387158
v 0.02888820 -0.12922459 0.17258590
v 0.03650570 -0.12775769 0.17296332
v 0.04179794 -0.12380447 0.17480558
v 0.04341444 -0.12197963 0.17629415
v 0.02786500 -0.13038891 0.18064421
v 0.03690722 -0.12952959 0.18043166
v 0.04226927 -0.12473797 0.17784899
v 0.01964081 -0.12766441 0.17611355
v 0.02166160 -0.12708915 0.17806488
v 0.02343029 -0.12731009 0.17297548
v 0.02795689 -0.12784251 0.17120820
v 0.03588722 -0.12406840 0.16935295
v 0.04211942 -0.12038130 0.17211908
v 0.04420689 -0.11850252 0.17651182
v 0.02607494 -0.12889085 0.18243319
v 0.03658358 -0.12578854 0.18611699
v 0.04360158 -0.12053003 0.18112689
v 0.01839145 -0.12018247 0.17522019
v 0.01931545 -0.12269626 0.18114215
v 0.02265895 -0.12280384 0.16918451
v 0.02834987 -0.12404384 0.16794568
v 0.02611067 -0.12529462 0.18720990
v 0.02127116 -0.12723950 0.17657155
v 0.02139871 -0.12678850 0.17822045
v 0.02219819 -0.12737972 0.17647034
v 0.02115058 -0.12622507 0.17885596
v 0.02378925 -0.12717832 0.17309183
v 0.02408710 -0.12667178 0.17232686
v 0.02533984 -0.12735165 0.17171985
v 0.02565694 -0.12691752 0.17118162
v 0.02223288 -0.12744970 0.17960829
v 0.02199213 -0.12715756 0.18008798
v 0.01929519 -0.11296884 0.18418139
v 0.04380366 -0.11393094 0.18271488
v 0.02204849 -0.11565274 0.16886002
v 0.04180393 -0.11522139 0.17099637
v 0.04378080 -0.11241598 0.17680174
v 0.03766087 -0.11342340 0.16766328
v 0.01886927 -0.11242650 0.17463034
v 0.03918018 -0.11143635 0.18848819
v 0.03848293 -0.10516809 0.17650026
v 0.02642402 -0.10974975 0.18974084
v 0.02620553 -0.10394181 0.17543012
v 0.02842655 -0.11308709 0.16608936
v 0.01779941 -0.12901123 0.17624921
v 0.01782422 -0.12792263 0.17335707
v 0.01897097 -0.12709894 0.17623943
v 0.02018308 -0.12688897 0.17684597
v 0.02140337 -0.12699129 0.17406338
v 0.01971818 -0.12711432 0.17400700
v 0.07729460 -0.03353042 0.17767018
v 0.07686586 -0.02481633 0.18514699
v 0.07671044 -0.01200962 0.19762510
v 0.07482263 -0.00097842 0.20990545
v 0.07025690 0.00851262 0.22108442
v 0.06250318 0.01844780 0.23193258
v 0.04819895 0.02852704 0.24279100
v 0.02662730 0.03559146 0.25164253
v 0.07769264 -0.03649740 0.18118232
v 0.07858130 -0.02961745 0.19124371
v 0.07924573 -0.01991066 0.20754904
v 0.07737911 -0.01250191 0.22352570
v 0.07364169 -0.00673837 0.23773533
v 0.06523719 -0.00095881 0.25160855
v 0.04968016 0.00368182 0.26613742
v 0.02764567 0.00708080 0.27762932
v 0.02122770 -0.12694537 0.17713779
v 0.02169013 -0.12667516 0.17746001
v 0.07633901 -0.05175456 0.17018706
v 0.07294255 -0.04983502 0.14355510
v 0.07075341 -0.04835774 0.14591414
v 0.07156784 -0.05148853 0.14930648
v 0.07741008 -0.04409890 0.14496499
v 0.07459830 -0.04223887 0.14813203
v 0.07436484 -0.05109346 0.15540284
v 0.07357191 -0.04423544 0.16442639
v 0.07749491 -0.04678084 0.17056972
v 0.07031481 -0.03773258 0.15898198
v 0.07179126 -0.03545041 0.16291159
v 0.07047298 -0.05015483 0.13221413
v 0.06802206 -0.04432069 0.13385051
v 0.07490574 -0.04498282 0.13254184
v 0.09069245 -0.03000194 0.17748433
v 0.08582904 -0.02985144 0.18249065
v 0.09026188 -0.02573299 0.17270941
v 0.08428020 -0.02551839 0.17656332
v 0.08796361 -0.02377279 0.16474134
v 0.08258158 -0.02302563 0.16678196
v 0.08524762 -0.02578558 0.15365297
v 0.08022903 -0.02499540 0.15519434
v 0.07915328 -0.03633559 0.13667232
v 0.07283182 -0.03613785 0.13729244
v 0.08641986 -0.02842644 0.17523640
v 0.07658128 -0.03658807 0.14948577
v 0.07930112 -0.03360817 0.15265065
v 0.07900994 -0.03813084 0.14652210
v 0.08224260 -0.03358624 0.15026218
v 0.08433130 -0.03107202 0.15639979
v 0.08144868 -0.03302476 0.15734237
v 0.07735935 -0.03702713 0.16443044
v 0.08444790 -0.02958129 0.16676635
v 0.07529746 -0.04476528 0.17104989
v 0.07362501 -0.04470981 0.16843361
v 0.07108788 -0.04949911 0.15514547
v 0.06959650 -0.04967698 0.15128642
v 0.06622174 -0.04678464 0.14935428
v 0.06770918 -0.03911103 0.14944106
v 0.07220564 -0.03368176 0.15282685
v 0.07490480 -0.03207225 0.15654308
v 0.08714475 -0.02632411 0.17142981
v 0.08549610 -0.02586358 0.16496760
v 0.08249024 -0.02955433 0.14441854
v 0.07649567 -0.02895426 0.14539415
v 0.07182900 -0.05115082 0.13738221
v 0.07612658 -0.04481174 0.13918239
v 0.07924988 -0.03789155 0.14262348
v 0.08201268 -0.03195628 0.14792818
v 0.08427730 -0.02850798 0.15528709
v 0.06715923 -0.04216448 0.15625590
v 0.06387742 -0.04674348 0.15572268
v 0.08318371 -0.03431565 0.16406924
v 0.07830538 -0.04266681 0.17664832
v 0.08129698 -0.04606888 0.17678243
v 0.07971097 -0.05044535 0.17877597
v 0.07741846 -0.03283974 0.15916723
v 0.07239008 -0.04718408 0.16132480
v 0.08278131 -0.03559629 0.17179209
v 0.08411814 -0.03271610 0.17318255
v 0.07962459 -0.03832012 0.17094499
v 0.08552536 -0.03597321 0.18503767
v 0.08966149 -0.03541734 0.18034357
v 0.08582383 -0.03377771 0.17877597
v 0.08327375 -0.03919117 0.17895991
v 0.08640967 -0.04175163 0.18046504
v 0.08282296 -0.04341792 0.18421441
v 0.07368857 -0.05042208 0.16154891
v 0.02255811 -0.12728030 0.17404884
v 0.02312760 -0.12691269 0.17402786
v 0.02222256 -0.12575864 0.17326969
v 0.02098255 -0.12560671 0.17684764
v 0.02083931 -0.12512160 0.17788321
v 0.02969276 0.02693079 0.05655664
v 0.06248692 0.00339933 0.05175984
v 0.06741555 -0.00753469 0.04688653
v 0.06915656 -0.02834200 0.03036878
v 0.06967173 -0.01779722 0.03885287
v 0.04282742 0.02098052 0.05608892
v 0.01563545 0.03113287 0.05716193
v 0.05415482 0.01308833 0.05460399
v 0.08135841 0.01121653 0.04155114
v 0.07082568 0.02464278 0.04218957
v 0.05625686 0.03495602 0.04056698
v 0.03909750 0.04165603 0.03886312
v 0.02045423 0.04592843 0.03796080
v 0.06589753 -0.03796838 0.02226830
v 0.06073027 -0.04640552 0.01424563
v 0.05360653 -0.05436855 0.00651121
v 0.04469497 -0.06112316 0.00099984
v 0.03481775 -0.06659279 -0.00228408
v 0.02436287 -0.07085385 -0.00414276
v 0.01281181 -0.07185059 -0.00589684
v -0.07728624 -0.05453849 0.18298620
v -0.06260207 -0.04474466 0.12862504
v -0.06251119 -0.04130732 0.13378543
v -0.06561758 -0.03681668 0.14222544
v -0.07348076 -0.02769703 0.16034323
v -0.07580328 -0.03036266 0.17027169
v -0.06988245 -0.02948004 0.14988846
v -0.06148975 -0.04267037 0.12201488
v -0.06019970 -0.04334933 0.11182636
v -0.02423525 0.01966647 0.07457626
v -0.05005126 -0.00035805 0.06847423
v -0.05486714 -0.01155252 0.06649679
v -0.05599957 -0.02328754 0.08150482
v -0.05829584 -0.04821261 0.10170525
v -0.05830040 -0.03518652 0.09295440
v -0.03496340 0.01431998 0.07283092
v -0.01254133 0.02303903 0.07572263
v -0.04369070 0.00742431 0.07078528
v -0.07841429 -0.05656491 0.19834858
v -0.07696670 -0.06047162 0.21362013
v -0.07297400 -0.06688826 0.22883981
v -0.06492811 -0.07424497 0.24351031
v -0.05348175 -0.08070808 0.25754207
v -0.03886884 -0.08521600 0.27010232
v -0.02063436 -0.08705905 0.27869171
v -0.07813095 -0.04402464 0.18592936
v -0.07804613 -0.03957494 0.18386918
v -0.02291628 -0.05596710 0.28589767
v -0.04358236 -0.05644453 0.27674788
v -0.02521140 -0.02522947 0.28676909
v -0.05997786 -0.05505085 0.26260334
v -0.04745207 -0.02614715 0.27621597
v -0.07107754 -0.05168830 0.24683267
v -0.06488536 -0.02661879 0.26122016
v -0.07968983 -0.04393756 0.19816285
v -0.07738488 -0.04797045 0.23101109
v -0.07482253 -0.02783303 0.24572045
v -0.02379476 0.04969394 0.22061497
v -0.07990620 -0.04503328 0.21530432
v -0.07956570 -0.03585992 0.19542176
v -0.05899490 -0.02945078 0.10736543
v -0.07911894 -0.02909489 0.23000687
v -0.04384306 0.04135587 0.21452600
v -0.01850466 0.04791000 0.17370015
v -0.02120926 0.05118925 0.19494408
v -0.01275693 0.03126825 0.13810366
v -0.01113106 0.02473055 0.11781025
v -0.01123180 0.02188625 0.09610903
v -0.08062524 -0.03122926 0.21361858
v -0.07413821 -0.02166599 0.17582387
v -0.06136971 -0.03012825 0.12495047
v -0.05402332 -0.01624345 0.10104632
v -0.03341975 0.04020678 0.17099458
v -0.03897184 0.04320179 0.19057614
v -0.05789183 0.02859829 0.20762199
v -0.01540597 0.04047945 0.15525502
v -0.02104227 0.02176529 0.11687940
v -0.02325042 0.02704943 0.13703877
v -0.02147021 0.01884082 0.09494489
v -0.07085782 -0.02127713 0.16413480
v -0.07343953 -0.00890921 0.18357831
v -0.07113025 0.00336317 0.19169873
v -0.05547845 -0.01245516 0.12176949
v -0.04785501 -0.00646429 0.09543800
v -0.04490748 0.02877347 0.16684467
v -0.05228033 0.03082882 0.18568033
v -0.06653305 0.01595854 0.19999033
v -0.02751441 0.03413258 0.15379339
v -0.03144528 0.02130297 0.13422847
v -0.02930400 0.01761450 0.11531258
v -0.03034419 0.01411916 0.09347540
v -0.06070417 0.00387045 0.15718716
v -0.06652308 0.00437627 0.17382711
v -0.06989013 -0.00846933 0.16808802
v -0.06605336 -0.01052904 0.15397853
v -0.06771029 -0.02339051 0.15188366
v -0.06426892 -0.02682377 0.13982999
v -0.06063007 -0.01206312 0.13934588
v -0.05329301 0.01610768 0.16189033
v -0.06076769 0.01740228 0.18008524
v -0.03704112 0.02506472 0.15022951
v -0.03570832 0.01259698 0.11504275
v -0.03622008 0.01597909 0.13065934
v -0.04388943 0.01333211 0.14096385
v -0.04166556 0.00657114 0.11738491
v -0.04269416 0.00137900 0.09327066
v -0.03726332 0.00819232 0.09287238
v -0.04852585 -0.00116926 0.11972606
v -0.05345068 0.00169739 0.14010650
v -0.00489758 -0.14091437 0.11309046
v -0.00527522 -0.14558088 0.11664587
v -0.01604142 -0.13492302 0.11219174
v -0.01768431 -0.13723079 0.11340171
v -0.02189021 -0.12960108 0.11107022
v -0.02245534 -0.13081743 0.11095315
v -0.01965225 -0.13132697 0.11122733
v -0.02041586 -0.13229182 0.10975784
v -0.01048799 -0.13840171 0.11188775
v -0.01143145 -0.14059869 0.10735351
v -0.01725007 -0.12993134 0.07687765
v -0.01676657 -0.12068481 0.07007122
v -0.01619384 -0.13797103 0.14864308
v -0.01858566 -0.13606520 0.15201408
v -0.02173642 -0.13490369 0.14112133
v -0.02672765 -0.13420304 0.14583248
v -0.03663101 -0.13116402 0.12891966
v -0.04247811 -0.12884725 0.13313305
v -0.04107476 -0.12701200 0.12156254
v -0.04746225 -0.12315436 0.12509388
v -0.04337356 -0.11828275 0.10407132
v -0.05058849 -0.10797010 0.10194200
v -0.03532693 -0.11751631 0.08885449
v -0.03788425 -0.10972693 0.08340377
v -0.01337148 -0.14189128 0.21800822
v -0.02599982 -0.13932467 0.21640617
v -0.02129010 -0.14360136 0.19513625
v -0.01003951 -0.14488604 0.19525772
v -0.02899846 -0.13426871 0.22976094
v -0.01504321 -0.13743005 0.23250943
v -0.03315879 -0.13947799 0.19463116
v -0.00911877 -0.14084854 0.18571812
v -0.01278269 -0.13355248 0.18140274
v -0.02110089 -0.12988194 0.17844981
v -0.01944827 -0.13364150 0.18436068
v -0.01680604 -0.12875866 0.17463320
v -0.01920661 -0.12960746 0.16706079
v -0.02188903 -0.12841869 0.17315239
v -0.02811397 -0.12964055 0.16402811
v -0.02892028 -0.13030158 0.17191690
v -0.04173381 -0.12541841 0.16253775
v -0.03712757 -0.12888676 0.17245382
v -0.05072293 -0.11767918 0.16817945
v -0.04280155 -0.12468185 0.17461985
v -0.05793230 -0.11371118 0.18124348
v -0.04507104 -0.12261445 0.17632371
v -0.02799267 -0.13293180 0.18126792
v -0.02907947 -0.13365485 0.18537742
v -0.03806256 -0.13170374 0.18089825
v -0.03982341 -0.13148095 0.18417972
v -0.04375184 -0.12626069 0.17806524
v -0.04581440 -0.12657100 0.18127459
v -0.06046867 -0.11315147 0.15454668
v -0.06432191 -0.10504426 0.16513771
v -0.06607624 -0.09940204 0.18752807
v -0.02501724 -0.13016029 0.16000074
v -0.03607717 -0.12851573 0.15620297
v -0.05478948 -0.11987342 0.14582819
v -0.06539834 -0.10353448 0.14730924
v -0.07044660 -0.09063335 0.16061693
v -0.05991951 -0.11180792 0.13791341
v -0.07063497 -0.08683226 0.19112962
v -0.03779583 -0.13384141 0.21261066
v -0.04130041 -0.12798207 0.22419471
v -0.04825179 -0.12695724 0.20675594
v -0.05183041 -0.12006301 0.21684915
v -0.05611956 -0.11917493 0.19965404
v -0.06002205 -0.11132845 0.20773274
v -0.03218827 -0.12468335 0.24426740
v -0.01660589 -0.12810060 0.24843961
v -0.04539587 -0.11787466 0.23671979
v -0.05598906 -0.10913524 0.22717088
v -0.06427603 -0.09968929 0.21588808
v -0.06443588 -0.10350410 0.19776911
v -0.04378405 -0.13366503 0.19214433
v -0.05115944 -0.12682632 0.18779069
v -0.04348027 -0.12225470 0.11325151
v -0.05001831 -0.11632094 0.11542183
v -0.06886476 -0.09138153 0.20375150
v -0.00530355 -0.13549753 0.11718732
v -0.01696723 -0.12981039 0.11458439
v -0.02109114 -0.12497589 0.11136883
v -0.01859185 -0.12769568 0.11074013
v -0.00932100 -0.13332309 0.11128372
v -0.00802545 -0.13304252 0.12870842
v -0.02237829 -0.12205501 0.11949259
v -0.02307828 -0.11788594 0.10931462
v -0.01915585 -0.12257131 0.10475773
v -0.01015805 -0.12913254 0.10218626
v -0.01316520 -0.11190590 0.13997751
v -0.02899092 -0.10584327 0.12266153
v -0.02912994 -0.10602513 0.10610658
v -0.02214025 -0.11524133 0.09695977
v -0.01207323 -0.11763435 0.09358650
v -0.03250563 -0.08112988 0.12115866
v -0.01436782 -0.09574981 0.09007937
v -0.02698698 -0.06333616 0.11099106
v -0.01554464 -0.07250695 0.08262271
v -0.00484037 -0.14642153 0.13395244
v -0.00541826 -0.15527830 0.13751835
v -0.00511903 -0.14517631 0.12827402
v -0.01183008 -0.14137792 0.12768537
v -0.01043152 -0.14199187 0.13395506
v -0.01642259 -0.13953957 0.14499980
v -0.01282760 -0.14366964 0.13650900
v -0.01769785 -0.13606251 0.14150888
v -0.01045395 -0.14320322 0.11593240
v -0.00925534 -0.13906439 0.11314756
v -0.00977773 -0.13394920 0.11669129
v -0.01450920 -0.13007931 0.12625569
v -0.01911826 -0.11951920 0.13500553
v -0.02233511 -0.08300122 0.13713104
v -0.02020747 -0.06025418 0.11979336
v -0.02968369 -0.12030551 0.08334428
v -0.03104099 -0.11244467 0.07787663
v -0.01826489 -0.13470497 0.10881191
v -0.01723941 -0.13374850 0.11143655
v -0.01594157 -0.12985093 0.11090964
v -0.01634642 -0.12577946 0.10408586
v -0.01821725 -0.12099090 0.09713870
v -0.02078041 -0.09974201 0.09225816
v -0.02011200 -0.07788351 0.08594745
v -0.02281728 -0.13634378 0.11859673
v -0.02203108 -0.13194998 0.11163753
v -0.02118284 -0.13045681 0.11121279
v -0.02090840 -0.12583003 0.11216193
v -0.02331643 -0.11844364 0.11232990
v -0.02755685 -0.10795387 0.11106628
v -0.03413685 -0.09023527 0.10661525
v -0.02765598 -0.06213174 0.09615070
v -0.01290236 -0.13640307 0.09821862
v -0.02102249 -0.13252919 0.10219222
v -0.02390372 -0.13056134 0.10460263
v -0.02745929 -0.12985136 0.10917276
v -0.02777837 -0.13143506 0.11219615
v -0.02631811 -0.13361481 0.11551088
v -0.04424527 -0.10823201 0.09070307
v -0.04030603 -0.11668054 0.09562701
v -0.02617184 -0.12938763 0.10680705
v -0.02192923 -0.13099659 0.11039978
v -0.02139678 -0.12978165 0.11103469
v -0.02028609 -0.12565655 0.11084467
v -0.02169661 -0.11956899 0.10647565
v -0.02681107 -0.10983095 0.09986168
v -0.02785285 -0.09174769 0.09451401
v -0.02344753 -0.06942380 0.08686250
v -0.00389851 -0.14405808 0.14367229
v -0.00285275 -0.15273694 0.14398450
v -0.00504062 -0.13839876 0.14208573
v -0.00899963 -0.13779146 0.14387685
v -0.00593418 -0.14561503 0.13812417
v -0.00809250 -0.14240310 0.13755006
v -0.01031533 -0.14267831 0.13869292
v -0.00414279 -0.15371974 0.14032036
v -0.02582747 -0.11026349 0.13177878
v -0.01952698 -0.12586049 0.12337667
v -0.01361302 -0.13210805 0.11585790
v -0.01285750 -0.13698679 0.11272758
v -0.01449264 -0.14008892 0.11449897
v -0.01828742 -0.13902821 0.12230074
v -0.03006668 -0.13378342 0.13519293
v -0.03522289 -0.13253998 0.13999921
v -0.04659026 -0.12566111 0.15187222
v -0.05225848 -0.12004795 0.15902585
v -0.05697141 -0.11283548 0.16715175
v -0.06176654 -0.10829998 0.18421131
v -0.05414965 -0.12029446 0.18293482
v -0.06042555 -0.11227341 0.19204444
v -0.02030646 -0.13422983 0.11241573
v -0.01905312 -0.13242493 0.11154944
v -0.01959751 -0.12755371 0.11321336
v -0.02317263 -0.11977906 0.11561137
v -0.02865021 -0.10516430 0.11452073
v -0.01607253 -0.11891994 0.09452468
v -0.01368225 -0.12779166 0.10276896
v -0.01273925 -0.13165604 0.11109555
v -0.01413125 -0.13623631 0.11169356
v -0.01540933 -0.13762983 0.10785919
v -0.01740443 -0.13451720 0.09974211
v -0.02372473 -0.12486724 0.07915729
v -0.02398472 -0.11631524 0.07331520
v -0.01757785 -0.04478040 0.09244770
v -0.01534136 -0.05639821 0.07850319
v -0.01998503 -0.13041093 0.18136674
v -0.02802368 -0.13220171 0.18426889
v -0.03911546 -0.13064252 0.18316525
v -0.04490951 -0.12568214 0.18028933
v -0.04442362 -0.12360301 0.17269486
v -0.03791237 -0.12869978 0.17047125
v -0.02908774 -0.13028568 0.16994148
v -0.02126623 -0.12925584 0.17063135
v -0.01556710 -0.12973425 0.17825550
v -0.01019478 -0.06979791 0.08032054
v -0.00841493 -0.09370672 0.08917671
v -0.00726339 -0.11713092 0.09319896
v -0.00587405 -0.13019072 0.10204136
v -0.00513586 -0.13464845 0.11119658
v -0.00517401 -0.13990787 0.11186570
v -0.00583538 -0.14279034 0.10692817
v -0.00719203 -0.13782542 0.09790379
v -0.00939227 -0.13417413 0.07663459
v -0.00906723 -0.12445812 0.06857270
v -0.04821084 -0.12294773 0.17956299
v -0.04754209 -0.12209873 0.17809075
v -0.05548273 -0.11331701 0.17496628
v -0.06057778 -0.10846945 0.17596966
v -0.06609428 -0.09999568 0.17675680
v -0.03054617 -0.13628488 0.18936318
v -0.04115880 -0.13215168 0.18753916
v -0.04792805 -0.12663441 0.18457741
v -0.05067230 -0.12166811 0.18072337
v -0.05030874 -0.11947771 0.17768425
v -0.04779652 -0.12027999 0.17515451
v -0.01935995 -0.13921918 0.18853182
v -0.07100185 -0.08698273 0.17770237
v -0.05379699 -0.11803994 0.13053089
v -0.04856165 -0.12506914 0.13867730
v -0.04073377 -0.12961982 0.14547354
v -0.03127096 -0.13153634 0.15099317
v -0.02172874 -0.13302896 0.15594333
v -0.01210604 -0.13962108 0.10244590
v -0.00656094 -0.14152714 0.10166436
v -0.00567635 -0.14629892 0.12187761
v -0.01094485 -0.14426472 0.12030965
v -0.01627687 -0.14087928 0.11759180
v -0.01985310 -0.13760482 0.11534125
v -0.02262478 -0.13437075 0.11352360
v -0.02403723 -0.13181331 0.11179179
v -0.02402661 -0.13059474 0.11028320
v -0.02327931 -0.13077006 0.10909241
v -0.02187621 -0.13201426 0.10775059
v -0.01966311 -0.13432788 0.10594827
v -0.01649980 -0.13700543 0.10411221
v -0.00636919 -0.14009378 0.17881614
v -0.01388600 -0.13668859 0.16190857
v -0.01601616 -0.13188205 0.16497558
v -0.00741381 -0.14663442 0.16274410
v -0.01222483 -0.14156458 0.15708405
v -0.00875941 -0.14391514 0.14600152
v -0.01050750 -0.14663752 0.14046639
v -0.01229624 -0.14773484 0.13834375
v -0.01480303 -0.14445429 0.14681023
v -0.01168639 -0.14640868 0.15075487
v -0.00790447 -0.13543584 0.09279031
v -0.01419268 -0.13369976 0.09249026
v -0.01898663 -0.13165161 0.09395784
v -0.02333763 -0.12956425 0.09679776
v -0.02697944 -0.12787220 0.10025674
v -0.02998913 -0.12718979 0.10389465
v -0.03188478 -0.12795334 0.10781342
v -0.03218966 -0.12959782 0.11256653
v -0.03052032 -0.13187194 0.11756843
v -0.02677501 -0.13424186 0.12219614
v -0.02173321 -0.13605231 0.12672126
v -0.01661228 -0.13707757 0.13131207
v -0.01466544 -0.13850956 0.13465410
v -0.01608136 -0.14269650 0.13694483
v -0.01483498 -0.14814988 0.13987285
v -0.00765136 -0.15845252 0.14110976
v -0.00361777 -0.15102232 0.13572365
v -0.00407293 -0.14969568 0.13892430
v -0.00302890 -0.14899295 0.14380509
v -0.00739387 -0.15284239 0.15502864
v -0.01169227 -0.15324827 0.14144534
v -0.00996755 -0.15174099 0.13910395
v -0.00840524 -0.15046488 0.14084250
v -0.00603775 -0.15040543 0.14511794
v -0.00871731 -0.13595158 0.08586377
v -0.01600031 -0.13266987 0.08505827
v -0.02169449 -0.12872461 0.08618659
v -0.02691551 -0.12505573 0.08950597
v -0.03166560 -0.12291629 0.09413368
v -0.03531146 -0.12303225 0.09980983
v -0.03778228 -0.12400015 0.10589713
v -0.03768443 -0.12633485 0.11277765
v -0.03573325 -0.12946147 0.11961633
v -0.03163473 -0.13239089 0.12571722
v -0.02584131 -0.13401918 0.13086081
v -0.02004886 -0.13480381 0.13533074
v -0.01702624 -0.13676826 0.13805395
v -0.01767414 -0.14119626 0.14056021
v -0.01587608 -0.14694231 0.14368373
v -0.01245084 -0.15223389 0.14605182
v -0.00808981 -0.15837266 0.14776522
v -0.01169802 -0.14475735 0.20575160
v -0.02344542 -0.14293246 0.20486993
v -0.03546334 -0.13821174 0.20270139
v -0.04641700 -0.13218062 0.19859713
v -0.05409950 -0.12474870 0.19282919
v -0.05747562 -0.11780636 0.18691140
v -0.02231428 -0.12966885 0.16817993
v -0.02920386 -0.12970645 0.16728276
v -0.03922902 -0.12714467 0.16728383
v -0.04697637 -0.12118011 0.17004627
v -0.05129882 -0.11696807 0.17467421
v -0.05417652 -0.11684089 0.17889196
v -0.00742404 -0.14109779 0.17038637
v -0.01497489 -0.12950343 0.17168325
v -0.01348878 -0.12967562 0.17549664
v -0.00974441 -0.13389799 0.17718917
v -0.01050467 -0.13369297 0.17131370
v -0.01419001 -0.09838151 0.06689709
v -0.07061608 -0.05649193 0.14458030
v -0.07246167 -0.05823429 0.15558308
v -0.07379074 -0.05732866 0.16830188
v -0.06574024 -0.04946187 0.13074595
v -0.06891254 -0.05541595 0.13516158
v -0.03463487 -0.08826279 0.07596487
v -0.04781969 -0.07939201 0.08629805
v -0.06445073 -0.05758666 0.11638093
v -0.06881969 -0.07695286 0.13351196
v -0.06531151 -0.05329882 0.12403363
v -0.07040136 -0.06681945 0.13997835
v -0.01311958 -0.08843144 0.05935442
v -0.04567034 -0.06650926 0.07851833
v -0.05192856 -0.09330922 0.09179342
v -0.03767571 -0.09920104 0.07875758
v -0.01519139 -0.10819364 0.06806618
v -0.03224813 -0.07749014 0.06817859
v -0.05698209 -0.04151054 0.03611642
v -0.05229684 -0.04964892 0.05112094
v -0.04850736 -0.05860479 0.06591374
v -0.06235872 -0.06269146 0.10790348
v -0.06596272 -0.08622994 0.12555212
v -0.07393956 -0.07193320 0.16604406
v -0.07520901 -0.07198663 0.19511312
v -0.06230014 -0.09368680 0.11733562
v -0.06539884 -0.07593795 0.11544567
v -0.06749214 -0.06875481 0.12352902
v -0.06829704 -0.06149959 0.13024288
v -0.05857814 -0.06814862 0.09990013
v -0.05534260 -0.05417695 0.09279776
v -0.05697897 -0.04304193 0.08129776
v -0.05746822 -0.03251590 0.06757069
v -0.06004024 -0.02341806 0.05275393
v -0.06197539 -0.08233215 0.10719103
v -0.03488775 -0.10808287 0.25798362
v -0.01797665 -0.11181255 0.26469725
v -0.04889947 -0.10180495 0.24809271
v -0.05965925 -0.09343281 0.23635536
v -0.06835794 -0.08447944 0.22344130
v -0.06165646 -0.10288983 0.12820011
v -0.06599547 -0.09460971 0.13686353
v -0.06983314 -0.08350469 0.14565629
v -0.07221674 -0.07053940 0.15196472
v -0.07302285 -0.07660398 0.20938188
v -0.02997880 -0.10203130 0.07440740
v -0.02753887 -0.09231254 0.07200271
v -0.02516707 -0.08255344 0.06397557
v -0.04194019 -0.06467019 0.06076372
v -0.03922924 -0.07205947 0.07291889
v -0.04160211 -0.08401954 0.08070546
v -0.04521363 -0.09657506 0.08444291
v -0.02241080 -0.10513524 0.07074398
v -0.02064841 -0.09580364 0.06891531
v -0.01866538 -0.08613778 0.06087381
v -0.00833272 -0.11072977 0.06671649
v -0.00787676 -0.09991332 0.06564850
v -0.00737755 -0.08988533 0.05827576
v -0.07497300 -0.07101840 0.18059546
v -0.00906827 -0.07637067 0.02995729
v -0.00779033 -0.08269866 0.04542351
v -0.04680923 -0.05697408 0.04554924
v -0.05211187 -0.04949360 0.02969339
v -0.01359630 -0.08104011 0.04685044
v -0.01974702 -0.07835679 0.04889804
v -0.02674987 -0.07452334 0.05205655
v -0.03442494 -0.06990227 0.05629981
v -0.01609973 -0.07440098 0.03141138
v -0.02327524 -0.07182070 0.03389496
v -0.03117904 -0.06834255 0.03701979
v -0.03943450 -0.06338248 0.04092950
v -0.01118367 -0.07095606 0.01208609
v -0.02048045 -0.06984513 0.01370069
v -0.02900678 -0.06688528 0.01602060
v -0.03723566 -0.06230594 0.01958472
v -0.04516175 -0.05654250 0.02421874
v -0.05973085 -0.03281098 0.04369348
v -0.05608537 -0.04162859 0.05803746
v -0.05363223 -0.05132515 0.07257521
v -0.05124363 -0.06048508 0.08516359
v -0.05351641 -0.07382138 0.09269935
v -0.05743650 -0.08816883 0.09930927
v -0.05772047 -0.10035002 0.10954529
v -0.05640728 -0.10975582 0.12075454
v -0.01731340 -0.12707645 0.17434984
v -0.02205331 -0.12757771 0.17788750
v -0.02285348 -0.12745202 0.17387158
v -0.02889526 -0.12922231 0.17258590
v -0.03651264 -0.12775480 0.17296332
v -0.04180458 -0.12380116 0.17480558
v -0.04342093 -0.12197620 0.17629415
v -0.02787215 -0.13038670 0.18064421
v -0.03691431 -0.12952666 0.18043166
v -0.04227598 -0.12473463 0.17784899
v -0.01964775 -0.12766286 0.17611355
v -0.02166849 -0.12708743 0.17806488
v -0.02343720 -0.12730824 0.17297548
v -0.02796384 -0.12784030 0.17120820
v -0.03589388 -0.12406557 0.16935295
v -0.04212578 -0.12037798 0.17211908
v -0.04421311 -0.11849902 0.17651182
v -0.02608198 -0.12888879 0.18243319
v -0.03659037 -0.12578565 0.18611699
v -0.04360795 -0.12052659 0.18112689
v -0.01839779 -0.12018101 0.17522019
v -0.01932200 -0.12269472 0.18114215
v -0.02266551 -0.12280205 0.16918451
v -0.02835652 -0.12404161 0.16794568
v -0.02611742 -0.12529254 0.18720990
v -0.02127806 -0.12723782 0.17657155
v -0.02140558 -0.12678680 0.17822045
v -0.02220511 -0.12737796 0.17647034
v -0.02115741 -0.12622340 0.17885596
v -0.02379615 -0.12717644 0.17309183
v -0.02409396 -0.12666987 0.17232686
v -0.02534675 -0.12734965 0.17171985
v -0.02566382 -0.12691549 0.17118162
v -0.02223980 -0.12744794 0.17960829
v -0.02199903 -0.12715582 0.18008798
v -0.01930097 -0.11296732 0.18418139
v -0.04380951 -0.11392748 0.18271488
v -0.02205448 -0.11565099 0.16886002
v -0.04180988 -0.11521809 0.17099637
v -0.04378653 -0.11241252 0.17680174
v -0.03766668 -0.11342042 0.16766328
v -0.01887500 -0.11242501 0.17463034
v -0.03918584 -0.11143325 0.18848819
v -0.03848809 -0.10516505 0.17650026
v -0.02642955 -0.10974766 0.18974084
v -0.02621059 -0.10393974 0.17543012
v -0.02843234 -0.11308484 0.16608936
v -0.01780645 -0.12900983 0.17624921
v -0.01783119 -0.12792121 0.17335707
v -0.01897786 -0.12709743 0.17623943
v -0.02018996 -0.12688737 0.17684597
v -0.02141026 -0.12698959 0.17406338
v -0.01972507 -0.12711275 0.17400700
v -0.07729408 -0.03352431 0.17767018
v -0.07686466 -0.02481025 0.18514699
v -0.07670823 -0.01200355 0.19762510
v -0.07481955 -0.00097251 0.20990545
v -0.07025307 0.00851818 0.22108442
v -0.06249857 0.01845274 0.23193258
v -0.04819354 0.02853085 0.24279100
v -0.02662133 0.03559356 0.25164253
v -0.07769237 -0.03649126 0.18118232
v -0.07858049 -0.02961124 0.19124371
v -0.07924416 -0.01990440 0.20754904
v -0.07737695 -0.01249579 0.22352570
v -0.07363907 -0.00673254 0.23773533
v -0.06523412 -0.00095365 0.25160855
v -0.04967672 0.00368575 0.26613742
v -0.02764196 0.00708299 0.27762932
v -0.02123458 -0.12694368 0.17713779
v -0.02169699 -0.12667345 0.17746001
v -0.07633995 -0.05174853 0.17018706
v -0.07294333 -0.04982926 0.14355510
v -0.07075407 -0.04835215 0.14591414
v -0.07156876 -0.05148287 0.14930648
v -0.07741042 -0.04409278 0.14496499
v -0.07459848 -0.04223297 0.14813203
v -0.07436572 -0.05108758 0.15540284
v -0.07357226 -0.04422963 0.16442639
v -0.07749545 -0.04677471 0.17056972
v -0.07031464 -0.03772702 0.15898198
v -0.07179090 -0.03544473 0.16291159
v -0.07047378 -0.05014926 0.13221413
v -0.06802242 -0.04431531 0.13385051
v -0.07490613 -0.04497690 0.13254184
v -0.09069166 -0.02999478 0.17748433
v -0.08582825 -0.02984466 0.18249065
v -0.09026075 -0.02572585 0.17270941
v -0.08427906 -0.02551172 0.17656332
v -0.08796233 -0.02376583 0.16474134
v -0.08258025 -0.02301910 0.16678196
v -0.08524651 -0.02577885 0.15365297
v -0.08022784 -0.02498905 0.15519434
v -0.07915299 -0.03632933 0.13667232
v -0.07283153 -0.03613210 0.13729244
v -0.08641895 -0.02841960 0.17523640
v -0.07658102 -0.03658202 0.14948577
v -0.07930061 -0.03360190 0.15265065
v -0.07900980 -0.03812460 0.14652210
v -0.08224210 -0.03357974 0.15026218
v -0.08433060 -0.03106536 0.15639979
v -0.08144814 -0.03301832 0.15734237
v -0.07735912 -0.03702102 0.16443044
v -0.08444707 -0.02957462 0.16676635
v -0.07529785 -0.04475932 0.17104989
v -0.07362539 -0.04470398 0.16843361
v -0.07108864 -0.04949349 0.15514547
v -0.06959727 -0.04967148 0.15128642
v -0.06622228 -0.04677941 0.14935428
v -0.06770912 -0.03910568 0.14944106
v -0.07220516 -0.03367606 0.15282685
v -0.07490417 -0.03206633 0.15654308
v -0.08714367 -0.02631722 0.17142981
v -0.08549500 -0.02585681 0.16496760
v -0.08248941 -0.02954781 0.14441854
v -0.07649481 -0.02894821 0.14539415
v -0.07182989 -0.05114514 0.13738221
v -0.07612696 -0.04480572 0.13918239
v -0.07924973 -0.03788529 0.14262348
v -0.08201204 -0.03194980 0.14792818
v -0.08427640 -0.02850132 0.15528709
v -0.06715941 -0.04215918 0.15625590
v -0.06387796 -0.04673843 0.15572268
v -0.08318327 -0.03430908 0.16406924
v -0.07830560 -0.04266063 0.17664832
v -0.08129747 -0.04606246 0.17678243
v -0.07971182 -0.05043905 0.17877597
v -0.07741790 -0.03283361 0.15916723
v -0.07239065 -0.04717836 0.16132480
v -0.08278097 -0.03558975 0.17179209
v -0.08411757 -0.03270945 0.17318255
v -0.07962447 -0.03831383 0.17094499
v -0.08552504 -0.03596644 0.18503767
v -0.08966114 -0.03541024 0.18034357
v -0.08582334 -0.03377093 0.17877597
v -0.08327369 -0.03918458 0.17895991
v -0.08640981 -0.04174480 0.18046504
v -0.08282324 -0.04341138 0.18421441
v -0.07368939 -0.05041625 0.16154891
v -0.02256502 -0.12727851 0.17404884
v -0.02313448 -0.12691086 0.17402786
v -0.02222934 -0.12575688 0.17326969
v -0.02098933 -0.12560505 0.17684764
v -0.02084605 -0.12511994 0.17788321
v -0.02960346 0.02708954 0.05653715
v -0.06263766 0.00373300 0.05170447
v -0.06766605 -0.00713259 0.04681960
v -0.06960074 -0.02782154 0.03028920
v -0.07002518 -0.01732577 0.03877681
v -0.04280857 0.02119798 0.05605787
v -0.01549996 0.03121789 0.05715311
v -0.05421675 0.01335940 0.05456096
v -0.08167044 0.01182376 0.04144686
v -0.07097214 0.02519540 0.04209277
v -0.05622125 0.03544275 0.04048362
v -0.03887566 0.04203920 0.03880188
v -0.02007912 0.04614461 0.03792951
v -0.06641523 -0.03741951 0.02218977
v -0.06128959 -0.04588080 0.01417339
v -0.05420368 -0.05387919 0.00644779
v -0.04532302 -0.06069343 0.00094834
v -0.03547564 -0.06624999 -0.00232291
v -0.02505676 -0.07060897 -0.00416943
v -0.01352940 -0.07171771 -0.00591055
v -0.00000427 -0.14783092 0.17005652
v -0.00000447 -0.15304554 0.16163570
v -0.00000412 -0.14403874 0.17656344
v -0.00000472 -0.15939919 0.15260607
v -0.00000408 -0.14301815 0.18321234
v -0.00000416 -0.14526575 0.12422496
v -0.00000420 -0.14615328 0.13075680
v -0.00000486 -0.16297611 0.14385551
v -0.00000413 -0.14436248 0.19082230
v -0.00000424 -0.14730162 0.11840302
v -0.00000433 -0.14958431 0.13344139
v -0.00000474 -0.15986544 0.13749009
v -0.00000417 -0.14527657 0.20070070
v -0.00000412 -0.14414190 0.11397970
v -0.00000454 -0.15479780 0.13497859
v -0.00000411 -0.14380172 0.21214753
v -0.00000390 -0.13851057 0.11349440
v -0.00000399 -0.14070707 0.22587377
v -0.00000377 -0.13522026 0.12308937
v -0.00000373 -0.13431559 0.24171513
v -0.00000299 -0.11877062 0.06703514
v -0.00000367 -0.13217901 0.07217985
v -0.00000214 -0.09394643 0.14303857
v -0.00000335 -0.12471618 0.13695937
v -0.00000326 -0.12219845 0.25868911
v -0.00000195 -0.10580934 0.06554061
v -0.00000385 -0.13687119 0.08195359
v -0.00000134 -0.07377074 0.13622761
v -0.00000243 -0.10121094 0.27485865
v -0.00001807 -0.09503586 0.06295776
v -0.00000384 -0.13652075 0.08995563
v -0.00000067 -0.05678951 0.11540252
v -0.00000126 -0.07170666 0.28654295
v -0.00005210 -0.08675869 0.05140316
v -0.00000384 -0.13671720 0.09585565
v -0.00000009 -0.04198871 0.08067852
v 0.00000000 -0.03971274 0.29087454
v -0.00010915 -0.08039543 0.03744027
v -0.00000398 -0.14016353 0.10006088
v -0.00000082 -0.06024844 0.07412487
v 0.00000125 -0.00811545 0.28844172
v -0.00018841 -0.07406172 0.02061003
v -0.00000410 -0.14326381 0.10395151
v -0.00000162 -0.08042798 0.08413106
v 0.00000255 0.02474229 0.27039391
v -0.00028913 -0.06992044 0.00200862
v -0.00000405 -0.14218688 0.10955793
v -0.00000261 -0.10558439 0.09090847
v 0.00000340 0.04624816 0.23900384
v 0.00000874 0.02310548 0.08616579
v 0.00003833 0.02773334 0.06669664
v -0.00000387 -0.13764151 0.11259133
v -0.00000338 -0.12519008 0.09690899
v 0.00000370 0.05381727 0.20934945
v 0.00000262 0.02406370 0.10714942
v 0.00013766 0.04020532 0.04826379
v -0.00000370 -0.13319993 0.10700524
v 0.00000367 0.05285114 0.18546849
v 0.00000345 0.04748949 0.16459507
v 0.00000289 0.03785075 0.14695585
v 0.00000204 0.02880013 0.12848198
v 0.00450485 -0.14914698 0.16510028
v 0.00758585 -0.14396014 0.16646761
v 0.00424439 -0.14451248 0.17275268
v 0.00423017 -0.15511883 0.15645820
v 0.00727403 -0.14960780 0.15893990
v 0.00630520 -0.14046339 0.17521685
v 0.00362752 -0.14228464 0.17954785
v 0.00973153 -0.14424418 0.15989584
v 0.01299282 -0.13916293 0.15969330
v 0.01060764 -0.13879395 0.16554290
v 0.00459671 -0.16098576 0.14814597
v 0.00777613 -0.15602936 0.15133542
v 0.00966695 -0.15006781 0.15310282
v 0.01169916 -0.14397745 0.15427059
v 0.00446479 -0.14286748 0.18647450
v 0.00711915 -0.14015326 0.18208641
v 0.00953451 -0.13393102 0.17440373
v 0.00806277 -0.13702909 0.17801076
v 0.00876722 -0.13698294 0.17093962
v 0.01748443 -0.13460555 0.15874857
v 0.01509666 -0.13853215 0.15462703
v 0.02013883 -0.13468303 0.15380818
v 0.01282205 -0.13290485 0.16809291
v 0.01486991 -0.13417985 0.16362816
v 0.00292194 -0.14654997 0.12146884
v 0.00545677 -0.14544803 0.12489742
v 0.00250794 -0.14552242 0.12801749
v 0.00480603 -0.14549867 0.13142854
v 0.00206402 -0.14734130 0.13285261
v 0.00455389 -0.16094180 0.14028519
v 0.00820410 -0.15925099 0.14415830
v 0.01051215 -0.15528258 0.14711720
v 0.01200024 -0.15013656 0.14843661
v 0.01374811 -0.14145536 0.15034455
v 0.01716731 -0.13717221 0.15035301
v 0.00511453 -0.14504929 0.19543272
v 0.00942151 -0.14343040 0.19040936
v 0.01082141 -0.13379504 0.17950958
v 0.01126312 -0.13702413 0.18311673
v 0.01370180 -0.12987812 0.17391628
v 0.01166566 -0.13124013 0.17624265
v 0.01239650 -0.13115007 0.17149311
v 0.02332362 -0.13138122 0.15800601
v 0.02009599 -0.13090031 0.16223639
v 0.02640892 -0.13214961 0.15345138
v 0.02258758 -0.13479557 0.14894146
v 0.02901163 -0.13304636 0.14840227
v 0.01649814 -0.12947073 0.16917711
v 0.01743375 -0.13017536 0.16606790
v 0.00256274 -0.14607275 0.11622006
v 0.00556813 -0.14656847 0.11924225
v 0.00810592 -0.14365755 0.12808782
v 0.00831433 -0.14539245 0.12150389
v 0.01114259 -0.14308151 0.12371129
v 0.00384861 -0.14869880 0.13500673
v 0.00224868 -0.15175213 0.13455743
v 0.01037209 -0.14116350 0.13130063
v 0.00775748 -0.14402335 0.13384324
v 0.00338434 -0.15672993 0.13631278
v 0.00669670 -0.15693255 0.13889629
v 0.00982833 -0.15589056 0.14154416
v 0.01232525 -0.15326657 0.14356679
v 0.01409061 -0.14958685 0.14497679
v 0.01529812 -0.14569420 0.14560562
v 0.01355241 -0.14525162 0.14822775
v 0.01552196 -0.14229599 0.14630944
v 0.01590973 -0.13866778 0.14691335
v 0.01895843 -0.13591944 0.14545435
v 0.02437041 -0.13483154 0.14347059
v 0.00597273 -0.14481724 0.20605785
v 0.01085253 -0.14523903 0.20040923
v 0.01543573 -0.14455848 0.19513696
v 0.01418692 -0.13998946 0.18734747
v 0.02018625 -0.14181956 0.19133407
v 0.01418003 -0.12964453 0.17699856
v 0.01441172 -0.13108790 0.17960066
v 0.01566864 -0.13361748 0.18296462
v 0.01914553 -0.13621095 0.18638402
v 0.01533743 -0.12909233 0.17495054
v 0.01652378 -0.12879578 0.17272013
v 0.01688150 -0.12818243 0.17372316
v 0.03043975 -0.12945156 0.15806729
v 0.03353891 -0.12985886 0.15356058
v 0.02307188 -0.12976151 0.16531366
v 0.02671641 -0.12970804 0.16202790
v 0.03099857 -0.13354822 0.14297366
v 0.03793294 -0.13125847 0.14262754
v 0.03609572 -0.13081253 0.14836138
v 0.01816420 -0.12909405 0.17080814
v 0.02093256 -0.12961162 0.16775876
v 0.02159611 -0.12955234 0.16918856
v 0.00247197 -0.14142190 0.11285144
v 0.00499918 -0.14361634 0.11437565
v 0.00796145 -0.14462261 0.11659622
v 0.01078511 -0.14417589 0.11790031
v 0.01381676 -0.14263124 0.11892647
v 0.01714000 -0.14019345 0.11996180
v 0.01536245 -0.14025076 0.12463254
v 0.00406364 -0.15360049 0.13652378
v 0.00509374 -0.14748286 0.13842446
v 0.00397672 -0.15030566 0.13725477
v 0.00624449 -0.14619545 0.13611692
v 0.01263130 -0.14004124 0.13379389
v 0.01445000 -0.13893034 0.12968153
v 0.01481937 -0.13744079 0.13335270
v 0.00930393 -0.14309928 0.13595551
v 0.00685738 -0.14384830 0.13780743
v 0.00781694 -0.15392606 0.13871628
v 0.01084749 -0.15259274 0.13993126
v 0.01339294 -0.15069734 0.14090854
v 0.01572796 -0.14776265 0.14159387
v 0.01718567 -0.14406720 0.14215082
v 0.01721663 -0.14040451 0.14280826
v 0.01721532 -0.13720195 0.14300293
v 0.01879433 -0.13539342 0.14153045
v 0.02608968 -0.13439769 0.13792557
v 0.03253892 -0.13340674 0.13751954
v 0.00681715 -0.14232231 0.21848077
v 0.01252677 -0.14356827 0.21156985
v 0.01750147 -0.14425333 0.20537490
v 0.02234872 -0.14372838 0.19982499
v 0.02491073 -0.13784212 0.18939704
v 0.03170374 -0.13812338 0.19165105
v 0.02723763 -0.14174773 0.19510406
v 0.01708347 -0.12886313 0.17540997
v 0.01672245 -0.12893385 0.17708319
v 0.01749873 -0.12997011 0.17956311
v 0.01987036 -0.13164536 0.18234020
v 0.02401528 -0.13343494 0.18522602
v 0.02973672 -0.13471519 0.18734282
v 0.02144244 -0.12886151 0.17217213
v 0.01957548 -0.12796681 0.17326719
v 0.01886693 -0.12735416 0.17397016
v 0.01821209 -0.12710673 0.17414325
v 0.01720772 -0.12763173 0.17438871
v 0.03875780 -0.12720342 0.15904647
v 0.03417297 -0.12850015 0.16303676
v 0.04150993 -0.12734613 0.15419251
v 0.04358562 -0.12770862 0.14857388
v 0.02493574 -0.12989836 0.16772836
v 0.02888435 -0.12966413 0.16578549
v 0.03909979 -0.13097204 0.13671267
v 0.04551678 -0.12714427 0.13572282
v 0.04493879 -0.12772262 0.14226490
v 0.02918413 -0.12977894 0.16863996
v 0.02489045 -0.12975283 0.17035443
v 0.00261505 -0.13603936 0.11720663
v 0.00485556 -0.13781059 0.11380476
v 0.00717363 -0.14011758 0.11320716
v 0.00984671 -0.14143925 0.11416429
v 0.01260474 -0.14158869 0.11514682
v 0.01541706 -0.14083601 0.11578256
v 0.01818286 -0.13926159 0.11639953
v 0.02120768 -0.13707538 0.11693722
v 0.02074633 -0.13770086 0.12036824
v 0.01987695 -0.13754546 0.12457091
v 0.01907969 -0.13664233 0.12898248
v 0.00263153 -0.15271309 0.13978297
v 0.00495305 -0.15363071 0.13843387
v 0.00419208 -0.14502155 0.14056295
v 0.00360315 -0.14655932 0.14380723
v 0.00294713 -0.14929207 0.14107865
v 0.01442469 -0.14331086 0.13628644
v 0.01193901 -0.14238041 0.13533598
v 0.01556706 -0.14031472 0.13570291
v 0.01617396 -0.13741415 0.13621813
v 0.01853176 -0.13562947 0.13314551
v 0.01783662 -0.13530979 0.13701087
v 0.01132683 -0.14355380 0.13732797
v 0.00935932 -0.14193231 0.13783973
v 0.00621812 -0.13994754 0.13933164
v 0.00406212 -0.14135468 0.14320070
v 0.00640772 -0.15260631 0.14064783
v 0.00891493 -0.15071889 0.13905793
v 0.01136439 -0.14978491 0.13884491
v 0.01357072 -0.14808432 0.13877934
v 0.01584451 -0.14542018 0.13841397
v 0.01732451 -0.14200265 0.13845712
v 0.01740317 -0.13865255 0.13912958
v 0.01744295 -0.13629298 0.13997251
v 0.02111387 -0.13461817 0.13773137
v 0.02282699 -0.13440802 0.13311726
v 0.02795061 -0.13384459 0.13304037
v 0.03358949 -0.13269362 0.13220376
v 0.03951051 -0.13019414 0.13088518
v 0.00763757 -0.13796121 0.23324734
v 0.01420872 -0.14001683 0.22503382
v 0.01975320 -0.14096873 0.21742302
v 0.02469054 -0.14136728 0.21036166
v 0.02951584 -0.14086171 0.20402747
v 0.03444743 -0.13948504 0.19841284
v 0.03601864 -0.13459345 0.18864018
v 0.04229499 -0.13306937 0.18957478
v 0.03877876 -0.13678048 0.19363028
v 0.01760763 -0.12696292 0.17525977
v 0.01839234 -0.12795790 0.17598361
v 0.01914716 -0.12923100 0.17717510
v 0.02055123 -0.13021602 0.17987758
v 0.02337688 -0.13118983 0.18311280
v 0.02840090 -0.13273222 0.18428725
v 0.03456514 -0.13333004 0.18528861
v 0.04033050 -0.13166360 0.18583006
v 0.02896119 -0.13053889 0.17112666
v 0.02500690 -0.12947582 0.17252594
v 0.02240051 -0.12795689 0.17346185
v 0.02123989 -0.12719983 0.17398483
v 0.02061388 -0.12701591 0.17395383
v 0.02046839 -0.12722362 0.17454356
v 0.01827562 -0.12761976 0.17512959
v 0.04741448 -0.12253404 0.16063362
v 0.04954358 -0.12320213 0.15534157
v 0.04020664 -0.12629496 0.16537029
v 0.03420436 -0.12897006 0.16695958
v 0.05166095 -0.12263232 0.14204973
v 0.05103632 -0.12312403 0.14908367
v 0.04527456 -0.12622238 0.12926179
v 0.05065372 -0.12073611 0.12756628
v 0.05151788 -0.12178985 0.13476783
v 0.03843188 -0.12793535 0.16891748
v 0.03354187 -0.13013956 0.16977996
v 0.00404962 -0.13415362 0.12969106
v 0.00643501 -0.13443114 0.12254596
v 0.00768921 -0.13474270 0.11697739
v 0.00899508 -0.13620645 0.11388808
v 0.01112503 -0.13798520 0.11295706
v 0.01351258 -0.13878185 0.11335760
v 0.01619158 -0.13867192 0.11393493
v 0.01868527 -0.13765904 0.11417967
v 0.02131807 -0.13594323 0.11441249
v 0.02443630 -0.13411329 0.11453110
v 0.02466215 -0.13496238 0.11700696
v 0.02464167 -0.13540236 0.12033266
v 0.02433136 -0.13523954 0.12448221
v 0.02369697 -0.13478004 0.12872797
v 0.00254296 -0.15111499 0.14374024
v 0.00317793 -0.15353488 0.14236945
v 0.00578056 -0.14289774 0.14670306
v 0.00749690 -0.14747696 0.14571601
v 0.00415512 -0.14938051 0.14562947
v 0.01285810 -0.14558594 0.13754374
v 0.01095962 -0.14722056 0.13854903
v 0.01071498 -0.14450402 0.13968498
v 0.01025564 -0.13899518 0.14114612
v 0.00697513 -0.13685284 0.14337832
v 0.00940094 -0.14037839 0.14559466
v 0.00450379 -0.15213436 0.14446133
v 0.00755065 -0.15067246 0.14309973
v 0.00962803 -0.14850286 0.14080817
v 0.02878639 -0.13340969 0.12840527
v 0.03406546 -0.13181174 0.12726337
v 0.03909858 -0.12922752 0.12534302
v 0.04427286 -0.12531087 0.12310594
v 0.00842110 -0.12876332 0.24965352
v 0.01581898 -0.13346480 0.24034590
v 0.02216239 -0.13623091 0.23144895
v 0.02740122 -0.13707611 0.22291213
v 0.03201595 -0.13687177 0.21479779
v 0.03651098 -0.13621448 0.20740002
v 0.04523279 -0.13344667 0.19514483
v 0.04119765 -0.13538736 0.20090324
v 0.04513390 -0.12950108 0.18620628
v 0.04943779 -0.12689598 0.18599874
v 0.04799478 -0.13032198 0.19013292
v 0.01986757 -0.12738948 0.17625278
v 0.01947740 -0.12684849 0.17662388
v 0.02053910 -0.12702944 0.17696518
v 0.02153116 -0.12896893 0.17804545
v 0.02373806 -0.13117457 0.17993265
v 0.02798115 -0.13283182 0.18264121
v 0.03359850 -0.13250271 0.18429059
v 0.03937268 -0.13097711 0.18318099
v 0.04349922 -0.12904814 0.18271810
v 0.04672711 -0.12669650 0.18293494
v 0.03749458 -0.12900626 0.17167336
v 0.03307482 -0.13022104 0.17180198
v 0.02894242 -0.12978510 0.17241675
v 0.02523492 -0.12838890 0.17316788
v 0.02313427 -0.12738571 0.17351252
v 0.02240115 -0.12720721 0.17372519
v 0.02192388 -0.12713477 0.17403442
v 0.02169943 -0.12719618 0.17497426
v 0.02095625 -0.12737063 0.17656165
v 0.05352749 -0.11542770 0.16761786
v 0.04723960 -0.12135225 0.16528982
v 0.05473633 -0.11639811 0.16295367
v 0.05668171 -0.11705698 0.15708166
v 0.05782386 -0.11678841 0.14999759
v 0.04864633 -0.11960552 0.16898030
v 0.04358883 -0.12437541 0.16832584
v 0.05685720 -0.11507714 0.13398975
v 0.05779654 -0.11605093 0.14210045
v 0.04902143 -0.11984673 0.12050968
v 0.05330721 -0.11306248 0.11771923
v 0.05536171 -0.11400039 0.12586576
v 0.04550142 -0.12260120 0.17134279
v 0.04153099 -0.12636573 0.17143327
v 0.00443121 -0.12565583 0.06837410
v 0.00442497 -0.11153666 0.06638843
v 0.00866786 -0.11745626 0.06727380
v 0.00430371 -0.13536296 0.07703608
v 0.00936475 -0.13048044 0.07188421
v 0.01113274 -0.08185439 0.13980371
v 0.01691967 -0.09768953 0.14073235
v 0.00759335 -0.10950042 0.14140564
v 0.01024165 -0.12573898 0.13499862
v 0.01156930 -0.13158112 0.12751025
v 0.01181896 -0.13233024 0.12105674
v 0.01173330 -0.13308445 0.11632103
v 0.01263451 -0.13458647 0.11352473
v 0.01445937 -0.13602655 0.11247188
v 0.01667712 -0.13633881 0.11265308
v 0.01904702 -0.13573128 0.11287361
v 0.02123170 -0.13442390 0.11285335
v 0.02353726 -0.13297841 0.11262244
v 0.02591919 -0.13176246 0.11199957
v 0.02737759 -0.13246161 0.11387372
v 0.02823580 -0.13293497 0.11645669
v 0.02894134 -0.13306582 0.11992198
v 0.02919304 -0.13315883 0.12406498
v 0.01020976 -0.14591438 0.14322072
v 0.03402492 -0.13099423 0.12279969
v 0.03824946 -0.12830779 0.12044996
v 0.04255906 -0.12465099 0.11754388
v 0.04667860 -0.11949262 0.11398989
v 0.00903811 -0.11270449 0.26629895
v 0.01717699 -0.12115111 0.25665635
v 0.02455787 -0.12684457 0.24680668
v 0.03061412 -0.13018715 0.23694986
v 0.03537967 -0.13140647 0.22726876
v 0.03935844 -0.13115376 0.21825558
v 0.04323301 -0.13051174 0.20990998
v 0.04725007 -0.12986580 0.20241565
v 0.05266086 -0.12608490 0.19006699
v 0.05077597 -0.12854153 0.19582528
v 0.04972715 -0.12397263 0.18266422
v 0.05235923 -0.12100398 0.18172997
v 0.05308004 -0.12333899 0.18532568
v 0.02120769 -0.12721713 0.17732829
v 0.02084680 -0.12687815 0.17704648
v 0.02090586 -0.12665835 0.17746502
v 0.02194657 -0.12729180 0.17800039
v 0.02411931 -0.12892911 0.17930704
v 0.02799340 -0.13161919 0.18078369
v 0.03303844 -0.13328672 0.18168753
v 0.03856992 -0.13119562 0.18219966
v 0.04277991 -0.12808690 0.18177277
v 0.04520350 -0.12606352 0.18047565
v 0.04733179 -0.12434035 0.18023139
v 0.04917649 -0.12241082 0.17993599
v 0.04358225 -0.12437767 0.17382830
v 0.04036544 -0.12688464 0.17346722
v 0.03672729 -0.12834540 0.17280167
v 0.03288322 -0.12903388 0.17245287
v 0.02864689 -0.12863669 0.17207128
v 0.02509572 -0.12772130 0.17217439
v 0.02361102 -0.12725965 0.17300147
v 0.02318711 -0.12716440 0.17367989
v 0.02297664 -0.12716911 0.17414469
v 0.02281088 -0.12709702 0.17477483
v 0.02180137 -0.12741259 0.17652410
v 0.05792210 -0.11123280 0.17541486
v 0.05332560 -0.11480313 0.17150682
v 0.05895390 -0.11009615 0.17157739
v 0.06064026 -0.10951929 0.16641468
v 0.06260027 -0.10899268 0.15958601
v 0.06278165 -0.10802898 0.14231879
v 0.06346219 -0.10846973 0.15134054
v 0.05336107 -0.11521662 0.17468661
v 0.04927197 -0.11844780 0.17226249
v 0.05917618 -0.10642027 0.12429076
v 0.06110491 -0.10738130 0.13325733
v 0.05054524 -0.11258442 0.10956520
v 0.05471106 -0.10383658 0.10586172
v 0.05712807 -0.10528958 0.11523658
v 0.04934615 -0.11874602 0.17486125
v 0.04631244 -0.12157648 0.17395419
v 0.00432361 -0.10031106 0.06520915
v 0.00808345 -0.10496364 0.06612307
v 0.01312489 -0.12271294 0.06909555
v 0.01176237 -0.10956567 0.06725782
v 0.01588648 -0.11435572 0.06875366
v 0.00406892 -0.13683032 0.08620888
v 0.00909413 -0.13578886 0.08153254
v 0.01376584 -0.13221857 0.07657140
v 0.01732926 -0.12627846 0.07280988
v 0.01045127 -0.06299178 0.12626177
v 0.02156688 -0.07181375 0.12864870
v 0.02697219 -0.09741545 0.13516587
v 0.02219483 -0.11518767 0.13437754
v 0.01711324 -0.11618393 0.13758844
v 0.01725321 -0.12556191 0.13156354
v 0.01717143 -0.12814205 0.12489623
v 0.01607278 -0.12965815 0.11925608
v 0.01535992 -0.13099173 0.11526531
v 0.01595339 -0.13257343 0.11282629
v 0.01758655 -0.13368521 0.11183459
v 0.01959862 -0.13365897 0.11192471
v 0.02131798 -0.13292722 0.11201137
v 0.02273209 -0.13193744 0.11173660
v 0.02420304 -0.13096680 0.11099285
v 0.02574315 -0.13030294 0.10978514
v 0.02771456 -0.13053870 0.11062127
v 0.02977091 -0.13076502 0.11236840
v 0.03153511 -0.13071640 0.11510855
v 0.03308894 -0.13065931 0.11866647
v 0.03686238 -0.12788800 0.11625308
v 0.04048618 -0.12446976 0.11290795
v 0.04376869 -0.12008399 0.10867161
v 0.04652793 -0.11419645 0.10316414
v 0.01049392 -0.08727920 0.28098005
v 0.01924056 -0.10041272 0.27222747
v 0.02660391 -0.11023520 0.26183957
v 0.03344843 -0.11726957 0.25119501
v 0.03914462 -0.12162315 0.24080974
v 0.04325635 -0.12357933 0.23044878
v 0.04671617 -0.12410622 0.22071654
v 0.04976730 -0.12371926 0.21167892
v 0.05517350 -0.12241433 0.19605309
v 0.05256917 -0.12307936 0.20329446
v 0.05584946 -0.11929873 0.18468457
v 0.05618257 -0.12104384 0.18982476
v 0.05080552 -0.12016282 0.17901951
v 0.05221894 -0.11814195 0.17815453
v 0.05450177 -0.11806684 0.18078738
v 0.02197973 -0.12702232 0.17775863
v 0.02168539 -0.12694364 0.17732757
v 0.02133173 -0.12673581 0.17763323
v 0.02148079 -0.12693304 0.17813247
v 0.02290096 -0.12801344 0.17940325
v 0.02728355 -0.12968857 0.18130940
v 0.03232111 -0.13086187 0.18110162
v 0.03738467 -0.13066636 0.18049341
v 0.04168908 -0.12907626 0.17947084
v 0.04445761 -0.12614954 0.17929894
v 0.04639736 -0.12368404 0.17900103
v 0.04800153 -0.12247186 0.17886978
v 0.04873334 -0.12079080 0.17766160
v 0.04638419 -0.12141690 0.17564183
v 0.04406758 -0.12300261 0.17557889
v 0.04212398 -0.12436146 0.17478830
v 0.03942107 -0.12594834 0.17376345
v 0.03638347 -0.12684454 0.17199785
v 0.03204471 -0.12717413 0.17058343
v 0.02459793 -0.12728984 0.17233592
v 0.02602012 -0.12750081 0.17138392
v 0.02347667 -0.12670638 0.17318243
v 0.02398054 -0.12702802 0.17296201
v 0.02175617 -0.12568929 0.17439741
v 0.02199927 -0.12668013 0.17659980
v 0.02280392 -0.12637631 0.17362362
v 0.05982674 -0.11140255 0.18268281
v 0.05712387 -0.11313115 0.17820102
v 0.06146130 -0.10784989 0.18018430
v 0.06334685 -0.10480816 0.17644173
v 0.06552257 -0.10201393 0.17099386
v 0.06763107 -0.09901161 0.16328961
v 0.06783206 -0.09804196 0.15304953
v 0.06391522 -0.09901776 0.13241631
v 0.06603810 -0.09890987 0.14235908
v 0.05607118 -0.11548996 0.17992336
v 0.05306653 -0.11650131 0.17688245
v 0.06020899 -0.09703664 0.11337787
v 0.06199682 -0.09839342 0.12283987
v 0.05207384 -0.10041525 0.09619969
v 0.05486559 -0.09098395 0.09553498
v 0.05797631 -0.09471161 0.10409409
v 0.04920306 -0.11953488 0.17641169
v 0.00391719 -0.09030164 0.05790287
v 0.00745516 -0.09452978 0.06347525
v 0.01104513 -0.09926663 0.06617355
v 0.01474298 -0.10296175 0.06747288
v 0.02039942 -0.11854213 0.07142985
v 0.01872597 -0.10669405 0.06922054
v 0.02328264 -0.11069558 0.07171661
v 0.00373903 -0.13600432 0.09303409
v 0.00828954 -0.13552762 0.08955711
v 0.01281975 -0.13439760 0.08534473
v 0.01672351 -0.13182796 0.08111650
v 0.02057475 -0.12744105 0.07771128
v 0.02420879 -0.12130167 0.07584804
v 0.01035317 -0.04029311 0.09320694
v 0.01843054 -0.04775768 0.10414439
v 0.02454638 -0.06081431 0.11449283
v 0.03001387 -0.07076657 0.11571997
v 0.02939403 -0.08026974 0.12896889
v 0.03175392 -0.09435734 0.12289864
v 0.02849024 -0.10724907 0.12752634
v 0.02314723 -0.11962636 0.12777394
v 0.02126032 -0.12379852 0.12152767
v 0.01926416 -0.12670267 0.11696678
v 0.01839107 -0.12862608 0.11387283
v 0.01891539 -0.13020652 0.11204046
v 0.02031749 -0.13132973 0.11133403
v 0.02157864 -0.13158338 0.11137623
v 0.02239398 -0.13124164 0.11125952
v 0.02296024 -0.13077368 0.11070567
v 0.02368558 -0.13056033 0.10966319
v 0.02459705 -0.13019843 0.10805053
v 0.02695116 -0.12942667 0.10791951
v 0.02950224 -0.12909188 0.10851127
v 0.03225642 -0.12867985 0.11007458
v 0.03489729 -0.12804389 0.11270529
v 0.03805911 -0.12496222 0.10926551
v 0.04061929 -0.12134336 0.10489947
v 0.04218437 -0.11715797 0.09965700
v 0.04237991 -0.11287811 0.09347159
v 0.04732051 -0.10792387 0.09539229
v 0.01165247 -0.05563919 0.28860003
v 0.02182017 -0.07187827 0.28315967
v 0.03013647 -0.08644688 0.27502173
v 0.03670485 -0.09749363 0.26451820
v 0.04238671 -0.10523952 0.25331074
v 0.04699688 -0.11044649 0.24251848
v 0.05099027 -0.11363341 0.23215407
v 0.05397904 -0.11528063 0.22206753
v 0.05628922 -0.11570478 0.21248704
v 0.05776362 -0.11554938 0.20363623
v 0.05898902 -0.11550934 0.18939084
v 0.05867993 -0.11547159 0.19587499
v 0.05803534 -0.11528729 0.18408471
v 0.02083312 -0.12533236 0.17829674
v 0.02125704 -0.12589072 0.17774838
v 0.02116833 -0.12620979 0.17812902
v 0.02131985 -0.12657574 0.17843193
v 0.02181137 -0.12708581 0.17898065
v 0.02329057 -0.12806306 0.18048018
v 0.03163005 -0.12804285 0.18517345
v 0.03716728 -0.12842201 0.18184847
v 0.04034083 -0.12716330 0.17912894
v 0.04280287 -0.12557486 0.17782241
v 0.04479593 -0.12393523 0.17691392
v 0.04672435 -0.12227206 0.17715031
v 0.04308824 -0.12233794 0.17570728
v 0.04396782 -0.12268636 0.17629665
v 0.03981762 -0.12182452 0.17045540
v 0.04188544 -0.12282891 0.17404622
v 0.03217484 -0.12356315 0.16771811
v 0.02888033 -0.12687946 0.17027193
v 0.02494573 -0.12678220 0.17157859
v 0.02556088 -0.12720867 0.17146891
v 0.02650736 -0.12638501 0.17021531
v 0.02203950 -0.12478889 0.17194015
v 0.02390071 -0.12587436 0.17115885
v 0.01981363 -0.12076734 0.17150337
v 0.01972465 -0.12388815 0.17687732
v 0.06143014 -0.10984233 0.18814093
v 0.06382174 -0.10431739 0.18584150
v 0.06626713 -0.09914377 0.18225890
v 0.06869075 -0.09400478 0.17702824
v 0.07102206 -0.08837548 0.17014784
v 0.06804237 -0.08943926 0.14138621
v 0.07045940 -0.08679348 0.15252376
v 0.06419970 -0.09016254 0.12140721
v 0.06590337 -0.09048646 0.13116652
v 0.05983483 -0.08529293 0.10319728
v 0.06240187 -0.08843109 0.11202711
v 0.04535199 -0.10281815 0.08748835
v 0.04870320 -0.09512159 0.08797747
v 0.05037269 -0.08618374 0.08870417
v 0.05068344 -0.07668763 0.08942360
v 0.05591878 -0.08098549 0.09564906
v 0.00411630 -0.08327400 0.04498291
v 0.00743576 -0.08608399 0.05200469
v 0.01029530 -0.08924980 0.05880582
v 0.01337385 -0.09328662 0.06463104
v 0.01737686 -0.09719788 0.06776154
v 0.02160755 -0.10031126 0.06984556
v 0.02753093 -0.11425313 0.07548445
v 0.02619526 -0.10358438 0.07243818
v 0.03077892 -0.10726344 0.07583874
v 0.00343331 -0.13817716 0.09812123
v 0.00752344 -0.13626449 0.09559721
v 0.01141112 -0.13461833 0.09254032
v 0.01511232 -0.13307451 0.08876652
v 0.01891302 -0.13076215 0.08531827
v 0.02281973 -0.12716996 0.08262056
v 0.02675011 -0.12244711 0.08106118
v 0.03063415 -0.11691146 0.08050662
v 0.00906827 -0.05243360 0.07469708
v 0.01654212 -0.04902779 0.08339065
v 0.02307783 -0.05227934 0.09321886
v 0.02786330 -0.06104405 0.10357171
v 0.03048054 -0.07482617 0.10176867
v 0.03404588 -0.08437411 0.11391789
v 0.03139977 -0.09884243 0.11203617
v 0.02882887 -0.10506719 0.11811119
v 0.02583473 -0.11510328 0.12145346
v 0.02293767 -0.12076408 0.11749774
v 0.02106903 -0.12435339 0.11463445
v 0.02042397 -0.12662255 0.11264378
v 0.02085775 -0.12837600 0.11151683
v 0.02166203 -0.12988993 0.11115891
v 0.02211022 -0.13058050 0.11101133
v 0.02231391 -0.13075734 0.11065394
v 0.02234530 -0.13100493 0.10990423
v 0.02266138 -0.13125365 0.10847789
v 0.02279861 -0.13146106 0.10631198
v 0.02511687 -0.12980090 0.10572237
v 0.02792076 -0.12841105 0.10543555
v 0.03110263 -0.12743888 0.10579413
v 0.03463472 -0.12632263 0.10696143
v 0.03679465 -0.12341657 0.10277146
v 0.03813667 -0.11986960 0.09754473
v 0.03794368 -0.11680909 0.09206122
v 0.03678481 -0.11405312 0.08620077
v 0.04110139 -0.10887595 0.08677721
v 0.01289519 -0.02453986 0.28966123
v 0.02393729 -0.04045137 0.28710884
v 0.03355154 -0.05635535 0.28188473
v 0.04122000 -0.07132872 0.27425641
v 0.04667235 -0.08327999 0.26416057
v 0.05101271 -0.09180267 0.25319892
v 0.05455869 -0.09782722 0.24241692
v 0.05767831 -0.10166964 0.23205644
v 0.06038257 -0.10433043 0.22173613
v 0.06224397 -0.10605024 0.21180803
v 0.06221212 -0.10826306 0.19483382
v 0.06267738 -0.10711756 0.20278269
v 0.02021576 -0.12442653 0.17865855
v 0.01829988 -0.12038143 0.17843729
v 0.02070312 -0.12551941 0.17972058
v 0.02147918 -0.12668452 0.17952496
v 0.02221226 -0.12738441 0.17986923
v 0.02311533 -0.12776474 0.18155771
v 0.02684822 -0.12790218 0.18448657
v 0.03166323 -0.12499942 0.18848056
v 0.04145455 -0.12314930 0.18349665
v 0.04264739 -0.12339752 0.17866546
v 0.04318887 -0.12287768 0.17687541
v 0.04374010 -0.12064453 0.17639464
v 0.04349705 -0.11914613 0.17427546
v 0.04202772 -0.11756899 0.17117137
v 0.04029710 -0.11448098 0.16945595
v 0.03718365 -0.11850963 0.16740507
v 0.03328707 -0.11267842 0.16618496
v 0.02860360 -0.11844479 0.16566378
v 0.02540583 -0.12303384 0.16786474
v 0.02202043 -0.11846777 0.16863745
v 0.02035507 -0.11393958 0.17110485
v 0.01799418 -0.11636197 0.17459089
v 0.06547695 -0.10086737 0.19269603
v 0.06836984 -0.09351399 0.18926364
v 0.07085716 -0.08642570 0.18457967
v 0.07309901 -0.07918528 0.17904645
v 0.07286948 -0.08041393 0.16379267
v 0.07452168 -0.07140593 0.17332810
v 0.06750759 -0.08181644 0.12965208
v 0.06932837 -0.08032985 0.13933438
v 0.07137542 -0.07710942 0.14917099
v 0.07315122 -0.07170254 0.15881866
v 0.06379554 -0.07924407 0.11129636
v 0.06585557 -0.08148566 0.12025195
v 0.05613159 -0.07099073 0.09618741
v 0.06064624 -0.07541423 0.10318834
v 0.03820800 -0.10474667 0.08083814
v 0.04149985 -0.09789247 0.08138740
v 0.04384272 -0.09029703 0.08242810
v 0.04481186 -0.08183340 0.08334398
v 0.04585172 -0.07258382 0.08311969
v 0.04859811 -0.06353428 0.08170640
v 0.05144776 -0.06692427 0.08949941
v 0.00463833 -0.07700146 0.02952415
v 0.00804802 -0.07945598 0.03817591
v 0.01063928 -0.08195978 0.04607496
v 0.01322700 -0.08439938 0.05310214
v 0.01574121 -0.08742314 0.05998003
v 0.01931745 -0.09084133 0.06613904
v 0.02404943 -0.09415035 0.07034874
v 0.02883650 -0.09713623 0.07336622
v 0.03446304 -0.11087610 0.08052325
v 0.03380867 -0.10057118 0.07645744
v 0.00299613 -0.14200321 0.10165197
v 0.00685235 -0.13972092 0.09981149
v 0.01028669 -0.13720048 0.09790784
v 0.01347535 -0.13487410 0.09569174
v 0.01669317 -0.13266481 0.09292895
v 0.02031729 -0.13009954 0.09005457
v 0.02431575 -0.12674672 0.08764642
v 0.02843657 -0.12281357 0.08622402
v 0.03253581 -0.11864725 0.08596033
v 0.00647709 -0.06913404 0.07892650
v 0.01201415 -0.06163127 0.07753247
v 0.02013276 -0.06133301 0.08271891
v 0.02566553 -0.06538689 0.09050709
v 0.02595683 -0.08024838 0.09130150
v 0.03122665 -0.08992415 0.09875828
v 0.03173979 -0.10051485 0.10555381
v 0.02833105 -0.10647519 0.10918421
v 0.02814658 -0.10634909 0.11217684
v 0.02612883 -0.11307043 0.11558586
v 0.02327987 -0.11903567 0.11387140
v 0.02168142 -0.12277647 0.11264509
v 0.02112576 -0.12524530 0.11177844
v 0.02148957 -0.12754354 0.11131257
v 0.02181994 -0.12954335 0.11103714
v 0.02168447 -0.13071317 0.11070460
v 0.02126643 -0.13149882 0.11011761
v 0.02100984 -0.13228491 0.10888654
v 0.02087102 -0.13306748 0.10688752
v 0.02031352 -0.13357009 0.10422546
v 0.02254682 -0.13149827 0.10341614
v 0.02524146 -0.12941618 0.10261649
v 0.02854140 -0.12734786 0.10207599
v 0.03242687 -0.12549305 0.10202175
v 0.03360258 -0.12279141 0.09690100
v 0.03371487 -0.12023885 0.09135360
v 0.01438705 0.00839396 0.28103286
v 0.02669472 -0.00926164 0.28435868
v 0.03669811 -0.02589697 0.28237373
v 0.04567978 -0.04125421 0.27748829
v 0.05248659 -0.05603425 0.27016979
v 0.05664378 -0.06844315 0.26077873
v 0.05951071 -0.07765407 0.25059730
v 0.06203932 -0.08428614 0.24028212
v 0.06446116 -0.08898233 0.23007375
v 0.06619288 -0.09234668 0.21988124
v 0.06707079 -0.09528927 0.20983869
v 0.06664743 -0.09781906 0.20073968
v 0.01830081 -0.11196199 0.17965978
v 0.01871761 -0.11707741 0.18363935
v 0.02151002 -0.12410777 0.18424696
v 0.02651598 -0.11793396 0.19116741
v 0.03311137 -0.10975136 0.19048411
v 0.03857529 -0.11926190 0.18924385
v 0.04241510 -0.11297776 0.18539542
v 0.04403812 -0.11698570 0.18228871
v 0.04429574 -0.11882475 0.17877382
v 0.04438567 -0.11568792 0.17668039
v 0.04291187 -0.11363058 0.17328423
v 0.04192100 -0.10854047 0.17670339
v 0.03795834 -0.10825386 0.17049056
v 0.03298252 -0.10300737 0.17613095
v 0.02725092 -0.10771808 0.16903681
v 0.02433591 -0.11448177 0.16733688
v 0.02116354 -0.10805440 0.17489630
v 0.06999447 -0.08845114 0.19753939
v 0.07302638 -0.07964670 0.19313139
v 0.07527996 -0.07112438 0.18787724
v 0.07370562 -0.06407157 0.16783065
v 0.07563563 -0.05753216 0.17545134
v 0.07632209 -0.06280008 0.18200475
v 0.06660354 -0.07242942 0.11958975
v 0.06826388 -0.07317153 0.12821633
v 0.06986380 -0.07188882 0.13696688
v 0.07132158 -0.06883810 0.14572233
v 0.07219111 -0.06418485 0.15422386
v 0.07262966 -0.05776977 0.16150635
v 0.06068032 -0.06535812 0.10384214
v 0.06423134 -0.06959191 0.11129701
v 0.05350053 -0.05730993 0.08883101
v 0.05628197 -0.06114819 0.09677190
v 0.03640073 -0.09375264 0.07749999
v 0.03818303 -0.08616082 0.07820302
v 0.03964839 -0.07782821 0.07766694
v 0.04250380 -0.06934665 0.07564068
v 0.04673516 -0.06239387 0.07262212
v 0.05124686 -0.05515093 0.06902605
v 0.05229767 -0.05557961 0.07925588
v 0.00547587 -0.07119815 0.01157349
v 0.00967811 -0.07338612 0.02121291
v 0.01240365 -0.07552324 0.03059855
v 0.01430887 -0.07766917 0.03973359
v 0.01641550 -0.07991571 0.04776272
v 0.01889687 -0.08199366 0.05492163
v 0.02175732 -0.08453159 0.06221890
v 0.02602181 -0.08729571 0.06891423
v 0.03108634 -0.09032804 0.07384306
v 0.00273365 -0.14309350 0.10683614
v 0.00624927 -0.14260717 0.10396475
v 0.00952619 -0.14068728 0.10190809
v 0.01239716 -0.13810116 0.10041207
v 0.01530200 -0.13544125 0.09876519
v 0.01805257 -0.13314315 0.09713036
v 0.02118847 -0.13063404 0.09529811
v 0.02506262 -0.12741349 0.09329599
v 0.02939947 -0.12371730 0.09165817
v 0.00913253 -0.08103906 0.08507001
v 0.00484272 -0.09316436 0.08885270
v 0.01290525 -0.07115627 0.08155197
v 0.01616265 -0.06421298 0.08000368
v 0.01814528 -0.07497933 0.08419400
v 0.02148404 -0.07388830 0.08561641
v 0.02061984 -0.08619205 0.08873862
v 0.02436219 -0.09491096 0.09281141
v 0.02790391 -0.10200233 0.09743458
v 0.02864868 -0.10762093 0.10274512
v 0.02584765 -0.11263620 0.11168653
v 0.02595088 -0.11230095 0.10774678
v 0.02329368 -0.11794259 0.11083704
v 0.02147791 -0.12193401 0.11074728
v 0.02078054 -0.12510319 0.11101210
v 0.02080212 -0.12798580 0.11132675
v 0.02066371 -0.13042944 0.11114043
v 0.02007724 -0.13209498 0.11051589
v 0.01940634 -0.13340907 0.10933417
v 0.01894140 -0.13467250 0.10743409
v 0.01818651 -0.13566349 0.10502368
v 0.01689424 -0.13589901 0.10208780
v 0.01929280 -0.13358159 0.10095340
v 0.02199526 -0.13123865 0.09972292
v 0.02526837 -0.12861870 0.09846693
v 0.02922049 -0.12567564 0.09733367
v 0.01387152 0.03730937 0.25444216
v 0.02772765 0.02293079 0.26658851
v 0.03940804 0.00542100 0.27266961
v 0.04911663 -0.01096328 0.27282137
v 0.05699046 -0.02621612 0.26898509
v 0.06291098 -0.04083251 0.26278633
v 0.06615455 -0.05355138 0.25474781
v 0.06813244 -0.06337784 0.24576682
v 0.06947800 -0.07060083 0.23628122
v 0.07059819 -0.07596401 0.22650403
v 0.07110693 -0.08022666 0.21649379
v 0.07096691 -0.08427078 0.20668727
v 0.02630184 -0.10416729 0.18302220
v 0.02172156 -0.11114403 0.18701869
v 0.03883996 -0.10586752 0.18283898
v 0.04397183 -0.11260344 0.18019408
v 0.07444097 -0.07382567 0.20226008
v 0.07809209 -0.05526983 0.19074947
v 0.07704448 -0.06406994 0.19695467
v 0.07793496 -0.05179252 0.17990381
v 0.07515929 -0.05395268 0.16998869
v 0.07815670 -0.05189401 0.17457038
v 0.06361837 -0.06011811 0.11212242
v 0.06628204 -0.06352970 0.11954075
v 0.06799284 -0.06508688 0.12711245
v 0.06936807 -0.06445087 0.13476151
v 0.07043611 -0.06179954 0.14252037
v 0.07170986 -0.05789834 0.14995462
v 0.07408807 -0.05053109 0.15910977
v 0.07353847 -0.05278406 0.16395193
v 0.07420354 -0.05366859 0.15563458
v 0.05689832 -0.05113741 0.09706533
v 0.05987209 -0.05561253 0.10506165
v 0.05553190 -0.04728073 0.07663059
v 0.05606511 -0.04820972 0.08748299
v 0.03304421 -0.08277574 0.07284188
v 0.03577715 -0.07475627 0.07047039
v 0.04001411 -0.06808932 0.06730413
v 0.04530526 -0.06181566 0.06318885
v 0.05018768 -0.05446121 0.05869442
v 0.05429019 -0.04593224 0.05430692
v 0.05474861 -0.04678491 0.06544906
v 0.00638117 -0.07119468 -0.00682339
v 0.01185753 -0.07044235 0.00292534
v 0.01553486 -0.07071037 0.01282445
v 0.01784732 -0.07178256 0.02278274
v 0.01931761 -0.07327233 0.03255817
v 0.02093572 -0.07487789 0.04190335
v 0.02303926 -0.07657671 0.05032587
v 0.02554488 -0.07827969 0.05819750
v 0.02866071 -0.08021009 0.06599420
v 0.00545854 -0.14179212 0.10977584
v 0.00246760 -0.14017167 0.11167759
v 0.01183384 -0.14049609 0.10463554
v 0.00891206 -0.14189749 0.10713047
v 0.01448239 -0.13836912 0.10323268
v 0.01142530 -0.09456364 0.08957428
v 0.01501286 -0.08344729 0.08663732
v 0.00780242 -0.10620556 0.09120685
v 0.00427510 -0.11696384 0.09299511
v 0.01732336 -0.09740418 0.09085387
v 0.02241584 -0.10903699 0.09447354
v 0.02462965 -0.11227870 0.09792072
v 0.02403871 -0.11524227 0.10332054
v 0.02253827 -0.11848089 0.10785967
v 0.02037023 -0.12281810 0.10921878
v 0.01955591 -0.12657476 0.11074907
v 0.01899348 -0.12968232 0.11147600
v 0.01850021 -0.13245649 0.11132616
v 0.01772160 -0.13444117 0.11018485
v 0.01694052 -0.13611492 0.10832173
v 0.01601252 -0.13753701 0.10593683
v 0.01234508 0.05120769 0.22270137
v 0.02516575 0.04451492 0.23568529
v 0.03812271 0.03276545 0.24764305
v 0.04926709 0.01707048 0.25591117
v 0.05834247 0.00163288 0.25888258
v 0.06566923 -0.01313319 0.25769573
v 0.07076468 -0.02723366 0.25341815
v 0.07360499 -0.03969840 0.24688107
v 0.07474322 -0.04977925 0.23889691
v 0.07533359 -0.05754000 0.23028499
v 0.07537500 -0.06343601 0.22123367
v 0.07497999 -0.06857775 0.21174341
v 0.07805832 -0.05816258 0.20604211
v 0.07882772 -0.04384171 0.19114834
v 0.07926720 -0.04977442 0.19877237
v 0.07795707 -0.04812604 0.18576115
v 0.08098268 -0.04715474 0.18209213
v 0.07949964 -0.04374423 0.18371683
v 0.07331005 -0.04923145 0.16160542
v 0.07460495 -0.04996194 0.16571695
v 0.07738148 -0.04954150 0.17017812
v 0.07921097 -0.04684519 0.17384154
v 0.08154541 -0.04890797 0.17778617
v 0.05935141 -0.04549043 0.10669011
v 0.06191381 -0.05078606 0.11400628
v 0.06500874 -0.05530385 0.12040538
v 0.06705224 -0.05776330 0.12659997
v 0.06846973 -0.05822925 0.13295251
v 0.06959183 -0.05650522 0.13926625
v 0.07141556 -0.05353274 0.14744562
v 0.07354896 -0.05097583 0.15206224
v 0.07329928 -0.05004298 0.15520650
v 0.07149561 -0.04891300 0.15819913
v 0.05786582 -0.03899631 0.08673668
v 0.05833046 -0.04161564 0.09767330
v 0.05703154 -0.03723601 0.06245762
v 0.05725891 -0.03786794 0.07464916
v 0.03273496 -0.07337789 0.06263560
v 0.03819735 -0.06737958 0.05847144
v 0.04412410 -0.06110148 0.05336267
v 0.04956866 -0.05356356 0.04823923
v 0.05410446 -0.04555268 0.04365197
v 0.05830316 -0.03743194 0.03974450
v 0.05729816 -0.03707169 0.05083603
v 0.00638431 0.02404005 0.07601798
v 0.00573053 0.02278869 0.09636790
v 0.01168899 0.02181368 0.08572030
v 0.01388611 0.02607919 0.06626642
v 0.00796846 0.03258670 0.05747980
v 0.01874630 -0.07187630 -0.00496674
v 0.02223124 -0.06947159 0.00457975
v 0.02435549 -0.06874551 0.01474485
v 0.02575960 -0.06931366 0.02522466
v 0.02687815 -0.07027428 0.03535113
v 0.02833946 -0.07126885 0.04486096
v 0.03040701 -0.07232505 0.05409169
v 0.00493043 -0.13729236 0.11272222
v 0.00265512 -0.13491585 0.11113554
v 0.01094928 -0.13988466 0.10998601
v 0.00808963 -0.13928964 0.11192924
v 0.01354553 -0.13915371 0.10758275
v 0.01324965 -0.10763624 0.09180492
v 0.00973405 -0.11737262 0.09340817
v 0.00630757 -0.12513370 0.09705824
v 0.00326327 -0.13042096 0.10196465
v 0.01422532 -0.11809108 0.09387678
v 0.01819224 -0.11098487 0.09306365
v 0.01743370 -0.12014299 0.09575182
v 0.01974561 -0.11852235 0.09679645
v 0.02063590 -0.11943835 0.10061103
v 0.02055502 -0.12098009 0.10536665
v 0.01829359 -0.12512695 0.10856932
v 0.01735031 -0.12880450 0.11076158
v 0.01649119 -0.13196898 0.11183065
v 0.01573740 -0.13501836 0.11153549
v 0.01473824 -0.13730400 0.10994607
v 0.01123284 0.05325055 0.19634610
v 0.02251084 0.05151928 0.20701045
v 0.03436355 0.04643432 0.21773475
v 0.04621073 0.03675799 0.22835070
v 0.05637447 0.02361303 0.23744982
v 0.06420026 0.00969625 0.24293119
v 0.07041478 -0.00379607 0.24467522
v 0.07473122 -0.01672433 0.24280339
v 0.07744117 -0.02842878 0.23795003
v 0.07871420 -0.03841673 0.23097581
v 0.07903856 -0.04637801 0.22315890
v 0.07871589 -0.05262480 0.21485764
v 0.08011994 -0.04424017 0.20670682
v 0.07812709 -0.04138883 0.18506163
v 0.07844169 -0.03808930 0.18863827
v 0.07974744 -0.03947487 0.19690448
v 0.08399248 -0.04434068 0.17905468
v 0.08597604 -0.04321311 0.18298262
v 0.08435791 -0.03979426 0.18505758
v 0.08114449 -0.03820367 0.18319196
v 0.07308503 -0.04546094 0.16270214
v 0.07565264 -0.04618670 0.16704696
v 0.07613189 -0.04638103 0.17148346
v 0.07614823 -0.04391047 0.17356557
v 0.07922927 -0.04485826 0.17760104
v 0.05856427 -0.03189545 0.09984499
v 0.05984060 -0.03645668 0.10973996
v 0.06087099 -0.04239348 0.11707026
v 0.06306796 -0.04833440 0.12253225
v 0.06549662 -0.05149239 0.12723809
v 0.06760903 -0.05281721 0.13205510
v 0.07101304 -0.05269433 0.14341933
v 0.06995536 -0.05312340 0.13642567
v 0.07222607 -0.05039029 0.14067894
v 0.07257975 -0.04907182 0.14516157
v 0.06952792 -0.05093968 0.14638370
v 0.07082561 -0.05019232 0.15037245
v 0.07035159 -0.04965778 0.15306205
v 0.06943759 -0.04520467 0.15908891
v 0.06555942 -0.04972319 0.15473706
v 0.06539650 -0.04472105 0.15597719
v 0.05692958 -0.02786061 0.07379591
v 0.05739095 -0.02905453 0.08753866
v 0.06011412 -0.02846666 0.04804313
v 0.05791808 -0.02773472 0.06022114
v 0.03656682 -0.06673796 0.04883617
v 0.04310201 -0.06047469 0.04316729
v 0.04895908 -0.05338686 0.03777012
v 0.05450533 -0.04590624 0.03286546
v 0.06038504 -0.03923426 0.02890474
v 0.06781760 -0.03327605 0.02628219
v 0.06307533 -0.03007880 0.03656682
v 0.01104521 0.02290118 0.10689694
v 0.00580059 0.02562261 0.11792374
v 0.01851423 0.02152892 0.07524800
v 0.01649614 0.02055576 0.09564376
v 0.02254274 0.01861668 0.08448648
v 0.01043417 0.04743193 0.03749949
v 0.01783278 0.03801935 0.04802087
v 0.02665930 0.02232706 0.06538874
v 0.02288394 0.02923666 0.05683768
v 0.02965885 -0.06895324 -0.00332353
v 0.03126333 -0.06560954 0.00662363
v 0.03272312 -0.06497004 0.01764697
v 0.03394696 -0.06561130 0.02859443
v 0.03510547 -0.06618558 0.03889629
v 0.00541414 -0.13283530 0.10718888
v 0.00978898 -0.13596825 0.11266559
v 0.00739154 -0.13411638 0.11127275
v 0.01239062 -0.13738398 0.11182696
v 0.01090567 -0.12464163 0.09726077
v 0.00810160 -0.12973785 0.10210317
v 0.01467328 -0.12432490 0.09793109
v 0.01201815 -0.12849817 0.10236824
v 0.01507975 -0.12694415 0.10344595
v 0.01752154 -0.12356800 0.09967798
v 0.01770581 -0.12426076 0.10442680
v 0.01569596 -0.12769290 0.10827857
v 0.01436693 -0.13077829 0.11102873
v 0.01332369 -0.13409859 0.11229461
v 0.00980921 0.05010470 0.17440337
v 0.01989558 0.04982357 0.18403333
v 0.03037640 0.04782323 0.19289869
v 0.04143466 0.04320608 0.20188040
v 0.05168713 0.03510722 0.21115643
v 0.06028680 0.02475193 0.21977764
v 0.06692248 0.01335275 0.22648495
v 0.07200846 0.00179942 0.23037976
v 0.07575032 -0.00960696 0.23070806
v 0.07852427 -0.02036957 0.22760803
v 0.08017013 -0.02994788 0.22201890
v 0.08053679 -0.03787663 0.21490675
v 0.08041521 -0.03349038 0.20399481
v 0.07791849 -0.03800046 0.18254822
v 0.07773540 -0.03402250 0.18507940
v 0.07917888 -0.03259502 0.19355386
v 0.08105508 -0.04119124 0.17807180
v 0.08478025 -0.04039121 0.18009621
v 0.08828791 -0.03861616 0.18090266
v 0.08941625 -0.03572026 0.18355650
v 0.08598614 -0.03266635 0.18408805
v 0.08174080 -0.03361970 0.18121439
v 0.07140502 -0.04139657 0.16143149
v 0.06925183 -0.03968274 0.15744060
v 0.07335586 -0.04502461 0.16798049
v 0.07442728 -0.04512415 0.16955703
v 0.07599280 -0.04155891 0.16789955
v 0.07929568 -0.03868104 0.16773385
v 0.07829979 -0.03979037 0.17392272
v 0.05459807 -0.01942945 0.09085041
v 0.05699891 -0.02250677 0.10438448
v 0.05986902 -0.02852562 0.11546516
v 0.06131827 -0.03708250 0.12266433
v 0.06205061 -0.04390511 0.12610698
v 0.06374541 -0.04689637 0.12923956
v 0.06782212 -0.04993842 0.13209814
v 0.07129314 -0.05106003 0.13418317
v 0.07377110 -0.04820548 0.13828379
v 0.07684787 -0.04436647 0.14213353
v 0.07569976 -0.04719839 0.14408964
v 0.07676581 -0.04355298 0.14721626
v 0.07318146 -0.04517540 0.14699680
v 0.06853012 -0.04781255 0.14682370
v 0.06741495 -0.04935609 0.15025669
v 0.06478729 -0.04636129 0.15202612
v 0.06665717 -0.03969889 0.15276891
v 0.06675979 -0.04333239 0.14909452
v 0.05846833 -0.01832029 0.05829400
v 0.05456463 -0.01779712 0.07486194
v 0.06980543 -0.02318716 0.03457370
v 0.06373138 -0.02046116 0.04556543
v 0.04194440 -0.06021196 0.03279200
v 0.04850635 -0.05344186 0.02683735
v 0.05544021 -0.04731824 0.02181679
v 0.06354773 -0.04231554 0.01827341
v 0.07695042 -0.02750267 0.02550438
v 0.00818836 0.04231039 0.15547335
v 0.01696833 0.04473608 0.16398901
v 0.00673521 0.03251623 0.13817036
v 0.01399150 0.03578643 0.14685148
v 0.01176014 0.02742281 0.12841451
v 0.01624728 0.02339179 0.11749524
v 0.02091240 0.01990745 0.10593963
v 0.03216777 0.01349735 0.08283579
v 0.02979450 0.01717283 0.07376420
v 0.02611666 0.01666330 0.09414101
v 0.02997938 0.04402910 0.03831953
v 0.03387419 0.03350275 0.04787084
v 0.03845528 0.01666973 0.06406784
v 0.03640293 0.02424819 0.05633926
v 0.03982878 -0.06399191 -0.00086048
v 0.03991279 -0.06037230 0.01012903
v 0.04079801 -0.05986504 0.02185464
v 0.00953250 -0.13139678 0.10745996
v 0.01106381 -0.13250729 0.11122131
v 0.01280306 -0.12967720 0.10780042
v 0.02628477 0.04461972 0.17258924
v 0.03634573 0.04208768 0.18047065
v 0.04636590 0.03737806 0.18821830
v 0.05533456 0.03048004 0.19618803
v 0.06278904 0.02220414 0.20389396
v 0.06850465 0.01319463 0.21067697
v 0.07274322 0.00379404 0.21560866
v 0.07612142 -0.00586768 0.21760815
v 0.07866654 -0.01582563 0.21590239
v 0.08017505 -0.02528504 0.21100575
v 0.07921937 -0.02476369 0.19871205
v 0.07751477 -0.03497407 0.17972332
v 0.07655676 -0.03065804 0.18038851
v 0.07782660 -0.02700414 0.18852371
v 0.08237486 -0.03738322 0.17582291
v 0.08123742 -0.03723987 0.17122597
v 0.08487067 -0.03667651 0.17929345
v 0.08795156 -0.03469887 0.17925757
v 0.09055527 -0.03243501 0.17932326
v 0.08981384 -0.02908985 0.18082815
v 0.08129144 -0.03018691 0.17677897
v 0.08523849 -0.02744469 0.18003136
v 0.07070056 -0.03618562 0.16085583
v 0.07195780 -0.04064250 0.16587323
v 0.06991087 -0.03546601 0.15084654
v 0.07085250 -0.03491191 0.15589720
v 0.07392928 -0.03561223 0.16398150
v 0.08082989 -0.03560326 0.16401273
v 0.08323272 -0.03480898 0.16785234
v 0.05005181 -0.00888955 0.08213890
v 0.05079478 -0.01097572 0.09791547
v 0.05422492 -0.01394350 0.11160028
v 0.05905507 -0.02019215 0.12303144
v 0.06189829 -0.03709616 0.13059080
v 0.06246686 -0.04314026 0.13055086
v 0.06421529 -0.04400385 0.13520640
v 0.06559411 -0.04711035 0.13292009
v 0.07159257 -0.04378887 0.13116163
v 0.07232704 -0.04839166 0.13186878
v 0.07590603 -0.04522526 0.13580388
v 0.07784420 -0.04136577 0.14053553
v 0.07898416 -0.03794442 0.14464968
v 0.07817798 -0.04094114 0.14571863
v 0.07831169 -0.03789625 0.14828414
v 0.07550229 -0.03929242 0.14865643
v 0.07076750 -0.04031881 0.14823681
v 0.06900901 -0.01273906 0.04318234
v 0.06031673 -0.00976054 0.05451226
v 0.07825480 -0.01662354 0.03405187
v 0.04836975 -0.05448578 0.01531738
v 0.05742047 -0.05043862 0.01021194
v 0.02179351 0.03774378 0.15471196
v 0.03029364 0.03732237 0.16209489
v 0.01828701 0.02942899 0.13777494
v 0.02517584 0.03057625 0.14563698
v 0.02183202 0.02403901 0.12741554
v 0.02541888 0.01984536 0.11608022
v 0.02938822 0.01569644 0.10460299
v 0.03972450 0.00702871 0.08154184
v 0.03960932 0.01093730 0.07183474
v 0.03409910 0.01130848 0.09303170
v 0.04882635 0.02725017 0.04843050
v 0.04796938 0.03883544 0.03952771
v 0.04828032 0.00932275 0.06193584
v 0.04879541 0.01717567 0.05552953
v 0.04932231 -0.05794039 0.00339171
v 0.03972002 0.03483269 0.16902751
v 0.04881450 0.03018740 0.17592555
v 0.05703333 0.02413454 0.18294793
v 0.06395893 0.01720357 0.18972176
v 0.06932304 0.00971940 0.19589335
v 0.07320721 0.00195412 0.20100695
v 0.07612260 -0.00634538 0.20382887
v 0.07807139 -0.01544986 0.20307487
v 0.07698365 -0.01835625 0.19100028
v 0.07675011 -0.03186487 0.17440277
v 0.07404133 -0.02769891 0.17259735
v 0.07563628 -0.02305104 0.18091244
v 0.08370647 -0.03395645 0.17250234
v 0.08439209 -0.03326231 0.17591780
v 0.08617703 -0.03075489 0.17752153
v 0.08889842 -0.02967059 0.17628402
v 0.09068941 -0.02780867 0.17518073
v 0.08898657 -0.02432680 0.17478234
v 0.08336408 -0.02396725 0.17219025
v 0.08011545 -0.02766982 0.16837507
v 0.07387568 -0.03256879 0.15480322
v 0.07326917 -0.03279343 0.15950781
v 0.07410945 -0.03418055 0.15021425
v 0.07615845 -0.03224602 0.15807539
v 0.07738603 -0.03390740 0.16134995
v 0.07896396 -0.03291821 0.15833455
v 0.08231515 -0.03358454 0.16055208
v 0.08439803 -0.03219078 0.16485208
v 0.08433465 -0.03132656 0.17074615
v 0.05235073 -0.00501102 0.06745416
v 0.04533175 -0.00023675 0.08066595
v 0.04519756 -0.00242857 0.09397280
v 0.04742970 -0.00381679 0.10804570
v 0.05180103 -0.00633227 0.12073189
v 0.06262084 -0.02827832 0.13309622
v 0.05778630 -0.01195307 0.13093573
v 0.06321599 -0.01967350 0.13926113
v 0.06340772 -0.03951796 0.13777012
v 0.06403250 -0.03263673 0.14124435
v 0.06927130 -0.03783979 0.14056426
v 0.07044998 -0.04039921 0.13492185
v 0.07637423 -0.03535259 0.13545817
v 0.07715282 -0.04089550 0.13411659
v 0.07985180 -0.03753969 0.13978499
v 0.08038126 -0.03456484 0.14504319
v 0.08223166 -0.03276231 0.14904600
v 0.08037870 -0.03553069 0.14805299
v 0.08133943 -0.03413229 0.15151829
v 0.07799014 -0.03459936 0.15075880
v 0.07640000 -0.00493964 0.04135698
v 0.06531868 -0.00212562 0.04972321
v 0.05549922 0.00084898 0.05907726
v 0.03263446 0.02983385 0.15235901
v 0.04084246 0.02695399 0.15828830
v 0.03383812 0.02321238 0.14231610
v 0.02765198 0.02427956 0.13582724
v 0.02994740 0.01941735 0.12529027
v 0.03609387 0.01031456 0.10433364
v 0.03271716 0.01518761 0.11486065
v 0.04714300 0.00356226 0.06968772
v 0.04008739 0.00488195 0.09296453
v 0.06390625 0.03020332 0.04154652
v 0.06185099 0.01846446 0.04826611
v 0.05877559 0.00853506 0.05332416
v 0.04923540 0.02237129 0.16447562
v 0.05712590 0.01690259 0.17092973
v 0.06385339 0.01076149 0.17704874
v 0.06887332 0.00403435 0.18261999
v 0.07252213 -0.00291678 0.18750507
v 0.07517029 -0.00982833 0.19108075
v 0.07397620 -0.01521696 0.17958158
v 0.07482140 -0.02894512 0.16546184
v 0.07115929 -0.02614346 0.16259021
v 0.07249407 -0.02097948 0.17014700
v 0.08486861 -0.02855460 0.17188781
v 0.08670497 -0.02695583 0.17295247
v 0.08886594 -0.02671403 0.17171925
v 0.08936857 -0.02421406 0.16941935
v 0.08642343 -0.02173981 0.16543788
v 0.08156437 -0.02338881 0.16088444
v 0.07708210 -0.02760563 0.15774041
v 0.07681767 -0.03247103 0.15422839
v 0.08059526 -0.03313265 0.15468735
v 0.08349248 -0.03235341 0.15676683
v 0.08468228 -0.03013363 0.16086036
v 0.04176282 0.00393568 0.10564160
v 0.04502817 0.00295140 0.11867893
v 0.05045704 0.00034576 0.13029623
v 0.05735499 -0.00464470 0.13963532
v 0.06606896 -0.02506046 0.14595646
v 0.06346341 -0.01154940 0.14682072
v 0.06722693 -0.01750466 0.15274590
v 0.06811217 -0.03280196 0.14545900
v 0.06803385 -0.02750285 0.15127617
v 0.07288232 -0.02973346 0.14766306
v 0.07482266 -0.03192490 0.14076990
v 0.07994542 -0.02792784 0.14379972
v 0.08096191 -0.03243109 0.14030343
v 0.08260169 -0.03160141 0.14656013
v 0.08328579 -0.03001755 0.15121228
v 0.08442344 -0.02971315 0.15587682
v 0.08360295 -0.03205804 0.15292972
v 0.08469026 0.00400706 0.04004815
v 0.07121273 0.00734548 0.04587236
v 0.04902400 0.01493217 0.15259755
v 0.04070425 0.01987143 0.14697397
v 0.03444979 0.01828958 0.13237548
v 0.03861573 0.01522381 0.13433129
v 0.03585259 0.01448103 0.12446851
v 0.03855971 0.00973328 0.11600381
v 0.07675470 0.01826102 0.04222915
v 0.06385516 0.00439853 0.16535574
v 0.05722687 0.01010591 0.15934008
v 0.07161126 -0.00853083 0.17576772
v 0.06846891 -0.00206154 0.17077476
v 0.07065408 -0.01482605 0.16586131
v 0.07165204 -0.02788953 0.15500265
v 0.06926178 -0.02218786 0.15794188
v 0.08465502 -0.02710669 0.16563314
v 0.08636878 -0.02578399 0.16911620
v 0.08709343 -0.02543977 0.16468734
v 0.08637952 -0.02448169 0.15921324
v 0.08318850 -0.02370004 0.15361804
v 0.07848965 -0.02713710 0.15027755
v 0.08473560 -0.02690559 0.16001838
v 0.04238987 0.00908621 0.12860346
v 0.04925289 0.00724730 0.14065558
v 0.05713153 0.00286114 0.14893025
v 0.06381205 -0.00305217 0.15545303
v 0.06813056 -0.00923350 0.16096753
v 0.08383595 -0.02727455 0.14865941
v 0.08465507 -0.02762453 0.15455407
v -0.00451348 -0.14914662 0.16510028
v -0.00759408 -0.14395954 0.16646761
v -0.00425266 -0.14451214 0.17275268
v -0.00423928 -0.15511850 0.15645820
v -0.00728270 -0.14960722 0.15893990
v -0.00631315 -0.14046289 0.17521685
v -0.00363562 -0.14228435 0.17954785
v -0.00973978 -0.14424341 0.15989584
v -0.01300067 -0.13916190 0.15969330
v -0.01061546 -0.13879312 0.16554290
v -0.00460629 -0.16098540 0.14814597
v -0.00778531 -0.15602875 0.15133542
v -0.00967566 -0.15006705 0.15310282
v -0.01170738 -0.14397653 0.15427059
v -0.00447293 -0.14286712 0.18647450
v -0.00712708 -0.14015270 0.18208641
v -0.00954194 -0.13393026 0.17440373
v -0.00807045 -0.13702845 0.17801076
v -0.00877490 -0.13698224 0.17093962
v -0.01749192 -0.13460416 0.15874857
v -0.01510445 -0.13853096 0.15462703
v -0.02014632 -0.13468144 0.15380818
v -0.01282940 -0.13290383 0.16809291
v -0.01487736 -0.13417867 0.16362816
v -0.00293037 -0.14654974 0.12146884
v -0.00546511 -0.14544760 0.12489742
v -0.00251629 -0.14552223 0.12801749
v -0.00481437 -0.14549828 0.13142854
v -0.00207251 -0.14734114 0.13285261
v -0.00456345 -0.16094144 0.14028519
v -0.00821353 -0.15925034 0.14415830
v -0.01052127 -0.15528174 0.14711720
v -0.01200895 -0.15013561 0.14843661
v -0.01375613 -0.14145427 0.15034455
v -0.01717500 -0.13717086 0.15035301
v -0.00512284 -0.14504889 0.19543272
v -0.00942970 -0.14342966 0.19040936
v -0.01082883 -0.13379419 0.17950958
v -0.01127080 -0.13702324 0.18311673
v -0.01370891 -0.12987704 0.17391628
v -0.01167289 -0.13123921 0.17624265
v -0.01240372 -0.13114909 0.17149311
v -0.02333085 -0.13137937 0.15800601
v -0.02010318 -0.13089872 0.16223639
v -0.02641621 -0.13214753 0.15345138
v -0.02259508 -0.13479378 0.14894146
v -0.02901899 -0.13304407 0.14840227
v -0.01650522 -0.12946941 0.16917711
v -0.01744088 -0.13017397 0.16606790
v -0.00257113 -0.14607254 0.11622006
v -0.00557656 -0.14656802 0.11924225
v -0.00811412 -0.14365691 0.12808782
v -0.00832266 -0.14539178 0.12150389
v -0.01115075 -0.14308063 0.12371129
v -0.00385721 -0.14869850 0.13500673
v -0.00225752 -0.15175196 0.13455743
v -0.01038009 -0.14116268 0.13130063
v -0.00776571 -0.14402274 0.13384324
v -0.00339357 -0.15672966 0.13631278
v -0.00670595 -0.15693202 0.13889629
v -0.00983750 -0.15588978 0.14154416
v -0.01233421 -0.15326560 0.14356679
v -0.01409928 -0.14958573 0.14497679
v -0.01530648 -0.14569299 0.14560562
v -0.01356074 -0.14525055 0.14822775
v -0.01553005 -0.14229477 0.14630944
v -0.01591753 -0.13866653 0.14691335
v -0.01896602 -0.13591794 0.14545435
v -0.02437792 -0.13482962 0.14347059
v -0.00598103 -0.14481676 0.20605785
v -0.01086086 -0.14523817 0.20040923
v -0.01544400 -0.14455726 0.19513696
v -0.01419484 -0.13998834 0.18734747
v -0.02019431 -0.14181796 0.19133407
v -0.01418713 -0.12964342 0.17699856
v -0.01441893 -0.13108677 0.17960066
v -0.01567605 -0.13361624 0.18296462
v -0.01915315 -0.13620943 0.18638402
v -0.01534448 -0.12909112 0.17495054
v -0.01653081 -0.12879447 0.17272013
v -0.01688848 -0.12818109 0.17372316
v -0.03044683 -0.12944915 0.15806729
v -0.03354602 -0.12985620 0.15356058
v -0.02307899 -0.12975969 0.16531366
v -0.02672351 -0.12970593 0.16202790
v -0.03100597 -0.13354578 0.14297366
v -0.03794016 -0.13125548 0.14262754
v -0.03610291 -0.13080967 0.14836138
v -0.01817125 -0.12909262 0.17080814
v -0.02093965 -0.12960996 0.16775876
v -0.02160320 -0.12955063 0.16918856
v -0.00247999 -0.14142173 0.11285144
v -0.00500738 -0.14361595 0.11437565
v -0.00796973 -0.14462199 0.11659622
v -0.01079335 -0.14417504 0.11790031
v -0.01382488 -0.14263015 0.11892647
v -0.01714793 -0.14019210 0.11996180
v -0.01537037 -0.14024953 0.12463254
v -0.00407263 -0.15360016 0.13652378
v -0.00510224 -0.14748246 0.13842446
v -0.00398545 -0.15030535 0.13725477
v -0.00625289 -0.14619495 0.13611692
v -0.01263921 -0.14004024 0.13379389
v -0.01445783 -0.13892919 0.12968153
v -0.01482708 -0.13743961 0.13335270
v -0.00931209 -0.14309855 0.13595551
v -0.00686559 -0.14384777 0.13780743
v -0.00782596 -0.15392545 0.13871628
v -0.01085640 -0.15259187 0.13993126
v -0.01340170 -0.15069628 0.14090854
v -0.01573649 -0.14776141 0.14159387
v -0.01719390 -0.14406585 0.14215082
v -0.01722458 -0.14040316 0.14280826
v -0.01722301 -0.13720060 0.14300293
v -0.01880187 -0.13539193 0.14153045
v -0.02609715 -0.13439563 0.13792557
v -0.03254630 -0.13340417 0.13751954
v -0.00682525 -0.14232177 0.21848077
v -0.01253497 -0.14356728 0.21156985
v -0.01750972 -0.14425195 0.20537490
v -0.02235693 -0.14372661 0.19982499
v -0.02491848 -0.13784015 0.18939704
v -0.03171151 -0.13812087 0.19165105
v -0.02724569 -0.14174557 0.19510406
v -0.01709051 -0.12886177 0.17540997
v -0.01672949 -0.12893253 0.17708319
v -0.01750585 -0.12996872 0.17956311
v -0.01987761 -0.13164379 0.18234020
v -0.02402268 -0.13343305 0.18522602
v -0.02974422 -0.13471283 0.18734282
v -0.02144948 -0.12885981 0.17217213
v -0.01958245 -0.12796526 0.17326719
v -0.01887384 -0.12735267 0.17397016
v -0.01821899 -0.12710529 0.17414325
v -0.01721466 -0.12763037 0.17438871
v -0.03876470 -0.12720035 0.15904647
v -0.03417997 -0.12849746 0.16303676
v -0.04151684 -0.12734285 0.15419251
v -0.04359255 -0.12770517 0.14857382
v -0.02494286 -0.12989639 0.16772836
v -0.02889145 -0.12966185 0.16578549
v -0.03910699 -0.13096896 0.13671267
v -0.04552367 -0.12714067 0.13572282
v -0.04494572 -0.12771906 0.14226490
v -0.02919123 -0.12977663 0.16863996
v -0.02489756 -0.12975087 0.17035443
v -0.00262264 -0.13603916 0.11720663
v -0.00486330 -0.13781020 0.11380476
v -0.00718155 -0.14011701 0.11320716
v -0.00985474 -0.14143847 0.11416429
v -0.01261278 -0.14158768 0.11514682
v -0.01542504 -0.14083478 0.11578256
v -0.01819072 -0.13926016 0.11639953
v -0.02121536 -0.13707369 0.11693722
v -0.02075406 -0.13769921 0.12036824
v -0.01988466 -0.13754388 0.12457091
v -0.01908733 -0.13664082 0.12898248
v -0.00264044 -0.15271289 0.13978297
v -0.00496204 -0.15363032 0.13843387
v -0.00420039 -0.14502122 0.14056295
v -0.00361158 -0.14655903 0.14380723
v -0.00295578 -0.14929183 0.14107865
v -0.01443286 -0.14330972 0.13628644
v -0.01194711 -0.14237947 0.13533598
v -0.01557500 -0.14031348 0.13570291
v -0.01618166 -0.13741287 0.13621813
v -0.01853933 -0.13562801 0.13314551
v -0.01784416 -0.13530837 0.13701087
v -0.01133502 -0.14355290 0.13732797
v -0.00936738 -0.14193157 0.13783973
v -0.00622603 -0.13994705 0.13933164
v -0.00407014 -0.14135436 0.14320070
v -0.00641663 -0.15260581 0.14064783
v -0.00892369 -0.15071819 0.13905793
v -0.01137308 -0.14978402 0.13884491
v -0.01357927 -0.14808324 0.13877934
v -0.01585285 -0.14541893 0.13841397
v -0.01733258 -0.14200128 0.13845712
v -0.01741097 -0.13865118 0.13912958
v -0.01745057 -0.13629160 0.13997251
v -0.02112136 -0.13461649 0.13773137
v -0.02283446 -0.13440621 0.13311726
v -0.02795804 -0.13384238 0.13304037
v -0.03359681 -0.13269097 0.13220376
v -0.03951765 -0.13019102 0.13088518
v -0.00764533 -0.13796060 0.23324734
v -0.01421664 -0.14001571 0.22503382
v -0.01976119 -0.14096717 0.21742302
v -0.02469857 -0.14136532 0.21036166
v -0.02952382 -0.14085937 0.20402747
v -0.03445531 -0.13948231 0.19841284
v -0.03602613 -0.13459060 0.18864018
v -0.04230236 -0.13306603 0.18957478
v -0.03878643 -0.13677741 0.19363028
v -0.01761451 -0.12696153 0.17525977
v -0.01839930 -0.12795644 0.17598361
v -0.01915422 -0.12922948 0.17717510
v -0.02055837 -0.13021440 0.17987758
v -0.02338410 -0.13118798 0.18311280
v -0.02840824 -0.13272997 0.18428725
v -0.03457253 -0.13332731 0.18528861
v -0.04033775 -0.13166041 0.18583006
v -0.02896836 -0.13053659 0.17112666
v -0.02501399 -0.12947384 0.17252594
v -0.02240747 -0.12795511 0.17346185
v -0.02124679 -0.12719815 0.17398483
v -0.02062077 -0.12701428 0.17395383
v -0.02047530 -0.12722199 0.17454356
v -0.01828256 -0.12761832 0.17512959
v -0.04742102 -0.12253029 0.16063362
v -0.04955016 -0.12319822 0.15534157
v -0.04021347 -0.12629179 0.16537029
v -0.03421140 -0.12896736 0.16695958
v -0.05166749 -0.12262823 0.14204985
v -0.05104291 -0.12312001 0.14908367
v -0.04528138 -0.12621881 0.12926179
v -0.05066011 -0.12073210 0.12756628
v -0.05152435 -0.12178577 0.13476783
v -0.03843884 -0.12793231 0.16891748
v -0.03354900 -0.13013691 0.16977996
v -0.00405707 -0.13415330 0.12969106
v -0.00644248 -0.13443064 0.12254596
v -0.00769670 -0.13474209 0.11697739
v -0.00900270 -0.13620573 0.11388808
v -0.01113278 -0.13798432 0.11295706
v -0.01352040 -0.13878078 0.11335760
v -0.01619939 -0.13867064 0.11393493
v -0.01869300 -0.13765757 0.11417967
v -0.02132566 -0.13594155 0.11441249
v -0.02444375 -0.13411136 0.11453110
v -0.02466966 -0.13496043 0.11700696
v -0.02464922 -0.13540042 0.12033266
v -0.02433890 -0.13523762 0.12448221
v -0.02370446 -0.13477816 0.12872797
v -0.00255175 -0.15111478 0.14374024
v -0.00318691 -0.15353463 0.14236945
v -0.00578870 -0.14289728 0.14670306
v -0.00750540 -0.14747636 0.14571601
v -0.00416378 -0.14938018 0.14562947
v -0.01286646 -0.14558493 0.13754374
v -0.01096810 -0.14721969 0.13854903
v -0.01072325 -0.14450317 0.13968498
v -0.01026348 -0.13899437 0.14114612
v -0.00698279 -0.13685228 0.14337832
v -0.00940889 -0.14037765 0.14559466
v -0.00451266 -0.15213401 0.14446133
v -0.00755941 -0.15067186 0.14309973
v -0.00963661 -0.14850210 0.14080817
v -0.02879378 -0.13340741 0.12840527
v -0.03407273 -0.13180904 0.12726337
v -0.03910564 -0.12922442 0.12534302
v -0.04427961 -0.12530737 0.12310594
v -0.00842814 -0.12876264 0.24965352
v -0.01582638 -0.13346354 0.24034590
v -0.02217001 -0.13622915 0.23144895
v -0.02740891 -0.13707395 0.22291213
v -0.03202362 -0.13686923 0.21479779
v -0.03651860 -0.13621159 0.20740002
v -0.04524019 -0.13344309 0.19514483
v -0.04120520 -0.13538409 0.20090324
v -0.04514098 -0.12949752 0.18620628
v -0.04944467 -0.12689208 0.18599874
v -0.04800193 -0.13031818 0.19013292
v -0.01987449 -0.12738792 0.17625278
v -0.01948428 -0.12684696 0.17662388
v -0.02054599 -0.12702781 0.17696518
v -0.02153820 -0.12896723 0.17804545
v -0.02374527 -0.13117269 0.17993265
v -0.02798850 -0.13282961 0.18264121
v -0.03360582 -0.13250006 0.18429059
v -0.03937988 -0.13097400 0.18318099
v -0.04350626 -0.12904470 0.18271810
v -0.04673397 -0.12669281 0.18293494
v -0.03750163 -0.12900329 0.17167336
v -0.03308196 -0.13021842 0.17180198
v -0.02894953 -0.12978280 0.17241675
v -0.02524191 -0.12838690 0.17316788
v -0.02314119 -0.12738388 0.17351252
v -0.02240805 -0.12720544 0.17372519
v -0.02193077 -0.12713305 0.17403442
v -0.02170633 -0.12719447 0.17497426
v -0.02096317 -0.12736898 0.17656165
v -0.05353346 -0.11542347 0.16761786
v -0.04724604 -0.12134850 0.16528982
v -0.05474238 -0.11639379 0.16295367
v -0.05668782 -0.11705249 0.15708166
v -0.05782994 -0.11678383 0.14999723
v -0.04865263 -0.11960167 0.16898030
v -0.04359550 -0.12437197 0.16832584
v -0.05686314 -0.11507264 0.13398975
v -0.05780256 -0.11604635 0.14210039
v -0.04902776 -0.11984286 0.12050968
v -0.05331300 -0.11305826 0.11771923
v -0.05536758 -0.11399601 0.12586576
v -0.04550796 -0.12259761 0.17134279
v -0.04153783 -0.12636245 0.17143327
v -0.00443804 -0.12565547 0.06837410
v -0.00442995 -0.11153634 0.06638843
v -0.00867377 -0.11745559 0.06727380
v -0.00431130 -0.13536261 0.07703608
v -0.00937195 -0.13047970 0.07188421
v -0.01113606 -0.08185351 0.13980371
v -0.01692424 -0.09768819 0.14073235
v -0.00759885 -0.10949982 0.14140564
v -0.01024843 -0.12573818 0.13499862
v -0.01157654 -0.13158022 0.12751025
v -0.01182626 -0.13232930 0.12105674
v -0.01174066 -0.13308353 0.11632103
v -0.01264199 -0.13458548 0.11352473
v -0.01446697 -0.13602540 0.11247188
v -0.01668475 -0.13633749 0.11265308
v -0.01905460 -0.13572978 0.11287361
v -0.02123918 -0.13442222 0.11285335
v -0.02354462 -0.13297654 0.11262244
v -0.02592646 -0.13176040 0.11199957
v -0.02738490 -0.13245946 0.11387372
v -0.02824316 -0.13293273 0.11645669
v -0.02894870 -0.13306354 0.11992198
v -0.02920041 -0.13315653 0.12406498
v -0.01021814 -0.14591358 0.14322072
v -0.03403211 -0.13099154 0.12279969
v -0.03825644 -0.12830476 0.12044996
v -0.04256576 -0.12464762 0.11754388
v -0.04668490 -0.11948893 0.11398989
v -0.00904387 -0.11270378 0.26629895
v -0.01718342 -0.12114975 0.25665635
v -0.02456475 -0.12684263 0.24680668
v -0.03062126 -0.13018474 0.23694986
v -0.03538691 -0.13140367 0.22726876
v -0.03936565 -0.13115065 0.21825558
v -0.04324018 -0.13050832 0.20990998
v -0.04725719 -0.12986206 0.20241565
v -0.05266767 -0.12608074 0.19006699
v -0.05078298 -0.12853753 0.19582528
v -0.04973380 -0.12396870 0.18266422
v -0.05236565 -0.12099983 0.18172997
v -0.05308664 -0.12333478 0.18532568
v -0.02121460 -0.12721545 0.17732829
v -0.02085367 -0.12687649 0.17704648
v -0.02091273 -0.12665670 0.17746502
v -0.02195348 -0.12729007 0.17800039
v -0.02412635 -0.12892721 0.17930704
v -0.02800065 -0.13161697 0.18078369
v -0.03304582 -0.13328411 0.18168753
v -0.03857714 -0.13119257 0.18219966
v -0.04278689 -0.12808352 0.18177277
v -0.04521031 -0.12605994 0.18047565
v -0.04733846 -0.12433660 0.18023139
v -0.04918302 -0.12240693 0.17993599
v -0.04358893 -0.12437423 0.17382830
v -0.04037232 -0.12688146 0.17346722
v -0.03673428 -0.12834250 0.17280167
v -0.03289027 -0.12903129 0.17245287
v -0.02865391 -0.12863443 0.17207128
v -0.02510267 -0.12771932 0.17217439
v -0.02361793 -0.12725778 0.17300147
v -0.02319401 -0.12716257 0.17367989
v -0.02298354 -0.12716729 0.17414469
v -0.02281777 -0.12709521 0.17477483
v -0.02180829 -0.12741086 0.17652410
v -0.05792774 -0.11122822 0.17541486
v -0.05333152 -0.11479892 0.17150682
v -0.05895945 -0.11009149 0.17157739
v -0.06064576 -0.10951449 0.16641468
v -0.06260573 -0.10898773 0.15958601
v -0.06278703 -0.10802402 0.14231879
v -0.06346761 -0.10846472 0.15134054
v -0.05336703 -0.11521241 0.17468661
v -0.04927819 -0.11844391 0.17226249
v -0.05918145 -0.10641559 0.12429076
v -0.06111025 -0.10737648 0.13325733
v -0.05055100 -0.11258043 0.10956520
v -0.05471612 -0.10383226 0.10586172
v -0.05713325 -0.10528507 0.11523658
v -0.04935238 -0.11874211 0.17486125
v -0.04631890 -0.12157281 0.17395419
v -0.00432912 -0.10031075 0.06520915
v -0.00808731 -0.10496316 0.06612307
v -0.01313148 -0.12271190 0.06909555
v -0.01176725 -0.10956486 0.06725782
v -0.01589218 -0.11435452 0.06875366
v -0.00407662 -0.13682999 0.08620888
v -0.00910175 -0.13578815 0.08153254
v -0.01377318 -0.13221749 0.07657140
v -0.01733614 -0.12627709 0.07280988
v -0.01045310 -0.06299096 0.12626177
v -0.02156940 -0.07181205 0.12864870
v -0.02697673 -0.09741332 0.13516587
v -0.02220078 -0.11518591 0.13437754
v -0.01711927 -0.11618258 0.13758844
v -0.01725998 -0.12556055 0.13156354
v -0.01717841 -0.12814069 0.12489623
v -0.01607987 -0.12965689 0.11925608
v -0.01536712 -0.13099050 0.11526531
v -0.01596071 -0.13257216 0.11282629
v -0.01759397 -0.13368383 0.11183459
v -0.01960603 -0.13365742 0.11192471
v -0.02132534 -0.13292554 0.11201137
v -0.02273937 -0.13193564 0.11173660
v -0.02421024 -0.13096489 0.11099285
v -0.02575030 -0.13030090 0.10978514
v -0.02772173 -0.13053652 0.11062127
v -0.02977810 -0.13076266 0.11236840
v -0.03154229 -0.13071391 0.11510855
v -0.03309611 -0.13065669 0.11866647
v -0.03686934 -0.12788508 0.11625308
v -0.04049287 -0.12446656 0.11290795
v -0.04377504 -0.12008054 0.10867161
v -0.04653382 -0.11419277 0.10316414
v -0.01049767 -0.08727836 0.28098005
v -0.01924535 -0.10041120 0.27222747
v -0.02660947 -0.11023310 0.26183957
v -0.03345455 -0.11726693 0.25119501
v -0.03915109 -0.12162005 0.24080974
v -0.04326297 -0.12357590 0.23044878
v -0.04672283 -0.12410252 0.22071654
v -0.04977393 -0.12371533 0.21167892
v -0.05518003 -0.12240996 0.19605309
v -0.05257574 -0.12307521 0.20329446
v -0.05585573 -0.11929432 0.18468457
v -0.05618898 -0.12103940 0.18982476
v -0.05081186 -0.12015880 0.17901951
v -0.05222513 -0.11813783 0.17815453
v -0.05450795 -0.11806253 0.18078738
v -0.02198662 -0.12702057 0.17775863
v -0.02169227 -0.12694192 0.17732757
v -0.02133859 -0.12673413 0.17763323
v -0.02148768 -0.12693134 0.17813247
v -0.02290792 -0.12801162 0.17940325
v -0.02729065 -0.12968640 0.18130940
v -0.03232829 -0.13085931 0.18110162
v -0.03739185 -0.13066341 0.18049341
v -0.04169612 -0.12907297 0.17947084
v -0.04446442 -0.12614602 0.17929894
v -0.04640399 -0.12368037 0.17900103
v -0.04800806 -0.12246806 0.17886978
v -0.04873974 -0.12078694 0.17766160
v -0.04639063 -0.12141324 0.17564183
v -0.04407414 -0.12299912 0.17557889
v -0.04213066 -0.12435812 0.17478830
v -0.03942787 -0.12594523 0.17376345
v -0.03639034 -0.12684167 0.17199785
v -0.03205161 -0.12717160 0.17058343
v -0.02460484 -0.12728788 0.17233592
v -0.02602705 -0.12749875 0.17138392
v -0.02348353 -0.12670452 0.17318243
v -0.02398743 -0.12702613 0.17296201
v -0.02176295 -0.12568757 0.17439741
v -0.02200614 -0.12667838 0.17659980
v -0.02281075 -0.12637450 0.17362362
v -0.05983239 -0.11139783 0.18268281
v -0.05712966 -0.11312663 0.17820102
v -0.06146667 -0.10784504 0.18018430
v -0.06335198 -0.10480316 0.17644173
v -0.06552748 -0.10200874 0.17099386
v -0.06763574 -0.09900626 0.16328961
v -0.06783664 -0.09803659 0.15304953
v -0.06391989 -0.09901271 0.13241631
v -0.06604277 -0.09890465 0.14235908
v -0.05607715 -0.11548552 0.17992336
v -0.05307258 -0.11649711 0.17688245
v -0.06021351 -0.09703187 0.11337787
v -0.06200145 -0.09838851 0.12283987
v -0.05207858 -0.10041119 0.09619969
v -0.05486959 -0.09097966 0.09553498
v -0.05798065 -0.09470702 0.10409409
v -0.04920936 -0.11953100 0.17641169
v -0.00398045 -0.09029904 0.05790257
v -0.00748774 -0.09452730 0.06347501
v -0.01105149 -0.09926573 0.06617343
v -0.01474669 -0.10296088 0.06747288
v -0.02040568 -0.11854052 0.07142985
v -0.01873069 -0.10669274 0.06922054
v -0.02328807 -0.11069381 0.07171661
v -0.00374666 -0.13600402 0.09303409
v -0.00829713 -0.13552696 0.08955711
v -0.01282726 -0.13439659 0.08534473
v -0.01673082 -0.13182663 0.08111650
v -0.02058172 -0.12743943 0.07771128
v -0.02421527 -0.12129975 0.07584804
v -0.01035322 -0.04029229 0.09320694
v -0.01843116 -0.04775621 0.10414439
v -0.02454804 -0.06081237 0.11449283
v -0.03001631 -0.07076420 0.11571997
v -0.02939722 -0.08026741 0.12896889
v -0.03175822 -0.09435484 0.12289864
v -0.02849556 -0.10724683 0.12752634
v -0.02315353 -0.11962452 0.12777394
v -0.02126695 -0.12379683 0.12152767
v -0.01927102 -0.12670114 0.11696678
v -0.01839808 -0.12862462 0.11387283
v -0.01892253 -0.13020502 0.11204046
v -0.02032472 -0.13132812 0.11133403
v -0.02158589 -0.13158167 0.11137623
v -0.02240121 -0.13123987 0.11125952
v -0.02296743 -0.13077187 0.11070567
v -0.02369275 -0.13055845 0.10966319
v -0.02460420 -0.13019647 0.10805053
v -0.02695825 -0.12942454 0.10791951
v -0.02950930 -0.12908955 0.10851127
v -0.03226345 -0.12867730 0.11007458
v -0.03490426 -0.12804115 0.11270529
v -0.03806584 -0.12495921 0.10926551
v -0.04062575 -0.12134015 0.10489947
v -0.04219050 -0.11715465 0.09965700
v -0.04238571 -0.11287475 0.09347159
v -0.04732591 -0.10792012 0.09539229
v -0.01165372 -0.05563826 0.28860003
v -0.02182271 -0.07187655 0.28315967
v -0.03014016 -0.08644449 0.27502173
v -0.03670941 -0.09749073 0.26451820
v -0.04239188 -0.10523616 0.25331074
v -0.04700246 -0.11044278 0.24251848
v -0.05099610 -0.11362938 0.23215407
v -0.05398500 -0.11527637 0.22206753
v -0.05629522 -0.11570032 0.21248704
v -0.05776960 -0.11554482 0.20363623
v -0.05899501 -0.11550467 0.18939084
v -0.05868591 -0.11546696 0.19587499
v -0.05804130 -0.11528270 0.18408471
v -0.02083988 -0.12533071 0.17829674
v -0.02126384 -0.12588904 0.17774838
v -0.02117515 -0.12620812 0.17812902
v -0.02132671 -0.12657406 0.17843193
v -0.02181826 -0.12708408 0.17898065
v -0.02329754 -0.12806121 0.18048018
v -0.03163702 -0.12804035 0.18517345
v -0.03717428 -0.12841908 0.18184847
v -0.04034773 -0.12716011 0.17912894
v -0.04280964 -0.12557148 0.17782241
v -0.04480257 -0.12393168 0.17691392
v -0.04673087 -0.12226837 0.17715031
v -0.04309475 -0.12233453 0.17570728
v -0.04397436 -0.12268289 0.17629665
v -0.03982410 -0.12182138 0.17045540
v -0.04189199 -0.12282560 0.17404622
v -0.03218146 -0.12356060 0.16771811
v -0.02888721 -0.12687718 0.17027193
v -0.02495260 -0.12678023 0.17157859
v -0.02556778 -0.12720664 0.17146891
v -0.02651420 -0.12638291 0.17021531
v -0.02204621 -0.12478714 0.17194015
v -0.02390750 -0.12587247 0.17115885
v -0.01982003 -0.12076578 0.17150337
v -0.01973129 -0.12388659 0.17687732
v -0.06143567 -0.10983747 0.18814093
v -0.06382683 -0.10431234 0.18584150
v -0.06627182 -0.09913853 0.18225890
v -0.06869504 -0.09399936 0.17702824
v -0.07102589 -0.08836987 0.17014784
v -0.06804629 -0.08943389 0.14138621
v -0.07046310 -0.08678791 0.15252376
v -0.06420367 -0.09015746 0.12140721
v -0.06590737 -0.09048124 0.13116652
v -0.05983843 -0.08528821 0.10319728
v -0.06240571 -0.08842617 0.11202711
v -0.04535688 -0.10281463 0.08748835
v -0.04870744 -0.09511789 0.08797747
v -0.05037576 -0.08618042 0.08870417
v -0.05068643 -0.07668423 0.08942360
v -0.05592168 -0.08098153 0.09564906
v -0.00425976 -0.08326723 0.04498231
v -0.00753344 -0.08607606 0.05200404
v -0.01035223 -0.08924364 0.05880529
v -0.01340478 -0.09328237 0.06463069
v -0.01738342 -0.09719644 0.06776154
v -0.02161114 -0.10030997 0.06984556
v -0.02753685 -0.11425096 0.07548445
v -0.02619983 -0.10358248 0.07243818
v -0.03078411 -0.10726108 0.07583874
v -0.00344111 -0.13817689 0.09812123
v -0.00753108 -0.13626390 0.09559721
v -0.01141864 -0.13461742 0.09254032
v -0.01511972 -0.13307332 0.08876652
v -0.01892024 -0.13076066 0.08531827
v -0.02282667 -0.12716815 0.08262056
v -0.02675667 -0.12244499 0.08106118
v -0.03064027 -0.11690903 0.08050662
v -0.00906929 -0.05243288 0.07469708
v -0.01654287 -0.04902648 0.08339065
v -0.02307883 -0.05227751 0.09321886
v -0.02786497 -0.06104184 0.10357171
v -0.03048331 -0.07482376 0.10176867
v -0.03404939 -0.08437141 0.11391789
v -0.03140444 -0.09883994 0.11203617
v -0.02883402 -0.10506490 0.11811119
v -0.02584068 -0.11510123 0.12145346
v -0.02294407 -0.12076226 0.11749774
v -0.02107571 -0.12435172 0.11463445
v -0.02043082 -0.12662094 0.11264378
v -0.02086475 -0.12837435 0.11151683
v -0.02166915 -0.12988821 0.11115891
v -0.02211739 -0.13057876 0.11101133
v -0.02232110 -0.13075558 0.11065394
v -0.02235251 -0.13100315 0.10990423
v -0.02266861 -0.13125186 0.10847789
v -0.02280586 -0.13145925 0.10631198
v -0.02512398 -0.12979892 0.10572237
v -0.02792777 -0.12840885 0.10543555
v -0.03110956 -0.12743642 0.10579413
v -0.03464156 -0.12631989 0.10696143
v -0.03680128 -0.12341366 0.10277146
v -0.03814302 -0.11986659 0.09754473
v -0.03794980 -0.11680609 0.09206122
v -0.03679071 -0.11405021 0.08620077
v -0.04110688 -0.10887270 0.08677721
v -0.01289398 -0.02453885 0.28966123
v -0.02393734 -0.04044947 0.28710884
v -0.03355284 -0.05635270 0.28188473
v -0.04122249 -0.07132546 0.27425641
v -0.04667578 -0.08327630 0.26416057
v -0.05101681 -0.09179863 0.25319892
v -0.05456328 -0.09782292 0.24241692
v -0.05768320 -0.10166508 0.23205644
v -0.06038766 -0.10432566 0.22173613
v -0.06224920 -0.10604532 0.21180803
v -0.06221752 -0.10825814 0.19483382
v -0.06268269 -0.10711260 0.20278269
v -0.02022244 -0.12442494 0.17865855
v -0.01830625 -0.12037999 0.17843729
v -0.02070989 -0.12551778 0.17972058
v -0.02148604 -0.12668282 0.17952496
v -0.02221918 -0.12738266 0.17986923
v -0.02312228 -0.12776290 0.18155771
v -0.02685518 -0.12790007 0.18448657
v -0.03166996 -0.12499692 0.18848056
v -0.04146113 -0.12314602 0.18349665
v -0.04265399 -0.12339415 0.17866546
v -0.04319543 -0.12287426 0.17687541
v -0.04374648 -0.12064107 0.17639464
v -0.04350332 -0.11914269 0.17427546
v -0.04203386 -0.11756567 0.17117137
v -0.04030300 -0.11447780 0.16945595
v -0.03718987 -0.11850669 0.16740507
v -0.03329283 -0.11267578 0.16618496
v -0.02860981 -0.11844253 0.16566378
v -0.02541240 -0.12303183 0.16786474
v -0.02202664 -0.11846602 0.16863745
v -0.02036092 -0.11393797 0.17110485
v -0.01800023 -0.11636056 0.17459089
v -0.06548177 -0.10086220 0.19269603
v -0.06837408 -0.09350858 0.18926364
v -0.07086085 -0.08642009 0.18457967
v -0.07310212 -0.07917950 0.17904645
v -0.07287268 -0.08040816 0.16379267
v -0.07452417 -0.07140005 0.17332810
v -0.06751091 -0.08181110 0.12965208
v -0.06933157 -0.08032436 0.13933438
v -0.07137836 -0.07710378 0.14917117
v -0.07315373 -0.07169676 0.15881866
v -0.06379867 -0.07923902 0.11129636
v -0.06585887 -0.08148046 0.12025195
v -0.05613410 -0.07098677 0.09618741
v -0.06064894 -0.07540966 0.10318834
v -0.03821300 -0.10474375 0.08083814
v -0.04150417 -0.09788939 0.08138740
v -0.04384592 -0.09029422 0.08242810
v -0.04481530 -0.08183043 0.08334398
v -0.04585912 -0.07257860 0.08311933
v -0.04861194 -0.06352418 0.08170563
v -0.05145272 -0.06691942 0.08949918
v -0.00492951 -0.07698413 0.02952236
v -0.00825852 -0.07943555 0.03817376
v -0.01077901 -0.08194268 0.04607317
v -0.01332368 -0.08438521 0.05310071
v -0.01579216 -0.08741457 0.05997920
v -0.01934608 -0.09083546 0.06613857
v -0.02405559 -0.09414836 0.07034868
v -0.02883995 -0.09713448 0.07336622
v -0.03446868 -0.11087338 0.08052325
v -0.03381310 -0.10056871 0.07645744
v -0.00300422 -0.14200297 0.10165197
v -0.00686027 -0.13972038 0.09981149
v -0.01029440 -0.13719966 0.09790784
v -0.01348288 -0.13487302 0.09569174
v -0.01670053 -0.13266349 0.09292895
v -0.02032445 -0.13009793 0.09005457
v -0.02432265 -0.12674480 0.08764642
v -0.02844316 -0.12281132 0.08622402
v -0.03254207 -0.11864467 0.08596033
v -0.00647944 -0.06913354 0.07892650
v -0.01201590 -0.06163032 0.07753247
v -0.02013448 -0.06133142 0.08271891
v -0.02566756 -0.06538487 0.09050709
v -0.02596004 -0.08024633 0.09130150
v -0.03123062 -0.08992168 0.09875828
v -0.03174458 -0.10051235 0.10555381
v -0.02833632 -0.10647296 0.10918421
v -0.02815184 -0.10634687 0.11217684
v -0.02613461 -0.11306835 0.11558586
v -0.02328613 -0.11903382 0.11387140
v -0.02168797 -0.12277475 0.11264509
v -0.02113251 -0.12524364 0.11177844
v -0.02149650 -0.12754184 0.11131257
v -0.02182703 -0.12954162 0.11103714
v -0.02169166 -0.13071146 0.11070460
v -0.02127368 -0.13149714 0.11011761
v -0.02101715 -0.13228325 0.10888654
v -0.02087840 -0.13306583 0.10688752
v -0.02032094 -0.13356849 0.10422546
v -0.02255408 -0.13149649 0.10341614
v -0.02524856 -0.12941420 0.10261649
v -0.02854833 -0.12734562 0.10207599
v -0.03243366 -0.12549048 0.10202175
v -0.03360916 -0.12278875 0.09690100
v -0.03372125 -0.12023616 0.09135360
v -0.01438324 0.00839509 0.28103286
v -0.02669230 -0.00925952 0.28435868
v -0.03669701 -0.02589407 0.28237373
v -0.04567990 -0.04125060 0.27748829
v -0.05248787 -0.05603010 0.27016979
v -0.05664603 -0.06843867 0.26077873
v -0.05951370 -0.07764936 0.25059730
v -0.06204283 -0.08428124 0.24028212
v -0.06446504 -0.08897723 0.23007375
v -0.06619703 -0.09234145 0.21988124
v -0.06707517 -0.09528397 0.20983869
v -0.06665202 -0.09781378 0.20073968
v -0.01830650 -0.11196054 0.17965978
v -0.01872371 -0.11707594 0.18363935
v -0.02151668 -0.12410607 0.18424696
v -0.02652215 -0.11793186 0.19116741
v -0.03311689 -0.10974873 0.19048411
v -0.03858156 -0.11925884 0.18924385
v -0.04242088 -0.11297440 0.18539542
v -0.04404422 -0.11698221 0.18228871
v -0.04430198 -0.11882125 0.17877382
v -0.04439167 -0.11568440 0.17668039
v -0.04291770 -0.11362718 0.17328423
v -0.04192642 -0.10853716 0.17670339
v -0.03796375 -0.10825087 0.17049056
v -0.03298751 -0.10300477 0.17613095
v -0.02725628 -0.10771592 0.16903681
v -0.02434180 -0.11447985 0.16733688
v -0.02116893 -0.10805273 0.17489630
v -0.06999831 -0.08844561 0.19753939
v -0.07302953 -0.07964093 0.19313139
v -0.07528243 -0.07111843 0.18787724
v -0.07370754 -0.06406574 0.16783065
v -0.07563702 -0.05752619 0.17545134
v -0.07632390 -0.06279405 0.18200475
v -0.06660611 -0.07242415 0.11958975
v -0.06826651 -0.07316614 0.12821633
v -0.06986632 -0.07188329 0.13696688
v -0.07132386 -0.06883246 0.14572233
v -0.07219303 -0.06417914 0.15422386
v -0.07263107 -0.05776403 0.16150635
v -0.06068233 -0.06535358 0.10384214
v -0.06423368 -0.06958684 0.11129701
v -0.05350937 -0.05730146 0.08883041
v -0.05628527 -0.06114335 0.09677160
v -0.03640403 -0.09375041 0.07749999
v -0.03818639 -0.08615848 0.07820290
v -0.03965654 -0.07782369 0.07766670
v -0.04252513 -0.06933446 0.07563943
v -0.04677197 -0.06236919 0.07261968
v -0.05129757 -0.05510990 0.06902170
v -0.05232156 -0.05555964 0.07925397
v -0.00592345 -0.07116294 0.01156992
v -0.01004575 -0.07333823 0.02120790
v -0.01268928 -0.07547787 0.03059393
v -0.01451460 -0.07763318 0.03972989
v -0.01655173 -0.07988947 0.04776013
v -0.01899049 -0.08197359 0.05491966
v -0.02180180 -0.08452091 0.06221783
v -0.02604493 -0.08728904 0.06891364
v -0.03109198 -0.09032554 0.07384294
v -0.00274183 -0.14309328 0.10683614
v -0.00625741 -0.14260668 0.10396475
v -0.00953418 -0.14068652 0.10190809
v -0.01240494 -0.13810017 0.10041207
v -0.01530958 -0.13544003 0.09876519
v -0.01805997 -0.13314172 0.09713036
v -0.02119568 -0.13063236 0.09529811
v -0.02506956 -0.12741150 0.09329599
v -0.02940613 -0.12371498 0.09165817
v -0.00913582 -0.08103835 0.08507001
v -0.00484696 -0.09316397 0.08885270
v -0.01290775 -0.07115525 0.08155197
v -0.01616461 -0.06421169 0.08000368
v -0.01814808 -0.07497790 0.08419400
v -0.02148676 -0.07388660 0.08561641
v -0.02062352 -0.08619042 0.08873862
v -0.02436656 -0.09490904 0.09281141
v -0.02790883 -0.10200013 0.09743458
v -0.02865404 -0.10761866 0.10274512
v -0.02585340 -0.11263415 0.11168653
v -0.02595661 -0.11229890 0.10774678
v -0.02329985 -0.11794074 0.11083704
v -0.02148440 -0.12193231 0.11074728
v -0.02078728 -0.12510156 0.11101210
v -0.02080909 -0.12798416 0.11132675
v -0.02067087 -0.13042780 0.11114043
v -0.02008454 -0.13209339 0.11051589
v -0.01941374 -0.13340753 0.10933417
v -0.01894891 -0.13467100 0.10743409
v -0.01819410 -0.13566205 0.10502368
v -0.01690185 -0.13589768 0.10208780
v -0.01930023 -0.13358008 0.10095340
v -0.02200251 -0.13123692 0.09972292
v -0.02527540 -0.12861671 0.09846693
v -0.02922729 -0.12567333 0.09733367
v -0.01386542 0.03731048 0.25444216
v -0.02772269 0.02293298 0.26658851
v -0.03940446 0.00542411 0.27266961
v -0.04911435 -0.01095939 0.27282137
v -0.05698939 -0.02621162 0.26898509
v -0.06291106 -0.04082753 0.26278633
v -0.06615563 -0.05354615 0.25474781
v -0.06813432 -0.06337244 0.24576682
v -0.06948042 -0.07059533 0.23628122
v -0.07060105 -0.07595842 0.22650403
v -0.07111011 -0.08022105 0.21649379
v -0.07097041 -0.08426516 0.20668727
v -0.02630692 -0.10416521 0.18302220
v -0.02172719 -0.11114232 0.18701869
v -0.03884518 -0.10586445 0.18283898
v -0.04397758 -0.11259997 0.18019408
v -0.07444365 -0.07381979 0.20226008
v -0.07809331 -0.05526366 0.19074947
v -0.07704639 -0.06406384 0.19695467
v -0.07793590 -0.05178635 0.17990381
v -0.07516041 -0.05394673 0.16998869
v -0.07815764 -0.05188783 0.17457038
v -0.06361996 -0.06011313 0.11212242
v -0.06628393 -0.06352446 0.11954075
v -0.06799483 -0.06508150 0.12711245
v -0.06937000 -0.06444539 0.13476151
v -0.07043782 -0.06179397 0.14252043
v -0.07171129 -0.05789268 0.14995462
v -0.07408891 -0.05052524 0.15910977
v -0.07353949 -0.05277824 0.16395193
v -0.07420463 -0.05366272 0.15563458
v -0.05690227 -0.05113138 0.09706491
v -0.05987364 -0.05560804 0.10506165
v -0.05556434 -0.04724978 0.07662696
v -0.05607802 -0.04819604 0.08748168
v -0.03305458 -0.08277140 0.07284158
v -0.03580264 -0.07474491 0.07046926
v -0.04006165 -0.06806403 0.06730163
v -0.04537327 -0.06177089 0.06318426
v -0.05029266 -0.05438006 0.05868417
v -0.05442549 -0.04581103 0.05428952
v -0.05482603 -0.04671775 0.06543922
v -0.00710834 -0.07112501 -0.00683051
v -0.01242708 -0.07034453 0.00291520
v -0.01598091 -0.07061283 0.01281446
v -0.01821155 -0.07169412 0.02277359
v -0.01958984 -0.07320350 0.03255102
v -0.02113341 -0.07482576 0.04189801
v -0.02316676 -0.07654098 0.05032212
v -0.02562493 -0.07825557 0.05819499
v -0.02869477 -0.08019875 0.06599313
v -0.00546662 -0.14179169 0.10977584
v -0.00247554 -0.14017147 0.11167759
v -0.01184182 -0.14049516 0.10463554
v -0.00892015 -0.14189677 0.10713047
v -0.01449020 -0.13836796 0.10323268
v -0.01142965 -0.09456272 0.08957428
v -0.01501633 -0.08344611 0.08663732
v -0.00780769 -0.10620496 0.09120685
v -0.00428122 -0.11696350 0.09299511
v -0.01732793 -0.09740281 0.09085387
v -0.02242132 -0.10903522 0.09447354
v -0.02463538 -0.11227675 0.09792072
v -0.02404467 -0.11524036 0.10332054
v -0.02254449 -0.11847910 0.10785967
v -0.02037679 -0.12281650 0.10921878
v -0.01956277 -0.12657321 0.11074907
v -0.01900059 -0.12968082 0.11147600
v -0.01850754 -0.13245502 0.11132616
v -0.01772909 -0.13443978 0.11018485
v -0.01694814 -0.13611358 0.10832173
v -0.01602026 -0.13753574 0.10593683
v -0.01233787 0.05120866 0.22270137
v -0.02515908 0.04451692 0.23568529
v -0.03811697 0.03276846 0.24764305
v -0.04926258 0.01707437 0.25591117
v -0.05833919 0.00163750 0.25888258
v -0.06566712 -0.01312800 0.25769573
v -0.07076367 -0.02722807 0.25341815
v -0.07360499 -0.03969257 0.24688107
v -0.07474400 -0.04977333 0.23889691
v -0.07533499 -0.05753404 0.23028499
v -0.07537685 -0.06343005 0.22123367
v -0.07498226 -0.06857182 0.21174341
v -0.07805976 -0.05815641 0.20604211
v -0.07882804 -0.04383548 0.19114834
v -0.07926799 -0.04976814 0.19877237
v -0.07795773 -0.04811987 0.18576115
v -0.08098325 -0.04714834 0.18209213
v -0.07949995 -0.04373795 0.18371683
v -0.07331079 -0.04922566 0.16160542
v -0.07460575 -0.04995604 0.16571695
v -0.07738224 -0.04953538 0.17017812
v -0.07921152 -0.04683894 0.17384154
v -0.08154613 -0.04890152 0.17778617
v -0.05935250 -0.04548582 0.10669011
v -0.06191467 -0.05078135 0.11400628
v -0.06500995 -0.05529871 0.12040538
v -0.06705365 -0.05775800 0.12659997
v -0.06847119 -0.05822384 0.13295251
v -0.06959313 -0.05649972 0.13926607
v -0.07141663 -0.05352709 0.14744562
v -0.07354984 -0.05097002 0.15206224
v -0.07330009 -0.05003719 0.15520650
v -0.07149632 -0.04890735 0.15819913
v -0.05788004 -0.03897840 0.08673483
v -0.05833416 -0.04160875 0.09767300
v -0.05712576 -0.03714343 0.06244284
v -0.05730381 -0.03782405 0.07464242
v -0.03279445 -0.07335360 0.06263304
v -0.03828206 -0.06733580 0.05846685
v -0.04424811 -0.06101979 0.05335414
v -0.04973397 -0.05343159 0.04822314
v -0.05432695 -0.04535145 0.04362312
v -0.05856636 -0.03715828 0.03970355
v -0.05747095 -0.03689957 0.05080879
v -0.00635319 0.02405276 0.07601666
v -0.00572292 0.02279190 0.09636754
v -0.01167470 0.02182694 0.08571899
v -0.01381893 0.02612899 0.06626129
v -0.00782421 0.03263015 0.05747545
v -0.01945859 -0.07168370 -0.00498754
v -0.02278618 -0.06929281 0.00456116
v -0.02478877 -0.06859402 0.01472908
v -0.02610554 -0.06918913 0.02521163
v -0.02713252 -0.07018165 0.03534147
v -0.02852132 -0.07120118 0.04485404
v -0.03051353 -0.07228373 0.05408740
v -0.00493814 -0.13729197 0.11272222
v -0.00266265 -0.13491564 0.11113554
v -0.01095721 -0.13988379 0.10998601
v -0.00809750 -0.13928900 0.11192924
v -0.01355340 -0.13915262 0.10758275
v -0.01325503 -0.10763520 0.09180492
v -0.00974020 -0.11737183 0.09340817
v -0.00631434 -0.12513319 0.09705824
v -0.00327044 -0.13042069 0.10196465
v -0.01423153 -0.11808995 0.09387678
v -0.01819788 -0.11098342 0.09306365
v -0.01744007 -0.12014161 0.09575182
v -0.01975185 -0.11852078 0.09679645
v -0.02064220 -0.11943673 0.10061103
v -0.02056143 -0.12097846 0.10536665
v -0.01830033 -0.12512550 0.10856932
v -0.01735734 -0.12880312 0.11076158
v -0.01649848 -0.13196766 0.11183065
v -0.01574493 -0.13501711 0.11153549
v -0.01474596 -0.13730285 0.10994607
v -0.01122548 0.05325145 0.19634610
v -0.02250362 0.05152106 0.20701045
v -0.03435673 0.04643703 0.21773475
v -0.04620467 0.03676164 0.22835070
v -0.05636945 0.02361749 0.23744982
v -0.06419635 0.00970133 0.24293119
v -0.07041194 -0.00379050 0.24467522
v -0.07472939 -0.01671842 0.24280339
v -0.07744027 -0.02842266 0.23795003
v -0.07871408 -0.03841050 0.23097581
v -0.07903908 -0.04637177 0.22315890
v -0.07871690 -0.05261857 0.21485764
v -0.08012030 -0.04423384 0.20670682
v -0.07812721 -0.04138265 0.18506163
v -0.07844155 -0.03808310 0.18863827
v -0.07974741 -0.03946857 0.19690448
v -0.08399283 -0.04433404 0.17905468
v -0.08597630 -0.04320632 0.18298262
v -0.08435790 -0.03978758 0.18505758
v -0.08114436 -0.03819724 0.18319196
v -0.07308547 -0.04545515 0.16270214
v -0.07565313 -0.04618072 0.16704696
v -0.07613240 -0.04637501 0.17148346
v -0.07614854 -0.04390445 0.17356557
v -0.07922965 -0.04485200 0.17760104
v -0.05856788 -0.03188711 0.09984434
v -0.05984118 -0.03645180 0.10973984
v -0.06087123 -0.04238885 0.11707026
v -0.06306861 -0.04832941 0.12253225
v -0.06549754 -0.05148720 0.12723809
v -0.06761004 -0.05281186 0.13205510
v -0.07101405 -0.05268872 0.14341933
v -0.06995640 -0.05311787 0.13642567
v -0.07222690 -0.05038459 0.14067894
v -0.07258047 -0.04906608 0.14516157
v -0.06952880 -0.05093419 0.14638370
v -0.07082642 -0.05018672 0.15037245
v -0.07035236 -0.04965222 0.15306205
v -0.06943800 -0.04519918 0.15908891
v -0.06556019 -0.04971800 0.15473706
v -0.06539688 -0.04471588 0.15597719
v -0.05697793 -0.02780500 0.07378727
v -0.05740387 -0.02903367 0.08753681
v -0.06030804 -0.02824017 0.04800710
v -0.05802754 -0.02761038 0.06020099
v -0.03671908 -0.06666076 0.04882824
v -0.04329207 -0.06034879 0.04315421
v -0.04921575 -0.05318376 0.03774437
v -0.05481969 -0.04561444 0.03282514
v -0.06078860 -0.03881819 0.02884418
v -0.06830115 -0.03273701 0.02620250
v -0.06340864 -0.02969484 0.03650734
v -0.01104068 0.02290414 0.10689664
v -0.00579681 0.02562328 0.11792362
v -0.01848838 0.02156522 0.07524431
v -0.01649016 0.02056425 0.09564298
v -0.02253207 0.01864191 0.08448386
v -0.01000357 0.04754434 0.03748384
v -0.01759768 0.03816108 0.04800302
v -0.02660708 0.02241955 0.06537926
v -0.02276062 0.02935924 0.05682486
v -0.03033749 -0.06865730 -0.00335622
v -0.03179329 -0.06535909 0.00659555
v -0.03312766 -0.06477064 0.01762620
v -0.03426255 -0.06545463 0.02857822
v -0.03533017 -0.06607326 0.03888461
v -0.00542150 -0.13283487 0.10718888
v -0.00979659 -0.13596748 0.11266559
v -0.00739900 -0.13411578 0.11127275
v -0.01239834 -0.13738300 0.11182696
v -0.01091239 -0.12464075 0.09726077
v -0.00810872 -0.12973720 0.10210317
v -0.01467997 -0.12432375 0.09793109
v -0.01202517 -0.12849722 0.10236824
v -0.01508665 -0.12694296 0.10344595
v -0.01752817 -0.12356660 0.09967798
v -0.01771249 -0.12425936 0.10442680
v -0.01570292 -0.12769166 0.10827857
v -0.01437413 -0.13077715 0.11102873
v -0.01333115 -0.13409753 0.11229461
v -0.00980209 0.05010548 0.17440337
v -0.01988849 0.04982515 0.18403333
v -0.03036947 0.04782563 0.19289869
v -0.04142809 0.04320935 0.20188040
v -0.05168120 0.03511130 0.21115643
v -0.06028169 0.02475670 0.21977764
v -0.06691828 0.01335804 0.22648495
v -0.07200518 0.00180511 0.23037976
v -0.07574793 -0.00960097 0.23070806
v -0.07852273 -0.02036336 0.22760803
v -0.08016935 -0.02994155 0.22201890
v -0.08053663 -0.03787026 0.21490675
v -0.08041470 -0.03348401 0.20399481
v -0.07791834 -0.03799431 0.18254822
v -0.07773493 -0.03401636 0.18507940
v -0.07917830 -0.03258876 0.19355386
v -0.08105519 -0.04118483 0.17807180
v -0.08478028 -0.04038450 0.18009621
v -0.08828782 -0.03860919 0.18090266
v -0.08941593 -0.03571320 0.18355650
v -0.08598557 -0.03265955 0.18408805
v -0.08174031 -0.03361323 0.18121439
v -0.07140513 -0.04139092 0.16143149
v -0.06925181 -0.03967727 0.15744060
v -0.07335627 -0.04501881 0.16798049
v -0.07442769 -0.04511826 0.16955703
v -0.07599293 -0.04155290 0.16789955
v -0.07929558 -0.03867477 0.16773385
v -0.07829978 -0.03978419 0.17392272
v -0.05460799 -0.01940844 0.09084845
v -0.05700141 -0.02249818 0.10438395
v -0.05986881 -0.02852077 0.11546504
v -0.06131807 -0.03707776 0.12266433
v -0.06205093 -0.04390021 0.12610698
v -0.06374595 -0.04689133 0.12923956
v -0.06782289 -0.04993306 0.13209814
v -0.07129402 -0.05105439 0.13418317
v -0.07377175 -0.04819965 0.13828379
v -0.07684822 -0.04436039 0.14213353
v -0.07570034 -0.04719240 0.14408964
v -0.07676609 -0.04354692 0.14721626
v -0.07318188 -0.04516962 0.14699680
v -0.06853074 -0.04780712 0.14682370
v -0.06741568 -0.04935075 0.15025669
v -0.06478781 -0.04635617 0.15202612
v -0.06665716 -0.03969362 0.15276891
v -0.06676007 -0.04332711 0.14909452
v -0.05858355 -0.01815593 0.05826849
v -0.05460598 -0.01773301 0.07485306
v -0.07020652 -0.02268877 0.03449517
v -0.06397774 -0.02013403 0.04551277
v -0.04223135 -0.06002650 0.03277090
v -0.04885758 -0.05316081 0.02680233
v -0.05588640 -0.04691589 0.02176100
v -0.06409025 -0.04177406 0.01819742
v -0.07751163 -0.02688605 0.02541041
v -0.00818190 0.04231103 0.15547335
v -0.01696164 0.04473742 0.16398901
v -0.00673028 0.03251670 0.13817036
v -0.01398580 0.03578748 0.14685148
v -0.01175614 0.02742361 0.12841451
v -0.01624383 0.02339351 0.11749512
v -0.02090898 0.01991211 0.10593909
v -0.03216288 0.01353142 0.08283234
v -0.02977738 0.01722960 0.07375836
v -0.02611304 0.01667482 0.09413981
v -0.02967271 0.04433803 0.03827241
v -0.03373203 0.03376165 0.04783335
v -0.03843605 0.01679914 0.06405234
v -0.03634664 0.02443823 0.05631393
v -0.04047563 -0.06360132 -0.00090581
v -0.04041268 -0.06005801 0.01009172
v -0.04117325 -0.05962228 0.02182731
v -0.00953975 -0.13139601 0.10745996
v -0.01107114 -0.13250641 0.11122131
v -0.01281017 -0.12967619 0.10780042
v -0.02627809 0.04462179 0.17258924
v -0.03633925 0.04209056 0.18047065
v -0.04635979 0.03738173 0.18821830
v -0.05532900 0.03048442 0.19618803
v -0.06278413 0.02220911 0.20389396
v -0.06850046 0.01320004 0.21067697
v -0.07273977 0.00379979 0.21560866
v -0.07611874 -0.00586166 0.21760815
v -0.07866464 -0.01581941 0.21590239
v -0.08017390 -0.02527870 0.21100575
v -0.07921819 -0.02475744 0.19871205
v -0.07751439 -0.03496794 0.17972332
v -0.07655604 -0.03065199 0.18038851
v -0.07782558 -0.02699799 0.18852371
v -0.08237466 -0.03737670 0.17582291
v -0.08123721 -0.03723345 0.17122597
v -0.08487041 -0.03666981 0.17929345
v -0.08795114 -0.03469191 0.17925757
v -0.09055468 -0.03242786 0.17932326
v -0.08981298 -0.02908275 0.18082815
v -0.08129067 -0.03018049 0.17677897
v -0.08523752 -0.02743795 0.18003136
v -0.07070027 -0.03618004 0.16085583
v -0.07195785 -0.04063680 0.16587323
v -0.06991052 -0.03546048 0.15084654
v -0.07085210 -0.03490631 0.15589720
v -0.07392895 -0.03560639 0.16398150
v -0.08082955 -0.03559686 0.16401273
v -0.08323231 -0.03480239 0.16785234
v -0.05006792 -0.00884331 0.08213425
v -0.05079939 -0.01096085 0.09791416
v -0.05422476 -0.01393774 0.11160004
v -0.05905383 -0.02018767 0.12303144
v -0.06189808 -0.03709128 0.13059080
v -0.06246710 -0.04313533 0.13055086
v -0.06421561 -0.04399877 0.13520640
v -0.06559467 -0.04710516 0.13292009
v -0.07159288 -0.04378320 0.13116163
v -0.07232770 -0.04838593 0.13186878
v -0.07590644 -0.04521926 0.13580388
v -0.07784432 -0.04135962 0.14053553
v -0.07898400 -0.03793818 0.14464968
v -0.07817806 -0.04093495 0.14571863
v -0.07831153 -0.03789005 0.14828414
v -0.07550225 -0.03928644 0.14865643
v -0.07076753 -0.04031322 0.14823681
v -0.06931108 -0.01230187 0.04311049
v -0.06046838 -0.00950455 0.05447155
v -0.07872299 -0.01603793 0.03395772
v -0.04884383 -0.05411910 0.01526982
v -0.05800108 -0.04992788 0.01014358
v -0.02178737 0.03774551 0.15471196
v -0.03028753 0.03732477 0.16209489
v -0.01828222 0.02943026 0.13777494
v -0.02517049 0.03057816 0.14563698
v -0.02182825 0.02404044 0.12741554
v -0.02541601 0.01984712 0.11608011
v -0.02938608 0.01569977 0.10460275
v -0.03972617 0.00706815 0.08153778
v -0.03960399 0.01100874 0.07182735
v -0.03409781 0.01132173 0.09303033
v -0.04880735 0.02758964 0.04837567
v -0.04783755 0.03927974 0.03945386
v -0.04830284 0.00948436 0.06191397
v -0.04881643 0.01741975 0.05549246
v -0.04993666 -0.05747625 0.00333402
v -0.03971411 0.03483583 0.16902751
v -0.04880896 0.03019126 0.17592555
v -0.05702828 0.02413905 0.18294793
v -0.06395442 0.01720862 0.18972176
v -0.06931912 0.00972489 0.19589335
v -0.07320391 0.00195990 0.20100695
v -0.07611996 -0.00633936 0.20382887
v -0.07806946 -0.01544369 0.20307487
v -0.07698195 -0.01835017 0.19100028
v -0.07674947 -0.03185880 0.17440277
v -0.07404037 -0.02769305 0.17259735
v -0.07563495 -0.02304506 0.18091244
v -0.08370600 -0.03394983 0.17250234
v -0.08439156 -0.03325563 0.17591780
v -0.08617631 -0.03074809 0.17752153
v -0.08889761 -0.02966355 0.17628402
v -0.09068846 -0.02780150 0.17518073
v -0.08898533 -0.02431977 0.17478234
v -0.08336282 -0.02396066 0.17219025
v -0.08011449 -0.02766348 0.16837507
v -0.07387509 -0.03256295 0.15480322
v -0.07326860 -0.03278763 0.15950781
v -0.07410900 -0.03417469 0.15021425
v -0.07615785 -0.03223999 0.15807539
v -0.07738556 -0.03390128 0.16134995
v -0.07896340 -0.03291197 0.15833455
v -0.08231466 -0.03357802 0.16055208
v -0.08439743 -0.03218410 0.16485208
v -0.08433398 -0.03131990 0.17074615
v -0.05239002 -0.00490807 0.06744081
v -0.04534051 -0.00019181 0.08066142
v -0.04520115 -0.00241174 0.09397131
v -0.04742884 -0.00381235 0.10804546
v -0.05179908 -0.00632867 0.12073189
v -0.06261991 -0.02827339 0.13309622
v -0.05778423 -0.01194871 0.13093573
v -0.06321438 -0.01966851 0.13926113
v -0.06340770 -0.03951296 0.13777012
v -0.06403193 -0.03263166 0.14124435
v -0.06927113 -0.03783430 0.14056426
v -0.07045000 -0.04039363 0.13492185
v -0.07637387 -0.03534655 0.13545817
v -0.07715290 -0.04088941 0.13411659
v -0.07985161 -0.03753337 0.13978499
v -0.08038083 -0.03455850 0.14504319
v -0.08223109 -0.03275581 0.14904600
v -0.08037835 -0.03552435 0.14805299
v -0.08133896 -0.03412586 0.15151829
v -0.07798972 -0.03459319 0.15075880
v -0.07675660 -0.00440067 0.04126665
v -0.06551860 -0.00175810 0.04966187
v -0.05557622 0.00105336 0.05904669
v -0.03262894 0.02983643 0.15235901
v -0.04083717 0.02695722 0.15828830
v -0.03383337 0.02321494 0.14231604
v -0.02764754 0.02428149 0.13582724
v -0.02994393 0.01941916 0.12529027
v -0.03609224 0.01031807 0.10433346
v -0.03271456 0.01518953 0.11486065
v -0.04715036 0.00364503 0.06967908
v -0.04008843 0.00489692 0.09296310
v -0.06396396 0.03072476 0.04145584
v -0.06195808 0.01886997 0.04819667
v -0.05888060 0.00883747 0.05327469
v -0.04923048 0.02237518 0.16447562
v -0.05712141 0.01690711 0.17092973
v -0.06384938 0.01076654 0.17704874
v -0.06886984 0.00403979 0.18261999
v -0.07251921 -0.00291105 0.18750507
v -0.07516792 -0.00982238 0.19108075
v -0.07397424 -0.01521112 0.17958158
v -0.07482053 -0.02893920 0.16546184
v -0.07115819 -0.02613783 0.16259021
v -0.07249258 -0.02097374 0.17014700
v -0.08486772 -0.02854789 0.17188781
v -0.08670395 -0.02694897 0.17295247
v -0.08886489 -0.02670699 0.17171925
v -0.08936732 -0.02420700 0.16941935
v -0.08642200 -0.02173297 0.16543788
v -0.08156306 -0.02338236 0.16088444
v -0.07708112 -0.02759953 0.15774041
v -0.07681708 -0.03246495 0.15422839
v -0.08059472 -0.03312627 0.15468735
v -0.08349188 -0.03234681 0.15676683
v -0.08468151 -0.03012694 0.16086036
v -0.04176161 0.00393952 0.10564137
v -0.04502591 0.00295418 0.11867893
v -0.05045428 0.00034925 0.13029623
v -0.05735222 -0.00464021 0.13963509
v -0.06606779 -0.02505523 0.14595646
v -0.06346117 -0.01154438 0.14682072
v -0.06722515 -0.01749934 0.15274590
v -0.06811161 -0.03279658 0.14545900
v -0.06803286 -0.02749747 0.15127617
v -0.07288151 -0.02972770 0.14766306
v -0.07482203 -0.03191898 0.14076990
v -0.07994448 -0.02792152 0.14379972
v -0.08096130 -0.03242469 0.14030343
v -0.08260103 -0.03159488 0.14656013
v -0.08328500 -0.03001096 0.15121228
v -0.08442264 -0.02970647 0.15587682
v -0.08360232 -0.03205143 0.15292972
v -0.08507817 0.00463621 0.03994206
v -0.07144573 0.00782261 0.04579023
v -0.04901972 0.01493598 0.15259755
v -0.04069962 0.01987458 0.14697379
v -0.03444584 0.01829193 0.13237548
v -0.03861189 0.01522650 0.13433129
v -0.03584936 0.01448320 0.12446851
v -0.03855731 0.00973553 0.11600369
v -0.07698578 0.01884273 0.04212779
v -0.06385165 0.00440358 0.16535574
v -0.05722292 0.01011044 0.15934008
v -0.07160878 -0.00852517 0.17576772
v -0.06846593 -0.00205613 0.17077476
v -0.07065211 -0.01482047 0.16586131
v -0.07165109 -0.02788386 0.15500265
v -0.06926039 -0.02218239 0.15794188
v -0.08465401 -0.02710000 0.16563314
v -0.08636767 -0.02577717 0.16911620
v -0.08709228 -0.02543289 0.16468734
v -0.08637829 -0.02447486 0.15921324
v -0.08318722 -0.02369347 0.15361804
v -0.07848864 -0.02713090 0.15027755
v -0.08473457 -0.02689888 0.16001838
v -0.04238676 0.00908894 0.12860346
v -0.04924933 0.00725101 0.14065552
v -0.05712815 0.00286565 0.14893025
v -0.06380914 -0.00304712 0.15545303
v -0.06812812 -0.00922812 0.16096753
v -0.08383495 -0.02726792 0.14865941
v -0.08465409 -0.02761784 0.15455407
v 0.00456018 -0.14658016 0.16908211
v 0.00429276 -0.15198407 0.16087121
v 0.00375998 -0.14309513 0.17619544
v 0.01015243 -0.14157403 0.16300625
v 0.00441666 -0.15841036 0.15224522
v 0.00954126 -0.14709604 0.15652889
v 0.00394754 -0.14219869 0.18290967
v 0.00775527 -0.13719109 0.17470318
v 0.01625924 -0.13663474 0.15668291
v 0.01151300 -0.13575085 0.16712695
v 0.00280438 -0.14557504 0.12454683
v 0.00225427 -0.14619017 0.13101727
v 0.00474423 -0.16196841 0.14384788
v 0.01021394 -0.15305205 0.15004677
v 0.01412271 -0.14023009 0.15254349
v 0.00478652 -0.14409535 0.19064587
v 0.00920361 -0.13702923 0.18081993
v 0.01171287 -0.13135781 0.17415136
v 0.01874806 -0.13259173 0.16059333
v 0.02449680 -0.13364806 0.15107781
v 0.01437049 -0.13065885 0.16875941
v 0.00274184 -0.14712778 0.11882240
v 0.00825615 -0.14438369 0.12473875
v 0.00198087 -0.14926507 0.13387185
v 0.00775633 -0.14348974 0.13121957
v 0.00404262 -0.15889416 0.13793689
v 0.01048364 -0.15626310 0.14411384
v 0.01362513 -0.14788494 0.14697832
v 0.01440900 -0.14190683 0.14822203
v 0.02070308 -0.13552215 0.14712924
v 0.00554357 -0.14532678 0.20059639
v 0.01461414 -0.14280624 0.19072479
v 0.01265048 -0.13112492 0.17814213
v 0.01458798 -0.13661813 0.18490630
v 0.01563301 -0.12917275 0.17392308
v 0.02834023 -0.13055425 0.15574771
v 0.02159175 -0.12999568 0.16380209
v 0.03355197 -0.13237969 0.14561677
v 0.01893439 -0.12935710 0.16926140
v 0.00240722 -0.14401117 0.11414433
v 0.00820575 -0.14560070 0.11896557
v 0.01433377 -0.14169503 0.12183768
v 0.00275705 -0.15433754 0.13527840
v 0.00502889 -0.14814306 0.13649744
v 0.01264806 -0.13920752 0.13207775
v 0.00769018 -0.14430452 0.13595146
v 0.00888693 -0.15490450 0.13977760
v 0.01411476 -0.15049538 0.14278299
v 0.01656186 -0.14312026 0.14429539
v 0.01768498 -0.13640689 0.14424998
v 0.02843566 -0.13425912 0.14042550
v 0.00641251 -0.14377787 0.21194381
v 0.01643361 -0.14479776 0.20015758
v 0.02595163 -0.14021297 0.19178492
v 0.01568681 -0.12892703 0.17598480
v 0.01687521 -0.13132740 0.18088073
v 0.02431435 -0.13520939 0.18750244
v 0.01865899 -0.12872741 0.17221683
v 0.01745722 -0.12739081 0.17387265
v 0.03259612 -0.12886806 0.16052359
v 0.03870505 -0.12906319 0.15122908
v 0.02425454 -0.12976654 0.16658670
v 0.04197302 -0.12951366 0.13933057
v 0.02495892 -0.12982217 0.16893953
v 0.00249451 -0.13832857 0.11363655
v 0.00756335 -0.14272379 0.11443752
v 0.01336117 -0.14252620 0.11676270
v 0.01933019 -0.13866415 0.11832100
v 0.01714681 -0.13836873 0.12698966
v 0.00360633 -0.15302094 0.13810891
v 0.00375871 -0.14702416 0.14074308
v 0.01370477 -0.14141271 0.13502687
v 0.01662786 -0.13604843 0.13504237
v 0.01059924 -0.14283391 0.13650876
v 0.00484890 -0.14269069 0.13994664
v 0.00694874 -0.15273284 0.13885170
v 0.01240506 -0.15037007 0.13956863
v 0.01692718 -0.14486883 0.14006656
v 0.01739205 -0.13798070 0.14119905
v 0.01864045 -0.13516389 0.13913900
v 0.02446407 -0.13426430 0.13550037
v 0.03627195 -0.13203886 0.13435322
v 0.00722727 -0.14052721 0.22561795
v 0.01862087 -0.14290253 0.21108371
v 0.02842618 -0.14183733 0.19931096
v 0.03721129 -0.13588263 0.19083136
v 0.01754632 -0.12772991 0.17511898
v 0.01832336 -0.12940823 0.17840523
v 0.02369107 -0.13203538 0.18356723
v 0.03520235 -0.13369969 0.18683141
v 0.02492523 -0.12978277 0.17171961
v 0.02045074 -0.12744010 0.17363566
v 0.01925096 -0.12727832 0.17435354
v 0.04440178 -0.12528164 0.15732723
v 0.03446463 -0.12864474 0.16524202
v 0.04795317 -0.12552963 0.14551610
v 0.04840736 -0.12416309 0.13180989
v 0.03386122 -0.12947141 0.16838890
v 0.00321661 -0.13512003 0.12295115
v 0.00701102 -0.13702940 0.11393100
v 0.01180031 -0.14007116 0.11374837
v 0.01719852 -0.13927286 0.11495501
v 0.02290991 -0.13553039 0.11572963
v 0.02239438 -0.13652579 0.12241018
v 0.02098761 -0.13527140 0.13092095
v 0.00212008 -0.15162607 0.14185053
v 0.00503704 -0.14633234 0.14653283
v 0.01431193 -0.14564383 0.13760275
v 0.01681237 -0.13939196 0.13719946
v 0.01147072 -0.14526518 0.13799936
v 0.00826017 -0.13814335 0.13990289
v 0.00648423 -0.13973706 0.14579183
v 0.00562356 -0.15253772 0.14272267
v 0.01008778 -0.14900810 0.13892215
v 0.03117134 -0.13306601 0.13027585
v 0.04216153 -0.12792053 0.12712890
v 0.00801964 -0.13409102 0.24131936
v 0.02094646 -0.13895189 0.22424465
v 0.03068210 -0.13904450 0.20914465
v 0.04012370 -0.13665294 0.19704288
v 0.04639354 -0.13005501 0.18791085
v 0.01856437 -0.12722859 0.17572492
v 0.01966648 -0.12831848 0.17697304
v 0.02356977 -0.13138348 0.18133146
v 0.03397758 -0.13289179 0.18429905
v 0.04418000 -0.12925831 0.18448025
v 0.03324028 -0.13037257 0.17103606
v 0.02514853 -0.12903975 0.17300421
v 0.02183232 -0.12712721 0.17394477
v 0.02136967 -0.12715626 0.17488438
v 0.05066318 -0.11899175 0.16403025
v 0.05404439 -0.12037037 0.15293950
v 0.04501189 -0.12300975 0.16678959
v 0.05465511 -0.11909659 0.13819677
v 0.05222283 -0.11700243 0.12290114
v 0.04242259 -0.12549563 0.16989869
v 0.00445533 -0.11841196 0.06703144
v 0.00435276 -0.13180076 0.07200772
v 0.00941494 -0.09444102 0.14257318
v 0.00554618 -0.12498557 0.13637024
v 0.00934702 -0.13341314 0.12185127
v 0.01085332 -0.13541794 0.11375099
v 0.01511582 -0.13757965 0.11298281
v 0.02002820 -0.13601685 0.11347145
v 0.02548990 -0.13285336 0.11325592
v 0.02663720 -0.13415520 0.11837608
v 0.02650524 -0.13410695 0.12647718
v 0.00349067 -0.15116004 0.14498121
v 0.00898080 -0.14848157 0.14333445
v 0.01100882 -0.14224367 0.14259642
v 0.03644033 -0.13017143 0.12396580
v 0.04575524 -0.12241861 0.11875695
v 0.00873947 -0.12192831 0.25810355
v 0.02338085 -0.13226765 0.23901838
v 0.03356096 -0.13442816 0.22089714
v 0.04210090 -0.13319392 0.20516247
v 0.04953439 -0.12987717 0.19273859
v 0.05133392 -0.12374166 0.18389767
v 0.02087229 -0.12729396 0.17737979
v 0.02069310 -0.12674340 0.17729837
v 0.02400231 -0.13011413 0.17941529
v 0.03331774 -0.13304650 0.18306261
v 0.04297941 -0.12846716 0.18180329
v 0.04836111 -0.12430202 0.18138546
v 0.04091893 -0.12682853 0.17264229
v 0.03295451 -0.12959470 0.17228824
v 0.02525126 -0.12804355 0.17273623
v 0.02283149 -0.12721947 0.17368037
v 0.02248415 -0.12733825 0.17479569
v 0.05587496 -0.11265023 0.17151111
v 0.05883129 -0.11322014 0.16155761
v 0.06082429 -0.11259217 0.14646095
v 0.05117069 -0.11665201 0.17172009
v 0.05833869 -0.11084003 0.12933725
v 0.05406157 -0.10881404 0.11194688
v 0.04767093 -0.12019194 0.17306572
v 0.00436299 -0.10555321 0.06567913
v 0.01232416 -0.11600586 0.06787437
v 0.00421427 -0.13673540 0.08189291
v 0.01369342 -0.12854849 0.07212251
v 0.01186281 -0.07271519 0.13444167
v 0.02121890 -0.10604734 0.13791186
v 0.01411848 -0.12606319 0.13334674
v 0.01403952 -0.13107263 0.12020200
v 0.01433441 -0.13364559 0.11320800
v 0.01817713 -0.13504547 0.11227518
v 0.02215369 -0.13303321 0.11227638
v 0.02596202 -0.13088775 0.11085135
v 0.02925635 -0.13179289 0.11444634
v 0.03148916 -0.13193713 0.12146467
v 0.03960197 -0.12637754 0.11677450
v 0.04701501 -0.11659834 0.10872513
v 0.00974162 -0.10105402 0.27424508
v 0.02542766 -0.11957154 0.25437945
v 0.03725883 -0.12721162 0.23403233
v 0.04480747 -0.12756892 0.21513504
v 0.05164088 -0.12616088 0.19932896
v 0.05469407 -0.12247903 0.18730742
v 0.05262173 -0.11908417 0.17977303
v 0.02176294 -0.12733713 0.17751795
v 0.02116724 -0.12677116 0.17757219
v 0.02358300 -0.12858482 0.17937165
v 0.03270713 -0.13209774 0.18115681
v 0.04231673 -0.12869600 0.18074352
v 0.04677999 -0.12398896 0.17950529
v 0.04923799 -0.12127111 0.17869467
v 0.04511486 -0.12254611 0.17481107
v 0.03974305 -0.12644366 0.17374796
v 0.03268955 -0.12822687 0.17172760
v 0.02473515 -0.12747202 0.17215961
v 0.02343706 -0.12702479 0.17358094
v 0.02251476 -0.12656832 0.17474395
v 0.05924742 -0.11083682 0.17914885
v 0.06224316 -0.10667218 0.17150170
v 0.06580711 -0.10368385 0.15689892
v 0.06367035 -0.10347134 0.13759714
v 0.05506124 -0.11491191 0.17745262
v 0.05973487 -0.10186833 0.11891598
v 0.05520542 -0.09778943 0.10025674
v 0.05102392 -0.11802602 0.17655236
v 0.00407087 -0.09488442 0.06309551
v 0.01142496 -0.10405450 0.06667680
v 0.01950811 -0.11252605 0.07006830
v 0.00388791 -0.13630872 0.08988959
v 0.01340529 -0.13393929 0.08118457
v 0.02083595 -0.12381015 0.07405883
v 0.01046959 -0.04751768 0.10972887
v 0.02703819 -0.07086184 0.12221819
v 0.03102094 -0.09426791 0.12955290
v 0.02038692 -0.12291800 0.12991279
v 0.01782916 -0.12814957 0.11815995
v 0.01749235 -0.13136233 0.11240107
v 0.02077567 -0.13244278 0.11165160
v 0.02299687 -0.13110231 0.11121351
v 0.02524524 -0.13008597 0.10885578
v 0.02977789 -0.12985559 0.11034840
v 0.03416301 -0.12933887 0.11573237
v 0.04087668 -0.12273881 0.10889870
v 0.04478237 -0.11306907 0.09796053
v 0.01112225 -0.07174780 0.28557891
v 0.02821498 -0.09923887 0.26888686
v 0.04065800 -0.11420416 0.24712783
v 0.04883885 -0.11953709 0.22646898
v 0.05420251 -0.11972934 0.20782810
v 0.05754476 -0.11874106 0.19269711
v 0.05628021 -0.11689127 0.18227381
v 0.02160916 -0.12631713 0.17793888
v 0.02143094 -0.12660729 0.17781454
v 0.02222967 -0.12746986 0.17915052
v 0.03220769 -0.12989116 0.18243319
v 0.04094469 -0.12823247 0.17910749
v 0.04584346 -0.12393757 0.17808074
v 0.04780639 -0.12087261 0.17657501
v 0.04349098 -0.12289641 0.17573386
v 0.03945868 -0.12498951 0.17296714
v 0.03104850 -0.12645603 0.16973752
v 0.02471581 -0.12711969 0.17219466
v 0.02678768 -0.12712688 0.17081898
v 0.02311695 -0.12615148 0.17249829
v 0.02068697 -0.12395794 0.17323333
v 0.05972943 -0.11299720 0.18605930
v 0.06383222 -0.10400568 0.18122059
v 0.06849546 -0.09585193 0.17025322
v 0.06827746 -0.09339069 0.14752191
v 0.06400555 -0.09464985 0.12694353
v 0.06031830 -0.09158530 0.10802239
v 0.04873785 -0.10186428 0.09170228
v 0.05324588 -0.08368984 0.09209943
v 0.00397863 -0.08663363 0.05156827
v 0.01044853 -0.09402546 0.06400788
v 0.01811164 -0.10168698 0.06851083
v 0.02702961 -0.10888211 0.07368749
v 0.00360548 -0.13662316 0.09579474
v 0.01212319 -0.13438891 0.08906239
v 0.01983694 -0.12954306 0.08157688
v 0.02746278 -0.11894134 0.07804471
v 0.01045234 -0.04312114 0.07980973
v 0.02310020 -0.05281466 0.10301310
v 0.03088342 -0.07215089 0.10878998
v 0.03156939 -0.09596432 0.11682242
v 0.02496519 -0.11696320 0.12479931
v 0.02034703 -0.12542481 0.11576313
v 0.02007344 -0.12920466 0.11173743
v 0.02199349 -0.13097379 0.11113602
v 0.02271414 -0.13076523 0.11029536
v 0.02377580 -0.13067116 0.10722309
v 0.02889346 -0.12857175 0.10690206
v 0.03507096 -0.12699686 0.10971683
v 0.03967176 -0.12042078 0.10110068
v 0.03968777 -0.11323745 0.08958143
v 0.01218562 -0.03991145 0.28993994
v 0.03195114 -0.07186528 0.27944535
v 0.04445999 -0.09498788 0.25922531
v 0.05274522 -0.10625913 0.23756999
v 0.05838418 -0.11058321 0.21713060
v 0.06044529 -0.11163799 0.19926828
v 0.02014465 -0.12389191 0.17787677
v 0.02080396 -0.12545389 0.17857128
v 0.02161931 -0.12685395 0.17911249
v 0.02380546 -0.12826336 0.18143672
v 0.03037229 -0.12696173 0.18643934
v 0.04075442 -0.12600947 0.18028086
v 0.04378015 -0.12351203 0.17683631
v 0.04316618 -0.12128820 0.17511457
v 0.04006939 -0.11817763 0.16924399
v 0.03306565 -0.11846832 0.16579789
v 0.02531124 -0.12582438 0.17028004
v 0.01954205 -0.11734222 0.17137450
v 0.06326340 -0.10576507 0.19036502
v 0.06861933 -0.09321903 0.18331534
v 0.07307485 -0.07989021 0.17160219
v 0.06771180 -0.08572829 0.13538903
v 0.07229570 -0.07924474 0.15617651
v 0.06424852 -0.08512909 0.11611027
v 0.05844643 -0.07823085 0.09933650
v 0.04184639 -0.10374309 0.08388853
v 0.04725420 -0.08836106 0.08541298
v 0.04872511 -0.06973971 0.08621526
v 0.00430754 -0.08013232 0.03766093
v 0.01045444 -0.08532136 0.05251706
v 0.01627297 -0.09221655 0.06527561
v 0.02519897 -0.09879821 0.07149738
v 0.03449989 -0.10591215 0.07820898
v 0.00320749 -0.14010212 0.10001057
v 0.01081848 -0.13565824 0.09553057
v 0.01781801 -0.13161256 0.08904284
v 0.02565776 -0.12484843 0.08420175
v 0.03373505 -0.11526174 0.08322924
v 0.00762882 -0.06022697 0.07513517
v 0.02160535 -0.05601744 0.08627647
v 0.02866320 -0.07733170 0.09561259
v 0.03009962 -0.10254397 0.10962981
v 0.02609111 -0.11397990 0.11831886
v 0.02149541 -0.12350554 0.11361939
v 0.02132734 -0.12779853 0.11137170
v 0.02207434 -0.13043838 0.11081105
v 0.02177026 -0.13150678 0.10944134
v 0.02165601 -0.13244690 0.10531121
v 0.02666449 -0.12872222 0.10403258
v 0.03367006 -0.12585665 0.10446662
v 0.03608764 -0.11978439 0.09431690
v 0.01369612 -0.00840297 0.28729719
v 0.03510736 -0.04106666 0.28298408
v 0.04949589 -0.07018084 0.26790041
v 0.05676261 -0.08820809 0.24684697
v 0.06226445 -0.09693499 0.22614402
v 0.06494861 -0.10167147 0.20627970
v 0.01753138 -0.11642179 0.17877656
v 0.02145973 -0.12639089 0.18078858
v 0.03272493 -0.11881142 0.19162363
v 0.04219880 -0.11848808 0.18584841
v 0.04356739 -0.12141242 0.17755574
v 0.04362424 -0.11650955 0.17373472
v 0.04124432 -0.11081448 0.17211097
v 0.03312436 -0.10683681 0.16931301
v 0.02494188 -0.11855896 0.16673321
v 0.02258889 -0.11062097 0.17007059
v 0.06775834 -0.09502406 0.19507605
v 0.07314033 -0.07899026 0.18617803
v 0.07518223 -0.06346189 0.17483085
v 0.06719501 -0.07745287 0.12434500
v 0.07058511 -0.07461440 0.14279908
v 0.07284415 -0.06451498 0.16086537
v 0.06263055 -0.07252723 0.10719186
v 0.05399175 -0.06399966 0.09302050
v 0.04020863 -0.09206830 0.07978302
v 0.04279417 -0.07527517 0.08031535
v 0.04968608 -0.05909680 0.07577479
v 0.00503306 -0.07391869 0.02076942
v 0.01125162 -0.07866776 0.03887200
v 0.01595226 -0.08332236 0.05386245
v 0.02258239 -0.08918895 0.06734908
v 0.03256939 -0.09543541 0.07534879
v 0.00281806 -0.14316214 0.10393852
v 0.00980207 -0.13898653 0.09994715
v 0.01588722 -0.13398248 0.09616315
v 0.02270147 -0.12871594 0.09158760
v 0.03113470 -0.12126591 0.08863610
v 0.00552015 -0.08054989 0.08439898
v 0.01386090 -0.06456374 0.07927758
v 0.01898460 -0.06739965 0.08228832
v 0.02327308 -0.08371480 0.08942837
v 0.03102909 -0.10075856 0.10095102
v 0.02598908 -0.11214694 0.10986716
v 0.02600065 -0.11272332 0.11340278
v 0.02167905 -0.12219049 0.11167902
v 0.02130195 -0.12758828 0.11125571
v 0.02101290 -0.13124709 0.11066109
v 0.02007269 -0.13336111 0.10822386
v 0.01870531 -0.13475883 0.10315388
v 0.02371773 -0.13027227 0.10114712
v 0.03089012 -0.12541441 0.09966499
v 0.01453459 0.02452553 0.26961833
v 0.03851382 -0.01017813 0.27958351
v 0.05510753 -0.04113284 0.27060121
v 0.06280522 -0.06612203 0.25333184
v 0.06684820 -0.08017286 0.23354179
v 0.06904528 -0.08802651 0.21334261
v 0.02100925 -0.10755761 0.18140513
v 0.02177439 -0.11739994 0.18805557
v 0.03303980 -0.10362309 0.18355173
v 0.04230921 -0.10913269 0.18140227
v 0.04445536 -0.11593108 0.17956513
v 0.07230655 -0.08140122 0.19996744
v 0.07700537 -0.06302713 0.18947190
v 0.07668389 -0.05403540 0.17508465
v 0.06545158 -0.06658657 0.11549097
v 0.06903394 -0.06877503 0.13170713
v 0.07147272 -0.06315382 0.14814037
v 0.07403869 -0.05315808 0.16012055
v 0.05826018 -0.05832080 0.10078526
v 0.05440772 -0.05185678 0.08314288
v 0.03641546 -0.08031514 0.07515681
v 0.04345745 -0.06533040 0.06982720
v 0.05265514 -0.05075761 0.06182897
v 0.00598030 -0.07010611 0.00224701
v 0.01385867 -0.07266269 0.02188331
v 0.01751335 -0.07641091 0.04076380
v 0.02211140 -0.08031289 0.05637717
v 0.02955077 -0.08516501 0.07076639
v 0.00262450 -0.14217300 0.10965747
v 0.00931873 -0.14173075 0.10421187
v 0.01481525 -0.13701917 0.10115194
v 0.02008956 -0.13223931 0.09837514
v 0.02727961 -0.12633608 0.09519130
v 0.01213462 -0.08199834 0.08580118
v 0.00445123 -0.10573777 0.09097117
v 0.01786018 -0.08534900 0.08769709
v 0.02509995 -0.10473027 0.09538966
v 0.02524560 -0.11358011 0.10548228
v 0.02104013 -0.12214529 0.10989982
v 0.02002781 -0.12870588 0.11140436
v 0.01898327 -0.13321910 0.11038166
v 0.01760127 -0.13608134 0.10667580
v 0.01302676 0.04592698 0.23815507
v 0.03927601 0.02031601 0.26185185
v 0.05826800 -0.01175994 0.26535505
v 0.06904088 -0.04034460 0.25479835
v 0.07223223 -0.06041546 0.23804122
v 0.07319444 -0.07197802 0.21916586
v 0.07636254 -0.06593107 0.20434839
v 0.07870637 -0.04883285 0.19142324
v 0.07858037 -0.04758816 0.18285960
v 0.07404246 -0.05166289 0.16545290
v 0.07956320 -0.04980096 0.17404717
v 0.06109631 -0.05303520 0.10948640
v 0.06674887 -0.06056514 0.12330282
v 0.06942017 -0.06030838 0.13737041
v 0.07307196 -0.05401595 0.15136820
v 0.07313751 -0.04944861 0.15879589
v 0.05735062 -0.04479472 0.09229261
v 0.05632178 -0.04240928 0.06966734
v 0.03640150 -0.07076517 0.06496978
v 0.04743270 -0.05792746 0.05587292
v 0.05596138 -0.04137896 0.04697996
v 0.00593559 0.02273820 0.08601809
v 0.00707287 0.02727217 0.06655490
v 0.01724251 -0.07033545 0.00372702
v 0.02178292 -0.07068667 0.02389425
v 0.02453684 -0.07315604 0.04324338
v 0.02910172 -0.07594430 0.06028396
v 0.00235779 -0.13760049 0.11263114
v 0.00842682 -0.14100540 0.10990697
v 0.01409955 -0.13905171 0.10524756
v 0.01057268 -0.10688536 0.09147745
v 0.00365227 -0.12522145 0.09695786
v 0.01585969 -0.10879918 0.09226233
v 0.01957226 -0.11477867 0.09448868
v 0.02240540 -0.11721561 0.10162169
v 0.01944340 -0.12385616 0.10879439
v 0.01782496 -0.13079937 0.11163956
v 0.01634074 -0.13582320 0.11003190
v 0.01180519 0.05334645 0.20872372
v 0.03629569 0.04155138 0.23221141
v 0.05764592 0.01350812 0.24943990
v 0.07117365 -0.01488400 0.25027066
v 0.07664890 -0.03900377 0.23893410
v 0.07747446 -0.05488831 0.22254533
v 0.07933821 -0.05082809 0.20692879
v 0.07866986 -0.04055211 0.19005913
v 0.08358438 -0.04646370 0.18095595
v 0.08037244 -0.04079994 0.18375009
v 0.07516817 -0.04821233 0.16608661
v 0.07704579 -0.04618146 0.17442209
v 0.05917633 -0.03872844 0.10349572
v 0.06252914 -0.04921036 0.11839134
v 0.06719276 -0.05517228 0.12949055
v 0.07035720 -0.05317186 0.14007086
v 0.07072866 -0.05179640 0.14532238
v 0.07238618 -0.05003115 0.15244144
v 0.06778928 -0.04848153 0.15760428
v 0.05769546 -0.03333370 0.08053482
v 0.05797840 -0.03250897 0.05518186
v 0.04049235 -0.06404898 0.05104858
v 0.05178396 -0.04958710 0.04062095
v 0.06202988 -0.03476618 0.03264681
v 0.00566276 0.02377697 0.10707283
v 0.01723863 0.02045160 0.08520275
v 0.00913323 0.03962016 0.04816550
v 0.02036517 0.02441273 0.06587875
v 0.02683534 -0.06784829 0.00549239
v 0.02982368 -0.06764219 0.02677426
v 0.03243097 -0.06916848 0.04674217
v 0.00285741 -0.13313137 0.10708827
v 0.00763178 -0.13674222 0.11274266
v 0.01295690 -0.13864775 0.10996574
v 0.00866722 -0.12492126 0.09716326
v 0.01292538 -0.12442700 0.09744412
v 0.01616709 -0.12422947 0.09879875
v 0.01899115 -0.12176940 0.10010868
v 0.01703414 -0.12646236 0.10841364
v 0.01497591 -0.13307810 0.11205488
v 0.01054851 0.05206097 0.18507892
v 0.03238461 0.04818204 0.20460016
v 0.05422432 0.03090736 0.22417766
v 0.06883008 0.00571445 0.23660213
v 0.07695644 -0.01852388 0.23529345
v 0.07997953 -0.03801413 0.22304136
v 0.08044207 -0.03850783 0.20568198
v 0.07811849 -0.03596033 0.18695086
v 0.08222111 -0.04284518 0.17929727
v 0.08785652 -0.03954581 0.18377537
v 0.08159515 -0.03573860 0.18233365
v 0.07110623 -0.04311034 0.16002756
v 0.07497122 -0.04591928 0.16974288
v 0.07711320 -0.04086683 0.17045826
v 0.05696742 -0.02535158 0.09554768
v 0.06058314 -0.03569591 0.11631042
v 0.06345855 -0.04784757 0.12614393
v 0.06870229 -0.05182407 0.13362902
v 0.07486696 -0.04753780 0.14126498
v 0.07515351 -0.04632665 0.14619499
v 0.06851514 -0.04996464 0.14804262
v 0.06626812 -0.04995069 0.15300304
v 0.06553826 -0.04324182 0.15213090
v 0.05675533 -0.02274995 0.06640166
v 0.06391618 -0.02547344 0.04091972
v 0.04561021 -0.05696815 0.03519320
v 0.05816089 -0.04340527 0.02530938
v 0.00899699 0.04674407 0.16445851
v 0.00740855 0.03727982 0.14698070
v 0.00618150 0.02844727 0.12848485
v 0.01613369 0.02156990 0.10653365
v 0.02755483 0.01625546 0.08364403
v 0.02600431 0.03592764 0.04786322
v 0.03280323 0.01977739 0.06479770
v 0.03557888 -0.06302517 0.00820220
v 0.03807949 -0.06311502 0.03060326
v 0.00762893 -0.13222859 0.10732943
v 0.01160288 -0.13506614 0.11252624
v 0.01123928 -0.13055376 0.10760397
v 0.01429631 -0.12874308 0.10802859
v 0.02840424 0.04655891 0.18245119
v 0.04914683 0.03709265 0.19909769
v 0.06495529 0.01884794 0.21526855
v 0.07430072 -0.00201064 0.22408980
v 0.07960170 -0.02239621 0.21980637
v 0.07999515 -0.02889990 0.20169300
v 0.07730620 -0.03227701 0.18295819
v 0.08050360 -0.03886267 0.17525643
v 0.08681948 -0.03766737 0.18005103
v 0.08984096 -0.03202881 0.18266326
v 0.08165677 -0.03181485 0.17948025
v 0.07109611 -0.04073152 0.16399843
v 0.06891140 -0.03668142 0.15414923
v 0.07368360 -0.04072124 0.16679627
v 0.08146020 -0.03669815 0.16730720
v 0.05217690 -0.01402345 0.08605766
v 0.05761975 -0.02087819 0.11371225
v 0.06173057 -0.04017081 0.12747985
v 0.06362391 -0.04557677 0.13228482
v 0.06868627 -0.04739608 0.13125318
v 0.07370190 -0.04881474 0.13483852
v 0.07820948 -0.04115991 0.14334410
v 0.07746112 -0.04070197 0.14777380
v 0.06981576 -0.04405854 0.14734322
v 0.06249751 -0.01522628 0.05028969
v 0.07797351 -0.02214823 0.02982101
v 0.05217547 -0.05101058 0.01841545
v 0.02395599 0.04151412 0.16324455
v 0.01989294 0.03354470 0.14644063
v 0.01701409 0.02591516 0.12810796
v 0.02537316 0.01797486 0.10522884
v 0.03624140 0.01039910 0.08212614
v 0.04149478 0.03067656 0.04806983
v 0.04367916 0.01313616 0.06312191
v 0.04421295 -0.05757232 0.01252735
v 0.04328500 0.03657933 0.17824501
v 0.06021592 0.02382556 0.19304961
v 0.07128140 0.00767190 0.20593661
v 0.07749207 -0.01028377 0.21062833
v 0.07817727 -0.02121854 0.19519895
v 0.07547193 -0.02904757 0.17692667
v 0.08366270 -0.03548954 0.17611319
v 0.08850597 -0.03189726 0.17811233
v 0.08974926 -0.02653929 0.17806965
v 0.08072846 -0.02872804 0.17298323
v 0.07208854 -0.03336135 0.15774089
v 0.07229937 -0.03660540 0.14910072
v 0.07496999 -0.03314529 0.16082495
v 0.07993871 -0.03403622 0.16099447
v 0.08411968 -0.03281604 0.16876799
v 0.04779293 -0.00426491 0.08068204
v 0.05065422 -0.00837993 0.10966462
v 0.06100552 -0.02000071 0.13161910
v 0.06247479 -0.03489893 0.13558203
v 0.06614666 -0.04204877 0.13812929
v 0.07422151 -0.03978888 0.13265532
v 0.07796723 -0.04148842 0.13730711
v 0.08034359 -0.03500738 0.14658624
v 0.07967789 -0.03562868 0.14956468
v 0.07771802 -0.01092262 0.03799039
v 0.05804215 -0.00431056 0.05727708
v 0.03599887 0.03244049 0.16043156
v 0.02983998 0.02705693 0.14431608
v 0.02616037 0.02186014 0.12640303
v 0.03294701 0.01312723 0.10426855
v 0.04271637 0.00349390 0.08105564
v 0.05567456 0.02323925 0.04856771
v 0.05223706 0.00528957 0.06057209
v 0.05327712 0.02350349 0.17351049
v 0.06674880 0.01057550 0.18624109
v 0.07446843 -0.00397178 0.19596022
v 0.07558849 -0.01635351 0.18581742
v 0.07254471 -0.02676399 0.16773647
v 0.08472046 -0.03077882 0.17422408
v 0.08899597 -0.02799659 0.17392808
v 0.08769505 -0.02243690 0.17084938
v 0.07903238 -0.02755480 0.16307837
v 0.07569895 -0.03294576 0.15224069
v 0.07792687 -0.03245740 0.15618688
v 0.08424357 -0.03224818 0.16059583
v 0.04448543 0.00021011 0.10674834
v 0.05418649 -0.00514036 0.13054293
v 0.06534194 -0.01868457 0.14612430
v 0.06625032 -0.03002100 0.14631170
v 0.07140154 -0.03321376 0.14339083
v 0.07835677 -0.03121770 0.13911706
v 0.08124236 -0.03417817 0.14311033
v 0.08365580 -0.03098129 0.15201443
v 0.08273806 -0.03306717 0.15384775
v 0.07423960 0.00112251 0.04397061
v 0.04494050 0.02096127 0.15565073
v 0.03693593 0.01917098 0.13933319
v 0.03315280 0.01689297 0.12442303
v 0.03900174 0.00729413 0.10480869
v 0.06712875 0.01310854 0.04740790
v 0.06068816 0.01056894 0.16815442
v 0.07046020 -0.00239275 0.17905349
v 0.07223722 -0.01460762 0.17276841
v 0.06955013 -0.02626586 0.15678269
v 0.08526120 -0.02673370 0.17007095
v 0.08840725 -0.02590158 0.16889757
v 0.08483872 -0.02239107 0.15945524
v 0.07471845 -0.02795027 0.15267450
v 0.08460291 -0.02824200 0.16055864
v 0.04648167 0.00502991 0.12991440
v 0.06075942 -0.00404093 0.14775532
v 0.06909209 -0.01614705 0.15926045
v 0.08140334 -0.02555608 0.14856523
v 0.08383345 -0.02963910 0.15024382
v 0.05321938 0.00899896 0.15041709
v 0.03869978 0.01210027 0.12617272
v 0.06628899 -0.00224886 0.16296643
v 0.08567974 -0.02611123 0.15950030
v -0.00456862 -0.14657981 0.16908211
v -0.00430162 -0.15198373 0.16087121
v -0.00376814 -0.14309483 0.17619544
v -0.01016046 -0.14157323 0.16300625
v -0.00442603 -0.15841002 0.15224522
v -0.00954973 -0.14709528 0.15652889
v -0.00395562 -0.14219837 0.18290967
v -0.00776297 -0.13719048 0.17470318
v -0.01626689 -0.13663346 0.15668291
v -0.01152057 -0.13574994 0.16712695
v -0.00281273 -0.14557481 0.12454683
v -0.00226267 -0.14618999 0.13101727
v -0.00475387 -0.16196804 0.14384788
v -0.01022288 -0.15305125 0.15004677
v -0.01413064 -0.14022898 0.15254349
v -0.00479476 -0.14409498 0.19064587
v -0.00921129 -0.13702850 0.18081993
v -0.01172010 -0.13135688 0.17415136
v -0.01875539 -0.13259025 0.16059333
v -0.02450421 -0.13364612 0.15107781
v -0.01437766 -0.13065772 0.16875941
v -0.00275032 -0.14712756 0.11882240
v -0.00826441 -0.14438302 0.12473875
v -0.00198952 -0.14926491 0.13387185
v -0.00776451 -0.14348913 0.13121957
v -0.00405203 -0.15889384 0.13793689
v -0.01049283 -0.15626227 0.14411384
v -0.01363367 -0.14788387 0.14697832
v -0.01441706 -0.14190570 0.14822203
v -0.02071063 -0.13552051 0.14712924
v -0.00555191 -0.14532635 0.20059639
v -0.01462227 -0.14280507 0.19072479
v -0.01265769 -0.13112392 0.17814213
v -0.01459563 -0.13661699 0.18490630
v -0.01564007 -0.12917151 0.17392308
v -0.02834740 -0.13055201 0.15574771
v -0.02159888 -0.12999396 0.16380209
v -0.03355927 -0.13237703 0.14561659
v -0.01894146 -0.12935561 0.16926140
v -0.00241545 -0.14401100 0.11414433
v -0.00821410 -0.14560006 0.11896557
v -0.01434181 -0.14169389 0.12183768
v -0.00276610 -0.15433732 0.13527840
v -0.00503745 -0.14814266 0.13649744
v -0.01265591 -0.13920652 0.13207775
v -0.00769843 -0.14430391 0.13595146
v -0.00889602 -0.15490380 0.13977760
v -0.01412350 -0.15049427 0.14278299
v -0.01657002 -0.14311895 0.14429539
v -0.01769260 -0.13640549 0.14424998
v -0.02844312 -0.13425688 0.14042550
v -0.00642072 -0.14377736 0.21194381
v -0.01644190 -0.14479647 0.20015758
v -0.02595956 -0.14021092 0.19178492
v -0.01569385 -0.12892579 0.17598480
v -0.01688244 -0.13132605 0.18088073
v -0.02432188 -0.13520746 0.18750244
v -0.01866601 -0.12872594 0.17221683
v -0.01746414 -0.12738942 0.17387265
v -0.03260315 -0.12886549 0.16052359
v -0.03871210 -0.12906014 0.15122908
v -0.02426165 -0.12976462 0.16658670
v -0.04198010 -0.12951034 0.13933057
v -0.02496604 -0.12982020 0.16893953
v -0.00250229 -0.13832837 0.11363655
v -0.00757147 -0.14272319 0.11443752
v -0.01336928 -0.14252514 0.11676270
v -0.01933800 -0.13866260 0.11832100
v -0.01715459 -0.13836738 0.12698966
v -0.00361527 -0.15302065 0.13810891
v -0.00376718 -0.14702386 0.14074308
v -0.01371279 -0.14141162 0.13502687
v -0.01663546 -0.13604711 0.13504237
v -0.01060738 -0.14283307 0.13650876
v -0.00485703 -0.14269031 0.13994664
v -0.00695766 -0.15273229 0.13885170
v -0.01241379 -0.15036908 0.13956863
v -0.01693548 -0.14486748 0.14006656
v -0.01739980 -0.13797933 0.14119905
v -0.01864799 -0.13516242 0.13913900
v -0.02447153 -0.13426237 0.13550037
v -0.03627923 -0.13203601 0.13435322
v -0.00723523 -0.14052664 0.22561795
v -0.01862902 -0.14290105 0.21108371
v -0.02843423 -0.14183508 0.19931096
v -0.03721888 -0.13587969 0.19083136
v -0.01755326 -0.12772853 0.17511898
v -0.01833044 -0.12940678 0.17840523
v -0.02369835 -0.13203350 0.18356723
v -0.03520976 -0.13369690 0.18683141
v -0.02493233 -0.12978080 0.17171961
v -0.02045766 -0.12743848 0.17363566
v -0.01925787 -0.12727680 0.17435354
v -0.04440853 -0.12527812 0.15732723
v -0.03447164 -0.12864201 0.16524202
v -0.04795994 -0.12552585 0.14551628
v -0.04841402 -0.12415926 0.13180989
v -0.03386830 -0.12946873 0.16838890
v -0.00322414 -0.13511976 0.12295115
v -0.00701870 -0.13702886 0.11393100
v -0.01180823 -0.14007022 0.11374837
v -0.01720637 -0.13927149 0.11495501
v -0.02291748 -0.13552858 0.11572963
v -0.02240202 -0.13652401 0.12241018
v -0.02099515 -0.13526974 0.13092095
v -0.00212891 -0.15162591 0.14185053
v -0.00504545 -0.14633194 0.14653283
v -0.01432028 -0.14564270 0.13760275
v -0.01682023 -0.13939064 0.13719946
v -0.01147905 -0.14526427 0.13799936
v -0.00826794 -0.13814269 0.13990289
v -0.00649212 -0.13973655 0.14579183
v -0.00563246 -0.15253728 0.14272267
v -0.01009640 -0.14900730 0.13892215
v -0.03117871 -0.13306357 0.13027585
v -0.04216849 -0.12791719 0.12712890
v -0.00802709 -0.13409038 0.24131936
v -0.02095429 -0.13895023 0.22424465
v -0.03068994 -0.13904207 0.20914465
v -0.04013135 -0.13664977 0.19704288
v -0.04640067 -0.13005135 0.18791085
v -0.01857128 -0.12722712 0.17572492
v -0.01967347 -0.12831693 0.17697304
v -0.02357700 -0.13138162 0.18133146
v -0.03398493 -0.13288911 0.18429905
v -0.04418707 -0.12925482 0.18448025
v -0.03324744 -0.13036995 0.17103606
v -0.02515558 -0.12903777 0.17300421
v -0.02183922 -0.12712548 0.17394477
v -0.02137657 -0.12715458 0.17488438
v -0.05066944 -0.11898774 0.16403025
v -0.05405075 -0.12036610 0.15293950
v -0.04501846 -0.12300618 0.16678959
v -0.05466137 -0.11909225 0.13819677
v -0.05222891 -0.11699830 0.12290114
v -0.04242935 -0.12549228 0.16989869
v -0.00446130 -0.11841162 0.06703144
v -0.00436007 -0.13180042 0.07200772
v -0.00941925 -0.09444027 0.14257318
v -0.00555291 -0.12498513 0.13637024
v -0.00935441 -0.13341240 0.12185127
v -0.01086087 -0.13541707 0.11375099
v -0.01512354 -0.13757845 0.11298281
v -0.02003581 -0.13601528 0.11347145
v -0.02549725 -0.13285135 0.11325592
v -0.02664465 -0.13415310 0.11837608
v -0.02651269 -0.13410485 0.12647718
v -0.00349947 -0.15115975 0.14498121
v -0.00898938 -0.14848085 0.14333445
v -0.01101691 -0.14224281 0.14259642
v -0.03644746 -0.13016856 0.12396580
v -0.04576176 -0.12241499 0.11875695
v -0.00874596 -0.12192762 0.25810355
v -0.02338815 -0.13226580 0.23901838
v -0.03356843 -0.13442550 0.22089714
v -0.04210828 -0.13319060 0.20516247
v -0.04954150 -0.12987325 0.19273859
v -0.05134055 -0.12373761 0.18389767
v -0.02087920 -0.12729231 0.17737979
v -0.02069997 -0.12674176 0.17729837
v -0.02400944 -0.13011224 0.17941529
v -0.03332510 -0.13304386 0.18306261
v -0.04298642 -0.12846376 0.18180329
v -0.04836778 -0.12429819 0.18138546
v -0.04092581 -0.12682529 0.17264229
v -0.03296160 -0.12959210 0.17228824
v -0.02525823 -0.12804156 0.17273623
v -0.02283840 -0.12721767 0.17368037
v -0.02249106 -0.12733648 0.17479569
v -0.05588071 -0.11264582 0.17151111
v -0.05883708 -0.11321549 0.16155761
v -0.06083003 -0.11258736 0.14646095
v -0.05117676 -0.11664796 0.17172009
v -0.05834430 -0.11083542 0.12933725
v -0.05406702 -0.10880975 0.11194688
v -0.04767728 -0.12018817 0.17306572
v -0.00436690 -0.10555294 0.06567913
v -0.01232998 -0.11600492 0.06787437
v -0.00422196 -0.13673507 0.08189291
v -0.01370048 -0.12854740 0.07212251
v -0.01186540 -0.07271425 0.13444167
v -0.02122413 -0.10604566 0.13791186
v -0.01412529 -0.12606206 0.13334674
v -0.01404673 -0.13107151 0.12020200
v -0.01434181 -0.13364446 0.11320800
v -0.01818465 -0.13504404 0.11227518
v -0.02216106 -0.13303144 0.11227638
v -0.02596922 -0.13088570 0.11085135
v -0.02926361 -0.13179058 0.11444634
v -0.03149644 -0.13193464 0.12146467
v -0.03960880 -0.12637441 0.11677450
v -0.04702109 -0.11659462 0.10872513
v -0.00974646 -0.10105324 0.27424508
v -0.02543396 -0.11956953 0.25437945
v -0.03726573 -0.12720867 0.23403233
v -0.04481441 -0.12756537 0.21513504
v -0.05164770 -0.12615680 0.19932896
v -0.05470059 -0.12247470 0.18730742
v -0.05262799 -0.11908001 0.17977303
v -0.02176985 -0.12733542 0.17751795
v -0.02117411 -0.12676949 0.17757219
v -0.02359001 -0.12858296 0.17937165
v -0.03271441 -0.13209515 0.18115681
v -0.04232375 -0.12869265 0.18074352
v -0.04678664 -0.12398527 0.17950529
v -0.04924442 -0.12126722 0.17869467
v -0.04512139 -0.12254255 0.17481107
v -0.03974989 -0.12644051 0.17374796
v -0.03269653 -0.12822429 0.17172760
v -0.02474207 -0.12747007 0.17215961
v -0.02344395 -0.12702294 0.17358094
v -0.02252162 -0.12656655 0.17474395
v -0.05925302 -0.11083214 0.17914885
v -0.06224844 -0.10666726 0.17150170
v -0.06581216 -0.10367864 0.15689892
v -0.06367538 -0.10346630 0.13759714
v -0.05506717 -0.11490756 0.17745262
v -0.05973977 -0.10186362 0.11891598
v -0.05521002 -0.09778507 0.10025674
v -0.05103010 -0.11802198 0.17655236
v -0.00410430 -0.09488303 0.06309539
v -0.01142876 -0.10405381 0.06667680
v -0.01951368 -0.11252454 0.07006830
v -0.00389556 -0.13630841 0.08988959
v -0.01341276 -0.13393823 0.08118457
v -0.02084263 -0.12380849 0.07405883
v -0.01047019 -0.04751685 0.10972887
v -0.02704064 -0.07085972 0.12221819
v -0.03102523 -0.09426545 0.12955290
v -0.02039348 -0.12291640 0.12991279
v -0.01783614 -0.12814817 0.11815995
v -0.01749958 -0.13136095 0.11240107
v -0.02078299 -0.13244114 0.11165160
v -0.02300409 -0.13110050 0.11121351
v -0.02525237 -0.13008398 0.10885578
v -0.02978501 -0.12985324 0.11034840
v -0.03417009 -0.12933618 0.11573237
v -0.04088323 -0.12273558 0.10889870
v -0.04478818 -0.11306552 0.09796053
v -0.01112477 -0.07174692 0.28557891
v -0.02821968 -0.09923663 0.26888686
v -0.04066389 -0.11420094 0.24712783
v -0.04884515 -0.11953323 0.22646898
v -0.05420883 -0.11972505 0.20782810
v -0.05755100 -0.11873651 0.19269711
v -0.05628630 -0.11688681 0.18227381
v -0.02161599 -0.12631542 0.17793888
v -0.02143779 -0.12660559 0.17781454
v -0.02223659 -0.12746810 0.17915052
v -0.03221480 -0.12988861 0.18243319
v -0.04095168 -0.12822924 0.17910749
v -0.04585011 -0.12393395 0.17808074
v -0.04781279 -0.12086882 0.17657501
v -0.04349754 -0.12289297 0.17573386
v -0.03946541 -0.12498640 0.17296714
v -0.03105534 -0.12645357 0.16973752
v -0.02472271 -0.12711774 0.17219466
v -0.02679458 -0.12712476 0.17081898
v -0.02312376 -0.12614964 0.17249829
v -0.02069361 -0.12395630 0.17323333
v -0.05973521 -0.11299248 0.18605930
v -0.06383730 -0.10400063 0.18122059
v -0.06849988 -0.09584652 0.17025322
v -0.06828169 -0.09338531 0.14752209
v -0.06400989 -0.09464478 0.12694353
v -0.06032239 -0.09158053 0.10802239
v -0.04874269 -0.10186050 0.09170228
v -0.05324886 -0.08368621 0.09209943
v -0.00407893 -0.08662927 0.05156779
v -0.01048039 -0.09402206 0.06400752
v -0.01811530 -0.10168590 0.06851083
v -0.02703491 -0.10888004 0.07368749
v -0.00361316 -0.13662288 0.09579474
v -0.01213070 -0.13438796 0.08906239
v -0.01984407 -0.12954149 0.08157688
v -0.02746907 -0.11893917 0.07804471
v -0.01045262 -0.04312032 0.07980973
v -0.02310122 -0.05281283 0.10301310
v -0.03088598 -0.07214845 0.10878998
v -0.03157382 -0.09596181 0.11682242
v -0.02497129 -0.11696123 0.12479931
v -0.02035380 -0.12542319 0.11576313
v -0.02008050 -0.12920306 0.11173743
v -0.02200069 -0.13097205 0.11113602
v -0.02272133 -0.13076344 0.11029536
v -0.02378298 -0.13066928 0.10722309
v -0.02890048 -0.12856947 0.10690206
v -0.03507786 -0.12699409 0.10971683
v -0.03967815 -0.12041764 0.10110068
v -0.03969360 -0.11323430 0.08958143
v -0.01218562 -0.03991048 0.28993994
v -0.03195368 -0.07186275 0.27944535
v -0.04446435 -0.09498436 0.25922531
v -0.05275048 -0.10625496 0.23756999
v -0.05838977 -0.11057859 0.21713060
v -0.06045096 -0.11163321 0.19926828
v -0.02015129 -0.12389032 0.17787677
v -0.02081072 -0.12545225 0.17857128
v -0.02162618 -0.12685223 0.17911249
v -0.02381245 -0.12826148 0.18143672
v -0.03037918 -0.12695933 0.18643934
v -0.04076123 -0.12600625 0.18028086
v -0.04378676 -0.12350858 0.17683631
v -0.04317261 -0.12128479 0.17511457
v -0.04007558 -0.11817445 0.16924399
v -0.03307186 -0.11846571 0.16579789
v -0.02531803 -0.12582238 0.17028004
v -0.01954818 -0.11734067 0.17137450
v -0.06326860 -0.10576006 0.19036502
v -0.06862355 -0.09321361 0.18331534
v -0.07307801 -0.07988443 0.17160219
v -0.06771543 -0.08572294 0.13538903
v -0.07229880 -0.07923901 0.15617651
v -0.06425209 -0.08512401 0.11611027
v -0.05844923 -0.07822659 0.09933650
v -0.04185134 -0.10373985 0.08388853
v -0.04725733 -0.08835799 0.08541298
v -0.04873112 -0.06973474 0.08621484
v -0.00451997 -0.08012124 0.03765988
v -0.01055142 -0.08531023 0.05251586
v -0.01630292 -0.09221146 0.06527513
v -0.02520250 -0.09879669 0.07149738
v -0.03450498 -0.10590952 0.07820898
v -0.00321544 -0.14010187 0.10001057
v -0.01082608 -0.13565739 0.09553057
v -0.01782529 -0.13161114 0.08904284
v -0.02566452 -0.12484640 0.08420175
v -0.03374105 -0.11525907 0.08322924
v -0.00763046 -0.06022637 0.07513517
v -0.02160664 -0.05601573 0.08627647
v -0.02866618 -0.07732944 0.09561259
v -0.03010457 -0.10254159 0.10962981
v -0.02609696 -0.11397785 0.11831886
v -0.02150202 -0.12350385 0.11361939
v -0.02133429 -0.12779686 0.11137170
v -0.02208150 -0.13043663 0.11081105
v -0.02177751 -0.13150505 0.10944134
v -0.02166334 -0.13244518 0.10531121
v -0.02667152 -0.12872009 0.10403258
v -0.03367687 -0.12585398 0.10446662
v -0.03609398 -0.11978153 0.09431690
v -0.01369364 -0.00840188 0.28729719
v -0.03510746 -0.04106389 0.28298408
v -0.04949829 -0.07017692 0.26790041
v -0.05676644 -0.08820361 0.24684697
v -0.06226896 -0.09693007 0.22614402
v -0.06495351 -0.10166633 0.20627970
v -0.01753743 -0.11642041 0.17877656
v -0.02146657 -0.12638920 0.18078858
v -0.03273116 -0.11880883 0.19162363
v -0.04220502 -0.11848474 0.18584841
v -0.04357383 -0.12140897 0.17755574
v -0.04363029 -0.11650611 0.17373472
v -0.04124992 -0.11081122 0.17211097
v -0.03312964 -0.10683419 0.16931301
v -0.02494810 -0.11855700 0.16673321
v -0.02259448 -0.11061918 0.17007059
v -0.06776270 -0.09501870 0.19507605
v -0.07314342 -0.07898447 0.18617803
v -0.07518410 -0.06345594 0.17483085
v -0.06719798 -0.07744755 0.12434500
v -0.07058785 -0.07460881 0.14279890
v -0.07284610 -0.06450922 0.16086537
v -0.06263306 -0.07252241 0.10719186
v -0.05399594 -0.06399474 0.09302038
v -0.04021187 -0.09206579 0.07978302
v -0.04280226 -0.07527015 0.08031505
v -0.04971619 -0.05907424 0.07577246
v -0.00540052 -0.07389354 0.02076676
v -0.01146067 -0.07863926 0.03886902
v -0.01604810 -0.08330524 0.05386066
v -0.02260871 -0.08918254 0.06734848
v -0.03257276 -0.09543344 0.07534879
v -0.00282625 -0.14316191 0.10393852
v -0.00980993 -0.13898577 0.09994715
v -0.01589468 -0.13398122 0.09616315
v -0.02270852 -0.12871413 0.09158760
v -0.03114116 -0.12126345 0.08863610
v -0.00552339 -0.08054945 0.08439898
v -0.01386288 -0.06456264 0.07927758
v -0.01898680 -0.06739815 0.08228832
v -0.02327656 -0.08371295 0.08942837
v -0.03103391 -0.10075610 0.10095102
v -0.02599479 -0.11214488 0.10986716
v -0.02600640 -0.11272125 0.11340278
v -0.02168556 -0.12218877 0.11167902
v -0.02130889 -0.12758659 0.11125571
v -0.02102013 -0.13124542 0.11066109
v -0.02008009 -0.13335952 0.10822386
v -0.01871283 -0.13475735 0.10315388
v -0.02372489 -0.13027038 0.10114712
v -0.03089690 -0.12541197 0.09966499
v -0.01452950 0.02452667 0.26961833
v -0.03851147 -0.01017509 0.27958351
v -0.05510763 -0.04112849 0.27060121
v -0.06280730 -0.06611706 0.25333184
v -0.06685140 -0.08016757 0.23354179
v -0.06904909 -0.08802106 0.21334261
v -0.02101460 -0.10755595 0.18140513
v -0.02178052 -0.11739821 0.18805557
v -0.03304484 -0.10362048 0.18355173
v -0.04231468 -0.10912935 0.18140227
v -0.04446137 -0.11592756 0.17956513
v -0.07230984 -0.08139550 0.19996744
v -0.07700720 -0.06302103 0.18947190
v -0.07668502 -0.05402933 0.17508465
v -0.06545369 -0.06658141 0.11549097
v -0.06903622 -0.06876957 0.13170713
v -0.07147456 -0.06314817 0.14814037
v -0.07403974 -0.05315223 0.16012055
v -0.05826249 -0.05831621 0.10078502
v -0.05442610 -0.05183961 0.08314115
v -0.03642383 -0.08031104 0.07515651
v -0.04349991 -0.06530496 0.06982458
v -0.05274721 -0.05068174 0.06181878
v -0.00655379 -0.07005499 0.00224176
v -0.01422610 -0.07259393 0.02187619
v -0.01771480 -0.07636722 0.04075930
v -0.02219927 -0.08029046 0.05637491
v -0.02956920 -0.08515873 0.07076579
v -0.00263261 -0.14217279 0.10965747
v -0.00932680 -0.14173003 0.10421187
v -0.01482295 -0.13701801 0.10115194
v -0.02009689 -0.13223773 0.09837514
v -0.02728646 -0.12633392 0.09519130
v -0.01213798 -0.08199738 0.08580118
v -0.00445647 -0.10573741 0.09097117
v -0.01786380 -0.08534758 0.08769709
v -0.02510508 -0.10472829 0.09538966
v -0.02525144 -0.11357812 0.10548228
v -0.02104664 -0.12214362 0.10989982
v -0.02003484 -0.12870430 0.11140436
v -0.01899066 -0.13321760 0.11038166
v -0.01760889 -0.13607996 0.10667580
v -0.01301998 0.04592801 0.23815507
v -0.03927125 0.02031911 0.26185185
v -0.05826578 -0.01175533 0.26535505
v -0.06904092 -0.04033914 0.25479835
v -0.07223386 -0.06040975 0.23804122
v -0.07319698 -0.07197224 0.21916586
v -0.07636461 -0.06592503 0.20434839
v -0.07870708 -0.04882662 0.19142324
v -0.07858099 -0.04758195 0.18285960
v -0.07404339 -0.05165704 0.16545290
v -0.07956399 -0.04979467 0.17404717
v -0.06109742 -0.05303064 0.10948640
v -0.06675050 -0.06055986 0.12330282
v -0.06942178 -0.06030290 0.13737041
v -0.07307307 -0.05401017 0.15136820
v -0.07313827 -0.04944283 0.15879589
v -0.05735809 -0.04478493 0.09229177
v -0.05638326 -0.04235287 0.06965870
v -0.03645465 -0.07074027 0.06496727
v -0.04754357 -0.05784541 0.05586433
v -0.05616038 -0.04118869 0.04695129
v -0.00592016 0.02274498 0.08601737
v -0.00700127 0.02729756 0.06655228
v -0.01780809 -0.07019517 0.00371251
v -0.02213921 -0.07057989 0.02388316
v -0.02472795 -0.07309581 0.04323718
v -0.02917137 -0.07591976 0.06028140
v -0.00236554 -0.13760029 0.11263114
v -0.00843483 -0.14100473 0.10990697
v -0.01410740 -0.13905059 0.10524756
v -0.01057800 -0.10688452 0.09147745
v -0.00365904 -0.12522117 0.09695786
v -0.01586517 -0.10879792 0.09226233
v -0.01957820 -0.11477713 0.09448868
v -0.02241153 -0.11721384 0.10162169
v -0.01945004 -0.12385463 0.10879439
v -0.01783216 -0.13079793 0.11163956
v -0.01634834 -0.13582191 0.11003190
v -0.01179782 0.05334739 0.20872372
v -0.03628926 0.04155426 0.23221141
v -0.05764170 0.01351268 0.24943990
v -0.07117167 -0.01487837 0.25027066
v -0.07664882 -0.03899771 0.23893410
v -0.07747565 -0.05488219 0.22254533
v -0.07933907 -0.05082181 0.20692879
v -0.07866991 -0.04054589 0.19005913
v -0.08358490 -0.04645710 0.18095595
v -0.08037251 -0.04079359 0.18375009
v -0.07516882 -0.04820639 0.16608661
v -0.07704628 -0.04617537 0.17442209
v -0.05917811 -0.03872287 0.10349548
v -0.06252988 -0.04920550 0.11839134
v -0.06719397 -0.05516696 0.12949055
v -0.07035825 -0.05316631 0.14007086
v -0.07072961 -0.05179082 0.14532238
v -0.07238698 -0.05002542 0.15244144
v -0.06778996 -0.04847616 0.15760428
v -0.05771929 -0.03330285 0.08053130
v -0.05812047 -0.03235798 0.05515778
v -0.04063064 -0.06396860 0.05104035
v -0.05202447 -0.04938211 0.04059330
v -0.06240080 -0.03436107 0.03258616
v -0.00565784 0.02377857 0.10707271
v -0.01722593 0.02047099 0.08520085
v -0.00886371 0.03969079 0.04815823
v -0.02030485 0.02448461 0.06587130
v -0.02738224 -0.06763135 0.00546858
v -0.03015541 -0.06750114 0.02675971
v -0.03259855 -0.06909534 0.04673454
v -0.00286480 -0.13313115 0.10708827
v -0.00763945 -0.13674161 0.11274266
v -0.01296473 -0.13864672 0.10996574
v -0.00867397 -0.12492058 0.09716326
v -0.01293208 -0.12442597 0.09744412
v -0.01617378 -0.12422818 0.09879875
v -0.01899764 -0.12176789 0.10010868
v -0.01704100 -0.12646103 0.10841364
v -0.01498329 -0.13307690 0.11205488
v -0.01054124 0.05206181 0.18507892
v -0.03237765 0.04818461 0.20460016
v -0.05421872 0.03091165 0.22417766
v -0.06882647 0.00571989 0.23660213
v -0.07695475 -0.01851780 0.23529345
v -0.07997938 -0.03800781 0.22304136
v -0.08044196 -0.03850147 0.20568198
v -0.07811818 -0.03595416 0.18695086
v -0.08222134 -0.04283868 0.17929727
v -0.08785650 -0.03953887 0.18377537
v -0.08159483 -0.03573215 0.18233365
v -0.07110649 -0.04310473 0.16002756
v -0.07497169 -0.04591335 0.16974288
v -0.07711326 -0.04086074 0.17045826
v -0.05697440 -0.02533740 0.09554648
v -0.06058309 -0.03569128 0.11631030
v -0.06345920 -0.04784255 0.12614393
v -0.06870323 -0.05181863 0.13362902
v -0.07486756 -0.04753189 0.14126498
v -0.07515401 -0.04632070 0.14619499
v -0.06851594 -0.04995922 0.14804262
v -0.06626892 -0.04994544 0.15300304
v -0.06553854 -0.04323664 0.15213090
v -0.05683244 -0.02265148 0.06638658
v -0.06420732 -0.02511523 0.04086310
v -0.04588277 -0.05677196 0.03516936
v -0.05858909 -0.04299137 0.02525067
v -0.00899014 0.04674479 0.16445851
v -0.00740278 0.03728036 0.14698070
v -0.00617745 0.02844770 0.12848485
v -0.01612963 0.02157400 0.10653329
v -0.02754692 0.01628542 0.08364105
v -0.02580999 0.03613238 0.04783559
v -0.03276078 0.01988821 0.06478626
v -0.03609439 -0.06274166 0.00816929
v -0.03837603 -0.06294433 0.03058562
v -0.00763625 -0.13222798 0.10732943
v -0.01161042 -0.13506522 0.11252624
v -0.01124647 -0.13055286 0.10760397
v -0.01430335 -0.12874195 0.10802859
v -0.02839741 0.04656116 0.18245119
v -0.04914074 0.03709654 0.19909769
v -0.06495063 0.01885308 0.21526855
v -0.07429773 -0.00200477 0.22408980
v -0.07960032 -0.02238992 0.21980637
v -0.07999429 -0.02889358 0.20169300
v -0.07730559 -0.03227090 0.18295819
v -0.08050352 -0.03885631 0.17525643
v -0.08681931 -0.03766050 0.18005103
v -0.08984033 -0.03202170 0.18266326
v -0.08165614 -0.03180840 0.17948025
v -0.07109618 -0.04072590 0.16399843
v -0.06891114 -0.03667597 0.15414923
v -0.07368366 -0.04071541 0.16679627
v -0.08145995 -0.03669171 0.16730720
v -0.05219130 -0.01398960 0.08605427
v -0.05761953 -0.02087293 0.11371195
v -0.06173058 -0.04016593 0.12747985
v -0.06362435 -0.04557173 0.13228482
v -0.06868686 -0.04739065 0.13125318
v -0.07370261 -0.04880891 0.13483852
v -0.07820958 -0.04115373 0.14334410
v -0.07746118 -0.04069584 0.14777380
v -0.06981608 -0.04405303 0.14734322
v -0.06269832 -0.01493127 0.05024236
v -0.07849067 -0.02154513 0.02972648
v -0.05263950 -0.05062093 0.01836300
v -0.02394956 0.04151601 0.16324455
v -0.01988738 0.03354621 0.14644063
v -0.01701019 0.02591631 0.12810796
v -0.02537061 0.01797850 0.10522842
v -0.03623975 0.01043621 0.08212233
v -0.04141248 0.03097955 0.04802325
v -0.04367989 0.01328188 0.06310350
v -0.04469996 -0.05722984 0.01248488
v -0.04327896 0.03658276 0.17824501
v -0.06021088 0.02383031 0.19304961
v -0.07127763 0.00767753 0.20593661
v -0.07748974 -0.01027765 0.21062833
v -0.07817581 -0.02121235 0.19519895
v -0.07547107 -0.02904161 0.17692667
v -0.08366235 -0.03548292 0.17611319
v -0.08850534 -0.03189026 0.17811233
v -0.08974820 -0.02653219 0.17806965
v -0.08072758 -0.02872166 0.17298323
v -0.07208803 -0.03335566 0.15774089
v -0.07229911 -0.03659968 0.14910072
v -0.07496946 -0.03313936 0.16082495
v -0.07993824 -0.03402990 0.16099447
v -0.08411912 -0.03280939 0.16876799
v -0.04780576 -0.00421713 0.08067715
v -0.05065369 -0.00837473 0.10966432
v -0.06100400 -0.01999600 0.13161910
v -0.06247436 -0.03489399 0.13558203
v -0.06614683 -0.04204354 0.13812935
v -0.07422149 -0.03978301 0.13265532
v -0.07796735 -0.04148225 0.13730711
v -0.08034319 -0.03500103 0.14658624
v -0.07967756 -0.03562237 0.14956468
v -0.07813286 -0.01035805 0.03789753
v -0.05815433 -0.00408136 0.05724168
v -0.03599315 0.03244334 0.16043156
v -0.02983489 0.02705919 0.14431608
v -0.02615676 0.02186176 0.12640303
v -0.03294515 0.01313060 0.10426837
v -0.04272147 0.00353606 0.08105135
v -0.05571858 0.02361196 0.04850549
v -0.05228539 0.00547283 0.06054598
v -0.05327211 0.02350770 0.17351049
v -0.06674481 0.01058078 0.18624109
v -0.07446559 -0.00396590 0.19596022
v -0.07558662 -0.01634753 0.18581742
v -0.07254367 -0.02675825 0.16773647
v -0.08471974 -0.03077212 0.17422408
v -0.08899502 -0.02798956 0.17392808
v -0.08769368 -0.02242997 0.17084938
v -0.07903140 -0.02754856 0.16307837
v -0.07569840 -0.03293977 0.15224069
v -0.07792628 -0.03245125 0.15618688
v -0.08424296 -0.03224152 0.16059583
v -0.04448438 0.00021416 0.10674810
v -0.05418401 -0.00513646 0.13054293
v -0.06534027 -0.01867940 0.14612430
v -0.06624954 -0.03001576 0.14631170
v -0.07140102 -0.03320811 0.14339083
v -0.07835608 -0.03121150 0.13911706
v -0.08124191 -0.03417175 0.14311033
v -0.08365510 -0.03097467 0.15201443
v -0.08273752 -0.03306062 0.15384775
v -0.07453544 0.00163155 0.04388392
v -0.04493569 0.02096481 0.15565073
v -0.03693157 0.01917371 0.13933319
v -0.03314945 0.01689496 0.12442303
v -0.03900033 0.00729785 0.10480851
v -0.06729823 0.01354837 0.04733205
v -0.06068417 0.01057374 0.16815442
v -0.07045723 -0.00238718 0.17905349
v -0.07223523 -0.01460192 0.17276841
v -0.06954905 -0.02626036 0.15678269
v -0.08526015 -0.02672697 0.17007095
v -0.08840614 -0.02589460 0.16889757
v -0.08483733 -0.02238436 0.15945524
v -0.07471750 -0.02794437 0.15267450
v -0.08460199 -0.02823531 0.16055864
v -0.04647872 0.00503302 0.12991440
v -0.06075658 -0.00403613 0.14775532
v -0.06909021 -0.01614158 0.15926045
v -0.08140221 -0.02554964 0.14856523
v -0.08383264 -0.02963247 0.15024382
v -0.05321552 0.00900315 0.15041703
v -0.03869662 0.01210267 0.12617272
v -0.06628602 -0.00224361 0.16296643
v -0.08567864 -0.02610445 0.15950030
f 1338 42 4007
f 4007 42 1399
f 387 1400 1399
f 1399 1400 4007
f 1400 447 4007
f 4007 447 1401
f 50 1338 1401
f 1401 1338 4007
f 46 1402 1339
f 1339 1402 4008
f 1402 413 4008
f 4008 413 1403
f 1403 387 4008
f 4008 387 1399
f 1399 42 4008
f 4008 42 1339
f 1404 384 4009
f 4009 384 1405
f 41 1340 1405
f 1405 1340 4009
f 1340 50 4009
f 4009 50 1401
f 447 1404 1401
f 1401 1404 4009
f 1400 387 4010
f 4010 387 1406
f 388 1407 1406
f 1406 1407 4010
f 1407 385 4010
f 4010 385 1408
f 447 1400 1408
f 1408 1400 4010
f 1402 46 4011
f 4011 46 1341
f 48 1409 1341
f 1341 1409 4011
f 1409 434 4011
f 4011 434 1410
f 413 1402 1410
f 1410 1402 4011
f 387 1403 1406
f 1406 1403 4012
f 1403 413 4012
f 4012 413 1411
f 1411 393 4012
f 4012 393 1412
f 388 1406 1412
f 1412 1406 4012
f 1413 21 4013
f 4013 21 1342
f 41 1405 1342
f 1342 1405 4013
f 384 1414 1405
f 1405 1414 4013
f 182 1413 1414
f 1414 1413 4013
f 1415 450 4014
f 4014 450 1416
f 384 1404 1416
f 1416 1404 4014
f 1404 447 4014
f 4014 447 1417
f 451 1415 1417
f 1417 1415 4014
f 1418 385 4015
f 4015 385 1407
f 388 1419 1407
f 1407 1419 4015
f 1419 164 4015
f 4015 164 1420
f 370 1418 1420
f 1420 1418 4015
f 1421 451 4016
f 4016 451 1417
f 447 1408 1417
f 1417 1408 4016
f 1408 385 4016
f 4016 385 1422
f 386 1421 1422
f 1422 1421 4016
f 40 1423 1343
f 1343 1423 4017
f 1423 373 4017
f 4017 373 1424
f 251 1425 1424
f 1424 1425 4017
f 1425 35 4017
f 4017 35 1343
f 35 1425 1344
f 1344 1425 4018
f 1425 251 4018
f 4018 251 1426
f 249 1427 1426
f 1426 1427 4018
f 1427 33 4018
f 4018 33 1344
f 1409 48 4019
f 4019 48 1345
f 44 1428 1345
f 1345 1428 4019
f 1428 409 4019
f 4019 409 1429
f 434 1409 1429
f 1429 1409 4019
f 1411 413 4020
f 4020 413 1410
f 434 1430 1410
f 1410 1430 4020
f 1430 433 4020
f 4020 433 1431
f 393 1411 1431
f 1431 1411 4020
f 1419 388 4021
f 4021 388 1412
f 393 1432 1412
f 1412 1432 4021
f 1432 163 4021
f 4021 163 1433
f 164 1419 1433
f 1433 1419 4021
f 1434 18 4022
f 4022 18 1346
f 1346 21 4022
f 4022 21 1413
f 182 1435 1413
f 1413 1435 4022
f 178 1434 1435
f 1435 1434 4022
f 450 1436 1416
f 1416 1436 4023
f 183 1437 1436
f 1436 1437 4023
f 182 1414 1437
f 1437 1414 4023
f 1414 384 4023
f 4023 384 1416
f 1438 449 4024
f 4024 449 1439
f 450 1415 1439
f 1439 1415 4024
f 1415 451 4024
f 4024 451 1440
f 448 1438 1440
f 1440 1438 4024
f 385 1418 1422
f 1422 1418 4025
f 1418 370 4025
f 4025 370 1441
f 206 1442 1441
f 1441 1442 4025
f 1442 386 4025
f 4025 386 1422
f 1443 370 4026
f 4026 370 1420
f 164 1444 1420
f 1420 1444 4026
f 1444 166 4026
f 4026 166 1445
f 369 1443 1445
f 1445 1443 4026
f 1446 448 4027
f 4027 448 1440
f 451 1421 1440
f 1440 1421 4027
f 1421 386 4027
f 4027 386 1447
f 187 1446 1447
f 1447 1446 4027
f 1423 40 4028
f 4028 40 1347
f 12 1448 1347
f 1347 1448 4028
f 1448 152 4028
f 4028 152 1449
f 373 1423 1449
f 1449 1423 4028
f 251 1424 1450
f 1450 1424 4029
f 373 1451 1424
f 1424 1451 4029
f 374 1452 1451
f 1451 1452 4029
f 252 1450 1452
f 1452 1450 4029
f 1453 410 4030
f 4030 410 1454
f 45 1348 1454
f 1454 1348 4030
f 1348 33 4030
f 4030 33 1427
f 249 1453 1427
f 1427 1453 4030
f 1426 251 4031
f 4031 251 1450
f 252 1455 1450
f 1450 1455 4031
f 1455 253 4031
f 4031 253 1456
f 249 1426 1456
f 1456 1426 4031
f 34 1457 1349
f 1349 1457 4032
f 1457 250 4032
f 4032 250 1458
f 409 1428 1458
f 1458 1428 4032
f 1428 44 4032
f 4032 44 1349
f 409 1459 1429
f 1429 1459 4033
f 1459 414 4033
f 4033 414 1460
f 433 1430 1460
f 1460 1430 4033
f 1430 434 4033
f 4033 434 1429
f 1461 432 4034
f 4034 432 1462
f 392 1463 1462
f 1462 1463 4034
f 1463 393 4034
f 4034 393 1431
f 433 1461 1431
f 1431 1461 4034
f 1463 392 4035
f 4035 392 1464
f 254 1465 1464
f 1464 1465 4035
f 1465 163 4035
f 4035 163 1432
f 393 1463 1432
f 1432 1463 4035
f 1433 163 4036
f 4036 163 1466
f 165 1467 1466
f 1466 1467 4036
f 166 1444 1467
f 1467 1444 4036
f 1444 164 4036
f 4036 164 1433
f 1468 49 4037
f 4037 49 1350
f 18 1434 1350
f 1350 1434 4037
f 1434 178 4037
f 4037 178 1469
f 435 1468 1469
f 1469 1468 4037
f 1470 178 4038
f 4038 178 1435
f 182 1471 1435
f 1435 1471 4038
f 1471 364 4038
f 4038 364 1472
f 177 1470 1472
f 1472 1470 4038
f 1439 449 4039
f 4039 449 1473
f 342 1474 1473
f 1473 1474 4039
f 1474 183 4039
f 4039 183 1436
f 450 1439 1436
f 1436 1439 4039
f 1437 183 4040
f 4040 183 1475
f 185 1476 1475
f 1475 1476 4040
f 364 1471 1476
f 1476 1471 4040
f 182 1437 1471
f 1471 1437 4040
f 449 1438 1477
f 1477 1438 4041
f 1438 448 4041
f 4041 448 1478
f 584 1479 1478
f 1478 1479 4041
f 1479 186 4041
f 4041 186 1477
f 1480 206 4042
f 4042 206 1441
f 370 1443 1441
f 1441 1443 4042
f 1443 369 4042
f 4042 369 1481
f 207 1480 1481
f 1481 1480 4042
f 1482 187 4043
f 4043 187 1447
f 386 1442 1447
f 1447 1442 4043
f 1442 206 4043
f 4043 206 1483
f 189 1482 1483
f 1483 1482 4043
f 166 1484 1445
f 1445 1484 4044
f 1484 312 4044
f 4044 312 1485
f 368 1486 1485
f 1485 1486 4044
f 1486 369 4044
f 4044 369 1445
f 448 1446 1487
f 1487 1446 4045
f 1446 187 4045
f 4045 187 1488
f 441 1489 1488
f 1488 1489 4045
f 1489 341 4045
f 4045 341 1487
f 1351 13 4046
f 4046 13 1490
f 151 1491 1490
f 1490 1491 4046
f 152 1448 1491
f 1491 1448 4046
f 1448 12 4046
f 4046 12 1351
f 1449 152 4047
f 4047 152 1492
f 257 1493 1492
f 1492 1493 4047
f 1493 374 4047
f 4047 374 1451
f 373 1449 1451
f 1451 1449 4047
f 375 1495 1494
f 1494 1495 4048
f 1495 310 4048
f 4048 310 1496
f 252 1452 1496
f 1496 1452 4048
f 1452 374 4048
f 4048 374 1494
f 1352 45 4049
f 4049 45 1454
f 410 1497 1454
f 1454 1497 4049
f 250 1457 1497
f 1497 1457 4049
f 1457 34 4049
f 4049 34 1352
f 1498 411 4050
f 4050 411 1499
f 410 1453 1499
f 1499 1453 4050
f 1453 249 4050
f 4050 249 1500
f 301 1498 1500
f 1500 1498 4050
f 253 1455 1501
f 1501 1455 4051
f 252 1502 1455
f 1455 1502 4051
f 405 1503 1502
f 1502 1503 4051
f 1503 406 4051
f 4051 406 1501
f 1504 302 4052
f 4052 302 1505
f 1505 301 4052
f 4052 301 1500
f 249 1456 1500
f 1500 1456 4052
f 253 1504 1456
f 1456 1504 4052
f 250 1506 1458
f 1458 1506 4053
f 1506 415 4053
f 4053 415 1507
f 414 1459 1507
f 1507 1459 4053
f 1459 409 4053
f 4053 409 1458
f 414 1508 1460
f 1460 1508 4054
f 1508 408 4054
f 4054 408 1509
f 1509 432 4054
f 4054 432 1461
f 1461 433 4054
f 4054 433 1460
f 431 1511 1510
f 1510 1511 4055
f 1511 254 4055
f 4055 254 1464
f 1464 392 4055
f 4055 392 1462
f 1462 432 4055
f 4055 432 1510
f 1465 254 4056
f 4056 254 1512
f 1512 256 4056
f 4056 256 1513
f 165 1466 1513
f 1513 1466 4056
f 163 1465 1466
f 1466 1465 4056
f 165 1514 1467
f 1467 1514 4057
f 1514 311 4057
f 4057 311 1515
f 312 1484 1515
f 1515 1484 4057
f 1484 166 4057
f 4057 166 1467
f 1516 19 4058
f 4058 19 1353
f 49 1468 1353
f 1353 1468 4058
f 1468 435 4058
f 4058 435 1517
f 175 1516 1517
f 1517 1516 4058
f 1518 435 4059
f 4059 435 1469
f 178 1470 1469
f 1469 1470 4059
f 1470 177 4059
f 4059 177 1519
f 436 1518 1519
f 1519 1518 4059
f 364 1520 1472
f 1472 1520 4060
f 1520 358 4060
f 4060 358 1521
f 181 1522 1521
f 1521 1522 4060
f 1522 177 4060
f 4060 177 1472
f 1473 449 4061
f 4061 449 1477
f 186 1523 1477
f 1477 1523 4061
f 583 1524 1523
f 1523 1524 4061
f 1524 342 4061
f 4061 342 1473
f 1474 342 4062
f 4062 342 1525
f 1525 334 4062
f 4062 334 1526
f 185 1475 1526
f 1526 1475 4062
f 183 1474 1475
f 1475 1474 4062
f 185 1527 1476
f 1476 1527 4063
f 1527 198 4063
f 4063 198 1528
f 358 1520 1528
f 1528 1520 4063
f 1520 364 4063
f 4063 364 1476
f 448 1487 1478
f 1478 1487 4064
f 1487 341 4064
f 4064 341 1529
f 188 1530 1529
f 1529 1530 4064
f 1530 584 4064
f 4064 584 1478
f 588 1532 1531
f 1531 1532 4065
f 1532 536 4065
f 4065 536 1533
f 186 1479 1533
f 1533 1479 4065
f 1479 584 4065
f 4065 584 1531
f 206 1480 1483
f 1483 1480 4066
f 1480 207 4066
f 4066 207 1534
f 191 1535 1534
f 1534 1535 4066
f 1535 189 4066
f 4066 189 1483
f 1536 207 4067
f 4067 207 1481
f 369 1486 1481
f 1481 1486 4067
f 1486 368 4067
f 4067 368 1537
f 313 1536 1537
f 1537 1536 4067
f 1538 441 4068
f 4068 441 1488
f 187 1482 1488
f 1488 1482 4068
f 1482 189 4068
f 4068 189 1539
f 442 1538 1539
f 1539 1538 4068
f 312 1540 1485
f 1485 1540 4069
f 1540 168 4069
f 4069 168 1541
f 367 1542 1541
f 1541 1542 4069
f 1542 368 4069
f 4069 368 1485
f 1543 340 4070
f 4070 340 1544
f 341 1489 1544
f 1544 1489 4070
f 1489 441 4070
f 4070 441 1538
f 442 1543 1538
f 1538 1543 4070
f 1354 23 4071
f 4071 23 1545
f 230 1546 1545
f 1545 1546 4071
f 1546 151 4071
f 4071 151 1490
f 13 1354 1490
f 1490 1354 4071
f 1491 151 4072
f 4072 151 1547
f 258 1548 1547
f 1547 1548 4072
f 1548 257 4072
f 4072 257 1492
f 152 1491 1492
f 1492 1491 4072
f 1493 257 4073
f 4073 257 1549
f 309 1550 1549
f 1549 1550 4073
f 1550 375 4073
f 4073 375 1494
f 374 1493 1494
f 1494 1493 4073
f 1495 375 4074
f 4074 375 1551
f 1551 376 4074
f 4074 376 1552
f 273 1553 1552
f 1552 1553 4074
f 310 1495 1553
f 1553 1495 4074
f 252 1496 1502
f 1502 1496 4075
f 310 1554 1496
f 1496 1554 4075
f 1554 404 4075
f 4075 404 1555
f 1555 405 4075
f 4075 405 1502
f 1497 410 4076
f 4076 410 1499
f 1499 411 4076
f 4076 411 1556
f 1556 304 4076
f 4076 304 1557
f 250 1497 1557
f 1557 1497 4076
f 297 1559 1558
f 1558 1559 4077
f 1559 412 4077
f 4077 412 1560
f 1560 411 4077
f 4077 411 1498
f 301 1558 1498
f 1498 1558 4077
f 255 1562 1561
f 1561 1562 4078
f 253 1501 1562
f 1562 1501 4078
f 1501 406 4078
f 4078 406 1563
f 1563 407 4078
f 4078 407 1561
f 406 1503 1564
f 1564 1503 4079
f 1503 405 4079
f 4079 405 1565
f 1565 429 4079
f 4079 429 1566
f 430 1564 1566
f 1566 1564 4079
f 1567 303 4080
f 4080 303 1568
f 302 1504 1568
f 1568 1504 4080
f 253 1562 1504
f 1504 1562 4080
f 1562 255 4080
f 4080 255 1567
f 299 1570 1569
f 1569 1570 4081
f 1570 297 4081
f 4081 297 1558
f 1558 301 4081
f 4081 301 1505
f 1505 302 4081
f 4081 302 1569
f 1571 416 4082
f 4082 416 1572
f 1572 415 4082
f 4082 415 1506
f 250 1557 1506
f 1506 1557 4082
f 304 1571 1557
f 1557 1571 4082
f 1507 415 4083
f 4083 415 1573
f 391 1574 1573
f 1573 1574 4083
f 408 1508 1574
f 1574 1508 4083
f 414 1507 1508
f 1508 1507 4083
f 1575 407 4084
f 4084 407 1576
f 1576 431 4084
f 4084 431 1510
f 432 1509 1510
f 1510 1509 4084
f 408 1575 1509
f 1509 1575 4084
f 1511 431 4085
f 4085 431 1577
f 430 1578 1577
f 1577 1578 4085
f 1578 256 4085
f 4085 256 1512
f 254 1511 1512
f 1512 1511 4085
f 256 1578 1513
f 1513 1578 4086
f 1578 430 4086
f 4086 430 1566
f 429 1579 1566
f 1566 1579 4086
f 1579 165 4086
f 4086 165 1513
f 1580 428 4087
f 4087 428 1581
f 311 1514 1581
f 1581 1514 4087
f 165 1579 1514
f 1514 1579 4087
f 1579 429 4087
f 4087 429 1580
f 311 1582 1515
f 1515 1582 4088
f 1582 167 4088
f 4088 167 1583
f 168 1540 1583
f 1583 1540 4088
f 1540 312 4088
f 4088 312 1515
f 20 1355 1584
f 1584 1355 4089
f 19 1516 1355
f 1355 1516 4089
f 1516 175 4089
f 4089 175 1585
f 180 1584 1585
f 1585 1584 4089
f 1586 175 4090
f 4090 175 1517
f 435 1518 1517
f 1517 1518 4090
f 1518 436 4090
f 4090 436 1587
f 176 1586 1587
f 1587 1586 4090
f 1588 436 4091
f 4091 436 1519
f 177 1522 1519
f 1519 1522 4091
f 1522 181 4091
f 4091 181 1589
f 437 1588 1589
f 1589 1588 4091
f 358 1590 1521
f 1521 1590 4092
f 1590 359 4092
f 4092 359 1591
f 225 1592 1591
f 1591 1592 4092
f 1592 181 4092
f 4092 181 1521
f 1533 536 4093
f 4093 536 1593
f 585 1594 1593
f 1593 1594 4093
f 1594 583 4093
f 4093 583 1523
f 1523 186 4093
f 4093 186 1533
f 1524 583 4094
f 4094 583 1595
f 1595 184 4094
f 4094 184 1596
f 334 1525 1596
f 1596 1525 4094
f 342 1524 1525
f 1525 1524 4094
f 334 1597 1526
f 1526 1597 4095
f 1597 335 4095
f 4095 335 1598
f 198 1527 1598
f 1598 1527 4095
f 1527 185 4095
f 4095 185 1526
f 198 1599 1528
f 1528 1599 4096
f 1599 200 4096
f 4096 200 1600
f 359 1590 1600
f 1600 1590 4096
f 1590 358 4096
f 4096 358 1528
f 1601 190 4097
f 4097 190 1602
f 1602 188 4097
f 4097 188 1529
f 341 1544 1529
f 1529 1544 4097
f 340 1601 1544
f 1544 1601 4097
f 538 1604 1603
f 1603 1604 4098
f 1604 588 4098
f 4098 588 1531
f 584 1530 1531
f 1531 1530 4098
f 1530 188 4098
f 4098 188 1603
f 587 1606 1605
f 1605 1606 4099
f 1606 546 4099
f 4099 546 1607
f 536 1532 1607
f 1607 1532 4099
f 1532 588 4099
f 4099 588 1605
f 1608 191 4100
f 4100 191 1534
f 207 1536 1534
f 1534 1536 4100
f 1536 313 4100
f 4100 313 1609
f 314 1608 1609
f 1609 1608 4100
f 1610 443 4101
f 4101 443 1611
f 442 1539 1611
f 1611 1539 4101
f 189 1535 1539
f 1539 1535 4101
f 191 1610 1535
f 1535 1610 4101
f 368 1542 1537
f 1537 1542 4102
f 1542 367 4102
f 4102 367 1612
f 208 1613 1612
f 1612 1613 4102
f 1613 313 4102
f 4102 313 1537
f 168 1614 1541
f 1541 1614 4103
f 1614 170 4103
f 4103 170 1615
f 366 1616 1615
f 1615 1616 4103
f 1616 367 4103
f 4103 367 1541
f 1617 339 4104
f 4104 339 1618
f 340 1543 1618
f 1618 1543 4104
f 1543 442 4104
f 4104 442 1611
f 443 1617 1611
f 1611 1617 4104
f 1356 25 4105
f 4105 25 1619
f 235 1620 1619
f 1619 1620 4105
f 1620 230 4105
f 4105 230 1545
f 23 1356 1545
f 1545 1356 4105
f 1546 230 4106
f 4106 230 1621
f 259 1622 1621
f 1621 1622 4106
f 1622 258 4106
f 4106 258 1547
f 151 1546 1547
f 1547 1546 4106
f 1548 258 4107
f 4107 258 1623
f 308 1624 1623
f 1623 1624 4107
f 1624 309 4107
f 4107 309 1549
f 257 1548 1549
f 1549 1548 4107
f 1625 154 4108
f 4108 154 1626
f 376 1551 1626
f 1626 1551 4108
f 375 1550 1551
f 1551 1550 4108
f 1550 309 4108
f 4108 309 1625
f 376 1627 1552
f 1552 1627 4109
f 1627 377 4109
f 4109 377 1628
f 286 1629 1628
f 1628 1629 4109
f 1629 273 4109
f 4109 273 1552
f 310 1553 1554
f 1554 1553 4110
f 1553 273 4110
f 4110 273 1630
f 403 1631 1630
f 1630 1631 4110
f 1631 404 4110
f 4110 404 1554
f 405 1555 1565
f 1565 1555 4111
f 1555 404 4111
f 4111 404 1632
f 428 1580 1632
f 1632 1580 4111
f 429 1565 1580
f 1580 1565 4111
f 412 1633 1560
f 1560 1633 4112
f 1633 298 4112
f 4112 298 1634
f 304 1556 1634
f 1634 1556 4112
f 411 1560 1556
f 1556 1560 4112
f 1635 389 4113
f 4113 389 1636
f 417 1637 1636
f 1636 1637 4113
f 412 1559 1637
f 1637 1559 4113
f 1559 297 4113
f 4113 297 1635
f 391 1638 1574
f 1574 1638 4114
f 1638 255 4114
f 4114 255 1561
f 407 1575 1561
f 1561 1575 4114
f 1575 408 4114
f 4114 408 1574
f 431 1576 1577
f 1577 1576 4115
f 1576 407 4115
f 4115 407 1563
f 406 1564 1563
f 1563 1564 4115
f 1564 430 4115
f 4115 430 1577
f 390 1640 1639
f 1639 1640 4116
f 303 1567 1640
f 1640 1567 4116
f 255 1638 1567
f 1567 1638 4116
f 1638 391 4116
f 4116 391 1639
f 1641 300 4117
f 4117 300 1642
f 1642 299 4117
f 4117 299 1569
f 302 1568 1569
f 1569 1568 4117
f 303 1641 1568
f 1568 1641 4117
f 297 1570 1635
f 1635 1570 4118
f 1570 299 4118
f 4118 299 1642
f 1642 300 4118
f 4118 300 1643
f 389 1635 1643
f 1643 1635 4118
f 298 1644 1634
f 1634 1644 4119
f 1644 417 4119
f 4119 417 1645
f 416 1571 1645
f 1645 1571 4119
f 1571 304 4119
f 4119 304 1634
f 416 1646 1572
f 1572 1646 4120
f 1646 390 4120
f 4120 390 1639
f 1639 391 4120
f 4120 391 1573
f 415 1572 1573
f 1573 1572 4120
f 428 1647 1581
f 1581 1647 4121
f 1647 427 4121
f 4121 427 1648
f 167 1582 1648
f 1648 1582 4121
f 1582 311 4121
f 4121 311 1581
f 167 1649 1583
f 1583 1649 4122
f 1649 169 4122
f 4122 169 1650
f 170 1614 1650
f 1650 1614 4122
f 1614 168 4122
f 4122 168 1583
f 22 1357 1651
f 1651 1357 4123
f 1357 20 4123
f 4123 20 1584
f 1584 180 4123
f 4123 180 1652
f 1652 220 4123
f 4123 220 1651
f 1653 180 4124
f 4124 180 1585
f 175 1586 1585
f 1585 1586 4124
f 1586 176 4124
f 4124 176 1654
f 179 1653 1654
f 1654 1653 4124
f 1655 176 4125
f 4125 176 1587
f 436 1588 1587
f 1587 1588 4125
f 1588 437 4125
f 4125 437 1656
f 213 1655 1656
f 1656 1655 4125
f 181 1592 1589
f 1589 1592 4126
f 1592 225 4126
f 4126 225 1657
f 438 1658 1657
f 1657 1658 4126
f 1658 437 4126
f 4126 437 1589
f 359 1659 1591
f 1591 1659 4127
f 1659 360 4127
f 4127 360 1660
f 226 1661 1660
f 1660 1661 4127
f 1661 225 4127
f 4127 225 1591
f 1607 546 4128
f 4128 546 1662
f 586 1663 1662
f 1662 1663 4128
f 1663 585 4128
f 585 1593 4128
f 536 1607 1593
f 1593 1607 4128
f 1594 585 4129
f 4129 585 1664
f 537 1665 1664
f 1664 1665 4129
f 1665 184 4129
f 4129 184 1595
f 583 1594 1595
f 1595 1594 4129
f 1666 197 4130
f 4130 197 1667
f 335 1597 1667
f 1667 1597 4130
f 1597 334 4130
f 4130 334 1596
f 184 1666 1596
f 1596 1666 4130
f 335 1668 1598
f 1598 1668 4131
f 1668 336 4131
f 4131 336 1669
f 200 1599 1669
f 1669 1599 4131
f 1599 198 4131
f 4131 198 1598
f 1600 200 4132
f 4132 200 1670
f 202 1671 1670
f 1670 1671 4132
f 360 1659 1671
f 1671 1659 4132
f 1659 359 4132
f 4132 359 1600
f 1672 192 4133
f 4133 192 1673
f 190 1601 1673
f 1673 1601 4133
f 1601 340 4133
f 4133 340 1618
f 339 1672 1618
f 1618 1672 4133
f 1674 539 4134
f 4134 539 1675
f 538 1603 1675
f 1675 1603 4134
f 188 1602 1603
f 1603 1602 4134
f 190 1674 1602
f 1602 1674 4134
f 548 1677 1676
f 1676 1677 4135
f 1677 587 4135
f 4135 587 1605
f 588 1604 1605
f 1605 1604 4135
f 1604 538 4135
f 4135 538 1676
f 675 1679 1678
f 1678 1679 4136
f 1679 561 4136
f 4136 561 1680
f 546 1606 1680
f 1680 1606 4136
f 1606 587 4136
f 4136 587 1678
f 1681 193 4137
f 4137 193 1682
f 191 1608 1682
f 1682 1608 4137
f 1608 314 4137
f 4137 314 1683
f 315 1681 1683
f 1683 1681 4137
f 1684 314 4138
f 4138 314 1609
f 313 1613 1609
f 1609 1613 4138
f 1613 208 4138
f 4138 208 1685
f 203 1684 1685
f 1685 1684 4138
f 1686 444 4139
f 4139 444 1687
f 443 1610 1687
f 1687 1610 4139
f 1610 191 4139
f 4139 191 1682
f 193 1686 1682
f 1682 1686 4139
f 367 1616 1612
f 1612 1616 4140
f 1616 366 4140
f 4140 366 1688
f 211 1689 1688
f 1688 1689 4140
f 1689 208 4140
f 4140 208 1612
f 170 1690 1615
f 1615 1690 4141
f 1690 228 4141
f 4141 228 1691
f 535 1692 1691
f 1691 1692 4141
f 1692 366 4141
f 4141 366 1615
f 1693 338 4142
f 4142 338 1694
f 339 1617 1694
f 1694 1617 4142
f 1617 443 4142
f 4142 443 1687
f 444 1693 1687
f 1687 1693 4142
f 17 1358 1695
f 1695 1358 4143
f 1358 52 4143
f 4143 52 1696
f 507 1697 1696
f 1696 1697 4143
f 1697 352 4143
f 4143 352 1695
f 16 1359 1698
f 1698 1359 4144
f 1359 17 4144
f 4144 17 1695
f 352 1699 1695
f 1695 1699 4144
f 1699 351 4144
f 4144 351 1698
f 1360 29 4145
f 4145 29 1700
f 262 1701 1700
f 1700 1701 4145
f 240 1702 1701
f 1701 1702 4145
f 1702 27 4145
f 4145 27 1360
f 27 1702 1361
f 1361 1702 4146
f 1702 240 4146
f 4146 240 1703
f 1703 235 4146
f 4146 235 1619
f 1619 25 4146
f 4146 25 1361
f 1620 235 4147
f 4147 235 1704
f 260 1705 1704
f 1704 1705 4147
f 1705 259 4147
f 4147 259 1621
f 230 1620 1621
f 1621 1620 4147
f 1622 259 4148
f 4148 259 1706
f 307 1707 1706
f 1706 1707 4148
f 1707 308 4148
f 4148 308 1623
f 258 1622 1623
f 1623 1622 4148
f 1624 308 4149
f 4149 308 1708
f 153 1709 1708
f 1708 1709 4149
f 1709 154 4149
f 4149 154 1625
f 309 1624 1625
f 1625 1624 4149
f 154 1710 1626
f 1626 1710 4150
f 1710 319 4150
f 4150 319 1711
f 377 1627 1711
f 1711 1627 4150
f 1627 376 4150
f 4150 376 1626
f 1712 378 4151
f 4151 378 1713
f 285 1714 1713
f 1713 1714 4151
f 1714 286 4151
f 4151 286 1628
f 377 1712 1628
f 1628 1712 4151
f 1629 286 4152
f 4152 286 1715
f 402 1716 1715
f 1715 1716 4152
f 1716 403 4152
f 4152 403 1630
f 273 1629 1630
f 1630 1629 4152
f 1631 403 4153
f 4153 403 1717
f 427 1647 1717
f 1717 1647 4153
f 1647 428 4153
f 4153 428 1632
f 404 1631 1632
f 1632 1631 4153
f 1637 417 4154
f 4154 417 1644
f 1644 298 4154
f 4154 298 1633
f 1633 412 4154
f 4154 412 1637
f 1645 417 4155
f 4155 417 1636
f 389 1718 1636
f 1636 1718 4155
f 390 1646 1718
f 1718 1646 4155
f 1646 416 4155
f 4155 416 1645
f 1718 389 4156
f 4156 389 1643
f 300 1641 1643
f 1643 1641 4156
f 1641 303 4156
f 4156 303 1640
f 390 1718 1640
f 1640 1718 4156
f 427 1719 1648
f 1648 1719 4157
f 1719 426 4157
f 4157 426 1720
f 169 1649 1720
f 1720 1649 4157
f 1649 167 4157
f 4157 167 1648
f 169 1721 1650
f 1650 1721 4158
f 1721 227 4158
f 4158 227 1722
f 228 1690 1722
f 1722 1690 4158
f 1690 170 4158
f 4158 170 1650
f 53 1362 1723
f 1723 1362 4159
f 1362 22 4159
f 4159 22 1651
f 220 1724 1651
f 1651 1724 4159
f 488 1723 1724
f 1724 1723 4159
f 1725 220 4160
f 4160 220 1652
f 180 1653 1652
f 1652 1653 4160
f 1653 179 4160
f 4160 179 1726
f 219 1725 1726
f 1726 1725 4160
f 1727 179 4161
f 4161 179 1654
f 176 1655 1654
f 1654 1655 4161
f 1655 213 4161
f 4161 213 1728
f 214 1727 1728
f 1728 1727 4161
f 1729 213 4162
f 4162 213 1656
f 437 1658 1656
f 1656 1658 4162
f 1658 438 4162
f 4162 438 1730
f 215 1729 1730
f 1730 1729 4162
f 225 1661 1657
f 1657 1661 4163
f 1661 226 4163
f 4163 226 1731
f 439 1732 1731
f 1731 1732 4163
f 1732 438 4163
f 4163 438 1657
f 360 1733 1660
f 1660 1733 4164
f 1733 361 4164
f 4164 361 1734
f 317 1735 1734
f 1734 1735 4164
f 1735 226 4164
f 4164 226 1660
f 605 1737 1736
f 1736 1737 4165
f 1737 586 4165
f 4165 586 1662
f 546 1680 1662
f 1662 1680 4165
f 561 1736 1680
f 1680 1736 4165
f 1663 586 4166
f 4166 586 1738
f 1738 547 4166
f 4166 547 1739
f 537 1664 1739
f 1739 1664 4166
f 585 1663 1664
f 1664 1663 4166
f 1740 543 4167
f 4167 543 1741
f 197 1666 1741
f 1741 1666 4167
f 1666 184 4167
f 4167 184 1665
f 537 1740 1665
f 1665 1740 4167
f 197 1742 1667
f 1667 1742 4168
f 1742 199 4168
f 4168 199 1743
f 336 1668 1743
f 1743 1668 4168
f 1668 335 4168
f 4168 335 1667
f 1669 336 4169
f 4169 336 1744
f 337 1745 1744
f 1744 1745 4169
f 1745 202 4169
f 4169 202 1670
f 200 1669 1670
f 1670 1669 4169
f 1671 202 4170
f 4170 202 1746
f 1746 353 4170
f 4170 353 1747
f 361 1733 1747
f 1747 1733 4170
f 1733 360 4170
f 4170 360 1671
f 1748 194 4171
f 4171 194 1749
f 192 1672 1749
f 1749 1672 4171
f 1672 339 4171
f 4171 339 1694
f 338 1748 1694
f 1694 1748 4171
f 540 1751 1750
f 1750 1751 4172
f 539 1674 1751
f 1751 1674 4172
f 1674 190 4172
f 4172 190 1673
f 192 1750 1673
f 1673 1750 4172
f 1752 549 4173
f 4173 549 1753
f 1753 548 4173
f 4173 548 1676
f 538 1675 1676
f 1676 1675 4173
f 539 1752 1675
f 1675 1752 4173
f 1677 548 4174
f 4174 548 1754
f 565 1755 1754
f 1754 1755 4174
f 1678 4174 675
f 1755 675 4174
f 587 1677 1678
f 1678 1677 4174
f 676 1757 1756
f 1756 1757 4175
f 1757 563 4175
f 4175 563 1758
f 561 1679 1758
f 1758 1679 4175
f 1679 675 4175
f 4175 675 1756
f 1759 355 4176
f 4176 355 1760
f 193 1681 1760
f 1760 1681 4176
f 1681 315 4176
f 4176 315 1761
f 356 1759 1761
f 1761 1759 4176
f 1762 315 4177
f 4177 315 1683
f 314 1684 1683
f 1683 1684 4177
f 1684 203 4177
f 4177 203 1763
f 204 1762 1763
f 1763 1762 4177
f 208 1689 1685
f 1685 1689 4178
f 1689 211 4178
f 4178 211 1764
f 209 1765 1764
f 1764 1765 4178
f 1765 203 4178
f 4178 203 1685
f 1766 445 4179
f 4179 445 1767
f 444 1686 1767
f 1767 1686 4179
f 1686 193 4179
f 4179 193 1760
f 355 1766 1760
f 1760 1766 4179
f 366 1692 1688
f 1688 1692 4180
f 535 1768 1692
f 1692 1768 4180
f 1768 492 4180
f 4180 492 1769
f 211 1688 1769
f 1769 1688 4180
f 228 1770 1691
f 1691 1770 4181
f 1770 172 4181
f 4181 172 1771
f 534 1772 1771
f 1771 1772 4181
f 1772 535 4181
f 4181 535 1691
f 1773 363 4182
f 4182 363 1774
f 338 1693 1774
f 1774 1693 4182
f 1693 444 4182
f 4182 444 1767
f 445 1773 1767
f 1767 1773 4182
f 52 1363 1696
f 1696 1363 4183
f 1363 51 4183
f 4183 51 1775
f 508 1776 1775
f 1775 1776 4183
f 1776 507 4183
f 4183 507 1696
f 352 1697 1777
f 1777 1697 4184
f 1697 507 4184
f 4184 507 1778
f 468 1779 1778
f 1778 1779 4184
f 1779 162 4184
f 4184 162 1777
f 47 1364 1780
f 1780 1364 4185
f 1364 16 4185
f 4185 16 1698
f 351 1781 1698
f 1698 1781 4185
f 1781 418 4185
f 4185 418 1780
f 351 1699 1782
f 1782 1699 4186
f 1699 352 4186
f 4186 352 1777
f 162 1783 1777
f 1777 1783 4186
f 1783 161 4186
f 4186 161 1782
f 1365 31 4187
f 4187 31 1784
f 263 1785 1784
f 1784 1785 4187
f 1785 262 4187
f 4187 262 1700
f 29 1365 1700
f 1700 1365 4187
f 262 1786 1701
f 1701 1786 4188
f 1786 305 4188
f 4188 305 1787
f 261 1788 1787
f 1787 1788 4188
f 1788 240 4188
f 4188 240 1701
f 240 1788 1703
f 1703 1788 4189
f 1788 261 4189
f 4189 261 1789
f 1789 260 4189
f 4189 260 1704
f 235 1703 1704
f 1704 1703 4189
f 1705 260 4190
f 4190 260 1790
f 306 1791 1790
f 1790 1791 4190
f 1791 307 4190
f 4190 307 1706
f 259 1705 1706
f 1706 1705 4190
f 1707 307 4191
f 4191 307 1792
f 231 1793 1792
f 1792 1793 4191
f 1793 153 4191
f 4191 153 1708
f 308 1707 1708
f 1708 1707 4191
f 320 1795 1794
f 1794 1795 4192
f 1795 319 4192
f 4192 319 1710
f 154 1709 1710
f 1710 1709 4192
f 1709 153 4192
f 4192 153 1794
f 319 1796 1711
f 1711 1796 4193
f 1796 274 4193
f 4193 274 1797
f 378 1712 1797
f 1797 1712 4193
f 1712 377 4193
f 4193 377 1711
f 378 1798 1713
f 1713 1798 4194
f 1798 379 4194
f 4194 379 1799
f 284 1800 1799
f 1799 1800 4194
f 1800 285 4194
f 4194 285 1713
f 286 1714 1715
f 1715 1714 4195
f 1714 285 4195
f 4195 285 1801
f 401 1802 1801
f 1801 1802 4195
f 1802 402 4195
f 4195 402 1715
f 403 1716 1717
f 1717 1716 4196
f 1716 402 4196
f 4196 402 1803
f 426 1719 1803
f 1803 1719 4196
f 1719 427 4196
f 4196 427 1717
f 426 1804 1720
f 1720 1804 4197
f 1804 425 4197
f 4197 425 1805
f 227 1721 1805
f 1805 1721 4197
f 1721 169 4197
f 4197 169 1720
f 227 1806 1722
f 1722 1806 4198
f 1806 171 4198
f 4198 171 1807
f 172 1770 1807
f 1807 1770 4198
f 1770 228 4198
f 4198 228 1722
f 1808 2 4199
f 4199 2 1366
f 53 1723 1366
f 1366 1723 4199
f 1723 488 4199
f 4199 488 1809
f 86 1808 1809
f 1809 1808 4199
f 1810 488 4200
f 4200 488 1724
f 220 1725 1724
f 1724 1725 4200
f 1725 219 4200
f 4200 219 1811
f 487 1810 1811
f 1811 1810 4200
f 1812 219 4201
f 4201 219 1726
f 179 1727 1726
f 1726 1727 4201
f 1727 214 4201
f 4201 214 1813
f 221 1812 1813
f 1813 1812 4201
f 1814 214 4202
f 4202 214 1728
f 213 1729 1728
f 1728 1729 4202
f 1729 215 4202
f 4202 215 1815
f 216 1814 1815
f 1815 1814 4202
f 438 1732 1730
f 1730 1732 4203
f 1732 439 4203
f 4203 439 1816
f 217 1817 1816
f 1816 1817 4203
f 1817 215 4203
f 4203 215 1730
f 226 1735 1731
f 1731 1735 4204
f 1735 317 4204
f 4204 317 1818
f 440 1819 1818
f 1818 1819 4204
f 1819 439 4204
f 4204 439 1731
f 361 1820 1734
f 1734 1820 4205
f 362 1821 1820
f 1820 1821 4205
f 1821 446 4205
f 4205 446 1822
f 1822 317 4205
f 4205 317 1734
f 563 1823 1758
f 1758 1823 4206
f 606 1824 1823
f 1823 1824 4206
f 1824 605 4206
f 4206 605 1736
f 1736 561 4206
f 4206 561 1758
f 1737 605 4207
f 4207 605 1825
f 562 1826 1825
f 1825 1826 4207
f 1826 547 4207
f 4207 547 1738
f 586 1737 1738
f 1738 1737 4207
f 547 1827 1739
f 1739 1827 4208
f 1827 553 4208
f 4208 553 1828
f 543 1740 1828
f 1828 1740 4208
f 1740 537 4208
f 4208 537 1739
f 1829 544 4209
f 4209 544 1830
f 199 1742 1830
f 1830 1742 4209
f 1742 197 4209
f 4209 197 1741
f 543 1829 1741
f 1741 1829 4209
f 199 1831 1743
f 1743 1831 4210
f 1831 201 4210
f 4210 201 1832
f 337 1744 1832
f 1832 1744 4210
f 1744 336 4210
f 4210 336 1743
f 1745 337 4211
f 4211 337 1833
f 354 1834 1833
f 1833 1834 4211
f 1834 353 4211
f 4211 353 1746
f 202 1745 1746
f 1746 1745 4211
f 353 1834 1747
f 1747 1834 4212
f 1834 354 4212
f 4212 354 1835
f 1835 362 4212
f 4212 362 1820
f 1820 361 4212
f 4212 361 1747
f 1836 196 4213
f 4213 196 1837
f 194 1748 1837
f 1837 1748 4213
f 1748 338 4213
f 4213 338 1774
f 363 1836 1774
f 1774 1836 4213
f 541 1839 1838
f 1838 1839 4214
f 1839 540 4214
f 4214 540 1750
f 1750 192 4214
f 4214 192 1749
f 194 1838 1749
f 1749 1838 4214
f 550 1841 1840
f 1840 1841 4215
f 549 1752 1841
f 1841 1752 4215
f 1752 539 4215
f 4215 539 1751
f 1751 540 4215
f 4215 540 1840
f 565 1754 1842
f 1842 1754 4216
f 1754 548 4216
f 4216 548 1753
f 549 1843 1753
f 1753 1843 4216
f 1843 567 4216
f 4216 567 1842
f 1844 676 4217
f 4217 676 1756
f 675 1755 1756
f 1756 1755 4217
f 1755 565 4217
f 4217 565 1845
f 566 1844 1845
f 1845 1844 4217
f 678 1847 1846
f 1846 1847 4218
f 1847 563 4218
f 4218 563 1757
f 1757 676 4218
f 4218 676 1848
f 1848 677 4218
f 4218 677 1846
f 1849 195 4219
f 4219 195 1850
f 355 1759 1850
f 1850 1759 4219
f 1759 356 4219
f 4219 356 1851
f 316 1849 1851
f 1851 1849 4219
f 1852 356 4220
f 4220 356 1761
f 315 1762 1761
f 1761 1762 4220
f 1762 204 4220
f 4220 204 1853
f 357 1852 1853
f 1853 1852 4220
f 1854 204 4221
f 4221 204 1763
f 203 1765 1763
f 1763 1765 4221
f 1765 209 4221
f 4221 209 1855
f 210 1854 1855
f 1855 1854 4221
f 1764 211 4222
f 4222 211 1769
f 492 1856 1769
f 1769 1856 4222
f 1856 493 4222
f 4222 493 1857
f 209 1764 1857
f 1857 1764 4222
f 1858 446 4223
f 4223 446 1859
f 445 1766 1859
f 1859 1766 4223
f 1766 355 4223
f 4223 355 1850
f 195 1858 1850
f 1850 1858 4223
f 1768 535 4224
f 4224 535 1772
f 534 1860 1772
f 1772 1860 4224
f 1860 477 4224
f 4224 477 1861
f 492 1768 1861
f 1861 1768 4224
f 172 1862 1771
f 1771 1862 4225
f 466 1863 1862
f 1862 1863 4225
f 1863 533 4225
f 4225 533 1864
f 1864 534 4225
f 4225 534 1771
f 1821 362 4226
f 4226 362 1865
f 363 1773 1865
f 1865 1773 4226
f 1773 445 4226
f 4226 445 1859
f 446 1821 1859
f 1859 1821 4226
f 1775 51 4227
f 4227 51 1367
f 54 1866 1367
f 1367 1866 4227
f 1866 509 4227
f 4227 509 1867
f 508 1775 1867
f 1867 1775 4227
f 507 1776 1778
f 1778 1776 4228
f 1776 508 4228
f 4228 508 1868
f 452 1869 1868
f 1868 1869 4228
f 1869 468 4228
f 4228 468 1778
f 162 1779 1870
f 1870 1779 4229
f 1779 468 4229
f 4229 468 1871
f 504 1872 1871
f 1871 1872 4229
f 1872 331 4229
f 4229 331 1870
f 43 1368 1873
f 1873 1368 4230
f 1368 47 4230
f 4230 47 1780
f 418 1874 1780
f 1780 1874 4230
f 1874 394 4230
f 4230 394 1873
f 418 1781 1875
f 1875 1781 4231
f 1781 351 4231
f 4231 351 1782
f 161 1876 1782
f 1782 1876 4231
f 1876 419 4231
f 4231 419 1875
f 161 1783 1877
f 1877 1783 4232
f 1783 162 4232
f 4232 162 1870
f 331 1878 1870
f 1870 1878 4232
f 1878 330 4232
f 4232 330 1877
f 1369 37 4233
f 4233 37 1879
f 332 1880 1879
f 1879 1880 4233
f 1880 263 4233
f 4233 263 1784
f 31 1369 1784
f 1784 1369 4233
f 1785 263 4234
f 4234 263 1881
f 247 1882 1881
f 1881 1882 4234
f 1882 245 4234
f 4234 245 1883
f 262 1785 1883
f 1883 1785 4234
f 1786 262 4235
f 4235 262 1883
f 245 1884 1883
f 1883 1884 4235
f 1884 241 4235
f 4235 241 1885
f 305 1786 1885
f 1885 1786 4235
f 1789 261 4236
f 4236 261 1787
f 305 1886 1787
f 1787 1886 4236
f 1886 306 4236
f 4236 306 1790
f 260 1789 1790
f 1790 1789 4236
f 1791 306 4237
f 4237 306 1887
f 236 1888 1887
f 1887 1888 4237
f 1888 231 4237
f 4237 231 1792
f 307 1791 1792
f 1792 1791 4237
f 1793 231 4238
f 4238 231 1889
f 321 1890 1889
f 1889 1890 4238
f 1890 320 4238
f 4238 320 1794
f 153 1793 1794
f 1794 1793 4238
f 1795 320 4239
f 4239 320 1891
f 275 1892 1891
f 1891 1892 4239
f 1892 274 4239
f 4239 274 1796
f 319 1795 1796
f 1796 1795 4239
f 1893 156 4240
f 4240 156 1894
f 379 1798 1894
f 1894 1798 4240
f 1798 378 4240
f 4240 378 1797
f 274 1893 1797
f 1797 1893 4240
f 1799 379 4241
f 4241 379 1895
f 380 1896 1895
f 1895 1896 4241
f 1896 289 4241
f 4241 289 1897
f 1897 284 4241
f 4241 284 1799
f 285 1800 1801
f 1801 1800 4242
f 1800 284 4242
f 4242 284 1898
f 400 1899 1898
f 1898 1899 4242
f 1899 401 4242
f 4242 401 1801
f 402 1802 1803
f 1803 1802 4243
f 1802 401 4243
f 4243 401 1900
f 425 1804 1900
f 1900 1804 4243
f 1804 426 4243
f 4243 426 1803
f 425 1901 1805
f 1805 1901 4244
f 1901 424 4244
f 4244 424 1902
f 171 1806 1902
f 1902 1806 4244
f 1806 227 4244
f 4244 227 1805
f 171 1903 1807
f 1807 1903 4245
f 1903 288 4245
f 4245 288 1904
f 287 1905 1904
f 1904 1905 4245
f 1905 172 4245
f 4245 172 1807
f 3 1370 1906
f 1906 1370 4246
f 1370 2 4246
f 4246 2 1808
f 1808 86 4246
f 4246 86 1907
f 1907 89 4246
f 4246 89 1906
f 1908 86 4247
f 4247 86 1809
f 488 1810 1809
f 1809 1810 4247
f 1810 487 4247
f 4247 487 1909
f 85 1908 1909
f 1909 1908 4247
f 1910 487 4248
f 4248 487 1811
f 219 1812 1811
f 1811 1812 4248
f 1812 221 4248
f 4248 221 1911
f 489 1910 1911
f 1911 1910 4248
f 1912 221 4249
f 4249 221 1813
f 214 1814 1813
f 1813 1814 4249
f 1814 216 4249
f 4249 216 1913
f 222 1912 1913
f 1913 1912 4249
f 1914 216 4250
f 4250 216 1815
f 215 1817 1815
f 1815 1817 4250
f 1817 217 4250
f 4250 217 1915
f 218 1914 1915
f 1915 1914 4250
f 439 1819 1816
f 1816 1819 4251
f 1819 440 4251
f 4251 440 1916
f 318 1917 1916
f 1916 1917 4251
f 1917 217 4251
f 4251 217 1816
f 1818 317 4252
f 4252 317 1822
f 446 1858 1822
f 1822 1858 4252
f 1858 195 4252
f 4252 195 1918
f 440 1818 1918
f 1918 1818 4252
f 679 1920 1919
f 1919 1920 4253
f 1920 606 4253
f 4253 606 1823
f 563 1847 1823
f 1823 1847 4253
f 1847 678 4253
f 4253 678 1919
f 1824 606 4254
f 4254 606 1921
f 564 1922 1921
f 1921 1922 4254
f 1922 562 4254
f 4254 562 1825
f 605 1824 1825
f 1825 1824 4254
f 562 1923 1826
f 1826 1923 4255
f 1923 569 4255
f 4255 569 1924
f 553 1827 1924
f 1924 1827 4255
f 1827 547 4255
f 4255 547 1826
f 554 1926 1925
f 1925 1926 4256
f 1926 544 4256
f 4256 544 1829
f 1829 543 4256
f 4256 543 1828
f 1828 553 4256
f 4256 553 1925
f 199 1830 1831
f 1831 1830 4257
f 1830 544 4257
f 4257 544 1927
f 545 1928 1927
f 1927 1928 4257
f 1928 201 4257
f 4257 201 1831
f 1833 337 4258
f 4258 337 1832
f 1832 201 4258
f 4258 201 1929
f 1929 196 4258
f 4258 196 1930
f 354 1833 1930
f 1930 1833 4258
f 1835 354 4259
f 4259 354 1930
f 196 1836 1930
f 1930 1836 4259
f 1836 363 4259
f 4259 363 1865
f 362 1835 1865
f 1865 1835 4259
f 1931 541 4260
f 4260 541 1838
f 1838 194 4260
f 4260 194 1837
f 196 1932 1837
f 1837 1932 4260
f 542 1931 1932
f 1932 1931 4260
f 1933 550 4261
f 4261 550 1840
f 540 1839 1840
f 1840 1839 4261
f 1839 541 4261
f 4261 541 1934
f 551 1933 1934
f 1934 1933 4261
f 1935 559 4262
f 4262 559 1936
f 549 1841 1936
f 1936 1841 4262
f 550 1935 1841
f 1841 1935 4262
f 1937 566 4263
f 4263 566 1845
f 565 1842 1845
f 1845 1842 4263
f 1842 567 4263
f 4263 567 1938
f 568 1937 1938
f 1938 1937 4263
f 559 1939 1936
f 1936 1939 4264
f 1939 568 4264
f 4264 568 1938
f 567 1843 1938
f 1938 1843 4264
f 1843 549 4264
f 4264 549 1936
f 1940 677 4265
f 4265 677 1848
f 676 1844 1848
f 1848 1844 4265
f 1844 566 4265
f 4265 566 1941
f 558 1940 1941
f 1941 1940 4265
f 556 1943 1942
f 1942 1943 4266
f 1943 678 4266
f 4266 678 1846
f 677 1940 1846
f 1846 1940 4266
f 1940 558 4266
f 4266 558 1942
f 440 1918 1916
f 1916 1918 4267
f 195 1849 1918
f 1918 1849 4267
f 1849 316 4267
f 4267 316 1944
f 1944 318 4267
f 4267 318 1916
f 1945 316 4268
f 4268 316 1851
f 356 1852 1851
f 1851 1852 4268
f 1852 357 4268
f 4268 357 1946
f 205 1945 1946
f 1946 1945 4268
f 1947 357 4269
f 4269 357 1853
f 204 1854 1853
f 1853 1854 4269
f 1854 210 4269
f 4269 210 1948
f 365 1947 1948
f 1948 1947 4269
f 493 1949 1857
f 1857 1949 4270
f 1949 494 4270
f 4270 494 1950
f 210 1855 1950
f 1950 1855 4270
f 1855 209 4270
f 4270 209 1857
f 477 1951 1861
f 1861 1951 4271
f 1951 474 4271
f 4271 474 1952
f 493 1856 1952
f 1952 1856 4271
f 1856 492 4271
f 4271 492 1861
f 533 1953 1864
f 1864 1953 4272
f 1953 486 4272
f 4272 486 1954
f 477 1860 1954
f 1954 1860 4272
f 1860 534 4272
f 4272 534 1864
f 503 1956 1955
f 1955 1956 4273
f 1956 466 4273
f 4273 466 1862
f 172 1905 1862
f 1862 1905 4273
f 1905 287 4273
f 4273 287 1955
f 459 1958 1957
f 1957 1958 4274
f 532 1959 1958
f 1958 1959 4274
f 1959 533 4274
f 4274 533 1863
f 1863 466 4274
f 4274 466 1957
f 1866 54 4275
f 4275 54 1371
f 56 1960 1371
f 1371 1960 4275
f 1960 512 4275
f 4275 512 1961
f 509 1866 1961
f 1961 1866 4275
f 1868 508 4276
f 4276 508 1867
f 509 1962 1867
f 1867 1962 4276
f 1962 464 4276
f 4276 464 1963
f 1963 452 4276
f 4276 452 1868
f 468 1869 1871
f 1871 1869 4277
f 1869 452 4277
f 4277 452 1964
f 505 1965 1964
f 1964 1965 4277
f 1965 504 4277
f 4277 504 1871
f 331 1872 1966
f 1966 1872 4278
f 1872 504 4278
f 4278 504 1967
f 497 1968 1967
f 1967 1968 4278
f 1968 265 4278
f 4278 265 1966
f 36 1372 1969
f 1969 1372 4279
f 1372 43 4279
f 4279 43 1873
f 394 1970 1873
f 1873 1970 4279
f 1970 350 4279
f 4279 350 1969
f 394 1874 1971
f 1971 1874 4280
f 1874 418 4280
f 4280 418 1875
f 419 1972 1875
f 1875 1972 4280
f 1972 395 4280
f 4280 395 1971
f 419 1876 1973
f 1973 1876 4281
f 1876 161 4281
f 4281 161 1877
f 330 1974 1877
f 1877 1974 4281
f 1974 420 4281
f 4281 420 1973
f 330 1878 1975
f 1975 1878 4282
f 1878 331 4282
f 4282 331 1966
f 265 1976 1966
f 1966 1976 4282
f 1976 264 4282
f 4282 264 1975
f 1373 38 4283
f 4283 38 1977
f 333 1978 1977
f 1977 1978 4283
f 1978 332 4283
f 4283 332 1879
f 37 1373 1879
f 1879 1373 4283
f 332 1979 1880
f 1880 1979 4284
f 1979 280 4284
f 4284 280 1980
f 247 1881 1980
f 1980 1881 4284
f 263 1880 1881
f 1881 1880 4284
f 1882 247 4285
f 4285 247 1980
f 280 1981 1980
f 1980 1981 4285
f 279 1982 1981
f 1981 1982 4285
f 245 1882 1982
f 1982 1882 4285
f 245 1982 1884
f 1884 1982 4286
f 1982 279 4286
f 4286 279 1983
f 323 1984 1983
f 1983 1984 4286
f 1984 241 4286
f 4286 241 1884
f 1886 305 4287
f 4287 305 1885
f 241 1985 1885
f 1885 1985 4287
f 1985 236 4287
f 4287 236 1887
f 306 1886 1887
f 1887 1886 4287
f 1888 236 4288
f 4288 236 1986
f 322 1987 1986
f 1986 1987 4288
f 1987 321 4288
f 4288 321 1889
f 231 1888 1889
f 1889 1888 4288
f 276 1989 1988
f 1988 1989 4289
f 1989 275 4289
f 4289 275 1891
f 320 1890 1891
f 1891 1890 4289
f 1890 321 4289
f 4289 321 1988
f 1892 275 4290
f 4290 275 1990
f 155 1991 1990
f 1990 1991 4290
f 1991 156 4290
f 4290 156 1893
f 274 1892 1893
f 1893 1892 4290
f 156 1992 1894
f 1894 1992 4291
f 1992 290 4291
f 4291 290 1993
f 380 1895 1993
f 1993 1895 4291
f 1895 379 4291
f 4291 379 1894
f 1896 380 4292
f 4292 380 1994
f 381 1995 1994
f 1994 1995 4292
f 1995 283 4292
f 4292 283 1996
f 289 1896 1996
f 1996 1896 4292
f 284 1897 1898
f 1898 1897 4293
f 1897 289 4293
f 4293 289 1997
f 399 1998 1997
f 1997 1998 4293
f 1998 400 4293
f 4293 400 1898
f 401 1899 1900
f 1900 1899 4294
f 1899 400 4294
f 4294 400 1999
f 424 1901 1999
f 1999 1901 4294
f 1901 425 4294
f 4294 425 1900
f 424 2000 1902
f 1902 2000 4295
f 2000 423 4295
f 4295 423 2001
f 288 1903 2001
f 2001 1903 4295
f 1903 171 4295
f 4295 171 1902
f 2002 173 4296
f 4296 173 2003
f 174 2004 2003
f 2003 2004 4296
f 2004 287 4296
f 4296 287 1904
f 288 2002 1904
f 1904 2002 4296
f 2005 4 4297
f 4297 4 1374
f 3 1906 1374
f 1374 1906 4297
f 1906 89 4297
f 4297 89 2006
f 91 2005 2006
f 2006 2005 4297
f 2007 89 4298
f 4298 89 1907
f 86 1908 1907
f 1907 1908 4298
f 1908 85 4298
f 4298 85 2008
f 90 2007 2008
f 2008 2007 4298
f 2009 85 4299
f 4299 85 1909
f 487 1910 1909
f 1909 1910 4299
f 1910 489 4299
f 4299 489 2010
f 84 2009 2010
f 2010 2009 4299
f 2011 489 4300
f 4300 489 1911
f 221 1912 1911
f 1911 1912 4300
f 1912 222 4300
f 4300 222 2012
f 490 2011 2012
f 2012 2011 4300
f 2013 222 4301
f 4301 222 1913
f 216 1914 1913
f 1913 1914 4301
f 1914 218 4301
f 4301 218 2014
f 223 2013 2014
f 2014 2013 4301
f 217 1917 1915
f 1915 1917 4302
f 1917 318 4302
f 4302 318 2015
f 224 2016 2015
f 2015 2016 4302
f 2016 218 4302
f 4302 218 1915
f 2017 679 4303
f 4303 679 1919
f 678 1943 1919
f 1919 1943 4303
f 1943 556 4303
f 4303 556 2018
f 2018 557 4303
f 4303 557 2017
f 606 1920 1921
f 1921 1920 4304
f 1920 679 4304
f 4304 679 2017
f 557 2019 2017
f 2017 2019 4304
f 2019 564 4304
f 4304 564 1921
f 1922 564 4305
f 4305 564 2020
f 570 2021 2020
f 2020 2021 4305
f 2021 569 4305
f 4305 569 1923
f 1923 562 4305
f 4305 562 1922
f 569 2021 1924
f 1924 2021 4306
f 570 2022 2021
f 2021 2022 4306
f 560 2023 2022
f 2022 2023 4306
f 2023 553 4306
f 4306 553 1924
f 553 2023 1925
f 1925 2023 4307
f 2023 560 4307
f 4307 560 2024
f 554 1925 2024
f 2024 1925 4307
f 544 1926 1927
f 1927 1926 4308
f 554 2025 1926
f 1926 2025 4308
f 555 2026 2025
f 2025 2026 4308
f 2026 545 4308
f 4308 545 1927
f 201 1928 1929
f 1929 1928 4309
f 1928 545 4309
f 4309 545 2027
f 542 1932 2027
f 2027 1932 4309
f 196 1929 1932
f 1932 1929 4309
f 552 2029 2028
f 2028 2029 4310
f 2029 551 4310
f 4310 551 1934
f 541 1931 1934
f 1934 1931 4310
f 1931 542 4310
f 4310 542 2028
f 2030 574 4311
f 4311 574 2031
f 576 2032 2031
f 2031 2032 4311
f 550 1933 2032
f 2032 1933 4311
f 1933 551 4311
f 4311 551 2030
f 582 2034 2033
f 2033 2034 4312
f 559 1935 2034
f 2034 1935 4312
f 550 2032 1935
f 1935 2032 4312
f 2032 576 4312
f 4312 576 2033
f 2035 558 4313
f 4313 558 1941
f 566 1937 1941
f 1941 1937 4313
f 1937 568 4313
f 4313 568 1939
f 559 2035 1939
f 1939 2035 4313
f 558 2036 1942
f 1942 2036 4314
f 2036 573 4314
f 4314 573 2037
f 577 2038 2037
f 2037 2038 4314
f 2038 556 4314
f 4314 556 1942
f 318 1944 2015
f 2015 1944 4315
f 1944 316 4315
f 4315 316 1945
f 205 2039 1945
f 1945 2039 4315
f 2039 224 4315
f 4315 224 2015
f 2040 205 4316
f 4316 205 1946
f 357 1947 1946
f 1946 1947 4316
f 1947 365 4316
f 4316 365 2041
f 212 2040 2041
f 2041 2040 4316
f 2042 365 4317
f 4317 365 1948
f 210 2043 1948
f 1948 2043 4317
f 2043 475 4317
f 4317 475 2044
f 510 2042 2044
f 2044 2042 4317
f 474 2045 1952
f 1952 2045 4318
f 2045 461 4318
f 4318 461 2046
f 494 1949 2046
f 2046 1949 4318
f 1949 493 4318
f 4318 493 1952
f 494 2047 1950
f 1950 2047 4319
f 2047 495 4319
f 4319 495 2048
f 475 2043 2048
f 2048 2043 4319
f 2043 210 4319
f 4319 210 1950
f 486 2049 1954
f 1954 2049 4320
f 2049 478 4320
f 4320 478 2050
f 474 1951 2050
f 2050 1951 4320
f 1951 477 4320
f 4320 477 1954
f 1959 532 4321
f 4321 532 2051
f 481 2052 2051
f 2051 2052 4321
f 486 1953 2052
f 2052 1953 4321
f 1953 533 4321
f 4321 533 1959
f 2004 174 4322
f 4322 174 2053
f 467 2054 2053
f 2053 2054 4322
f 2054 503 4322
f 4322 503 1955
f 287 2004 1955
f 1955 2004 4322
f 1956 503 4323
f 4323 503 2055
f 502 2056 2055
f 2055 2056 4323
f 2056 459 4323
f 4323 459 1957
f 466 1956 1957
f 1957 1956 4323
f 2057 465 4324
f 4324 465 2058
f 531 2059 2058
f 2058 2059 4324
f 2059 532 4324
f 4324 532 1958
f 459 2057 1958
f 1958 2057 4324
f 56 1375 1960
f 1960 1375 4325
f 1375 55 4325
f 4325 55 2060
f 511 2061 2060
f 2060 2061 4325
f 512 1960 2061
f 2061 1960 4325
f 1962 509 4326
f 4326 509 1961
f 512 2062 1961
f 1961 2062 4326
f 2062 515 4326
f 4326 515 2063
f 464 1962 2063
f 2063 1962 4326
f 452 1963 1964
f 1964 1963 4327
f 464 2064 1963
f 1963 2064 4327
f 2064 506 4327
f 4327 506 2065
f 2065 505 4327
f 4327 505 1964
f 504 1965 1967
f 1967 1965 4328
f 1965 505 4328
f 4328 505 2066
f 498 2067 2066
f 2066 2067 4328
f 2067 497 4328
f 4328 497 1967
f 265 1968 2068
f 2068 1968 4329
f 1968 497 4329
f 4329 497 2069
f 2069 467 4329
f 4329 467 2053
f 174 2068 2053
f 2053 2068 4329
f 39 1376 2070
f 2070 1376 4330
f 1376 36 4330
f 4330 36 1969
f 350 2071 1969
f 1969 2071 4330
f 2071 372 4330
f 4330 372 2070
f 350 1970 2072
f 2072 1970 4331
f 1970 394 4331
f 4331 394 1971
f 395 2073 1971
f 1971 2073 4331
f 2073 281 4331
f 4331 281 2072
f 395 1972 2074
f 2074 1972 4332
f 1972 419 4332
f 4332 419 1973
f 420 2075 1973
f 1973 2075 4332
f 2075 396 4332
f 4332 396 2074
f 420 1974 2076
f 2076 1974 4333
f 1974 330 4333
f 4333 330 1975
f 264 2077 1975
f 1975 2077 4333
f 2077 421 4333
f 4333 421 2076
f 264 1976 2078
f 2078 1976 4334
f 1976 265 4334
f 4334 265 2068
f 2068 174 4334
f 4334 174 2003
f 173 2078 2003
f 2003 2078 4334
f 38 1377 1977
f 1977 1377 4335
f 32 2079 1377
f 1377 2079 4335
f 343 2080 2079
f 2079 2080 4335
f 2080 333 4335
f 4335 333 1977
f 332 1978 1979
f 1979 1978 4336
f 1978 333 4336
f 4336 333 2081
f 296 2082 2081
f 2081 2082 4336
f 2082 280 4336
f 4336 280 1979
f 1981 280 4337
f 4337 280 2082
f 2082 296 4337
f 4337 296 2083
f 295 2084 2083
f 2083 2084 4337
f 279 1981 2084
f 2084 1981 4337
f 279 2085 1983
f 1983 2085 4338
f 2085 242 4338
f 4338 242 2086
f 278 2087 2086
f 2086 2087 4338
f 2087 323 4338
f 4338 323 1983
f 1985 241 4339
f 4339 241 1984
f 323 2088 1984
f 1984 2088 4339
f 2088 322 4339
f 4339 322 1986
f 236 1985 1986
f 1986 1985 4339
f 1987 322 4340
f 4340 322 2089
f 277 2090 2089
f 2089 2090 4340
f 2090 276 4340
f 4340 276 1988
f 321 1987 1988
f 1988 1987 4340
f 1989 276 4341
f 4341 276 2091
f 232 2092 2091
f 2091 2092 4341
f 2092 155 4341
f 4341 155 1990
f 275 1989 1990
f 1990 1989 4341
f 2093 291 4342
f 4342 291 2094
f 290 1992 2094
f 2094 1992 4342
f 1992 156 4342
f 4342 156 1991
f 1991 155 4342
f 4342 155 2093
f 1993 290 4343
f 4343 290 2095
f 2095 158 4343
f 4343 158 2096
f 2096 381 4343
f 4343 381 1994
f 380 1993 1994
f 1994 1993 4343
f 1995 381 4344
f 4344 381 2097
f 382 2098 2097
f 2097 2098 4344
f 282 2099 2098
f 2098 2099 4344
f 283 1995 2099
f 2099 1995 4344
f 1997 289 4345
f 4345 289 1996
f 283 2100 1996
f 1996 2100 4345
f 398 2101 2100
f 2100 2101 4345
f 399 1997 2101
f 2101 1997 4345
f 400 1998 1999
f 1999 1998 4346
f 1998 399 4346
f 4346 399 2102
f 423 2000 2102
f 2102 2000 4346
f 2000 424 4346
f 4346 424 1999
f 423 2103 2001
f 2001 2103 4347
f 2103 422 4347
f 4347 422 2104
f 173 2002 2104
f 2104 2002 4347
f 2002 288 4347
f 4347 288 2001
f 2105 59 4348
f 4348 59 1378
f 4 2005 1378
f 1378 2005 4348
f 2005 91 4348
f 4348 91 2106
f 604 2105 2106
f 2106 2105 4348
f 2107 91 4349
f 4349 91 2006
f 89 2007 2006
f 2006 2007 4349
f 2007 90 4349
f 4349 90 2108
f 93 2107 2108
f 2108 2107 4349
f 2109 90 4350
f 4350 90 2008
f 85 2009 2008
f 2008 2009 4350
f 2009 84 4350
f 4350 84 2110
f 92 2109 2110
f 2110 2109 4350
f 2111 84 4351
f 4351 84 2010
f 489 2011 2010
f 2010 2011 4351
f 2011 490 4351
f 4351 490 2112
f 83 2111 2112
f 2112 2111 4351
f 2113 490 4352
f 4352 490 2012
f 222 2013 2012
f 2012 2013 4352
f 2013 223 4352
f 4352 223 2114
f 491 2113 2114
f 2114 2113 4352
f 2115 223 4353
f 4353 223 2014
f 218 2016 2014
f 2014 2016 4353
f 2016 224 4353
f 4353 224 2116
f 229 2115 2116
f 2116 2115 4353
f 556 2038 2018
f 2018 2038 4354
f 2038 577 4354
f 4354 577 2117
f 2117 571 4354
f 4354 571 2118
f 557 2018 2118
f 2118 2018 4354
f 2022 570 4355
f 4355 570 2020
f 564 2019 2020
f 2020 2019 4355
f 2019 557 4355
f 4355 557 2119
f 560 2022 2119
f 2119 2022 4355
f 580 2121 2120
f 2120 2121 4356
f 2121 578 4356
f 4356 578 2122
f 554 2024 2122
f 2122 2024 4356
f 560 2120 2024
f 2024 2120 4356
f 2122 578 4357
f 4357 578 2123
f 572 2124 2123
f 2123 2124 4357
f 2124 555 4357
f 4357 555 2025
f 554 2122 2025
f 2025 2122 4357
f 2026 555 4358
f 4358 555 2125
f 552 2028 2125
f 2125 2028 4358
f 2028 542 4358
f 4358 542 2027
f 545 2026 2027
f 2027 2026 4358
f 575 2127 2126
f 2126 2127 4359
f 2127 574 4359
f 4359 574 2030
f 551 2029 2030
f 2030 2029 4359
f 2029 552 4359
f 4359 552 2126
f 579 2129 2128
f 2128 2129 4360
f 2129 576 4360
f 4360 576 2031
f 2031 574 4360
f 4360 574 2127
f 2127 575 4360
f 4360 575 2128
f 2129 579 4361
f 4361 579 2130
f 2130 581 4361
f 4361 581 2131
f 2131 582 4361
f 4361 582 2033
f 576 2129 2033
f 2033 2129 4361
f 2132 573 4362
f 4362 573 2036
f 2036 558 4362
f 4362 558 2035
f 559 2034 2035
f 2035 2034 4362
f 582 2132 2034
f 2034 2132 4362
f 2133 577 4363
f 4363 577 2037
f 2037 573 4363
f 4363 573 2132
f 582 2131 2132
f 2132 2131 4363
f 581 2133 2131
f 2131 2133 4363
f 224 2039 2116
f 2116 2039 4364
f 2039 205 4364
f 4364 205 2040
f 212 2134 2040
f 2040 2134 4364
f 2134 229 4364
f 4364 229 2116
f 2135 212 4365
f 4365 212 2041
f 365 2042 2041
f 2041 2042 4365
f 2042 510 4365
f 4365 510 2136
f 476 2135 2136
f 2136 2135 4365
f 475 2137 2044
f 2044 2137 4366
f 2137 455 4366
f 4366 455 2138
f 62 2139 2138
f 2138 2139 4366
f 2139 510 4366
f 4366 510 2044
f 478 2140 2050
f 2050 2140 4367
f 2140 479 4367
f 4367 479 2141
f 461 2045 2141
f 2141 2045 4367
f 2045 474 4367
f 4367 474 2050
f 461 2142 2046
f 2046 2142 4368
f 2142 463 4368
f 4368 463 2143
f 495 2047 2143
f 2143 2047 4368
f 2047 494 4368
f 4368 494 2046
f 495 2144 2048
f 2048 2144 4369
f 2144 454 4369
f 4369 454 2145
f 455 2137 2145
f 2145 2137 4369
f 2137 475 4369
f 4369 475 2048
f 2052 481 4370
f 4370 481 2146
f 2146 473 4370
f 4370 473 2147
f 478 2049 2147
f 2147 2049 4370
f 2049 486 4370
f 4370 486 2052
f 2059 531 4371
f 4371 531 2148
f 482 2149 2148
f 2148 2149 4371
f 2149 481 4371
f 4371 481 2051
f 532 2059 2051
f 2051 2059 4371
f 458 2151 2150
f 2150 2151 4372
f 2151 502 4372
f 4372 502 2055
f 503 2054 2055
f 2055 2054 4372
f 2054 467 4372
f 4372 467 2150
f 501 2153 2152
f 2152 2153 4373
f 465 2057 2153
f 2153 2057 4373
f 2057 459 4373
f 4373 459 2056
f 2056 502 4373
f 4373 502 2152
f 472 2155 2154
f 2154 2155 4374
f 2155 530 4374
f 4374 530 2156
f 531 2058 2156
f 2156 2058 4374
f 2058 465 4374
f 4374 465 2154
f 55 1379 2060
f 2060 1379 4375
f 1379 57 4375
f 4375 57 2157
f 523 2158 2157
f 2157 2158 4375
f 2158 511 4375
f 4375 511 2060
f 2062 512 4376
f 4376 512 2061
f 2061 511 4376
f 4376 511 2159
f 519 2160 2159
f 2159 2160 4376
f 515 2062 2160
f 2160 2062 4376
f 2064 464 4377
f 4377 464 2063
f 515 2161 2063
f 2063 2161 4377
f 2161 516 4377
f 4377 516 2162
f 506 2064 2162
f 2162 2064 4377
f 505 2065 2066
f 2066 2065 4378
f 506 2163 2065
f 2065 2163 4378
f 2163 499 4378
f 4378 499 2164
f 2164 498 4378
f 4378 498 2066
f 497 2067 2069
f 2069 2067 4379
f 2067 498 4379
f 4379 498 2165
f 458 2150 2165
f 2165 2150 4379
f 2150 467 4379
f 4379 467 2069
f 15 1380 2166
f 2166 1380 4380
f 1380 39 4380
f 4380 39 2070
f 372 2167 2070
f 2070 2167 4380
f 2167 349 4380
f 4380 349 2166
f 372 2071 2168
f 2168 2071 4381
f 2071 350 4381
f 4381 350 2072
f 281 2169 2072
f 2072 2169 4381
f 2169 371 4381
f 4381 371 2168
f 281 2073 2170
f 2170 2073 4382
f 2073 395 4382
f 4382 395 2074
f 396 2171 2074
f 2074 2171 4382
f 2171 329 4382
f 4382 329 2170
f 2172 396 4383
f 4383 396 2075
f 2075 420 4383
f 4383 420 2076
f 421 2173 2076
f 2076 2173 4383
f 2173 397 4383
f 4383 397 2172
f 2174 421 4384
f 4384 421 2077
f 2077 264 4384
f 4384 264 2078
f 2078 173 4384
f 4384 173 2104
f 422 2174 2104
f 2104 2174 4384
f 2175 343 4385
f 4385 343 2079
f 32 1381 2079
f 2079 1381 4385
f 1381 30 4385
f 4385 30 2176
f 344 2175 2176
f 2176 2175 4385
f 2080 343 4386
f 4386 343 2177
f 248 2178 2177
f 2177 2178 4386
f 333 2080 2178
f 2178 2080 4386
f 333 2178 2081
f 2081 2178 4387
f 2178 248 4387
f 4387 248 2179
f 272 2180 2179
f 2179 2180 4387
f 2180 296 4387
f 4387 296 2081
f 296 2180 2083
f 2083 2180 4388
f 2180 272 4388
f 4388 272 2181
f 271 2182 2181
f 2181 2182 4388
f 2182 295 4388
f 4388 295 2083
f 2085 279 4389
f 4389 279 2084
f 2084 295 4389
f 4389 295 2183
f 294 2184 2183
f 2183 2184 4389
f 2184 242 4389
f 4389 242 2085
f 2185 278 4390
f 4390 278 2086
f 242 2186 2086
f 2086 2186 4390
f 2186 237 4390
f 4390 237 2187
f 277 2185 2187
f 2187 2185 4390
f 323 2087 2088
f 2088 2087 4391
f 2087 278 4391
f 4391 278 2185
f 2185 277 4391
f 4391 277 2089
f 322 2088 2089
f 2089 2088 4391
f 237 2188 2187
f 2187 2188 4392
f 2188 232 4392
f 4392 232 2091
f 276 2090 2091
f 2091 2090 4392
f 2090 277 4392
f 4392 277 2187
f 232 2189 2092
f 2092 2189 4393
f 2189 292 4393
f 4393 292 2190
f 291 2093 2190
f 2190 2093 4393
f 155 2092 2093
f 2093 2092 4393
f 291 2191 2094
f 2094 2191 4394
f 2191 157 4394
f 4394 157 2192
f 158 2095 2192
f 2192 2095 4394
f 2095 290 4394
f 4394 290 2094
f 158 2193 2096
f 2096 2193 4395
f 2193 266 4395
f 4395 266 2194
f 2194 382 4395
f 4395 382 2097
f 381 2096 2097
f 2097 2096 4395
f 2098 382 4396
f 4396 382 2195
f 383 2196 2195
f 2195 2196 4396
f 329 2197 2196
f 2196 2197 4396
f 2197 282 4396
f 4396 282 2098
f 283 2099 2100
f 2100 2099 4397
f 2099 282 4397
f 4397 282 2198
f 397 2199 2198
f 2198 2199 4397
f 2199 398 4397
f 4397 398 2100
f 399 2101 2102
f 2102 2101 4398
f 2101 398 4398
f 4398 398 2200
f 422 2103 2200
f 2200 2103 4398
f 2103 423 4398
f 4398 423 2102
f 2201 58 4399
f 4399 58 1382
f 59 2105 1382
f 1382 2105 4399
f 2105 604 4399
f 4399 604 2202
f 596 2201 2202
f 2202 2201 4399
f 2203 604 4400
f 4400 604 2106
f 91 2107 2106
f 2106 2107 4400
f 2107 93 4400
f 4400 93 2204
f 603 2203 2204
f 2204 2203 4400
f 2205 93 4401
f 4401 93 2108
f 90 2109 2108
f 2108 2109 4401
f 2109 92 4401
f 4401 92 2206
f 95 2205 2206
f 2206 2205 4401
f 2207 92 4402
f 4402 92 2110
f 84 2111 2110
f 2110 2111 4402
f 2111 83 4402
f 4402 83 2208
f 94 2207 2208
f 2208 2207 4402
f 2209 83 4403
f 4403 83 2112
f 490 2113 2112
f 2112 2113 4403
f 2113 491 4403
f 4403 491 2210
f 82 2209 2210
f 2210 2209 4403
f 2211 491 4404
f 4404 491 2114
f 223 2115 2114
f 2114 2115 4404
f 2115 229 4404
f 4404 229 2212
f 496 2211 2212
f 2212 2211 4404
f 577 2133 2117
f 2117 2133 4405
f 2133 581 4405
f 4405 581 2213
f 580 2214 2213
f 2213 2214 4405
f 2214 571 4405
f 4405 571 2117
f 2118 571 4406
f 4406 571 2214
f 580 2120 2214
f 2214 2120 4406
f 2120 560 4406
f 4406 560 2119
f 557 2118 2119
f 2119 2118 4406
f 581 2130 2213
f 2213 2130 4407
f 579 2215 2130
f 2130 2215 4407
f 578 2121 2215
f 2215 2121 4407
f 2121 580 4407
f 4407 580 2213
f 2215 579 4408
f 4408 579 2128
f 575 2216 2128
f 2128 2216 4408
f 2216 572 4408
f 4408 572 2123
f 578 2215 2123
f 2123 2215 4408
f 2124 572 4409
f 4409 572 2216
f 2216 575 4409
f 4409 575 2126
f 552 2125 2126
f 2126 2125 4409
f 555 2124 2125
f 2125 2124 4409
f 2217 496 4410
f 4410 496 2212
f 229 2134 2212
f 2212 2134 4410
f 2134 212 4410
f 4410 212 2135
f 476 2217 2135
f 2135 2217 4410
f 2218 80 4411
f 4411 80 2219
f 2219 476 4411
f 4411 476 2136
f 510 2139 2136
f 2136 2139 4411
f 2139 62 4411
f 4411 62 2218
f 2220 62 4412
f 4412 62 2138
f 455 2221 2138
f 2138 2221 4412
f 2221 607 4412
f 4412 607 2222
f 662 2220 2222
f 2222 2220 4412
f 473 2223 2147
f 2147 2223 4413
f 2223 460 4413
f 4413 460 2224
f 479 2140 2224
f 2224 2140 4413
f 2140 478 4413
f 4413 478 2147
f 479 2225 2141
f 2141 2225 4414
f 2225 480 4414
f 4414 480 2226
f 463 2142 2226
f 2226 2142 4414
f 2142 461 4414
f 4414 461 2141
f 463 2227 2143
f 2143 2227 4415
f 2227 453 4415
f 4415 453 2228
f 454 2144 2228
f 2228 2144 4415
f 2144 495 4415
f 4415 495 2143
f 2229 674 4416
f 4416 674 2230
f 455 2145 2230
f 2230 2145 4416
f 2145 454 4416
f 4416 454 2231
f 613 2229 2231
f 2231 2229 4416
f 482 2232 2149
f 2149 2232 4417
f 2232 75 4417
f 4417 75 2233
f 473 2146 2233
f 2233 2146 4417
f 2146 481 4417
f 4417 481 2149
f 530 2234 2156
f 2156 2234 4418
f 2234 483 4418
f 4418 483 2235
f 482 2148 2235
f 2235 2148 4418
f 2148 531 4418
f 4418 531 2156
f 2151 458 4419
f 4419 458 2236
f 469 2237 2236
f 2236 2237 4419
f 2237 501 4419
f 4419 501 2152
f 502 2151 2152
f 2152 2151 4419
f 500 2239 2238
f 2238 2239 4420
f 2239 472 4420
f 4420 472 2154
f 465 2153 2154
f 2154 2153 4420
f 2153 501 4420
f 4420 501 2238
f 471 2241 2240
f 2240 2241 4421
f 2241 529 4421
f 4421 529 2242
f 530 2155 2242
f 2242 2155 4421
f 2155 472 4421
f 4421 472 2240
f 57 1383 2157
f 2157 1383 4422
f 61 2243 1383
f 1383 2243 4422
f 2243 699 4422
f 4422 699 2244
f 2244 523 4422
f 4422 523 2157
f 2158 523 4423
f 4423 523 2245
f 524 2246 2245
f 2245 2246 4423
f 2246 519 4423
f 4423 519 2159
f 511 2158 2159
f 2159 2158 4423
f 2160 519 4424
f 4424 519 2247
f 520 2248 2247
f 2247 2248 4424
f 2248 516 4424
f 4424 516 2161
f 2161 515 4424
f 4424 515 2160
f 516 2249 2162
f 2162 2249 4425
f 2249 517 4425
f 4425 517 2250
f 499 2163 2250
f 2250 2163 4425
f 2163 506 4425
f 4425 506 2162
f 499 2251 2164
f 2164 2251 4426
f 2251 469 4426
f 4426 469 2236
f 2236 458 4426
f 4426 458 2165
f 498 2164 2165
f 2165 2164 4426
f 348 2253 2252
f 2252 2253 4427
f 2253 14 4427
f 4427 14 1384
f 15 2166 1384
f 1384 2166 4427
f 349 2252 2166
f 2166 2252 4427
f 2254 160 4428
f 4428 160 2255
f 349 2167 2255
f 2255 2167 4428
f 2167 372 4428
f 4428 372 2168
f 371 2254 2168
f 2168 2254 4428
f 2196 383 4429
f 4429 383 2256
f 371 2169 2256
f 2256 2169 4429
f 2169 281 4429
f 4429 281 2170
f 329 2196 2170
f 2170 2196 4429
f 282 2197 2198
f 2198 2197 4430
f 2197 329 4430
f 4430 329 2171
f 396 2172 2171
f 2171 2172 4430
f 2172 397 4430
f 4430 397 2198
f 398 2199 2200
f 2200 2199 4431
f 2199 397 4431
f 4431 397 2173
f 421 2174 2173
f 2173 2174 4431
f 2174 422 4431
f 4431 422 2200
f 343 2175 2177
f 2177 2175 4432
f 2175 344 4432
f 4432 344 2257
f 246 2258 2257
f 2257 2258 4432
f 2258 248 4432
f 4432 248 2177
f 2259 344 4433
f 4433 344 2176
f 30 1385 2176
f 2176 1385 4433
f 1385 28 4433
f 4433 28 2260
f 345 2259 2260
f 2260 2259 4433
f 248 2258 2179
f 2179 2258 4434
f 2258 246 4434
f 4434 246 2261
f 271 2181 2261
f 2261 2181 4434
f 2181 272 4434
f 4434 272 2179
f 2182 271 4435
f 4435 271 2262
f 243 2263 2262
f 2262 2263 4435
f 2263 294 4435
f 4435 294 2183
f 295 2182 2183
f 2183 2182 4435
f 2184 294 4436
f 4436 294 2264
f 293 2265 2264
f 2264 2265 4436
f 2265 237 4436
f 4436 237 2186
f 242 2184 2186
f 2186 2184 4436
f 237 2265 2188
f 2188 2265 4437
f 2265 293 4437
f 4437 293 2266
f 292 2189 2266
f 2266 2189 4437
f 2189 232 4437
f 4437 232 2188
f 2267 233 4438
f 4438 233 2268
f 157 2191 2268
f 2268 2191 4438
f 2191 291 4438
f 4438 291 2190
f 292 2267 2190
f 2190 2267 4438
f 157 2269 2192
f 2192 2269 4439
f 2269 267 4439
f 4439 267 2270
f 266 2193 2270
f 2270 2193 4439
f 2193 158 4439
f 4439 158 2192
f 2194 266 4440
f 4440 266 2271
f 328 2272 2271
f 2271 2272 4440
f 2272 383 4440
f 4440 383 2195
f 382 2194 2195
f 2195 2194 4440
f 2273 5 4441
f 4441 5 1386
f 58 2201 1386
f 1386 2201 4441
f 2201 596 4441
f 4441 596 2274
f 99 2273 2274
f 2274 2273 4441
f 2275 596 4442
f 4442 596 2202
f 604 2203 2202
f 2202 2203 4442
f 2203 603 4442
f 4442 603 2276
f 595 2275 2276
f 2276 2275 4442
f 2277 603 4443
f 4443 603 2204
f 93 2205 2204
f 2204 2205 4443
f 2205 95 4443
f 4443 95 2278
f 602 2277 2278
f 2278 2277 4443
f 2279 95 4444
f 4444 95 2206
f 92 2207 2206
f 2206 2207 4444
f 2207 94 4444
f 4444 94 2280
f 98 2279 2280
f 2280 2279 4444
f 2281 94 4445
f 4445 94 2208
f 83 2209 2208
f 2208 2209 4445
f 2209 82 4445
f 4445 82 2282
f 97 2281 2282
f 2282 2281 4445
f 2283 82 4446
f 4446 82 2210
f 491 2211 2210
f 2210 2211 4446
f 2211 496 4446
f 4446 496 2284
f 81 2283 2284
f 2284 2283 4446
f 2285 81 4447
f 4447 81 2284
f 496 2217 2284
f 2284 2217 4447
f 2217 476 4447
f 4447 476 2219
f 80 2285 2219
f 2219 2285 4447
f 2286 96 4448
f 4448 96 2287
f 80 2218 2287
f 2287 2218 4448
f 62 2288 2218
f 2218 2288 4448
f 87 2286 2288
f 2288 2286 4448
f 62 2220 2288
f 2288 2220 4449
f 2220 662 4449
f 4449 662 2289
f 673 2290 2289
f 2289 2290 4449
f 2290 87 4449
f 4449 87 2288
f 664 2292 2291
f 2291 2292 4450
f 2292 607 4450
f 4450 607 2221
f 2221 455 4450
f 4450 455 2230
f 2230 674 4450
f 4450 674 2291
f 607 2293 2222
f 2222 2293 4451
f 2293 615 4451
f 4451 615 2294
f 661 2295 2294
f 2294 2295 4451
f 2295 662 4451
f 4451 662 2222
f 75 2296 2233
f 2233 2296 4452
f 2296 70 4452
f 4452 70 2297
f 460 2223 2297
f 2297 2223 4452
f 2223 473 4452
f 4452 473 2233
f 460 2298 2224
f 2224 2298 4453
f 2298 462 4453
f 4453 462 2299
f 480 2225 2299
f 2299 2225 4453
f 2225 479 4453
f 4453 479 2224
f 480 2300 2226
f 2226 2300 4454
f 2300 457 4454
f 4454 457 2301
f 453 2227 2301
f 2301 2227 4454
f 2227 463 4454
f 4454 463 2226
f 453 2302 2228
f 2228 2302 4455
f 2302 610 4455
f 4455 610 2303
f 613 2231 2303
f 2303 2231 4455
f 2231 454 4455
f 4455 454 2228
f 2291 674 4456
f 4456 674 2229
f 613 2304 2229
f 2229 2304 4456
f 642 2305 2304
f 2304 2305 4456
f 2305 664 4456
f 4456 664 2291
f 483 2306 2235
f 2235 2306 4457
f 2306 76 4457
f 4457 76 2307
f 75 2232 2307
f 2307 2232 4457
f 2232 482 4457
f 4457 482 2235
f 529 2308 2242
f 2242 2308 4458
f 2308 484 4458
f 4458 484 2309
f 483 2234 2309
f 2309 2234 4458
f 2234 530 4458
f 4458 530 2242
f 518 2311 2310
f 2310 2311 4459
f 2311 500 4459
f 4459 500 2238
f 501 2237 2238
f 2238 2237 4459
f 2237 469 4459
f 4459 469 2310
f 2312 513 4460
f 4460 513 2313
f 2313 471 4460
f 4460 471 2240
f 472 2239 2240
f 2240 2239 4460
f 2239 500 4460
f 4460 500 2312
f 470 2315 2314
f 2314 2315 4461
f 2315 528 4461
f 4461 528 2316
f 529 2241 2316
f 2316 2241 4461
f 2241 471 4461
f 4461 471 2314
f 2317 1 4462
f 4462 1 1387
f 10 2318 1387
f 1387 2318 4462
f 2318 109 4462
f 4462 109 2319
f 78 2317 2319
f 2319 2317 4462
f 1 2317 1388
f 1388 2317 4463
f 2317 78 4463
f 4463 78 2320
f 686 2321 2320
f 2320 2321 4463
f 2321 60 4463
f 4463 60 1388
f 523 2244 2245
f 2245 2244 4464
f 2244 699 4464
f 4464 699 2322
f 698 2323 2322
f 2322 2323 4464
f 2323 524 4464
f 4464 524 2245
f 519 2246 2247
f 2247 2246 4465
f 2246 524 4465
f 4465 524 2324
f 525 2325 2324
f 2324 2325 4465
f 2325 520 4465
f 4465 520 2247
f 516 2248 2249
f 2249 2248 4466
f 2248 520 4466
f 4466 520 2326
f 521 2327 2326
f 2326 2327 4466
f 517 2249 2327
f 2327 2249 4466
f 2251 499 4467
f 4467 499 2250
f 517 2328 2250
f 2250 2328 4467
f 2328 518 4467
f 4467 518 2310
f 469 2251 2310
f 2310 2251 4467
f 347 2330 2329
f 2329 2330 4468
f 2330 24 4468
f 4468 24 1389
f 14 2253 1389
f 1389 2253 4468
f 2253 348 4468
f 4468 348 2329
f 159 2332 2331
f 2331 2332 4469
f 2332 348 4469
f 4469 348 2252
f 2252 349 4469
f 4469 349 2255
f 160 2331 2255
f 2255 2331 4469
f 2272 328 4470
f 4470 328 2333
f 160 2254 2333
f 2333 2254 4470
f 2254 371 4470
f 4470 371 2256
f 383 2272 2256
f 2256 2272 4470
f 2334 246 4471
f 4471 246 2257
f 344 2259 2257
f 2257 2259 4471
f 2259 345 4471
f 4471 345 2335
f 244 2334 2335
f 2335 2334 4471
f 345 2260 2336
f 2336 2260 4472
f 2260 28 4472
f 4472 28 1390
f 26 2337 1390
f 1390 2337 4472
f 2337 346 4472
f 4472 346 2336
f 246 2334 2261
f 2261 2334 4473
f 2334 244 4473
f 4473 244 2338
f 324 2339 2338
f 2338 2339 4473
f 2339 271 4473
f 4473 271 2261
f 271 2339 2262
f 2262 2339 4474
f 2339 324 4474
f 4474 324 2340
f 270 2341 2340
f 2340 2341 4474
f 2341 243 4474
f 4474 243 2262
f 294 2263 2264
f 2264 2263 4475
f 2263 243 4475
f 4475 243 2342
f 238 2343 2342
f 2342 2343 4475
f 2343 293 4475
f 4475 293 2264
f 293 2343 2266
f 2266 2343 4476
f 2343 238 4476
f 4476 238 2344
f 233 2267 2344
f 2344 2267 4476
f 2267 292 4476
f 4476 292 2266
f 233 2345 2268
f 2268 2345 4477
f 2345 268 4477
f 4477 268 2346
f 267 2269 2346
f 2346 2269 4477
f 2269 157 4477
f 4477 157 2268
f 267 2347 2270
f 2270 2347 4478
f 327 2348 2347
f 2347 2348 4478
f 2348 328 4478
f 4478 328 2271
f 2271 266 4478
f 4478 266 2270
f 2349 7 4479
f 4479 7 1391
f 5 2273 1391
f 1391 2273 4479
f 2273 99 4479
f 4479 99 2350
f 106 2349 2350
f 2350 2349 4479
f 2351 99 4480
f 4480 99 2274
f 596 2275 2274
f 2274 2275 4480
f 2275 595 4480
f 4480 595 2352
f 104 2351 2352
f 2352 2351 4480
f 2353 595 4481
f 4481 595 2276
f 603 2277 2276
f 2276 2277 4481
f 2277 602 4481
f 4481 602 2354
f 594 2353 2354
f 2354 2353 4481
f 2355 602 4482
f 4482 602 2278
f 95 2279 2278
f 2278 2279 4482
f 2279 98 4482
f 4482 98 2356
f 601 2355 2356
f 2356 2355 4482
f 2357 98 4483
f 4483 98 2280
f 94 2281 2280
f 2280 2281 4483
f 2281 97 4483
f 4483 97 2358
f 103 2357 2358
f 2358 2357 4483
f 2359 97 4484
f 4484 97 2282
f 82 2283 2282
f 2282 2283 4484
f 2283 81 4484
f 4484 81 2360
f 100 2359 2360
f 2360 2359 4484
f 2361 100 4485
f 4485 100 2360
f 81 2285 2360
f 2360 2285 4485
f 2285 80 4485
f 4485 80 2287
f 96 2361 2287
f 2287 2361 4485
f 88 2363 2362
f 2362 2363 4486
f 2363 101 4486
f 4486 101 2364
f 96 2286 2364
f 2364 2286 4486
f 2286 87 4486
f 4486 87 2362
f 662 2295 2289
f 2289 2295 4487
f 2295 661 4487
f 4487 661 2365
f 672 2366 2365
f 2365 2366 4487
f 2366 673 4487
f 4487 673 2289
f 668 2368 2367
f 2367 2368 4488
f 2368 88 4488
f 4488 88 2362
f 87 2290 2362
f 2362 2290 4488
f 2290 673 4488
f 4488 673 2367
f 2292 664 4489
f 4489 664 2369
f 2369 614 4489
f 4489 614 2370
f 615 2293 2370
f 2370 2293 4489
f 607 2292 2293
f 2293 2292 4489
f 615 2371 2294
f 2294 2371 4490
f 640 2372 2371
f 2371 2372 4490
f 2372 660 4490
f 4490 660 2373
f 661 2294 2373
f 2373 2294 4490
f 76 2374 2307
f 2307 2374 4491
f 2374 102 4491
f 4491 102 2375
f 70 2296 2375
f 2375 2296 4491
f 2296 75 4491
f 4491 75 2307
f 70 2376 2297
f 2297 2376 4492
f 2376 69 4492
f 4492 69 2377
f 462 2298 2377
f 2377 2298 4492
f 2298 460 4492
f 4492 460 2297
f 462 2378 2299
f 2299 2378 4493
f 456 2379 2378
f 2378 2379 4493
f 457 2300 2379
f 2379 2300 4493
f 2300 480 4493
f 4493 480 2299
f 2380 453 4494
f 4494 453 2301
f 457 2381 2301
f 2301 2381 4494
f 2381 652 4494
f 4494 652 2382
f 608 2380 2382
f 2382 2380 4494
f 2380 608 4495
f 4495 608 2383
f 2383 609 4495
f 4495 609 2384
f 610 2302 2384
f 2384 2302 4495
f 453 2380 2302
f 2302 2380 4495
f 610 2385 2303
f 2303 2385 4496
f 2385 643 4496
f 4496 643 2386
f 2386 642 4496
f 4496 642 2304
f 613 2303 2304
f 2304 2303 4496
f 664 2305 2387
f 2387 2305 4497
f 2305 642 4497
f 4497 642 2388
f 2388 658 4497
f 4497 658 2389
f 657 2387 2389
f 2389 2387 4497
f 484 2390 2309
f 2309 2390 4498
f 2390 74 4498
f 4498 74 2391
f 76 2306 2391
f 2391 2306 4498
f 2306 483 4498
f 4498 483 2309
f 528 2392 2316
f 2316 2392 4499
f 2392 485 4499
f 4499 485 2393
f 484 2308 2393
f 2393 2308 4499
f 2308 529 4499
f 4499 529 2316
f 2394 522 4500
f 4500 522 2395
f 513 2312 2395
f 2395 2312 4500
f 500 2311 2312
f 2312 2311 4500
f 2311 518 4500
f 4500 518 2394
f 2396 514 4501
f 4501 514 2397
f 2397 470 4501
f 4501 470 2314
f 2314 471 4501
f 4501 471 2313
f 513 2396 2313
f 2313 2396 4501
f 693 2399 2398
f 2398 2399 4502
f 2399 683 4502
f 4502 683 2400
f 528 2315 2400
f 2400 2315 4502
f 2315 470 4502
f 4502 470 2398
f 109 2318 2401
f 2401 2318 4503
f 2318 10 4503
f 4503 10 1392
f 9 2402 1392
f 1392 2402 4503
f 2402 108 4503
f 4503 108 2401
f 2403 78 4504
f 4504 78 2319
f 109 2404 2319
f 2319 2404 4504
f 2404 120 4504
f 4504 120 2405
f 71 2403 2405
f 2405 2403 4504
f 60 2321 1393
f 1393 2321 4505
f 2321 686 4505
f 4505 686 2407
f 692 2406 2407
f 2407 2406 4505
f 78 2403 2320
f 2320 2403 4506
f 2403 71 4506
f 4506 71 2408
f 680 2409 2408
f 2408 2409 4506
f 2409 686 4506
f 4506 686 2320
f 524 2323 2324
f 2324 2323 4507
f 2323 698 4507
f 4507 698 2410
f 697 2411 2410
f 2410 2411 4507
f 2411 525 4507
f 4507 525 2324
f 2325 525 4508
f 4508 525 2412
f 526 2413 2412
f 2412 2413 4508
f 2413 521 4508
f 4508 521 2326
f 520 2325 2326
f 2326 2325 4508
f 2327 521 4509
f 4509 521 2414
f 522 2394 2414
f 2414 2394 4509
f 518 2328 2394
f 2394 2328 4509
f 2328 517 4509
f 4509 517 2327
f 346 2337 2415
f 2415 2337 4510
f 2337 26 4510
f 4510 26 1394
f 24 2330 1394
f 1394 2330 4510
f 2330 347 4510
f 4510 347 2415
f 234 2417 2416
f 2416 2417 4511
f 2417 347 4511
f 4511 347 2329
f 348 2332 2329
f 2329 2332 4511
f 2332 159 4511
f 4511 159 2416
f 2348 327 4512
f 4512 327 2418
f 2418 159 4512
f 4512 159 2331
f 2331 160 4512
f 4512 160 2333
f 328 2348 2333
f 2333 2348 4512
f 244 2335 2419
f 2419 2335 4513
f 2335 345 4513
f 4513 345 2336
f 346 2420 2336
f 2336 2420 4513
f 2420 239 4513
f 4513 239 2419
f 2421 324 4514
f 4514 324 2338
f 2338 244 4514
f 4514 244 2419
f 239 2422 2419
f 2419 2422 4514
f 2422 325 4514
f 4514 325 2421
f 324 2421 2340
f 2340 2421 4515
f 2421 325 4515
f 4515 325 2423
f 2423 269 4515
f 4515 269 2424
f 2424 270 4515
f 4515 270 2340
f 243 2341 2342
f 2342 2341 4516
f 2341 270 4516
f 4516 270 2424
f 269 2425 2424
f 2424 2425 4516
f 2425 238 4516
f 4516 238 2342
f 2425 269 4517
f 4517 269 2426
f 268 2345 2426
f 2426 2345 4517
f 2345 233 4517
f 4517 233 2344
f 238 2425 2344
f 2344 2425 4517
f 268 2427 2346
f 2346 2427 4518
f 2427 326 4518
f 4518 326 2428
f 327 2347 2428
f 2428 2347 4518
f 2347 267 4518
f 4518 267 2346
f 2429 6 4519
f 4519 6 1395
f 7 2349 1395
f 1395 2349 4519
f 2349 106 4519
f 4519 106 2430
f 105 2429 2430
f 2430 2429 4519
f 2431 106 4520
f 4520 106 2350
f 99 2351 2350
f 2350 2351 4520
f 2351 104 4520
f 4520 104 2432
f 115 2431 2432
f 2432 2431 4520
f 2433 104 4521
f 4521 104 2352
f 595 2353 2352
f 2352 2353 4521
f 2353 594 4521
f 4521 594 2434
f 116 2433 2434
f 2434 2433 4521
f 2435 594 4522
f 4522 594 2354
f 602 2355 2354
f 2354 2355 4522
f 2355 601 4522
f 4522 601 2436
f 593 2435 2436
f 2436 2435 4522
f 2437 601 4523
f 4523 601 2356
f 98 2357 2356
f 2356 2357 4523
f 2357 103 4523
f 4523 103 2438
f 600 2437 2438
f 2438 2437 4523
f 2439 103 4524
f 4524 103 2358
f 97 2359 2358
f 2358 2359 4524
f 2359 100 4524
f 4524 100 2440
f 110 2439 2440
f 2440 2439 4524
f 2441 110 4525
f 4525 110 2440
f 100 2361 2440
f 2440 2361 4525
f 2361 96 4525
f 4525 96 2364
f 101 2441 2364
f 2364 2441 4525
f 597 2443 2442
f 2442 2443 4526
f 2443 598 4526
f 4526 598 2444
f 101 2363 2444
f 2444 2363 4526
f 2363 88 4526
f 4526 88 2442
f 2365 661 4527
f 4527 661 2373
f 660 2445 2373
f 2373 2445 4527
f 2445 671 4527
f 4527 671 2446
f 672 2365 2446
f 2446 2365 4527
f 673 2366 2367
f 2367 2366 4528
f 2366 672 4528
f 4528 672 2447
f 669 2448 2447
f 2447 2448 4528
f 2448 668 4528
f 4528 668 2367
f 622 2450 2449
f 2449 2450 4529
f 2450 597 4529
f 4529 597 2442
f 88 2368 2442
f 2442 2368 4529
f 2368 668 4529
f 4529 668 2449
f 614 2369 2451
f 2451 2369 4530
f 2369 664 4530
f 4530 664 2387
f 2387 657 4530
f 4530 657 2452
f 616 2451 2452
f 2452 2451 4530
f 614 2453 2370
f 2370 2453 4531
f 641 2454 2453
f 2453 2454 4531
f 2454 640 4531
f 4531 640 2371
f 2371 615 4531
f 4531 615 2370
f 2372 640 4532
f 4532 640 2455
f 638 2456 2455
f 2455 2456 4532
f 2456 667 4532
f 4532 667 2457
f 660 2372 2457
f 2457 2372 4532
f 2374 76 4533
f 4533 76 2391
f 74 2458 2391
f 2391 2458 4533
f 2458 113 4533
f 4533 113 2459
f 102 2374 2459
f 2459 2374 4533
f 102 2460 2375
f 2375 2460 4534
f 2460 112 4534
f 4534 112 2461
f 69 2376 2461
f 2461 2376 4534
f 2376 70 4534
f 4534 70 2375
f 69 2462 2377
f 2377 2462 4535
f 2462 63 4535
f 4535 63 2463
f 456 2378 2463
f 2463 2378 4535
f 2378 462 4535
f 4535 462 2377
f 2464 618 4536
f 4536 618 2465
f 652 2381 2465
f 2465 2381 4536
f 2381 457 4536
f 4536 457 2379
f 456 2464 2379
f 2379 2464 4536
f 652 2466 2382
f 2382 2466 4537
f 2466 653 4537
f 4537 653 2467
f 611 2468 2467
f 2467 2468 4537
f 2468 608 4537
f 4537 608 2382
f 608 2468 2383
f 2383 2468 4538
f 2468 611 4538
f 4538 611 2469
f 612 2470 2469
f 2469 2470 4538
f 609 2383 2470
f 2470 2383 4538
f 609 2471 2384
f 2384 2471 4539
f 2471 644 4539
f 4539 644 2472
f 2472 643 4539
f 4539 643 2385
f 2385 610 4539
f 4539 610 2384
f 643 2472 2386
f 2386 2472 4540
f 644 2473 2472
f 2472 2473 4540
f 658 2388 2473
f 2473 2388 4540
f 2388 642 4540
f 4540 642 2386
f 2474 657 4541
f 4541 657 2389
f 658 2473 2389
f 2389 2473 4541
f 2473 644 4541
f 4541 644 2475
f 645 2474 2475
f 2475 2474 4541
f 2390 484 4542
f 4542 484 2393
f 485 2476 2393
f 2393 2476 4542
f 2476 73 4542
f 4542 73 2477
f 74 2390 2477
f 2477 2390 4542
f 683 2478 2400
f 2400 2478 4543
f 2478 684 4543
f 4543 684 2479
f 485 2392 2479
f 2479 2392 4543
f 2392 528 4543
f 4543 528 2400
f 2480 527 4544
f 4544 527 2481
f 514 2396 2481
f 2481 2396 4544
f 2396 513 4544
f 4544 513 2395
f 522 2480 2395
f 2395 2480 4544
f 2482 694 4545
f 4545 694 2483
f 2483 693 4545
f 4545 693 2398
f 470 2397 2398
f 2398 2397 4545
f 514 2482 2397
f 2397 2482 4545
f 683 2399 2484
f 2485 11 4546
f 4546 11 1396
f 6 2429 1396
f 1396 2429 4546
f 2429 105 4546
f 4546 105 2486
f 117 2485 2486
f 2486 2485 4546
f 2487 8 4547
f 4547 8 1397
f 11 2485 1397
f 1397 2485 4547
f 2485 117 4547
f 4547 117 2488
f 107 2487 2488
f 2488 2487 4547
f 9 1398 2402
f 2402 1398 4548
f 1398 8 4548
f 4548 8 2487
f 2487 107 4548
f 4548 107 2489
f 108 2402 2489
f 2489 2402 4548
f 2404 109 4549
f 4549 109 2401
f 108 2490 2401
f 2401 2490 4549
f 2490 118 4549
f 4549 118 2491
f 120 2404 2491
f 2491 2404 4549
f 77 2493 2492
f 2492 2493 4550
f 2493 71 4550
f 4550 71 2405
f 120 2494 2405
f 2405 2494 4550
f 2494 132 4550
f 4550 132 2492
f 2495 692 4551
f 4551 692 2407
f 686 2409 2407
f 2407 2409 4551
f 2409 680 4551
f 4551 680 2496
f 691 2495 2496
f 2496 2495 4551
f 685 2498 2497
f 2497 2498 4552
f 2498 680 4552
f 4552 680 2408
f 71 2493 2408
f 2408 2493 4552
f 2493 77 4552
f 4552 77 2497
f 525 2411 2412
f 2412 2411 4553
f 2411 697 4553
f 4553 697 2499
f 696 2500 2499
f 2499 2500 4553
f 2500 526 4553
f 4553 526 2412
f 2413 526 4554
f 4554 526 2501
f 527 2480 2501
f 2501 2480 4554
f 2480 522 4554
f 4554 522 2414
f 521 2413 2414
f 2414 2413 4554
f 239 2420 2502
f 2502 2420 4555
f 2420 346 4555
f 4555 346 2415
f 347 2417 2415
f 2415 2417 4555
f 2417 234 4555
f 4555 234 2502
f 326 2503 2428
f 2428 2503 4556
f 2503 234 4556
f 4556 234 2416
f 159 2418 2416
f 2416 2418 4556
f 2418 327 4556
f 4556 327 2428
f 325 2422 2504
f 2504 2422 4557
f 2422 239 4557
f 4557 239 2502
f 234 2503 2502
f 2502 2503 4557
f 2503 326 4557
f 4557 326 2504
f 269 2423 2426
f 2426 2423 4558
f 2423 325 4558
f 4558 325 2504
f 326 2427 2504
f 2504 2427 4558
f 2427 268 4558
f 4558 268 2426
f 2505 105 4559
f 4559 105 2430
f 106 2431 2430
f 2430 2431 4559
f 2431 115 4559
f 4559 115 2506
f 114 2505 2506
f 2506 2505 4559
f 2507 115 4560
f 4560 115 2432
f 104 2433 2432
f 2432 2433 4560
f 2433 116 4560
f 4560 116 2508
f 127 2507 2508
f 2508 2507 4560
f 2509 116 4561
f 4561 116 2434
f 594 2435 2434
f 2434 2435 4561
f 2435 593 4561
f 4561 593 2510
f 128 2509 2510
f 2510 2509 4561
f 2511 593 4562
f 4562 593 2436
f 601 2437 2436
f 2436 2437 4562
f 2437 600 4562
f 4562 600 2512
f 592 2511 2512
f 2512 2511 4562
f 2513 600 4563
f 4563 600 2438
f 103 2439 2438
f 2438 2439 4563
f 2439 110 4563
f 4563 110 2514
f 599 2513 2514
f 2514 2513 4563
f 598 2515 2444
f 2444 2515 4564
f 2515 599 4564
f 4564 599 2514
f 110 2441 2514
f 2514 2441 4564
f 2441 101 4564
f 4564 101 2444
f 589 2517 2516
f 2516 2517 4565
f 2517 590 4565
f 4565 590 2518
f 598 2443 2518
f 2518 2443 4565
f 2443 597 4565
f 4565 597 2516
f 671 2445 2519
f 2519 2445 4566
f 2445 660 4566
f 4566 660 2457
f 2457 667 4566
f 4566 667 2520
f 665 2519 2520
f 2520 2519 4566
f 2447 672 4567
f 4567 672 2446
f 671 2521 2446
f 2446 2521 4567
f 2521 670 4567
f 4567 670 2522
f 2522 669 4567
f 4567 669 2447
f 668 2448 2449
f 2449 2448 4568
f 2448 669 4568
f 4568 669 2523
f 621 2524 2523
f 2523 2524 4568
f 2524 622 4568
f 4568 622 2449
f 2525 589 4569
f 4569 589 2516
f 597 2450 2516
f 2516 2450 4569
f 2450 622 4569
f 4569 622 2526
f 624 2525 2526
f 2526 2525 4569
f 616 2527 2451
f 2451 2527 4570
f 2527 617 4570
f 4570 617 2528
f 641 2453 2528
f 2528 2453 4570
f 2453 614 4570
f 4570 614 2451
f 657 2474 2452
f 2452 2474 4571
f 2474 645 4571
f 4571 645 2529
f 2529 646 4571
f 4571 646 2530
f 2530 616 4571
f 4571 616 2452
f 2454 641 4572
f 4572 641 2528
f 617 2531 2528
f 2528 2531 4572
f 2531 638 4572
f 4572 638 2455
f 640 2454 2455
f 2455 2454 4572
f 2532 659 4573
f 4573 659 2533
f 665 2520 2533
f 2533 2520 4573
f 667 2456 2520
f 2520 2456 4573
f 2456 638 4573
f 4573 638 2532
f 73 2534 2477
f 2477 2534 4574
f 2534 125 4574
f 4574 125 2535
f 113 2458 2535
f 2535 2458 4574
f 2458 74 4574
f 4574 74 2477
f 113 2536 2459
f 2459 2536 4575
f 2536 124 4575
f 4575 124 2537
f 112 2460 2537
f 2537 2460 4575
f 2460 102 4575
f 4575 102 2459
f 112 2538 2461
f 2461 2538 4576
f 64 2539 2538
f 2538 2539 4576
f 2539 63 4576
f 4576 63 2462
f 2462 69 4576
f 4576 69 2461
f 2539 64 4577
f 4577 64 2540
f 619 2541 2540
f 2540 2541 4577
f 2541 456 4577
f 4577 456 2463
f 63 2539 2463
f 2463 2539 4577
f 456 2541 2464
f 2464 2541 4578
f 2541 619 4578
f 4578 619 2542
f 620 2543 2542
f 2542 2543 4578
f 2543 618 4578
f 4578 618 2464
f 618 2543 2465
f 2465 2543 4579
f 2543 620 4579
f 4579 620 2544
f 653 2466 2544
f 2544 2466 4579
f 2466 652 4579
f 4579 652 2465
f 653 2545 2467
f 2467 2545 4580
f 2545 654 4580
f 4580 654 2546
f 634 2547 2546
f 2546 2547 4580
f 2547 611 4580
f 4580 611 2467
f 611 2547 2469
f 2469 2547 4581
f 2547 634 4581
f 4581 634 2548
f 632 2549 2548
f 2548 2549 4581
f 2549 612 4581
f 4581 612 2469
f 612 2550 2470
f 2470 2550 4582
f 2550 645 4582
f 4582 645 2475
f 644 2471 2475
f 2475 2471 4582
f 2471 609 4582
f 4582 609 2470
f 2476 485 4583
f 4583 485 2479
f 684 2551 2479
f 2479 2551 4583
f 2551 682 4583
f 4583 682 2552
f 73 2476 2552
f 2552 2476 4583
f 684 2478 2553
f 2553 2478 4584
f 2478 683 4584
f 4584 683 2484
f 527 2554 2481
f 2481 2554 4585
f 2554 695 4585
f 4585 695 2555
f 694 2482 2555
f 2555 2482 4585
f 2482 514 4585
f 4585 514 2481
f 2556 117 4586
f 4586 117 2486
f 105 2505 2486
f 2486 2505 4586
f 2505 114 4586
f 4586 114 2557
f 129 2556 2557
f 2557 2556 4586
f 2558 107 4587
f 4587 107 2488
f 117 2556 2488
f 2488 2556 4587
f 2556 129 4587
f 4587 129 2559
f 119 2558 2559
f 2559 2558 4587
f 118 2490 2560
f 2560 2490 4588
f 2490 108 4588
f 4588 108 2489
f 107 2558 2489
f 2489 2558 4588
f 2558 119 4588
f 4588 119 2560
f 2494 120 4589
f 4589 120 2491
f 118 2561 2491
f 2491 2561 4589
f 2561 131 4589
f 4589 131 2562
f 132 2494 2562
f 2562 2494 4589
f 79 2564 2563
f 2563 2564 4590
f 2564 77 4590
f 4590 77 2492
f 132 2565 2492
f 2492 2565 4590
f 2565 148 4590
f 4590 148 2563
f 2498 685 4591
f 4591 685 2566
f 690 2567 2566
f 2566 2567 4591
f 2567 691 4591
f 4591 691 2496
f 680 2498 2496
f 2496 2498 4591
f 687 2569 2568
f 2568 2569 4592
f 2569 685 4592
f 4592 685 2497
f 77 2564 2497
f 2497 2564 4592
f 2564 79 4592
f 4592 79 2568
f 526 2500 2501
f 2501 2500 4593
f 2500 696 4593
f 4593 696 2570
f 695 2554 2570
f 2570 2554 4593
f 2554 527 4593
f 4593 527 2501
f 2571 114 4594
f 4594 114 2506
f 115 2507 2506
f 2506 2507 4594
f 2507 127 4594
f 4594 127 2572
f 126 2571 2572
f 2572 2571 4594
f 2573 127 4595
f 4595 127 2508
f 116 2509 2508
f 2508 2509 4595
f 2509 128 4595
f 4595 128 2574
f 141 2573 2574
f 2574 2573 4595
f 2575 128 4596
f 4596 128 2510
f 593 2511 2510
f 2510 2511 4596
f 2511 592 4596
f 4596 592 2576
f 123 2575 2576
f 2576 2575 4596
f 2577 592 4597
f 4597 592 2512
f 600 2513 2512
f 2512 2513 4597
f 2513 599 4597
f 4597 599 2578
f 591 2577 2578
f 2578 2577 4597
f 2515 598 4598
f 4598 598 2518
f 590 2579 2518
f 2518 2579 4598
f 2579 591 4598
f 4598 591 2578
f 599 2515 2578
f 2578 2515 4598
f 67 2581 2580
f 2580 2581 4599
f 2581 111 4599
f 4599 111 2582
f 590 2517 2582
f 2582 2517 4599
f 2517 589 4599
f 4599 589 2580
f 666 2584 2583
f 2583 2584 4600
f 2584 670 4600
f 4600 670 2521
f 2521 671 4600
f 4600 671 2519
f 2519 665 4600
f 4600 665 2583
f 669 2522 2523
f 2523 2522 4601
f 2522 670 4601
f 4601 670 2585
f 631 2586 2585
f 2585 2586 4601
f 2586 621 4601
f 4601 621 2523
f 622 2524 2526
f 2526 2524 4602
f 2524 621 4602
f 4602 621 2587
f 623 2588 2587
f 2587 2588 4602
f 2588 624 4602
f 4602 624 2526
f 589 2525 2580
f 2580 2525 4603
f 2525 624 4603
f 4603 624 2589
f 626 2590 2589
f 2589 2590 4603
f 2590 67 4603
f 4603 67 2580
f 2527 616 4604
f 4604 616 2530
f 646 2591 2530
f 2530 2591 4604
f 2591 647 4604
f 4604 647 2592
f 617 2527 2592
f 2592 2527 4604
f 612 2549 2550
f 2550 2549 4605
f 2549 632 4605
f 4605 632 2593
f 646 2529 2593
f 2593 2529 4605
f 2529 645 4605
f 4605 645 2550
f 647 2594 2592
f 2592 2594 4606
f 2594 663 4606
f 4606 663 2595
f 638 2531 2595
f 2595 2531 4606
f 2531 617 4606
f 4606 617 2592
f 638 2595 2532
f 2532 2595 4607
f 2595 663 4607
f 4607 663 2596
f 637 2597 2596
f 2596 2597 4607
f 659 2532 2597
f 2597 2532 4607
f 659 2598 2533
f 2533 2598 4608
f 2598 639 4608
f 4608 639 2599
f 666 2583 2599
f 2599 2583 4608
f 2583 665 4608
f 4608 665 2533
f 73 2600 2534
f 2534 2600 4609
f 2600 72 4609
f 4609 72 2601
f 147 2602 2601
f 2601 2602 4609
f 125 2534 2602
f 2602 2534 4609
f 2536 113 4610
f 4610 113 2535
f 125 2603 2535
f 2535 2603 4610
f 2603 149 4610
f 4610 149 2604
f 124 2536 2604
f 2604 2536 4610
f 2605 112 4611
f 4611 112 2537
f 124 2606 2537
f 2537 2606 4611
f 2606 139 4611
f 4611 139 2607
f 138 2605 2607
f 2607 2605 4611
f 2608 64 4612
f 4612 64 2538
f 112 2605 2538
f 2538 2605 4612
f 2605 138 4612
f 4612 138 2609
f 65 2608 2609
f 2609 2608 4612
f 2608 65 4613
f 4613 65 2610
f 630 2611 2610
f 2610 2611 4613
f 2611 619 4613
f 4613 619 2540
f 64 2608 2540
f 2540 2608 4613
f 2611 630 4614
f 4614 630 2612
f 629 2613 2612
f 2612 2613 4614
f 2613 620 4614
f 4614 620 2542
f 619 2611 2542
f 2542 2611 4614
f 620 2613 2544
f 2544 2613 4615
f 2613 629 4615
f 4615 629 2614
f 654 2545 2614
f 2614 2545 4615
f 2545 653 4615
f 4615 653 2544
f 654 2615 2546
f 2546 2615 4616
f 2615 655 4616
f 4616 655 2616
f 635 2617 2616
f 2616 2617 4616
f 2617 634 4616
f 4616 634 2546
f 634 2617 2548
f 2548 2617 4617
f 2617 635 4617
f 4617 635 2618
f 633 2619 2618
f 2618 2619 4617
f 2619 632 4617
f 4617 632 2548
f 2551 684 4618
f 4618 684 2553
f 682 2551 2620
f 2620 2551 4618
f 2621 681 4619
f 4619 681 2622
f 72 2600 2622
f 2622 2600 4619
f 2600 73 4619
f 4619 73 2552
f 682 2621 2552
f 2552 2621 4619
f 2623 129 4620
f 4620 129 2557
f 114 2571 2557
f 2557 2571 4620
f 2571 126 4620
f 4620 126 2624
f 142 2623 2624
f 2624 2623 4620
f 130 2626 2625
f 2625 2626 4621
f 2626 119 4621
f 4621 119 2559
f 129 2623 2559
f 2559 2623 4621
f 2623 142 4621
f 4621 142 2625
f 2561 118 4622
f 4622 118 2560
f 119 2626 2560
f 2560 2626 4622
f 2626 130 4622
f 4622 130 2627
f 131 2561 2627
f 2627 2561 4622
f 148 2565 2628
f 2628 2565 4623
f 2565 132 4623
f 4623 132 2562
f 131 2629 2562
f 2562 2629 4623
f 2629 143 4623
f 4623 143 2628
f 72 2630 2601
f 2601 2630 4624
f 2630 79 4624
f 4624 79 2563
f 148 2631 2563
f 2563 2631 4624
f 2631 147 4624
f 4624 147 2601
f 2632 690 4625
f 4625 690 2566
f 685 2569 2566
f 2566 2569 4625
f 2569 687 4625
f 4625 687 2633
f 689 2632 2633
f 2633 2632 4625
f 2634 687 4626
f 4626 687 2568
f 79 2630 2568
f 2568 2630 4626
f 2630 72 4626
f 4626 72 2622
f 681 2634 2622
f 2622 2634 4626
f 2635 126 4627
f 4627 126 2572
f 127 2573 2572
f 2572 2573 4627
f 2573 141 4627
f 4627 141 2636
f 140 2635 2636
f 2636 2635 4627
f 2637 141 4628
f 4628 141 2574
f 128 2575 2574
f 2574 2575 4628
f 2575 123 4628
f 4628 123 2638
f 134 2637 2638
f 2638 2637 4628
f 2639 123 4629
f 4629 123 2576
f 592 2577 2576
f 2576 2577 4629
f 2577 591 4629
f 4629 591 2640
f 122 2639 2640
f 2640 2639 4629
f 2579 590 4630
f 4630 590 2582
f 111 2641 2582
f 2582 2641 4630
f 2641 122 4630
f 4630 122 2640
f 591 2579 2640
f 2640 2579 4630
f 66 2643 2642
f 2642 2643 4631
f 2643 121 4631
f 4631 121 2644
f 111 2581 2644
f 2644 2581 4631
f 2581 67 4631
f 4631 67 2642
f 639 2645 2599
f 2599 2645 4632
f 2645 631 4632
f 4632 631 2585
f 670 2584 2585
f 2585 2584 4632
f 2584 666 4632
f 4632 666 2599
f 621 2586 2587
f 2587 2586 4633
f 2586 631 4633
f 4633 631 2646
f 648 2647 2646
f 2646 2647 4633
f 2647 623 4633
f 4633 623 2587
f 624 2588 2589
f 2589 2588 4634
f 2588 623 4634
f 4634 623 2648
f 625 2649 2648
f 2648 2649 4634
f 2649 626 4634
f 4634 626 2589
f 67 2590 2642
f 2642 2590 4635
f 2590 626 4635
f 4635 626 2650
f 628 2651 2650
f 2650 2651 4635
f 2651 66 4635
f 4635 66 2642
f 2591 646 4636
f 4636 646 2593
f 632 2619 2593
f 2593 2619 4636
f 2619 633 4636
f 4636 633 2652
f 647 2591 2652
f 2652 2591 4636
f 2594 647 4637
f 4637 647 2652
f 633 2653 2652
f 2652 2653 4637
f 2653 637 4637
f 4637 637 2596
f 663 2594 2596
f 2596 2594 4637
f 2598 659 4638
f 4638 659 2597
f 637 2654 2597
f 2597 2654 4638
f 2654 636 4638
f 4638 636 2655
f 639 2598 2655
f 2655 2598 4638
f 2603 125 4639
f 4639 125 2602
f 147 2656 2602
f 2602 2656 4639
f 2656 146 4639
f 4639 146 2657
f 149 2603 2657
f 2657 2603 4639
f 2606 124 4640
f 4640 124 2604
f 149 2658 2604
f 2604 2658 4640
f 2658 150 4640
f 4640 150 2659
f 139 2606 2659
f 2659 2606 4640
f 138 2607 2660
f 2660 2607 4641
f 139 2661 2607
f 2607 2661 4641
f 136 2662 2661
f 2661 2662 4641
f 2662 137 4641
f 4641 137 2660
f 65 2609 2663
f 2663 2609 4642
f 2609 138 4642
f 4642 138 2660
f 137 2664 2660
f 2660 2664 4642
f 2664 68 4642
f 4642 68 2663
f 65 2663 2610
f 2610 2663 4643
f 68 2665 2663
f 2663 2665 4643
f 651 2666 2665
f 2665 2666 4643
f 2666 630 4643
f 4643 630 2610
f 2666 651 4644
f 4644 651 2667
f 650 2668 2667
f 2667 2668 4644
f 2668 629 4644
f 4644 629 2612
f 630 2666 2612
f 2612 2666 4644
f 2668 650 4645
f 4645 650 2669
f 655 2615 2669
f 2669 2615 4645
f 2615 654 4645
f 4645 654 2614
f 629 2668 2614
f 2614 2668 4645
f 2670 656 4646
f 4646 656 2671
f 636 2672 2671
f 2671 2672 4646
f 2672 635 4646
f 4646 635 2616
f 655 2670 2616
f 2616 2670 4646
f 635 2672 2618
f 2618 2672 4647
f 2672 636 4647
f 4647 636 2654
f 637 2653 2654
f 2654 2653 4647
f 2653 633 4647
f 4647 633 2618
f 2673 688 4648
f 4648 688 2674
f 681 2621 2674
f 2674 2621 4648
f 2621 682 4648
f 4648 682 2620
f 2620 2673 4648
f 145 2676 2675
f 2675 2676 4649
f 2676 142 4649
f 4649 142 2624
f 126 2635 2624
f 2624 2635 4649
f 2635 140 4649
f 4649 140 2675
f 2677 130 4650
f 4650 130 2625
f 142 2676 2625
f 2625 2676 4650
f 2676 145 4650
f 4650 145 2678
f 144 2677 2678
f 2678 2677 4650
f 2629 131 4651
f 4651 131 2627
f 130 2677 2627
f 2627 2677 4651
f 2677 144 4651
f 4651 144 2679
f 143 2629 2679
f 2679 2629 4651
f 147 2631 2656
f 2656 2631 4652
f 2631 148 4652
f 4652 148 2628
f 2628 143 4652
f 4652 143 2680
f 146 2656 2680
f 2680 2656 4652
f 2681 689 4653
f 4653 689 2633
f 687 2634 2633
f 2633 2634 4653
f 2634 681 4653
f 4653 681 2674
f 688 2681 2674
f 2674 2681 4653
f 133 2683 2682
f 2682 2683 4654
f 2683 140 4654
f 4654 140 2636
f 141 2637 2636
f 2636 2637 4654
f 2637 134 4654
f 4654 134 2682
f 135 2685 2684
f 2684 2685 4655
f 2685 134 4655
f 4655 134 2638
f 123 2639 2638
f 2638 2639 4655
f 2639 122 4655
f 4655 122 2684
f 121 2686 2644
f 2644 2686 4656
f 2686 135 4656
f 4656 135 2684
f 122 2641 2684
f 2684 2641 4656
f 2641 111 4656
f 4656 111 2644
f 68 2664 2687
f 2687 2664 4657
f 2664 137 4657
f 4657 137 2688
f 121 2643 2688
f 2688 2643 4657
f 2643 66 4657
f 4657 66 2687
f 631 2645 2646
f 2646 2645 4658
f 2645 639 4658
f 4658 639 2689
f 649 2690 2689
f 2689 2690 4658
f 2690 648 4658
f 4658 648 2646
f 623 2647 2648
f 2648 2647 4659
f 2647 648 4659
f 4659 648 2690
f 649 2691 2690
f 2690 2691 4659
f 2691 625 4659
f 4659 625 2648
f 626 2649 2650
f 2650 2649 4660
f 2649 625 4660
f 4660 625 2692
f 627 2693 2692
f 2692 2693 4660
f 2693 628 4660
f 4660 628 2650
f 66 2651 2687
f 2687 2651 4661
f 628 2694 2651
f 2651 2694 4661
f 2694 651 4661
f 4661 651 2665
f 2665 68 4661
f 4661 68 2687
f 2695 649 4662
f 4662 649 2689
f 639 2655 2689
f 2689 2655 4662
f 2655 636 4662
f 4662 636 2671
f 656 2695 2671
f 2671 2695 4662
f 2658 149 4663
f 4663 149 2657
f 146 2696 2657
f 2657 2696 4663
f 2696 145 4663
f 4663 145 2697
f 150 2658 2697
f 2697 2658 4663
f 2661 139 4664
f 4664 139 2659
f 150 2698 2659
f 2659 2698 4664
f 133 2699 2698
f 2698 2699 4664
f 2699 136 4664
f 4664 136 2661
f 137 2662 2688
f 2688 2662 4665
f 2662 136 4665
f 4665 136 2700
f 135 2686 2700
f 2700 2686 4665
f 2686 121 4665
f 4665 121 2688
f 651 2694 2667
f 2667 2694 4666
f 2694 628 4666
f 4666 628 2693
f 627 2701 2693
f 2693 2701 4666
f 2701 650 4666
f 4666 650 2667
f 2701 627 4667
f 4667 627 2702
f 656 2670 2702
f 2702 2670 4667
f 2670 655 4667
f 4667 655 2669
f 650 2701 2669
f 2669 2701 4667
f 150 2697 2698
f 2698 2697 4668
f 2697 145 4668
f 4668 145 2675
f 140 2683 2675
f 2675 2683 4668
f 2683 133 4668
f 4668 133 2698
f 2696 146 4669
f 4669 146 2680
f 143 2679 2680
f 2680 2679 4669
f 2679 144 4669
f 4669 144 2678
f 145 2696 2678
f 2678 2696 4669
f 136 2699 2700
f 2700 2699 4670
f 2699 133 4670
f 4670 133 2682
f 134 2685 2682
f 2682 2685 4670
f 2685 135 4670
f 4670 135 2700
f 627 2692 2702
f 2702 2692 4671
f 625 2691 2692
f 2692 2691 4671
f 649 2695 2691
f 2691 2695 4671
f 2695 656 4671
f 4671 656 2702
f 2705 1085 4672
f 4672 1085 2704
f 1025 2703 2704
f 2704 2703 4672
f 2703 42 4672
f 4672 42 1338
f 50 2705 1338
f 1338 2705 4672
f 2703 1025 4673
f 4673 1025 2707
f 2707 1051 4673
f 4673 1051 2706
f 46 1339 2706
f 2706 1339 4673
f 1339 42 4673
f 4673 42 2703
f 2705 50 4674
f 4674 50 1340
f 41 2709 1340
f 1340 2709 4674
f 2709 1022 4674
f 4674 1022 2708
f 1085 2705 2708
f 2708 2705 4674
f 2712 1023 4675
f 4675 1023 2711
f 1026 2710 2711
f 2711 2710 4675
f 2710 1025 4675
f 4675 1025 2704
f 1085 2712 2704
f 2704 2712 4675
f 2714 1072 4676
f 4676 1072 2713
f 48 1341 2713
f 2713 1341 4676
f 1341 46 4676
f 4676 46 2706
f 1051 2714 2706
f 2706 2714 4676
f 2716 1031 4677
f 4677 1031 2715
f 2715 1051 4677
f 4677 1051 2707
f 1025 2710 2707
f 2707 2710 4677
f 1026 2716 2710
f 2710 2716 4677
f 1022 2709 2718
f 2718 2709 4678
f 41 1342 2709
f 2709 1342 4678
f 1342 21 4678
f 4678 21 2717
f 820 2718 2717
f 2717 2718 4678
f 2721 1085 4679
f 4679 1085 2708
f 1022 2720 2708
f 2708 2720 4679
f 2720 1088 4679
f 4679 1088 2719
f 1089 2721 2719
f 2719 2721 4679
f 2724 802 4680
f 4680 802 2723
f 1026 2711 2723
f 2723 2711 4680
f 2711 1023 4680
f 4680 1023 2722
f 1008 2724 2722
f 2722 2724 4680
f 2726 1023 4681
f 4681 1023 2712
f 1085 2721 2712
f 2712 2721 4681
f 2721 1089 4681
f 4681 1089 2725
f 1024 2726 2725
f 2725 2726 4681
f 889 2728 2729
f 2729 2728 4682
f 2728 1011 4682
f 4682 1011 2727
f 40 1343 2727
f 2727 1343 4682
f 1343 35 4682
f 4682 35 2729
f 887 2730 2731
f 2731 2730 4683
f 2730 889 4683
f 4683 889 2729
f 35 1344 2729
f 2729 1344 4683
f 1344 33 4683
f 4683 33 2731
f 2733 1047 4684
f 4684 1047 2732
f 44 1345 2732
f 2732 1345 4684
f 1345 48 4684
f 4684 48 2713
f 1072 2733 2713
f 2713 2733 4684
f 2735 1071 4685
f 4685 1071 2734
f 1072 2714 2734
f 2734 2714 4685
f 2714 1051 4685
f 4685 1051 2715
f 1031 2735 2715
f 2715 2735 4685
f 2737 801 4686
f 4686 801 2736
f 1031 2716 2736
f 2736 2716 4686
f 2716 1026 4686
f 4686 1026 2723
f 802 2737 2723
f 2723 2737 4686
f 820 2717 2739
f 2739 2717 4687
f 2717 21 4687
f 4687 21 1346
f 1346 18 4687
f 4687 18 2738
f 816 2739 2738
f 2738 2739 4687
f 820 2741 2718
f 2718 2741 4688
f 821 2740 2741
f 2741 2740 4688
f 1088 2720 2740
f 2740 2720 4688
f 2720 1022 4688
f 4688 1022 2718
f 2744 1089 4689
f 4689 1089 2719
f 1088 2743 2719
f 2719 2743 4689
f 2743 1087 4689
f 4689 1087 2742
f 1086 2744 2742
f 2742 2744 4689
f 844 2745 2746
f 2746 2745 4690
f 2745 1008 4690
f 4690 1008 2722
f 1023 2726 2722
f 2722 2726 4690
f 2726 1024 4690
f 4690 1024 2746
f 2749 804 4691
f 4691 804 2748
f 802 2724 2748
f 2748 2724 4691
f 2724 1008 4691
f 4691 1008 2747
f 1007 2749 2747
f 2747 2749 4691
f 2751 1024 4692
f 4692 1024 2725
f 1089 2744 2725
f 2725 2744 4692
f 2744 1086 4692
f 4692 1086 2750
f 825 2751 2750
f 2750 2751 4692
f 2753 790 4693
f 4693 790 2752
f 12 1347 2752
f 2752 1347 4693
f 1347 40 4693
f 4693 40 2727
f 1011 2753 2727
f 2727 2753 4693
f 1012 2755 2756
f 2756 2755 4694
f 1011 2728 2755
f 2755 2728 4694
f 889 2754 2728
f 2728 2754 4694
f 890 2756 2754
f 2754 2756 4694
f 2731 33 4695
f 4695 33 1348
f 45 2758 1348
f 1348 2758 4695
f 2758 1048 4695
f 4695 1048 2757
f 887 2731 2757
f 2757 2731 4695
f 2760 891 4696
f 4696 891 2759
f 890 2754 2759
f 2759 2754 4696
f 2754 889 4696
f 4696 889 2730
f 887 2760 2730
f 2730 2760 4696
f 1047 2762 2732
f 2732 2762 4697
f 2762 888 4697
f 4697 888 2761
f 34 1349 2761
f 2761 1349 4697
f 1349 44 4697
f 4697 44 2732
f 1071 2764 2734
f 2734 2764 4698
f 2764 1052 4698
f 4698 1052 2763
f 1047 2733 2763
f 2763 2733 4698
f 2733 1072 4698
f 4698 1072 2734
f 2735 1031 4699
f 4699 1031 2767
f 1030 2766 2767
f 2767 2766 4699
f 2766 1070 4699
f 4699 1070 2765
f 1071 2735 2765
f 2765 2735 4699
f 2736 801 4700
f 4700 801 2769
f 892 2768 2769
f 2769 2768 4700
f 2768 1030 4700
f 4700 1030 2767
f 1031 2736 2767
f 2767 2736 4700
f 804 2771 2748
f 2748 2771 4701
f 803 2770 2771
f 2771 2770 4701
f 2770 801 4701
f 4701 801 2737
f 2737 802 4701
f 4701 802 2748
f 2773 816 4702
f 4702 816 2738
f 18 1350 2738
f 2738 1350 4702
f 1350 49 4702
f 4702 49 2772
f 1073 2773 2772
f 2772 2773 4702
f 2776 1002 4703
f 4703 1002 2775
f 820 2739 2775
f 2775 2739 4703
f 2739 816 4703
f 4703 816 2774
f 815 2776 2774
f 2774 2776 4703
f 2740 821 4704
f 4704 821 2778
f 980 2777 2778
f 2778 2777 4704
f 2777 1087 4704
f 4704 1087 2743
f 1088 2740 2743
f 2743 2740 4704
f 1002 2780 2775
f 2775 2780 4705
f 823 2779 2780
f 2780 2779 4705
f 2779 821 4705
f 4705 821 2741
f 820 2775 2741
f 2741 2775 4705
f 1222 2782 2783
f 2783 2782 4706
f 2782 1086 4706
f 4706 1086 2742
f 1087 2781 2742
f 2742 2781 4706
f 2781 824 4706
f 4706 824 2783
f 2785 1007 4707
f 4707 1007 2747
f 1008 2745 2747
f 2747 2745 4707
f 2745 844 4707
f 4707 844 2784
f 845 2785 2784
f 2784 2785 4707
f 2787 844 4708
f 4708 844 2746
f 1024 2751 2746
f 2746 2751 4708
f 2751 825 4708
f 4708 825 2786
f 827 2787 2786
f 2786 2787 4708
f 1006 2789 2790
f 2790 2789 4709
f 2789 950 4709
f 4709 950 2788
f 804 2749 2788
f 2788 2749 4709
f 2749 1007 4709
f 4709 1007 2790
f 1079 2792 2793
f 2793 2792 4710
f 2792 825 4710
f 4710 825 2750
f 1086 2791 2750
f 2750 2791 4710
f 2791 979 4710
f 4710 979 2793
f 790 2795 2752
f 2752 2795 4711
f 789 2794 2795
f 2795 2794 4711
f 2794 13 4711
f 4711 13 1351
f 1351 12 4711
f 4711 12 2752
f 2755 1012 4712
f 4712 1012 2797
f 895 2796 2797
f 2797 2796 4712
f 2796 790 4712
f 4712 790 2753
f 1011 2755 2753
f 2753 2755 4712
f 890 2800 2756
f 2756 2800 4713
f 2800 948 4713
f 4713 948 2799
f 1013 2798 2799
f 2799 2798 4713
f 2798 1012 4713
f 4713 1012 2756
f 888 2801 2761
f 2761 2801 4714
f 1048 2758 2801
f 2801 2758 4714
f 2758 45 4714
f 4714 45 1352
f 1352 34 4714
f 4714 34 2761
f 2804 887 4715
f 4715 887 2757
f 1048 2803 2757
f 2757 2803 4715
f 2803 1049 4715
f 4715 1049 2802
f 939 2804 2802
f 2802 2804 4715
f 1043 2806 2807
f 2807 2806 4716
f 890 2759 2806
f 2806 2759 4716
f 891 2805 2759
f 2759 2805 4716
f 2805 1044 4716
f 4716 1044 2807
f 887 2804 2760
f 2760 2804 4717
f 2804 939 4717
f 4717 939 2809
f 2809 940 4717
f 4717 940 2808
f 891 2760 2808
f 2808 2760 4717
f 1052 2811 2763
f 2763 2811 4718
f 2811 1053 4718
f 4718 1053 2810
f 888 2762 2810
f 2810 2762 4718
f 2762 1047 4718
f 4718 1047 2763
f 2765 1070 4719
f 4719 1070 2813
f 2813 1046 4719
f 4719 1046 2812
f 1052 2764 2812
f 2812 2764 4719
f 2764 1071 4719
f 4719 1071 2765
f 2766 1030 4720
f 4720 1030 2768
f 2768 892 4720
f 4720 892 2815
f 1069 2814 2815
f 2815 2814 4720
f 2814 1070 4720
f 4720 1070 2766
f 803 2817 2770
f 2770 2817 4721
f 2817 894 4721
f 4721 894 2816
f 2816 892 4721
f 4721 892 2769
f 801 2770 2769
f 2769 2770 4721
f 950 2819 2788
f 2788 2819 4722
f 2819 949 4722
f 4722 949 2818
f 803 2771 2818
f 2818 2771 4722
f 2771 804 4722
f 4722 804 2788
f 2821 1073 4723
f 4723 1073 2772
f 49 1353 2772
f 2772 1353 4723
f 1353 19 4723
f 4723 19 2820
f 813 2821 2820
f 2820 2821 4723
f 2823 815 4724
f 4724 815 2774
f 816 2773 2774
f 2774 2773 4724
f 2773 1073 4724
f 4724 1073 2822
f 1074 2823 2822
f 2822 2823 4724
f 819 2825 2826
f 2826 2825 4725
f 2825 996 4725
f 4725 996 2824
f 1002 2776 2824
f 2824 2776 4725
f 2776 815 4725
f 4725 815 2826
f 1221 2827 2828
f 2828 2827 4726
f 824 2781 2827
f 2827 2781 4726
f 2781 1087 4726
f 4726 1087 2777
f 2777 980 4726
f 4726 980 2828
f 823 2830 2779
f 2779 2830 4727
f 2830 972 4727
f 4727 972 2829
f 2829 980 4727
f 4727 980 2778
f 821 2779 2778
f 2778 2779 4727
f 996 2832 2824
f 2824 2832 4728
f 2832 836 4728
f 4728 836 2831
f 823 2780 2831
f 2831 2780 4728
f 2780 1002 4728
f 4728 1002 2824
f 826 2833 2834
f 2834 2833 4729
f 2833 979 4729
f 4729 979 2791
f 1086 2782 2791
f 2791 2782 4729
f 2782 1222 4729
f 4729 1222 2834
f 824 2837 2783
f 2783 2837 4730
f 2837 1174 4730
f 4730 1174 2836
f 1226 2835 2836
f 2836 2835 4730
f 2835 1222 4730
f 4730 1222 2783
f 829 2838 2839
f 2839 2838 4731
f 2838 845 4731
f 4731 845 2784
f 844 2787 2784
f 2784 2787 4731
f 2787 827 4731
f 4731 827 2839
f 2841 1006 4732
f 4732 1006 2790
f 1007 2785 2790
f 2790 2785 4732
f 2785 845 4732
f 4732 845 2840
f 951 2841 2840
f 2840 2841 4732
f 2843 827 4733
f 4733 827 2786
f 825 2792 2786
f 2786 2792 4733
f 2792 1079 4733
f 4733 1079 2842
f 1080 2843 2842
f 2842 2843 4733
f 1005 2845 2846
f 2846 2845 4734
f 2845 806 4734
f 4734 806 2844
f 950 2789 2844
f 2844 2789 4734
f 2789 1006 4734
f 4734 1006 2846
f 2842 1079 4735
f 4735 1079 2793
f 979 2848 2793
f 2793 2848 4735
f 2848 978 4735
f 4735 978 2847
f 1080 2842 2847
f 2847 2842 4735
f 2794 789 4736
f 4736 789 2850
f 868 2849 2850
f 2850 2849 4736
f 2849 23 4736
f 4736 23 1354
f 13 2794 1354
f 1354 2794 4736
f 2796 895 4737
f 4737 895 2852
f 896 2851 2852
f 2852 2851 4737
f 2851 789 4737
f 4737 789 2795
f 790 2796 2795
f 2795 2796 4737
f 2798 1013 4738
f 4738 1013 2854
f 947 2853 2854
f 2854 2853 4738
f 2853 895 4738
f 4738 895 2797
f 1012 2798 2797
f 2797 2798 4738
f 911 2856 2857
f 2857 2856 4739
f 2856 1014 4739
f 4739 1014 2855
f 2855 1013 4739
f 4739 1013 2799
f 948 2857 2799
f 2799 2857 4739
f 2859 1042 4740
f 4740 1042 2858
f 948 2800 2858
f 2858 2800 4740
f 890 2806 2800
f 2800 2806 4740
f 2806 1043 4740
f 4740 1043 2859
f 2861 942 4741
f 4741 942 2860
f 2860 1049 4741
f 4741 1049 2803
f 2803 1048 4741
f 4741 1048 2801
f 888 2861 2801
f 2801 2861 4741
f 2802 1049 4742
f 4742 1049 2864
f 2864 1050 4742
f 4742 1050 2863
f 935 2862 2863
f 2863 2862 4742
f 939 2802 2862
f 2862 2802 4742
f 2867 1044 4743
f 4743 1044 2805
f 891 2866 2805
f 2805 2866 4743
f 893 2865 2866
f 2866 2865 4743
f 2865 1045 4743
f 4743 1045 2867
f 2870 1067 4744
f 4744 1067 2869
f 2869 1043 4744
f 4744 1043 2807
f 1044 2868 2807
f 2807 2868 4744
f 1068 2870 2868
f 2868 2870 4744
f 891 2808 2866
f 2866 2808 4745
f 940 2872 2808
f 2808 2872 4745
f 2872 941 4745
f 4745 941 2871
f 2871 893 4745
f 4745 893 2866
f 2809 939 4746
f 4746 939 2862
f 2862 935 4746
f 4746 935 2874
f 937 2873 2874
f 2874 2873 4746
f 2873 940 4746
f 4746 940 2809
f 888 2810 2861
f 2861 2810 4747
f 2810 1053 4747
f 4747 1053 2876
f 2876 1054 4747
f 4747 1054 2875
f 942 2861 2875
f 2875 2861 4747
f 1046 2878 2812
f 2812 2878 4748
f 1029 2877 2878
f 2878 2877 4748
f 2877 1053 4748
f 4748 1053 2811
f 1052 2812 2811
f 2811 2812 4748
f 1070 2814 2813
f 2813 2814 4749
f 2814 1069 4749
f 4749 1069 2880
f 2880 1045 4749
f 4749 1045 2879
f 1046 2813 2879
f 2879 2813 4749
f 2816 894 4750
f 4750 894 2882
f 1068 2881 2882
f 2882 2881 4750
f 2881 1069 4750
f 4750 1069 2815
f 892 2816 2815
f 2815 2816 4750
f 1067 2870 2883
f 2883 2870 4751
f 2870 1068 4751
f 4751 1068 2882
f 894 2817 2882
f 2882 2817 4751
f 2817 803 4751
f 4751 803 2883
f 803 2818 2883
f 2883 2818 4752
f 949 2885 2818
f 2818 2885 4752
f 2885 1066 4752
f 4752 1066 2884
f 2884 1067 4752
f 4752 1067 2883
f 806 2887 2844
f 2844 2887 4753
f 2887 805 4753
f 4753 805 2886
f 949 2819 2886
f 2886 2819 4753
f 2819 950 4753
f 4753 950 2844
f 2889 813 4754
f 4754 813 2820
f 19 1355 2820
f 2820 1355 4754
f 20 2888 1355
f 1355 2888 4754
f 818 2889 2888
f 2888 2889 4754
f 2891 1074 4755
f 4755 1074 2822
f 1073 2821 2822
f 2822 2821 4755
f 2821 813 4755
f 4755 813 2890
f 814 2891 2890
f 2890 2891 4755
f 2893 819 4756
f 4756 819 2826
f 815 2823 2826
f 2826 2823 4756
f 2823 1074 4756
f 4756 1074 2892
f 1075 2893 2892
f 2892 2893 4756
f 863 2895 2896
f 2896 2895 4757
f 2895 997 4757
f 4757 997 2894
f 996 2825 2894
f 2894 2825 4757
f 2825 819 4757
f 4757 819 2896
f 2827 1221 4758
f 4758 1221 2898
f 1223 2897 2898
f 2898 2897 4758
f 2897 1174 4758
f 4758 1174 2837
f 2837 824 4758
f 4758 824 2827
f 972 2900 2829
f 2829 2900 4759
f 2900 822 4759
f 4759 822 2899
f 2899 1221 4759
f 4759 1221 2828
f 980 2829 2828
f 2828 2829 4759
f 836 2902 2831
f 2831 2902 4760
f 2902 973 4760
f 4760 973 2901
f 972 2830 2901
f 2901 2830 4760
f 2830 823 4760
f 4760 823 2831
f 997 2904 2894
f 2894 2904 4761
f 2904 838 4761
f 4761 838 2903
f 836 2832 2903
f 2903 2832 4761
f 2832 996 4761
f 4761 996 2894
f 979 2833 2848
f 2848 2833 4762
f 2833 826 4762
f 4762 826 2906
f 2906 828 4762
f 4762 828 2905
f 978 2848 2905
f 2905 2848 4762
f 1222 2835 2834
f 2834 2835 4763
f 2835 1226 4763
f 4763 1226 2908
f 1176 2907 2908
f 2908 2907 4763
f 2907 826 4763
f 4763 826 2834
f 1174 2911 2836
f 2836 2911 4764
f 2911 1184 4764
f 4764 1184 2910
f 1225 2909 2910
f 2910 2909 4764
f 2909 1226 4764
f 4764 1226 2836
f 2913 951 4765
f 4765 951 2840
f 845 2838 2840
f 2840 2838 4765
f 2838 829 4765
f 4765 829 2912
f 952 2913 2912
f 2912 2913 4765
f 827 2843 2839
f 2839 2843 4766
f 1080 2915 2843
f 2843 2915 4766
f 2915 1081 4766
f 4766 1081 2914
f 829 2839 2914
f 2914 2839 4766
f 846 2916 2917
f 2917 2916 4767
f 2916 1005 4767
f 4767 1005 2846
f 1006 2841 2846
f 2846 2841 4767
f 2841 951 4767
f 4767 951 2917
f 1004 2919 2920
f 2920 2919 4768
f 2919 808 4768
f 4768 808 2918
f 806 2845 2918
f 2918 2845 4768
f 2845 1005 4768
f 4768 1005 2920
f 2915 1080 4769
f 4769 1080 2847
f 978 2922 2847
f 2847 2922 4769
f 2922 977 4769
f 4769 977 2921
f 1081 2915 2921
f 2921 2915 4769
f 2849 868 4770
f 4770 868 2924
f 873 2923 2924
f 2924 2923 4770
f 2923 25 4770
f 4770 25 1356
f 23 2849 1356
f 1356 2849 4770
f 2851 896 4771
f 4771 896 2926
f 897 2925 2926
f 2926 2925 4771
f 2925 868 4771
f 4771 868 2850
f 789 2851 2850
f 2850 2851 4771
f 2853 947 4772
f 4772 947 2928
f 946 2927 2928
f 2928 2927 4772
f 2927 896 4772
f 4772 896 2852
f 895 2853 2852
f 2852 2853 4772
f 1013 2855 2854
f 2854 2855 4773
f 1014 2930 2855
f 2855 2930 4773
f 2930 792 4773
f 4773 792 2929
f 2929 947 4773
f 4773 947 2854
f 924 2932 2933
f 2933 2932 4774
f 2932 1015 4774
f 4774 1015 2931
f 1014 2856 2931
f 2931 2856 4774
f 2856 911 4774
f 4774 911 2933
f 1041 2934 2935
f 2935 2934 4775
f 2934 911 4775
f 4775 911 2857
f 948 2858 2857
f 2857 2858 4775
f 2858 1042 4775
f 4775 1042 2935
f 1066 2936 2884
f 2884 2936 4776
f 2936 1042 4776
f 4776 1042 2859
f 1043 2869 2859
f 2859 2869 4776
f 1067 2884 2869
f 2869 2884 4776
f 942 2938 2860
f 2860 2938 4777
f 2938 936 4777
f 4777 936 2937
f 1050 2864 2937
f 2937 2864 4777
f 1049 2860 2864
f 2864 2860 4777
f 1050 2941 2863
f 2863 2941 4778
f 1055 2940 2941
f 2941 2940 4778
f 2940 1027 4778
f 4778 1027 2939
f 2939 935 4778
f 4778 935 2863
f 1045 2865 2879
f 2879 2865 4779
f 2865 893 4779
f 4779 893 2942
f 1029 2878 2942
f 2942 2878 4779
f 2878 1046 4779
f 4779 1046 2879
f 1044 2867 2868
f 2868 2867 4780
f 2867 1045 4780
f 4780 1045 2880
f 1069 2881 2880
f 2880 2881 4780
f 2881 1068 4780
f 4780 1068 2868
f 893 2871 2942
f 2942 2871 4781
f 941 2944 2871
f 2871 2944 4781
f 1028 2943 2944
f 2944 2943 4781
f 2943 1029 4781
f 4781 1029 2942
f 940 2873 2872
f 2872 2873 4782
f 2873 937 4782
f 4782 937 2946
f 2946 938 4782
f 4782 938 2945
f 941 2872 2945
f 2945 2872 4782
f 2947 938 4783
f 4783 938 2946
f 2946 937 4783
f 4783 937 2874
f 935 2939 2874
f 2874 2939 4783
f 1027 2947 2939
f 2939 2947 4783
f 1054 2949 2875
f 2875 2949 4784
f 2949 1055 4784
f 4784 1055 2948
f 936 2938 2948
f 2948 2938 4784
f 2938 942 4784
f 4784 942 2875
f 2877 1029 4785
f 4785 1029 2943
f 2943 1028 4785
f 4785 1028 2950
f 1054 2876 2950
f 2950 2876 4785
f 1053 2877 2876
f 2876 2877 4785
f 805 2952 2886
f 2886 2952 4786
f 2952 1065 4786
f 4786 1065 2951
f 1066 2885 2951
f 2951 2885 4786
f 2885 949 4786
f 4786 949 2886
f 808 2954 2918
f 2918 2954 4787
f 2954 807 4787
f 4787 807 2953
f 805 2887 2953
f 2953 2887 4787
f 2887 806 4787
f 4787 806 2918
f 2956 818 4788
f 4788 818 2888
f 2888 20 4788
f 4788 20 1357
f 22 2955 1357
f 1357 2955 4788
f 2955 858 4788
f 4788 858 2956
f 2958 814 4789
f 4789 814 2890
f 813 2889 2890
f 2890 2889 4789
f 2889 818 4789
f 4789 818 2957
f 817 2958 2957
f 2957 2958 4789
f 2960 1075 4790
f 4790 1075 2892
f 1074 2891 2892
f 2892 2891 4790
f 2891 814 4790
f 4790 814 2959
f 851 2960 2959
f 2959 2960 4790
f 1076 2961 2962
f 2962 2961 4791
f 2961 863 4791
f 4791 863 2896
f 819 2893 2896
f 2896 2893 4791
f 2893 1075 4791
f 4791 1075 2962
f 864 2964 2965
f 2965 2964 4792
f 2964 998 4792
f 4792 998 2963
f 997 2895 2963
f 2963 2895 4792
f 2895 863 4792
f 4792 863 2965
f 2897 1223 4793
f 1223 2967 4793
f 1224 2966 2967
f 2967 2966 4793
f 2966 1184 4793
f 4793 1184 2911
f 1174 2897 2911
f 2911 2897 4793
f 2899 822 4794
f 4794 822 2969
f 1175 2968 2969
f 2969 2968 4794
f 2968 1223 4794
f 4794 1223 2898
f 1221 2899 2898
f 2898 2899 4794
f 2900 972 4795
f 4795 972 2901
f 973 2971 2901
f 2901 2971 4795
f 2971 835 4795
f 4795 835 2970
f 822 2900 2970
f 2970 2900 4795
f 838 2973 2903
f 2903 2973 4796
f 2973 974 4796
f 4796 974 2972
f 973 2902 2972
f 2972 2902 4796
f 2902 836 4796
f 4796 836 2903
f 998 2975 2963
f 2963 2975 4797
f 840 2974 2975
f 2975 2974 4797
f 2974 838 4797
f 4797 838 2904
f 2904 997 4797
f 4797 997 2963
f 2922 978 4798
f 4798 978 2905
f 828 2977 2905
f 2905 2977 4798
f 2977 830 4798
f 4798 830 2976
f 977 2922 2976
f 2976 2922 4798
f 826 2907 2906
f 2906 2907 4799
f 1176 2979 2907
f 2907 2979 4799
f 2979 1177 4799
f 4799 1177 2978
f 828 2906 2978
f 2978 2906 4799
f 1226 2909 2908
f 2908 2909 4800
f 2909 1225 4800
f 4800 1225 2981
f 1186 2980 2981
f 2981 2980 4800
f 2980 1176 4800
f 4800 1176 2908
f 1184 2984 2910
f 2910 2984 4801
f 2984 1199 4801
f 4801 1199 2983
f 1313 2982 2983
f 2983 2982 4801
f 2982 1225 4801
f 4801 1225 2910
f 2987 952 4802
f 4802 952 2912
f 829 2986 2912
f 2912 2986 4802
f 2986 831 4802
f 4802 831 2985
f 953 2987 2985
f 2985 2987 4802
f 2989 846 4803
f 4803 846 2917
f 951 2913 2917
f 2917 2913 4803
f 2913 952 4803
f 4803 952 2988
f 841 2989 2988
f 2988 2989 4803
f 2986 829 4804
f 4804 829 2914
f 1081 2991 2914
f 2914 2991 4804
f 2991 1082 4804
f 4804 1082 2990
f 831 2986 2990
f 2990 2986 4804
f 849 2992 2993
f 2993 2992 4805
f 2992 1004 4805
f 4805 1004 2920
f 1005 2916 2920
f 2920 2916 4805
f 2916 846 4805
f 4805 846 2993
f 1173 2995 2996
f 2996 2995 4806
f 2995 866 4806
f 4806 866 2994
f 808 2919 2994
f 2994 2919 4806
f 2919 1004 4806
f 4806 1004 2996
f 2991 1081 4807
f 4807 1081 2921
f 977 2998 2921
f 2921 2998 4807
f 2998 976 4807
f 4807 976 2997
f 1082 2991 2997
f 2997 2991 4807
f 1145 3000 3001
f 3001 3000 4808
f 3000 52 4808
f 4808 52 1358
f 17 2999 1358
f 1358 2999 4808
f 2999 990 4808
f 4808 990 3001
f 990 2999 3003
f 3003 2999 4809
f 2999 17 4809
f 4809 17 1359
f 16 3002 1359
f 1359 3002 4809
f 3002 989 4809
f 4809 989 3003
f 878 3005 3006
f 3006 3005 4810
f 900 3004 3005
f 3005 3004 4810
f 3004 29 4810
f 4810 29 1360
f 1360 27 4810
f 4810 27 3006
f 2923 873 4811
f 4811 873 3007
f 3007 878 4811
f 4811 878 3006
f 27 1361 3006
f 3006 1361 4811
f 1361 25 4811
f 4811 25 2923
f 2925 897 4812
f 4812 897 3009
f 898 3008 3009
f 3009 3008 4812
f 3008 873 4812
f 4812 873 2924
f 868 2925 2924
f 2924 2925 4812
f 2927 946 4813
f 4813 946 3011
f 945 3010 3011
f 3011 3010 4813
f 3010 897 4813
f 4813 897 2926
f 896 2927 2926
f 2926 2927 4813
f 2929 792 4814
f 4814 792 3013
f 791 3012 3013
f 3013 3012 4814
f 3012 946 4814
f 4814 946 2928
f 947 2929 2928
f 2928 2929 4814
f 1015 3015 2931
f 2931 3015 4815
f 3015 957 4815
f 4815 957 3014
f 792 2930 3014
f 3014 2930 4815
f 2930 1014 4815
f 4815 1014 2931
f 2932 924 4816
f 4816 924 3018
f 923 3017 3018
f 3018 3017 4816
f 3017 1016 4816
f 4816 1016 3016
f 1015 2932 3016
f 3016 2932 4816
f 2934 1041 4817
f 4817 1041 3020
f 1040 3019 3020
f 3020 3019 4817
f 3019 924 4817
f 4817 924 2933
f 911 2934 2933
f 2933 2934 4817
f 2936 1066 4818
f 4818 1066 2951
f 1065 3021 2951
f 2951 3021 4818
f 3021 1041 4818
f 4818 1041 2935
f 1042 2936 2935
f 2935 2936 4818
f 2937 936 4819
f 4819 936 2948
f 2948 1055 4819
f 4819 1055 2941
f 2941 1050 4819
f 4819 1050 2937
f 1028 3022 2950
f 2950 3022 4820
f 1027 2940 3022
f 3022 2940 4820
f 2940 1055 4820
f 4820 1055 2949
f 2949 1054 4820
f 4820 1054 2950
f 2944 941 4821
f 4821 941 2945
f 938 2947 2945
f 2945 2947 4821
f 2947 1027 4821
f 4821 1027 3022
f 1028 2944 3022
f 3022 2944 4821
f 807 3024 2953
f 2953 3024 4822
f 3024 1064 4822
f 4822 1064 3023
f 1065 2952 3023
f 3023 2952 4822
f 2952 805 4822
f 4822 805 2953
f 866 3026 2994
f 2994 3026 4823
f 3026 865 4823
f 4823 865 3025
f 807 2954 3025
f 3025 2954 4823
f 2954 808 4823
f 4823 808 2994
f 858 2955 3028
f 3028 2955 4824
f 2955 22 4824
f 4824 22 1362
f 53 3027 1362
f 1362 3027 4824
f 1126 3028 3027
f 3027 3028 4824
f 3030 817 4825
f 4825 817 2957
f 818 2956 2957
f 2957 2956 4825
f 2956 858 4825
f 4825 858 3029
f 857 3030 3029
f 3029 3030 4825
f 3032 851 4826
f 4826 851 2959
f 814 2958 2959
f 2959 2958 4826
f 2958 817 4826
f 4826 817 3031
f 852 3032 3031
f 3031 3032 4826
f 3034 1076 4827
f 4827 1076 2962
f 1075 2960 2962
f 2962 2960 4827
f 2960 851 4827
f 4827 851 3033
f 853 3034 3033
f 3033 3034 4827
f 1077 3035 3036
f 3036 3035 4828
f 3035 864 4828
f 4828 864 2965
f 863 2961 2965
f 2965 2961 4828
f 2961 1076 4828
f 4828 1076 3036
f 955 3038 3039
f 3039 3038 4829
f 3038 999 4829
f 4829 999 3037
f 998 2964 3037
f 3037 2964 4829
f 2964 864 4829
f 4829 864 3039
f 1184 2966 2984
f 2984 2966 4830
f 2966 1224 4830
f 4830 1224 3041
f 1243 3040 3041
f 3041 3040 4830
f 1199 2984 3040
f 3040 2984 4830
f 1175 3043 2968
f 2968 3043 4831
f 3043 1185 4831
f 4831 1185 3042
f 3042 1224 4831
f 4831 1224 2967
f 1223 2968 2967
f 2967 2968 4831
f 2969 822 4832
f 4832 822 2970
f 835 3045 2970
f 2970 3045 4832
f 3045 1181 4832
f 4832 1181 3044
f 1175 2969 3044
f 3044 2969 4832
f 974 3047 2972
f 2972 3047 4833
f 3047 837 4833
f 4833 837 3046
f 835 2971 3046
f 3046 2971 4833
f 2971 973 4833
f 4833 973 2972
f 2974 840 4834
f 4834 840 3049
f 975 3048 3049
f 3049 3048 4834
f 3048 974 4834
f 4834 974 2973
f 838 2974 2973
f 2973 2974 4834
f 999 3051 3037
f 3037 3051 4835
f 3051 991 4835
f 4835 991 3050
f 3050 840 4835
f 4835 840 2975
f 2975 998 4835
f 4835 998 3037
f 2998 977 4836
f 4836 977 2976
f 830 3053 2976
f 2976 3053 4836
f 3053 832 4836
f 4836 832 3052
f 976 2998 3052
f 3052 2998 4836
f 2977 828 4837
f 4837 828 2978
f 1177 3055 2978
f 2978 3055 4837
f 1178 3054 3055
f 3055 3054 4837
f 830 2977 3054
f 3054 2977 4837
f 1176 2980 2979
f 2979 2980 4838
f 2980 1186 4838
f 4838 1186 3057
f 3057 1187 4838
f 4838 1187 3056
f 1177 2979 3056
f 3056 2979 4838
f 2982 1313 4839
f 1313 3059 4839
f 1203 3058 3059
f 3059 3058 4839
f 3058 1186 4839
f 4839 1186 2981
f 1225 2982 2981
f 2981 2982 4839
f 1199 3062 2983
f 2983 3062 4840
f 3062 1201 4840
f 4840 1201 3061
f 1314 3060 3061
f 3061 3060 4840
f 3060 1313 4840
f 4840 1313 2983
f 3065 953 4841
f 4841 953 2985
f 831 3064 2985
f 2985 3064 4841
f 3064 993 4841
f 4841 993 3063
f 994 3065 3063
f 3063 3065 4841
f 3067 841 4842
f 4842 841 2988
f 952 2987 2988
f 2988 2987 4842
f 2987 953 4842
f 4842 953 3066
f 842 3067 3066
f 3066 3067 4842
f 847 3068 3069
f 3069 3068 4843
f 3068 849 4843
f 4843 849 2993
f 846 2989 2993
f 2993 2989 4843
f 2989 841 4843
f 4843 841 3069
f 3064 831 4844
f 4844 831 2990
f 1082 3071 2990
f 2990 3071 4844
f 3071 1083 4844
f 4844 1083 3070
f 993 3064 3070
f 3070 3064 4844
f 3073 1130 4845
f 4845 1130 3072
f 1173 2996 3072
f 3072 2996 4845
f 1004 2992 2996
f 2996 2992 4845
f 849 3073 2992
f 2992 3073 4845
f 1172 3075 3076
f 3076 3075 4846
f 3075 810 4846
f 4846 810 3074
f 866 2995 3074
f 3074 2995 4846
f 2995 1173 4846
f 4846 1173 3076
f 3071 1082 4847
f 4847 1082 2997
f 976 3078 2997
f 2997 3078 4847
f 3078 1001 4847
f 4847 1001 3077
f 1083 3071 3077
f 3077 3071 4847
f 1146 3079 3080
f 3080 3079 4848
f 3079 51 4848
f 4848 51 1363
f 52 3000 1363
f 1363 3000 4848
f 3000 1145 4848
f 4848 1145 3080
f 1106 3082 3083
f 3083 3082 4849
f 3082 1145 4849
f 4849 1145 3001
f 990 3081 3001
f 3001 3081 4849
f 3081 800 4849
f 4849 800 3083
f 989 3002 3085
f 3085 3002 4850
f 3002 16 4850
f 4850 16 1364
f 47 3084 1364
f 1364 3084 4850
f 3084 1056 4850
f 4850 1056 3085
f 800 3081 3087
f 3087 3081 4851
f 3081 990 4851
f 4851 990 3003
f 989 3086 3003
f 3003 3086 4851
f 3086 799 4851
f 4851 799 3087
f 3004 900 4852
f 4852 900 3089
f 901 3088 3089
f 3089 3088 4852
f 3088 31 4852
f 4852 31 1365
f 29 3004 1365
f 1365 3004 4852
f 899 3091 3092
f 3092 3091 4853
f 3091 943 4853
f 4853 943 3090
f 900 3005 3090
f 3090 3005 4853
f 3005 878 4853
f 4853 878 3092
f 3008 898 4854
f 4854 898 3093
f 3093 899 4854
f 4854 899 3092
f 878 3007 3092
f 3092 3007 4854
f 873 3008 3007
f 3007 3008 4854
f 3010 945 4855
f 4855 945 3095
f 944 3094 3095
f 3095 3094 4855
f 3094 898 4855
f 4855 898 3009
f 897 3010 3009
f 3009 3010 4855
f 3012 791 4856
f 4856 791 3097
f 869 3096 3097
f 3097 3096 4856
f 3096 945 4856
f 4856 945 3011
f 946 3012 3011
f 3011 3012 4856
f 792 3014 3013
f 3013 3014 4857
f 3014 957 4857
f 4857 957 3099
f 958 3098 3099
f 3099 3098 4857
f 3098 791 4857
f 4857 791 3013
f 1016 3101 3016
f 3016 3101 4858
f 3101 912 4858
f 4858 912 3100
f 957 3015 3100
f 3100 3015 4858
f 3015 1015 4858
f 4858 1015 3016
f 922 3103 3104
f 3104 3103 4859
f 3103 1017 4859
f 4859 1017 3102
f 1016 3017 3102
f 3102 3017 4859
f 3017 923 4859
f 4859 923 3104
f 1039 3105 3106
f 3106 3105 4860
f 3105 923 4860
f 4860 923 3018
f 924 3019 3018
f 3018 3019 4860
f 3019 1040 4860
f 4860 1040 3106
f 1064 3107 3023
f 3023 3107 4861
f 3107 1040 4861
f 4861 1040 3020
f 1041 3021 3020
f 3020 3021 4861
f 3021 1065 4861
f 4861 1065 3023
f 865 3109 3025
f 3025 3109 4862
f 3109 1063 4862
f 4862 1063 3108
f 1064 3024 3108
f 3108 3024 4862
f 3024 807 4862
f 4862 807 3025
f 810 3111 3074
f 3074 3111 4863
f 3111 809 4863
f 4863 809 3110
f 865 3026 3110
f 3110 3026 4863
f 3026 866 4863
f 4863 866 3074
f 3113 1126 4864
f 4864 1126 3027
f 53 1366 3027
f 3027 1366 4864
f 1366 2 4864
f 4864 2 3112
f 724 3113 3112
f 3112 3113 4864
f 3115 857 4865
f 4865 857 3029
f 858 3028 3029
f 3029 3028 4865
f 3028 1126 4865
f 4865 1126 3114
f 1125 3115 3114
f 3114 3115 4865
f 3117 852 4866
f 4866 852 3031
f 817 3030 3031
f 3031 3030 4866
f 3030 857 4866
f 4866 857 3116
f 859 3117 3116
f 3116 3117 4866
f 3119 853 4867
f 4867 853 3033
f 851 3032 3033
f 3033 3032 4867
f 3032 852 4867
f 4867 852 3118
f 854 3119 3118
f 3118 3119 4867
f 855 3120 3121
f 3121 3120 4868
f 3120 1077 4868
f 4868 1077 3036
f 1076 3034 3036
f 3036 3034 4868
f 3034 853 4868
f 4868 853 3121
f 1078 3122 3123
f 3123 3122 4869
f 3122 955 4869
f 4869 955 3039
f 864 3035 3039
f 3039 3035 4869
f 3035 1077 4869
f 4869 1077 3123
f 3126 1084 4870
f 4870 1084 3125
f 1000 3124 3125
f 3125 3124 4870
f 999 3038 3124
f 3124 3038 4870
f 3038 955 4870
f 4870 955 3126
f 3040 1243 4871
f 4871 1243 3128
f 1244 3127 3128
f 3128 3127 4871
f 1201 3062 3127
f 3127 3062 4871
f 3062 1199 4871
f 4871 1199 3040
f 3042 1185 4872
f 4872 1185 3130
f 1200 3129 3130
f 3130 3129 4872
f 3129 1243 4872
f 4872 1243 3041
f 1224 3042 3041
f 3041 3042 4872
f 1181 3132 3044
f 3044 3132 4873
f 3132 1191 4873
f 4873 1191 3131
f 1185 3043 3131
f 3131 3043 4873
f 3043 1175 4873
f 4873 1175 3044
f 3045 835 4874
f 4874 835 3046
f 837 3134 3046
f 3046 3134 4874
f 3134 1182 4874
f 4874 1182 3133
f 1181 3045 3133
f 3133 3045 4874
f 975 3136 3048
f 3048 3136 4875
f 3136 839 4875
f 4875 839 3135
f 837 3047 3135
f 3135 3047 4875
f 3047 974 4875
f 4875 974 3048
f 3050 991 4876
f 4876 991 3138
f 992 3137 3138
f 3138 3137 4876
f 3137 975 4876
f 4876 975 3049
f 840 3050 3049
f 3049 3050 4876
f 3124 1000 4877
f 4877 1000 3139
f 3139 992 4877
f 4877 992 3138
f 991 3051 3138
f 3138 3051 4877
f 3051 999 4877
f 4877 999 3124
f 3078 976 4878
f 4878 976 3052
f 832 3141 3052
f 3052 3141 4878
f 3141 834 4878
f 4878 834 3140
f 1001 3078 3140
f 3140 3078 4878
f 3053 830 4879
f 4879 830 3054
f 3054 1178 4879
f 4879 1178 3143
f 1179 3142 3143
f 3143 3142 4879
f 832 3053 3142
f 3142 3053 4879
f 3055 1177 4880
f 4880 1177 3056
f 1187 3145 3056
f 3056 3145 4880
f 1188 3144 3145
f 3145 3144 4880
f 3144 1178 4880
f 4880 1178 3055
f 1187 3057 3147
f 3147 3057 4881
f 3057 1186 4881
f 4881 1186 3058
f 1203 3146 3058
f 3058 3146 4881
f 3146 1205 4881
f 4881 1205 3147
f 3149 1203 4882
f 4882 1203 3059
f 1313 3060 3059
f 3059 3060 4882
f 3060 1314 4882
f 4882 1314 3148
f 1204 3149 3148
f 3148 3149 4882
f 3152 1314 4883
f 4883 1314 3061
f 3061 1201 4883
f 4883 1201 3151
f 1316 3150 3151
f 3151 3150 4883
f 3150 1315 4883
f 4883 1315 3152
f 3155 994 4884
f 4884 994 3063
f 993 3154 3063
f 3063 3154 4884
f 3154 833 4884
f 4884 833 3153
f 954 3155 3153
f 3153 3155 4884
f 3157 842 4885
f 4885 842 3066
f 953 3065 3066
f 3066 3065 4885
f 3065 994 4885
f 4885 994 3156
f 995 3157 3156
f 3156 3157 4885
f 3159 847 4886
f 4886 847 3069
f 841 3067 3069
f 3069 3067 4886
f 3067 842 4886
f 4886 842 3158
f 848 3159 3158
f 3158 3159 4886
f 3161 1131 4887
f 4887 1131 3160
f 1130 3073 3160
f 3160 3073 4887
f 3073 849 4887
f 4887 849 3068
f 847 3161 3068
f 3068 3161 4887
f 3154 993 4888
f 4888 993 3070
f 1083 3163 3070
f 3070 3163 4888
f 3163 1084 4888
f 4888 1084 3162
f 833 3154 3162
f 3162 3154 4888
f 3165 1115 4889
f 4889 1115 3164
f 1172 3076 3164
f 3164 3076 4889
f 3076 1173 4889
f 4889 1173 3072
f 1130 3165 3072
f 3072 3165 4889
f 3168 1171 4890
f 4890 1171 3167
f 1104 3166 3167
f 3167 3166 4890
f 810 3075 3166
f 3166 3075 4890
f 3075 1172 4890
f 4890 1172 3168
f 3163 1083 4891
f 4891 1083 3077
f 1001 3169 3077
f 3077 3169 4891
f 3169 1000 4891
f 4891 1000 3125
f 1084 3163 3125
f 3125 3163 4891
f 3171 1147 4892
f 4892 1147 3170
f 54 1367 3170
f 3170 1367 4892
f 1367 51 4892
f 4892 51 3079
f 1146 3171 3079
f 3079 3171 4892
f 1090 3172 3173
f 3173 3172 4893
f 3172 1146 4893
f 4893 1146 3080
f 1145 3082 3080
f 3080 3082 4893
f 3082 1106 4893
f 4893 1106 3173
f 1142 3175 3176
f 3176 3175 4894
f 3175 1106 4894
f 4894 1106 3083
f 800 3174 3083
f 3083 3174 4894
f 3174 969 4894
f 4894 969 3176
f 1056 3084 3178
f 3178 3084 4895
f 3084 47 4895
f 4895 47 1368
f 43 3177 1368
f 1368 3177 4895
f 3177 1032 4895
f 4895 1032 3178
f 799 3086 3180
f 3180 3086 4896
f 3086 989 4896
f 4896 989 3085
f 1056 3179 3085
f 3085 3179 4896
f 3179 1057 4896
f 4896 1057 3180
f 969 3174 3182
f 3182 3174 4897
f 3174 800 4897
f 4897 800 3087
f 799 3181 3087
f 3087 3181 4897
f 3181 968 4897
f 4897 968 3182
f 3088 901 4898
f 4898 901 3184
f 970 3183 3184
f 3184 3183 4898
f 3183 37 4898
f 4898 37 1369
f 31 3088 1369
f 1369 3088 4898
f 3187 883 4899
f 4899 883 3186
f 885 3185 3186
f 3186 3185 4899
f 3185 901 4899
f 4899 901 3089
f 900 3187 3089
f 3089 3187 4899
f 3189 879 4900
f 4900 879 3188
f 883 3187 3188
f 3188 3187 4900
f 3187 900 4900
f 4900 900 3090
f 943 3189 3090
f 3090 3189 4900
f 3094 944 4901
f 4901 944 3190
f 943 3091 3190
f 3190 3091 4901
f 3091 899 4901
f 4901 899 3093
f 898 3094 3093
f 3093 3094 4901
f 3096 869 4902
f 4902 869 3192
f 874 3191 3192
f 3192 3191 4902
f 3191 944 4902
f 4902 944 3095
f 945 3096 3095
f 3095 3096 4902
f 3098 958 4903
f 4903 958 3194
f 959 3193 3194
f 3194 3193 4903
f 3193 869 4903
f 4903 869 3097
f 791 3098 3097
f 3097 3098 4903
f 3100 912 4904
f 4904 912 3196
f 913 3195 3196
f 3196 3195 4904
f 3195 958 4904
f 4904 958 3099
f 957 3100 3099
f 3099 3100 4904
f 3101 1016 4905
f 4905 1016 3102
f 1017 3198 3102
f 3102 3198 4905
f 3198 794 4905
f 4905 794 3197
f 912 3101 3197
f 3197 3101 4905
f 3201 927 4906
f 4906 927 3200
f 1018 3199 3200
f 3200 3199 4906
f 3199 1017 4906
f 4906 1017 3103
f 3103 922 4906
f 4906 922 3201
f 1038 3202 3203
f 3203 3202 4907
f 3202 922 4907
f 4907 922 3104
f 923 3105 3104
f 3104 3105 4907
f 3105 1039 4907
f 4907 1039 3203
f 1063 3204 3108
f 3108 3204 4908
f 3204 1039 4908
f 4908 1039 3106
f 1040 3107 3106
f 3106 3107 4908
f 3107 1064 4908
f 4908 1064 3108
f 809 3206 3110
f 3110 3206 4909
f 3206 1062 4909
f 4909 1062 3205
f 1063 3109 3205
f 3205 3109 4909
f 3109 865 4909
f 4909 865 3110
f 925 3208 3209
f 3209 3208 4910
f 3208 926 4910
f 4910 926 3207
f 809 3111 3207
f 3207 3111 4910
f 3111 810 4910
f 4910 810 3209
f 3211 724 4911
f 4911 724 3112
f 3112 2 4911
f 4911 2 1370
f 3 3210 1370
f 1370 3210 4911
f 3210 727 4911
f 4911 727 3211
f 3213 1125 4912
f 4912 1125 3114
f 1126 3113 3114
f 3114 3113 4912
f 3113 724 4912
f 4912 724 3212
f 723 3213 3212
f 3212 3213 4912
f 3215 859 4913
f 4913 859 3116
f 857 3115 3116
f 3116 3115 4913
f 3115 1125 4913
f 4913 1125 3214
f 1127 3215 3214
f 3214 3215 4913
f 3217 854 4914
f 4914 854 3118
f 852 3117 3118
f 3118 3117 4914
f 3117 859 4914
f 4914 859 3216
f 860 3217 3216
f 3216 3217 4914
f 3219 855 4915
f 4915 855 3121
f 853 3119 3121
f 3121 3119 4915
f 3119 854 4915
f 4915 854 3218
f 856 3219 3218
f 3218 3219 4915
f 956 3220 3221
f 3221 3220 4916
f 3220 1078 4916
f 4916 1078 3123
f 1077 3120 3123
f 3123 3120 4916
f 3120 855 4916
f 4916 855 3221
f 3222 833 4917
f 4917 833 3162
f 1084 3126 3162
f 3162 3126 4917
f 3126 955 4917
f 4917 955 3122
f 1078 3222 3122
f 3122 3222 4917
f 1201 3127 3151
f 3151 3127 4918
f 3127 1244 4918
f 4918 1244 3224
f 1317 3223 3224
f 3224 3223 4918
f 3223 1316 4918
f 4918 1316 3151
f 3129 1200 4919
f 4919 1200 3226
f 1202 3225 3226
f 3226 3225 4919
f 3225 1244 4919
f 4919 1244 3128
f 1243 3129 3128
f 3128 3129 4919
f 1191 3228 3131
f 3131 3228 4920
f 3228 1207 4920
f 4920 1207 3227
f 1200 3130 3227
f 3227 3130 4920
f 3130 1185 4920
f 4920 1185 3131
f 3132 1181 4921
f 4921 1181 3133
f 3133 1182 4921
f 4921 1182 3230
f 1192 3229 3230
f 3230 3229 4921
f 3229 1191 4921
f 4921 1191 3132
f 1183 3231 3232
f 3232 3231 4922
f 3231 1182 4922
f 4922 1182 3134
f 837 3135 3134
f 3134 3135 4922
f 3135 839 4922
f 4922 839 3232
f 3234 834 4923
f 4923 834 3233
f 3233 839 4923
f 4923 839 3136
f 3136 975 4923
f 4923 975 3137
f 992 3234 3137
f 3137 3234 4923
f 3169 1001 4924
f 4924 1001 3140
f 834 3234 3140
f 3140 3234 4924
f 3234 992 4924
f 4924 992 3139
f 1000 3169 3139
f 3139 3169 4924
f 834 3141 3236
f 3236 3141 4925
f 3141 832 4925
f 4925 832 3142
f 3142 1179 4925
f 4925 1179 3235
f 1180 3236 3235
f 3235 3236 4925
f 3238 1179 4926
f 4926 1179 3143
f 1178 3144 3143
f 3143 3144 4926
f 3144 1188 4926
f 4926 1188 3237
f 1189 3238 3237
f 3237 3238 4926
f 1187 3240 3145
f 3145 3240 4927
f 3240 1197 4927
f 4927 1197 3239
f 1188 3145 3239
f 3239 3145 4927
f 3242 1205 4928
f 4928 1205 3146
f 1203 3149 3146
f 3146 3149 4928
f 3149 1204 4928
f 4928 1204 3241
f 1206 3242 3241
f 3241 3242 4928
f 1205 3242 3147
f 3147 3242 4929
f 3242 1206 4929
f 4929 1206 3243
f 1197 3240 3243
f 3243 3240 4929
f 3240 1187 4929
f 4929 1187 3147
f 3245 1204 4930
f 4930 1204 3148
f 1314 3152 3148
f 3148 3152 4930
f 3152 1315 4930
f 4930 1315 3244
f 1196 3245 3244
f 3244 3245 4930
f 1315 3150 3244
f 3244 3150 4931
f 3150 1316 4931
f 4931 1316 3247
f 1194 3246 3247
f 3247 3246 4931
f 3246 1196 4931
f 4931 1196 3244
f 3248 954 4932
f 4932 954 3153
f 833 3222 3153
f 3153 3222 4932
f 1078 3220 3222
f 3222 3220 4932
f 3220 956 4932
f 4932 956 3248
f 3250 995 4933
f 4933 995 3156
f 994 3155 3156
f 3156 3155 4933
f 3155 954 4933
f 4933 954 3249
f 843 3250 3249
f 3249 3250 4933
f 3252 848 4934
f 4934 848 3158
f 842 3157 3158
f 3158 3157 4934
f 3157 995 4934
f 4934 995 3251
f 1003 3252 3251
f 3251 3252 4934
f 848 3254 3159
f 3159 3254 4935
f 3254 1132 4935
f 4935 1132 3253
f 1131 3161 3253
f 3253 3161 4935
f 3161 847 4935
f 4935 847 3159
f 1131 3256 3160
f 3160 3256 4936
f 3256 1112 4936
f 4936 1112 3255
f 1115 3165 3255
f 3255 3165 4936
f 3165 1130 4936
f 4936 1130 3160
f 1115 3258 3164
f 3164 3258 4937
f 3258 1124 4937
f 4937 1124 3257
f 1171 3168 3257
f 3257 3168 4937
f 3168 1172 4937
f 4937 1172 3164
f 810 3166 3209
f 3209 3166 4938
f 3166 1104 4938
f 4938 1104 3260
f 1141 3259 3260
f 3260 3259 4938
f 3259 925 4938
f 4938 925 3209
f 3167 1171 4939
f 4939 1171 3263
f 1170 3262 3263
f 3263 3262 4939
f 1097 3261 3262
f 3262 3261 4939
f 3261 1104 4939
f 4939 1104 3167
f 3265 1150 4940
f 4940 1150 3264
f 56 1371 3264
f 3264 1371 4940
f 1371 54 4940
f 4940 54 3170
f 1147 3265 3170
f 3170 3265 4940
f 3267 1102 4941
f 4941 1102 3266
f 1147 3171 3266
f 3266 3171 4941
f 3171 1146 4941
f 4941 1146 3172
f 3172 1090 4941
f 4941 1090 3267
f 1143 3268 3269
f 3269 3268 4942
f 3268 1090 4942
f 4942 1090 3173
f 1106 3175 3173
f 3173 3175 4942
f 3175 1142 4942
f 4942 1142 3269
f 1135 3271 3272
f 3272 3271 4943
f 3271 1142 4943
f 4943 1142 3176
f 969 3270 3176
f 3176 3270 4943
f 3270 903 4943
f 4943 903 3272
f 1032 3177 3274
f 3274 3177 4944
f 3177 43 4944
f 4944 43 1372
f 36 3273 1372
f 1372 3273 4944
f 3273 988 4944
f 4944 988 3274
f 1057 3179 3276
f 3276 3179 4945
f 3179 1056 4945
f 4945 1056 3178
f 1032 3275 3178
f 3178 3275 4945
f 3275 1033 4945
f 4945 1033 3276
f 968 3181 3278
f 3278 3181 4946
f 3181 799 4946
f 4946 799 3180
f 1057 3277 3180
f 3180 3277 4946
f 3277 1058 4946
f 4946 1058 3278
f 903 3270 3280
f 3280 3270 4947
f 3270 969 4947
f 4947 969 3182
f 968 3279 3182
f 3182 3279 4947
f 3279 902 4947
f 4947 902 3280
f 3183 970 4948
f 4948 970 3282
f 971 3281 3282
f 3282 3281 4948
f 3281 38 4948
f 4948 38 1373
f 37 3183 1373
f 1373 3183 4948
f 885 3284 3185
f 3185 3284 4949
f 3284 918 4949
f 4949 918 3283
f 970 3184 3283
f 3283 3184 4949
f 901 3185 3184
f 3184 3185 4949
f 917 3285 3286
f 3286 3285 4950
f 918 3284 3285
f 3285 3284 4950
f 3284 885 4950
f 4950 885 3186
f 883 3286 3186
f 3186 3286 4950
f 961 3287 3288
f 3288 3287 4951
f 3287 917 4951
f 4951 917 3286
f 883 3188 3286
f 3286 3188 4951
f 3188 879 4951
f 4951 879 3288
f 3191 874 4952
f 4952 874 3289
f 879 3189 3289
f 3289 3189 4952
f 3189 943 4952
f 4952 943 3190
f 944 3191 3190
f 3190 3191 4952
f 3193 959 4953
f 4953 959 3291
f 960 3290 3291
f 3291 3290 4953
f 3290 874 4953
f 4953 874 3192
f 869 3193 3192
f 3192 3193 4953
f 958 3195 3194
f 3194 3195 4954
f 3195 913 4954
f 4954 913 3293
f 914 3292 3293
f 3293 3292 4954
f 3292 959 4954
f 4954 959 3194
f 3197 794 4955
f 4955 794 3295
f 793 3294 3295
f 3295 3294 4955
f 3294 913 4955
f 4955 913 3196
f 912 3197 3196
f 3196 3197 4955
f 1018 3297 3199
f 3199 3297 4956
f 3297 928 4956
f 4956 928 3296
f 794 3198 3296
f 3296 3198 4956
f 3198 1017 4956
f 4956 1017 3199
f 3300 921 4957
f 4957 921 3299
f 1019 3298 3299
f 3299 3298 4957
f 3298 1018 4957
f 4957 1018 3200
f 927 3300 3200
f 3200 3300 4957
f 1037 3301 3302
f 3302 3301 4958
f 3301 927 4958
f 4958 927 3201
f 922 3202 3201
f 3201 3202 4958
f 3202 1038 4958
f 4958 1038 3302
f 1062 3303 3205
f 3205 3303 4959
f 3303 1038 4959
f 4959 1038 3203
f 1039 3204 3203
f 3203 3204 4959
f 3204 1063 4959
f 4959 1063 3205
f 926 3305 3207
f 3207 3305 4960
f 3305 1061 4960
f 4960 1061 3304
f 1062 3206 3304
f 3304 3206 4960
f 3206 809 4960
f 4960 809 3207
f 3208 925 4961
f 4961 925 3308
f 812 3307 3308
f 3308 3307 4961
f 3307 811 4961
f 4961 811 3306
f 926 3208 3306
f 3306 3208 4961
f 3310 727 4962
f 4962 727 3210
f 3 1374 3210
f 3210 1374 4962
f 1374 4 4962
f 4962 4 3309
f 729 3310 3309
f 3309 3310 4962
f 3312 723 4963
f 4963 723 3212
f 724 3211 3212
f 3212 3211 4963
f 3211 727 4963
f 4963 727 3311
f 728 3312 3311
f 3311 3312 4963
f 3314 1127 4964
f 4964 1127 3214
f 1125 3213 3214
f 3214 3213 4964
f 3213 723 4964
f 4964 723 3313
f 722 3314 3313
f 3313 3314 4964
f 3316 860 4965
f 4965 860 3216
f 859 3215 3216
f 3216 3215 4965
f 3215 1127 4965
f 4965 1127 3315
f 1128 3316 3315
f 3315 3316 4965
f 3318 856 4966
f 4966 856 3218
f 854 3217 3218
f 3218 3217 4966
f 3217 860 4966
f 4966 860 3317
f 861 3318 3317
f 3317 3318 4966
f 862 3319 3320
f 3320 3319 4967
f 3319 956 4967
f 4967 956 3221
f 855 3219 3221
f 3221 3219 4967
f 3219 856 4967
f 4967 856 3320
f 3322 1194 4968
f 4968 1194 3247
f 1316 3223 3247
f 3247 3223 4968
f 3223 1317 4968
f 4968 1317 3321
f 3321 1195 4968
f 4968 1195 3322
f 1195 3321 3323
f 3323 3321 4969
f 3321 1317 4969
f 4969 1317 3224
f 1244 3225 3224
f 3224 3225 4969
f 3225 1202 4969
f 4969 1202 3323
f 3227 1207 4970
f 4970 1207 3325
f 1208 3324 3325
f 3325 3324 4970
f 3324 1202 4970
f 4970 1202 3226
f 3226 1200 4970
f 4970 1200 3227
f 1198 3326 3327
f 3327 3326 4971
f 1208 3325 3326
f 3326 3325 4971
f 1207 3228 3325
f 3325 3228 4971
f 3228 1191 4971
f 4971 1191 3327
f 3328 1198 4972
f 4972 1198 3327
f 1191 3229 3327
f 3327 3229 4972
f 1192 3328 3229
f 3229 3328 4972
f 1193 3329 3330
f 3330 3329 4973
f 1192 3230 3329
f 3329 3230 4973
f 1182 3231 3230
f 3230 3231 4973
f 3231 1183 4973
f 4973 1183 3330
f 1180 3331 3236
f 3236 3331 4974
f 3331 1183 4974
f 4974 1183 3232
f 839 3233 3232
f 3232 3233 4974
f 834 3236 3233
f 3233 3236 4974
f 1179 3238 3235
f 3235 3238 4975
f 3238 1189 4975
f 4975 1189 3333
f 1190 3332 3333
f 3333 3332 4975
f 3332 1180 4975
f 4975 1180 3235
f 1188 3336 3237
f 3237 3336 4976
f 1214 3335 3336
f 3336 3335 4976
f 3335 1212 4976
f 4976 1212 3334
f 3334 1189 4976
f 4976 1189 3237
f 1188 3239 3336
f 3336 3239 4977
f 1197 3338 3239
f 3239 3338 4977
f 1220 3337 3338
f 3338 3337 4977
f 3337 1214 4977
f 4977 1214 3336
f 3243 1206 4978
f 4978 1206 3241
f 1204 3245 3241
f 3241 3245 4978
f 3245 1196 4978
f 4978 1196 3339
f 1197 3243 3339
f 3339 3243 4978
f 1215 3341 3342
f 3342 3341 4979
f 3341 1211 4979
f 4979 1211 3340
f 1196 3246 3340
f 3340 3246 4979
f 3246 1194 4979
f 4979 1194 3342
f 843 3249 3343
f 3343 3249 4980
f 3249 954 4980
f 4980 954 3248
f 956 3319 3248
f 3248 3319 4980
f 3319 862 4980
f 4980 862 3343
f 3345 1003 4981
f 4981 1003 3251
f 995 3250 3251
f 3251 3250 4981
f 3250 843 4981
f 4981 843 3344
f 850 3345 3344
f 3344 3345 4981
f 3348 1113 4982
f 4982 1113 3347
f 848 3252 3347
f 3347 3252 4982
f 3252 1003 4982
f 4982 1003 3346
f 1148 3348 3346
f 3346 3348 4982
f 1132 3350 3253
f 3253 3350 4983
f 3350 1099 4983
f 4983 1099 3349
f 1112 3256 3349
f 3349 3256 4983
f 3256 1131 4983
f 4983 1131 3253
f 1113 3352 3347
f 3347 3352 4984
f 3352 1133 4984
f 4984 1133 3351
f 1132 3254 3351
f 3351 3254 4984
f 3254 848 4984
f 4984 848 3347
f 1112 3354 3255
f 3255 3354 4985
f 3354 1116 4985
f 4985 1116 3353
f 1124 3258 3353
f 3353 3258 4985
f 3258 1115 4985
f 4985 1115 3255
f 1124 3356 3257
f 3257 3356 4986
f 1119 3355 3356
f 3356 3355 4986
f 3355 1170 4986
f 4986 1170 3263
f 3263 1171 4986
f 4986 1171 3257
f 3259 1141 4987
f 4987 1141 3358
f 1105 3357 3358
f 3358 3357 4987
f 3357 812 4987
f 4987 812 3308
f 925 3259 3308
f 3308 3259 4987
f 3261 1097 4988
f 4988 1097 3360
f 1140 3359 3360
f 3360 3359 4988
f 3359 1141 4988
f 4988 1141 3260
f 1104 3261 3260
f 3260 3261 4988
f 3262 1170 4989
f 4989 1170 3363
f 1169 3362 3363
f 3363 3362 4989
f 3362 1103 4989
f 4989 1103 3361
f 1097 3262 3361
f 3361 3262 4989
f 1149 3364 3365
f 3365 3364 4990
f 3364 55 4990
f 4990 55 1375
f 56 3264 1375
f 1375 3264 4990
f 1150 3365 3264
f 3264 3365 4990
f 3367 1153 4991
f 4991 1153 3366
f 1150 3265 3366
f 3366 3265 4991
f 3265 1147 4991
f 4991 1147 3266
f 1102 3367 3266
f 3266 3367 4991
f 3369 1144 4992
f 4992 1144 3368
f 1102 3267 3368
f 3368 3267 4992
f 1090 3268 3267
f 3267 3268 4992
f 3268 1143 4992
f 4992 1143 3369
f 1136 3370 3371
f 3371 3370 4993
f 3370 1143 4993
f 4993 1143 3269
f 1142 3271 3269
f 3269 3271 4993
f 3271 1135 4993
f 4993 1135 3371
f 3357 1105 4994
f 4994 1105 3373
f 3373 1135 4994
f 4994 1135 3272
f 903 3372 3272
f 3272 3372 4994
f 812 3357 3372
f 3372 3357 4994
f 988 3273 3375
f 3375 3273 4995
f 3273 36 4995
f 4995 36 1376
f 39 3374 1376
f 1376 3374 4995
f 3374 1010 4995
f 4995 1010 3375
f 1033 3275 3377
f 3377 3275 4996
f 3275 1032 4996
f 4996 1032 3274
f 988 3376 3274
f 3274 3376 4996
f 3376 919 4996
f 4996 919 3377
f 1058 3277 3379
f 3379 3277 4997
f 3277 1057 4997
f 4997 1057 3276
f 1033 3378 3276
f 3276 3378 4997
f 3378 1034 4997
f 4997 1034 3379
f 902 3279 3381
f 3381 3279 4998
f 3279 968 4998
f 4998 968 3278
f 1058 3380 3278
f 3278 3380 4998
f 3380 1059 4998
f 4998 1059 3381
f 3307 812 4999
f 4999 812 3372
f 3372 903 4999
f 4999 903 3280
f 902 3382 3280
f 3280 3382 4999
f 811 3307 3382
f 3382 3307 4999
f 981 3383 3384
f 3384 3383 5000
f 32 1377 3383
f 3383 1377 5000
f 38 3281 1377
f 1377 3281 5000
f 3281 971 5000
f 5000 971 3384
f 934 3385 3386
f 3386 3385 5001
f 3385 971 5001
f 5001 971 3282
f 970 3283 3282
f 3282 3283 5001
f 3283 918 5001
f 5001 918 3386
f 933 3387 3388
f 3388 3387 5002
f 3387 934 5002
f 5002 934 3386
f 3386 918 5002
f 5002 918 3285
f 917 3388 3285
f 3285 3388 5002
f 916 3390 3391
f 3391 3390 5003
f 3390 880 5003
f 5003 880 3389
f 917 3287 3389
f 3389 3287 5003
f 3287 961 5003
f 5003 961 3391
f 3290 960 5004
f 5004 960 3392
f 961 3288 3392
f 3392 3288 5004
f 3288 879 5004
f 5004 879 3289
f 874 3290 3289
f 3289 3290 5004
f 3292 914 5005
f 5005 914 3394
f 915 3393 3394
f 3394 3393 5005
f 3393 960 5005
f 5005 960 3291
f 959 3292 3291
f 3291 3292 5005
f 3294 793 5006
f 5006 793 3396
f 870 3395 3396
f 3396 3395 5006
f 3395 914 5006
f 5006 914 3293
f 913 3294 3293
f 3293 3294 5006
f 3295 794 5007
f 5007 794 3296
f 928 3398 3296
f 3296 3398 5007
f 3398 929 5007
f 5007 929 3397
f 3397 793 5007
f 5007 793 3295
f 3298 1019 5008
f 5008 1019 3400
f 3400 796 5008
f 5008 796 3399
f 3399 928 5008
f 5008 928 3297
f 1018 3298 3297
f 3297 3298 5008
f 920 3402 3403
f 3403 3402 5009
f 1020 3401 3402
f 3402 3401 5009
f 3401 1019 5009
f 5009 1019 3299
f 921 3403 3299
f 3299 3403 5009
f 1036 3404 3405
f 3405 3404 5010
f 921 3300 3404
f 3404 3300 5010
f 3300 927 5010
f 5010 927 3301
f 1037 3405 3301
f 3301 3405 5010
f 1061 3406 3304
f 3304 3406 5011
f 3406 1037 5011
f 5011 1037 3302
f 1038 3303 3302
f 3302 3303 5011
f 3303 1062 5011
f 5011 1062 3304
f 811 3408 3306
f 3306 3408 5012
f 3408 1060 5012
f 5012 1060 3407
f 1061 3305 3407
f 3407 3305 5012
f 3305 926 5012
f 5012 926 3306
f 3410 729 5013
f 5013 729 3309
f 4 1378 3309
f 3309 1378 5013
f 1378 59 5013
f 5013 59 3409
f 1242 3410 3409
f 3409 3410 5013
f 3412 728 5014
f 5014 728 3311
f 727 3310 3311
f 3311 3310 5014
f 3310 729 5014
f 5014 729 3411
f 731 3412 3411
f 3411 3412 5014
f 3414 722 5015
f 5015 722 3313
f 723 3312 3313
f 3313 3312 5015
f 3312 728 5015
f 5015 728 3413
f 730 3414 3413
f 3413 3414 5015
f 3416 1128 5016
f 5016 1128 3315
f 1127 3314 3315
f 3315 3314 5016
f 3314 722 5016
f 5016 722 3415
f 721 3416 3415
f 3415 3416 5016
f 3418 861 5017
f 5017 861 3317
f 860 3316 3317
f 3317 3316 5017
f 3316 1128 5017
f 5017 1128 3417
f 1129 3418 3417
f 3417 3418 5017
f 3420 862 5018
f 5018 862 3320
f 856 3318 3320
f 3320 3318 5018
f 3318 861 5018
f 5018 861 3419
f 867 3420 3419
f 3419 3420 5018
f 3422 1209 5019
f 5019 1209 3421
f 3421 1215 5019
f 5019 1215 3342
f 1194 3322 3342
f 3342 3322 5019
f 1195 3422 3322
f 3322 3422 5019
f 3423 1195 5020
f 5020 1195 3323
f 1202 3324 3323
f 3323 3324 5020
f 3324 1208 5020
f 5020 1208 3326
f 1198 3423 3326
f 3326 3423 5020
f 1192 3426 3328
f 3328 3426 5021
f 3426 1216 5021
f 5021 1216 3425
f 1218 3424 3425
f 3425 3424 5021
f 1198 3328 3424
f 3424 3328 5021
f 3329 1193 5022
f 5022 1193 3428
f 1210 3427 3428
f 3428 3427 5022
f 3427 1216 5022
f 5022 1216 3426
f 1192 3329 3426
f 3426 3329 5022
f 3331 1180 5023
f 5023 1180 3332
f 1190 3429 3332
f 3332 3429 5023
f 3429 1193 5023
f 5023 1193 3330
f 1183 3331 3330
f 3330 3331 5023
f 1189 3334 3333
f 3333 3334 5024
f 3334 1212 5024
f 5024 1212 3431
f 1213 3430 3431
f 3431 3430 5024
f 3430 1190 5024
f 5024 1190 3333
f 3431 1212 5025
f 5025 1212 3335
f 3335 1214 5025
f 5025 1214 3433
f 1217 3432 3433
f 3433 3432 5025
f 3432 1213 5025
f 5025 1213 3431
f 3337 1220 5026
f 5026 1220 3435
f 3435 1219 5026
f 5026 1219 3434
f 3434 1217 5026
f 5026 1217 3433
f 1214 3337 3433
f 3433 3337 5026
f 1197 3339 3338
f 3338 3339 5027
f 3339 1196 5027
f 5027 1196 3340
f 3340 1211 5027
f 5027 1211 3436
f 1220 3338 3436
f 3436 3338 5027
f 1220 3436 3435
f 3435 3436 5028
f 3436 1211 5028
f 5028 1211 3341
f 3341 1215 5028
f 5028 1215 3437
f 1219 3435 3437
f 3437 3435 5028
f 850 3344 3438
f 3438 3344 5029
f 3344 843 5029
f 5029 843 3343
f 862 3420 3343
f 3343 3420 5029
f 3420 867 5029
f 5029 867 3438
f 3440 1148 5030
f 5030 1148 3346
f 1003 3345 3346
f 3346 3345 5030
f 3345 850 5030
f 5030 850 3439
f 1114 3440 3439
f 3439 3440 5030
f 700 3442 3443
f 3443 3442 5031
f 3442 1093 5031
f 5031 1093 3441
f 1113 3348 3441
f 3441 3348 5031
f 3348 1148 5031
f 5031 1148 3443
f 1099 3445 3349
f 3349 3445 5032
f 3445 1117 5032
f 5032 1117 3444
f 1116 3354 3444
f 3444 3354 5032
f 3354 1112 5032
f 5032 1112 3349
f 1133 3447 3351
f 3351 3447 5033
f 3447 1101 5033
f 5033 1101 3446
f 1099 3350 3446
f 3446 3350 5033
f 3350 1132 5033
f 5033 1132 3351
f 1093 3449 3441
f 3441 3449 5034
f 3449 1092 5034
f 5034 1092 3448
f 1133 3352 3448
f 3448 3352 5034
f 3352 1113 5034
f 5034 1113 3441
f 1116 3451 3353
f 3353 3451 5035
f 3451 1111 5035
f 5035 1111 3450
f 3450 1119 5035
f 5035 1119 3356
f 3356 1124 5035
f 5035 1124 3353
f 3355 1119 5036
f 5036 1119 3453
f 1120 3452 3453
f 3453 3452 5036
f 3452 1169 5036
f 5036 1169 3363
f 1170 3355 3363
f 3363 3355 5036
f 1141 3359 3358
f 3358 3359 5037
f 3359 1140 5037
f 5037 1140 3455
f 1096 3454 3455
f 3455 3454 5037
f 3454 1105 5037
f 5037 1105 3358
f 3360 1097 5038
f 5038 1097 3361
f 1103 3457 3361
f 3361 3457 5038
f 1139 3456 3457
f 3457 3456 5038
f 3456 1140 5038
f 5038 1140 3360
f 1169 3460 3362
f 3362 3460 5039
f 3460 1168 5039
f 5039 1168 3459
f 1110 3458 3459
f 3459 3458 5039
f 3458 1103 5039
f 5039 1103 3362
f 1161 3461 3462
f 3462 3461 5040
f 3461 57 5040
f 5040 57 1379
f 55 3364 1379
f 1379 3364 5040
f 3364 1149 5040
f 5040 1149 3462
f 1157 3463 3464
f 3464 3463 5041
f 3463 1149 5041
f 5041 1149 3365
f 3365 1150 5041
f 5041 1150 3366
f 1153 3464 3366
f 3366 3464 5041
f 3466 1154 5042
f 5042 1154 3465
f 1153 3367 3465
f 3465 3367 5042
f 3367 1102 5042
f 5042 1102 3368
f 1144 3466 3368
f 3368 3466 5042
f 3468 1137 5043
f 5043 1137 3467
f 1144 3369 3467
f 3467 3369 5043
f 1143 3370 3369
f 3369 3370 5043
f 3370 1136 5043
f 5043 1136 3468
f 1096 3469 3454
f 3454 3469 5044
f 3469 1136 5044
f 5044 1136 3371
f 1135 3373 3371
f 3371 3373 5044
f 3373 1105 5044
f 5044 1105 3454
f 1010 3374 3471
f 3471 3374 5045
f 3374 39 5045
f 5045 39 1380
f 15 3470 1380
f 1380 3470 5045
f 3470 987 5045
f 5045 987 3471
f 919 3376 3473
f 3473 3376 5046
f 3376 988 5046
f 5046 988 3375
f 1010 3472 3375
f 3375 3472 5046
f 3472 1009 5046
f 5046 1009 3473
f 1034 3378 3475
f 3475 3378 5047
f 3378 1033 5047
f 5047 1033 3377
f 919 3474 3377
f 3377 3474 5047
f 3474 967 5047
f 5047 967 3475
f 1059 3380 3477
f 3477 3380 5048
f 3380 1058 5048
f 5048 1058 3379
f 3379 1034 5048
f 5048 1034 3476
f 3476 1035 5048
f 5048 1035 3477
f 3408 811 5049
f 5049 811 3382
f 3382 902 5049
f 5049 902 3381
f 3381 1059 5049
f 5049 1059 3478
f 1060 3408 3478
f 3478 3408 5049
f 3480 30 5050
f 5050 30 1381
f 32 3383 1381
f 1381 3383 5050
f 3383 981 5050
f 5050 981 3479
f 982 3480 3479
f 3479 3480 5050
f 886 3481 3482
f 3482 3481 5051
f 3481 981 5051
f 5051 981 3384
f 971 3482 3384
f 3384 3482 5051
f 910 3483 3484
f 3484 3483 5052
f 3483 886 5052
f 5052 886 3482
f 971 3385 3482
f 3482 3385 5052
f 3385 934 5052
f 5052 934 3484
f 909 3485 3486
f 3486 3485 5053
f 3485 910 5053
f 5053 910 3484
f 934 3387 3484
f 3484 3387 5053
f 3387 933 5053
f 5053 933 3486
f 932 3487 3488
f 3488 3487 5054
f 3487 933 5054
f 5054 933 3388
f 3388 917 5054
f 5054 917 3389
f 3389 880 5054
f 5054 880 3488
f 3491 875 5055
f 5055 875 3490
f 880 3390 3490
f 3490 3390 5055
f 3390 916 5055
f 5055 916 3489
f 915 3491 3489
f 3489 3491 5055
f 3393 915 5056
f 5056 915 3489
f 3489 916 5056
f 5056 916 3391
f 961 3392 3391
f 3391 3392 5056
f 960 3393 3392
f 3392 3393 5056
f 914 3395 3394
f 3394 3395 5057
f 3395 870 5057
f 5057 870 3492
f 875 3491 3492
f 3492 3491 5057
f 3491 915 5057
f 5057 915 3394
f 929 3494 3397
f 3397 3494 5058
f 3494 930 5058
f 5058 930 3493
f 870 3396 3493
f 3493 3396 5058
f 793 3397 3396
f 3396 3397 5058
f 796 3496 3399
f 3399 3496 5059
f 3496 795 5059
f 5059 795 3495
f 929 3398 3495
f 3495 3398 5059
f 3398 928 5059
f 5059 928 3399
f 3401 1020 5060
f 5060 1020 3498
f 3498 904 5060
f 5060 904 3497
f 796 3400 3497
f 3497 3400 5060
f 1019 3401 3400
f 3400 3401 5060
f 967 3500 3501
f 3501 3500 5061
f 1021 3499 3500
f 3500 3499 5061
f 3499 1020 5061
f 5061 1020 3402
f 3402 920 5061
f 5061 920 3501
f 1035 3502 3503
f 3503 3502 5062
f 3502 920 5062
f 5062 920 3403
f 921 3404 3403
f 3403 3404 5062
f 3404 1036 5062
f 5062 1036 3503
f 1060 3504 3407
f 3407 3504 5063
f 3504 1036 5063
f 5063 1036 3405
f 1037 3406 3405
f 3405 3406 5063
f 3406 1061 5063
f 5063 1061 3407
f 3506 1242 5064
f 5064 1242 3409
f 59 1382 3409
f 3409 1382 5064
f 1382 58 5064
f 5064 58 3505
f 1234 3506 3505
f 3505 3506 5064
f 3508 731 5065
f 5065 731 3411
f 729 3410 3411
f 3411 3410 5065
f 3410 1242 5065
f 5065 1242 3507
f 1241 3508 3507
f 3507 3508 5065
f 3510 730 5066
f 5066 730 3413
f 728 3412 3413
f 3413 3412 5066
f 3412 731 5066
f 5066 731 3509
f 733 3510 3509
f 3509 3510 5066
f 3512 721 5067
f 5067 721 3415
f 722 3414 3415
f 3415 3414 5067
f 3414 730 5067
f 5067 730 3511
f 732 3512 3511
f 3511 3512 5067
f 3514 1129 5068
f 5068 1129 3417
f 1128 3416 3417
f 3417 3416 5068
f 3416 721 5068
f 5068 721 3513
f 720 3514 3513
f 3513 3514 5068
f 3516 867 5069
f 5069 867 3419
f 861 3418 3419
f 3419 3418 5069
f 3418 1129 5069
f 5069 1129 3515
f 1134 3516 3515
f 3515 3516 5069
f 1218 3517 3518
f 3518 3517 5070
f 3517 1219 5070
f 5070 1219 3437
f 1215 3421 3437
f 3437 3421 5070
f 3421 1209 5070
f 5070 1209 3518
f 3423 1198 5071
f 5071 1198 3424
f 1218 3518 3424
f 3424 3518 5071
f 3518 1209 5071
f 5071 1209 3422
f 1195 3423 3422
f 3422 3423 5071
f 1216 3519 3425
f 3425 3519 5072
f 1217 3434 3519
f 3519 3434 5072
f 1219 3517 3434
f 3434 3517 5072
f 3517 1218 5072
f 5072 1218 3425
f 3427 1210 5073
f 5073 1210 3520
f 1213 3432 3520
f 3520 3432 5073
f 3432 1217 5073
f 5073 1217 3519
f 1216 3427 3519
f 3519 3427 5073
f 1190 3430 3429
f 3429 3430 5074
f 3430 1213 5074
f 5074 1213 3520
f 3520 1210 5074
f 5074 1210 3428
f 1193 3429 3428
f 3428 3429 5074
f 3439 850 5075
f 5075 850 3438
f 867 3516 3438
f 3438 3516 5075
f 3516 1134 5075
f 5075 1134 3521
f 1114 3439 3521
f 3521 3439 5075
f 1148 3440 3443
f 3443 3440 5076
f 3440 1114 5076
f 5076 1114 3523
f 3523 718 5076
f 5076 718 3522
f 3522 700 5076
f 5076 700 3443
f 3526 1245 5077
f 5077 1245 3525
f 1093 3442 3525
f 3525 3442 5077
f 3442 700 5077
f 5077 700 3524
f 1300 3526 3524
f 3524 3526 5077
f 1117 3528 3444
f 3444 3528 5078
f 3528 1098 5078
f 5078 1098 3527
f 1111 3451 3527
f 3527 3451 5078
f 3451 1116 5078
f 5078 1116 3444
f 1101 3530 3446
f 3446 3530 5079
f 3530 1118 5079
f 5079 1118 3529
f 1117 3445 3529
f 3529 3445 5079
f 3445 1099 5079
f 5079 1099 3446
f 1092 3532 3448
f 3448 3532 5080
f 3532 1091 5080
f 5080 1091 3531
f 1101 3447 3531
f 3531 3447 5080
f 3447 1133 5080
f 5080 1133 3448
f 3535 1092 5081
f 5081 1092 3449
f 1093 3534 3449
f 3449 3534 5081
f 3534 1312 5081
f 5081 1312 3533
f 1251 3535 3533
f 3533 3535 5081
f 1111 3537 3450
f 3450 3537 5082
f 3537 713 5082
f 5082 713 3536
f 1120 3453 3536
f 3536 3453 5082
f 3453 1119 5082
f 5082 1119 3450
f 1120 3539 3452
f 3452 3539 5083
f 3539 1121 5083
f 5083 1121 3538
f 1168 3460 3538
f 3538 3460 5083
f 3460 1169 5083
f 5083 1169 3452
f 3456 1139 5084
f 5084 1139 3541
f 1107 3540 3541
f 3541 3540 5084
f 3540 1096 5084
f 5084 1096 3455
f 1140 3456 3455
f 3455 3456 5084
f 1103 3458 3457
f 3457 3458 5085
f 3458 1110 5085
f 5085 1110 3543
f 1138 3542 3543
f 3543 3542 5085
f 3542 1139 5085
f 5085 1139 3457
f 1168 3546 3459
f 3459 3546 5086
f 3546 1167 5086
f 5086 1167 3545
f 1109 3544 3545
f 3545 3544 5086
f 3544 1110 5086
f 5086 1110 3459
f 3548 1337 5087
f 5087 1337 3547
f 61 1383 3547
f 3547 1383 5087
f 57 3461 1383
f 1383 3461 5087
f 3461 1161 5087
f 5087 1161 3548
f 3463 1157 5088
f 5088 1157 3550
f 1162 3549 3550
f 3550 3549 5088
f 3549 1161 5088
f 5088 1161 3462
f 1149 3463 3462
f 3462 3463 5088
f 3465 1154 5089
f 5089 1154 3552
f 1158 3551 3552
f 3552 3551 5089
f 3551 1157 5089
f 5089 1157 3464
f 3464 1153 5089
f 5089 1153 3465
f 1137 3554 3467
f 3467 3554 5090
f 3554 1155 5090
f 5090 1155 3553
f 1154 3466 3553
f 3553 3466 5090
f 3466 1144 5090
f 5090 1144 3467
f 3469 1096 5091
f 5091 1096 3540
f 3540 1107 5091
f 5091 1107 3555
f 1137 3468 3555
f 3555 3468 5091
f 1136 3469 3468
f 3468 3469 5091
f 15 1384 3470
f 3470 1384 5092
f 1384 14 5092
f 5092 14 3557
f 986 3556 3557
f 3557 3556 5092
f 987 3470 3556
f 3556 3470 5092
f 3472 1010 5093
f 5093 1010 3471
f 987 3559 3471
f 3471 3559 5093
f 3559 798 5093
f 5093 798 3558
f 1009 3472 3558
f 3558 3472 5093
f 3474 919 5094
f 5094 919 3473
f 1009 3560 3473
f 3473 3560 5094
f 3560 1021 5094
f 5094 1021 3500
f 967 3474 3500
f 3500 3474 5094
f 1034 3475 3476
f 3476 3475 5095
f 3475 967 5095
f 5095 967 3501
f 920 3502 3501
f 3501 3502 5095
f 3502 1035 5095
f 5095 1035 3476
f 1059 3477 3478
f 3478 3477 5096
f 3477 1035 5096
f 5096 1035 3503
f 1036 3504 3503
f 3503 3504 5096
f 3504 1060 5096
f 5096 1060 3478
f 884 3561 3562
f 3562 3561 5097
f 3561 982 5097
f 5097 982 3479
f 981 3481 3479
f 3479 3481 5097
f 3481 886 5097
f 5097 886 3562
f 3564 28 5098
f 5098 28 1385
f 30 3480 1385
f 1385 3480 5098
f 3480 982 5098
f 5098 982 3563
f 983 3564 3563
f 3563 3564 5098
f 909 3565 3485
f 3485 3565 5099
f 3565 884 5099
f 5099 884 3562
f 886 3483 3562
f 3562 3483 5099
f 3483 910 5099
f 5099 910 3485
f 3487 932 5100
f 5100 932 3567
f 881 3566 3567
f 3567 3566 5100
f 3566 909 5100
f 5100 909 3486
f 933 3487 3486
f 3486 3487 5100
f 3490 875 5101
f 5101 875 3569
f 931 3568 3569
f 3569 3568 5101
f 3568 932 5101
f 5101 932 3488
f 880 3490 3488
f 3488 3490 5101
f 930 3570 3493
f 3493 3570 5102
f 3570 931 5102
f 5102 931 3569
f 875 3492 3569
f 3569 3492 5102
f 3492 870 5102
f 5102 870 3493
f 3494 929 5103
f 5103 929 3495
f 795 3572 3495
f 3495 3572 5103
f 3572 871 5103
f 5103 871 3571
f 930 3494 3571
f 3571 3494 5103
f 904 3574 3497
f 3497 3574 5104
f 3574 905 5104
f 5104 905 3573
f 795 3496 3573
f 3573 3496 5104
f 3496 796 5104
f 5104 796 3497
f 3499 1021 5105
f 5105 1021 3576
f 966 3575 3576
f 3576 3575 5105
f 3575 904 5105
f 5105 904 3498
f 1020 3499 3498
f 3498 3499 5105
f 3578 1234 5106
f 5106 1234 3505
f 58 1386 3505
f 3505 1386 5106
f 1386 5 5106
f 5106 5 3577
f 737 3578 3577
f 3577 3578 5106
f 3580 1241 5107
f 5107 1241 3507
f 1242 3506 3507
f 3507 3506 5107
f 3506 1234 5107
f 5107 1234 3579
f 1233 3580 3579
f 3579 3580 5107
f 3582 733 5108
f 5108 733 3509
f 731 3508 3509
f 3509 3508 5108
f 3508 1241 5108
f 5108 1241 3581
f 1240 3582 3581
f 3581 3582 5108
f 3584 732 5109
f 5109 732 3511
f 730 3510 3511
f 3511 3510 5109
f 3510 733 5109
f 5109 733 3583
f 736 3584 3583
f 3583 3584 5109
f 3586 720 5110
f 5110 720 3513
f 721 3512 3513
f 3513 3512 5110
f 3512 732 5110
f 5110 732 3585
f 735 3586 3585
f 3585 3586 5110
f 3588 1134 5111
f 5111 1134 3515
f 1129 3514 3515
f 3515 3514 5111
f 3514 720 5111
f 5111 720 3587
f 719 3588 3587
f 3587 3588 5111
f 3523 1114 5112
f 5112 1114 3521
f 1134 3588 3521
f 3521 3588 5112
f 3588 719 5112
f 5112 719 3589
f 718 3523 3589
f 3589 3523 5112
f 700 3522 3592
f 3592 3522 5113
f 718 3591 3522
f 3522 3591 5113
f 3591 734 5113
f 5113 734 3590
f 725 3592 3590
f 3590 3592 5113
f 1311 3593 3594
f 3594 3593 5114
f 3593 1300 5114
f 5114 1300 3524
f 700 3592 3524
f 3524 3592 5114
f 3592 725 5114
f 5114 725 3594
f 3534 1093 5115
f 5115 1093 3525
f 3525 1245 5115
f 5115 1245 3596
f 1302 3595 3596
f 3596 3595 5115
f 3595 1312 5115
f 5115 1312 3534
f 1299 3598 3599
f 3599 3598 5116
f 3598 1253 5116
f 5116 1253 3597
f 1245 3526 3597
f 3597 3526 5116
f 3526 1300 5116
f 5116 1300 3599
f 1098 3601 3527
f 3527 3601 5117
f 3601 708 5117
f 5117 708 3600
f 713 3537 3600
f 3600 3537 5117
f 3537 1111 5117
f 5117 1111 3527
f 1118 3603 3529
f 3529 3603 5118
f 3603 1100 5118
f 5118 1100 3602
f 1098 3528 3602
f 3602 3528 5118
f 3528 1117 5118
f 5118 1117 3529
f 1091 3605 3531
f 3531 3605 5119
f 3605 1095 5119
f 5119 1095 3604
f 1118 3530 3604
f 3604 3530 5119
f 3530 1101 5119
f 5119 1101 3531
f 1251 3607 3535
f 3535 3607 5120
f 3607 1248 5120
f 5120 1248 3606
f 1091 3532 3606
f 3606 3532 5120
f 3532 1092 5120
f 5120 1092 3535
f 1280 3608 3609
f 3609 3608 5121
f 1251 3533 3608
f 3608 3533 5121
f 3533 1312 5121
f 5121 1312 3595
f 3595 1302 5121
f 5121 1302 3609
f 713 3611 3536
f 3536 3611 5122
f 3611 714 5122
f 5122 714 3610
f 1121 3539 3610
f 3610 3539 5122
f 3539 1120 5122
f 5122 1120 3536
f 1121 3613 3538
f 3538 3613 5123
f 3613 1122 5123
f 5123 1122 3612
f 1167 3546 3612
f 3612 3546 5123
f 3546 1168 5123
f 5123 1168 3538
f 1139 3542 3541
f 3541 3542 5124
f 3542 1138 5124
f 5124 1138 3615
f 1156 3614 3615
f 3615 3614 5124
f 3614 1107 5124
f 5124 1107 3541
f 1110 3544 3543
f 3543 3544 5125
f 3544 1109 5125
f 5125 1109 3617
f 3617 1151 5125
f 5125 1151 3616
f 3616 1138 5125
f 5125 1138 3543
f 1167 3620 3545
f 3545 3620 5126
f 3620 1166 5126
f 5126 1166 3619
f 1108 3618 3619
f 3619 3618 5126
f 3618 1109 5126
f 5126 1109 3545
f 3623 747 5127
f 5127 747 3622
f 10 1387 3622
f 3622 1387 5127
f 1387 1 5127
f 5127 1 3621
f 716 3623 3621
f 3621 3623 5127
f 1324 3624 3625
f 3625 3624 5128
f 3624 716 5128
f 5128 716 3621
f 1 1388 3621
f 3621 1388 5128
f 1388 60 5128
f 5128 60 3625
f 1336 3626 3627
f 3627 3626 5129
f 3626 1337 5129
f 5129 1337 3548
f 1161 3549 3548
f 3548 3549 5129
f 3549 1162 5129
f 5129 1162 3627
f 1163 3628 3629
f 3629 3628 5130
f 3628 1162 5130
f 5130 1162 3550
f 1157 3551 3550
f 3550 3551 5130
f 3551 1158 5130
f 5130 1158 3629
f 1159 3630 3631
f 3631 3630 5131
f 3630 1158 5131
f 5131 1158 3552
f 1154 3553 3552
f 3552 3553 5131
f 1155 3631 3553
f 3553 3631 5131
f 3614 1156 5132
f 5132 1156 3632
f 1155 3554 3632
f 3632 3554 5132
f 3554 1137 5132
f 5132 1137 3555
f 1107 3614 3555
f 3555 3614 5132
f 14 1389 3557
f 3557 1389 5133
f 1389 24 5133
f 5133 24 3634
f 985 3633 3634
f 3634 3633 5133
f 3633 986 5133
f 5133 986 3557
f 3559 987 5134
f 5134 987 3556
f 3556 986 5134
f 5134 986 3636
f 797 3635 3636
f 3636 3635 5134
f 798 3559 3635
f 3635 3559 5134
f 3560 1009 5135
f 5135 1009 3558
f 798 3637 3558
f 3558 3637 5135
f 3637 966 5135
f 5135 966 3576
f 1021 3560 3576
f 3576 3560 5135
f 3639 983 5136
f 5136 983 3563
f 982 3561 3563
f 3563 3561 5136
f 3561 884 5136
f 5136 884 3638
f 882 3639 3638
f 3638 3639 5136
f 26 1390 3641
f 3641 1390 5137
f 1390 28 5137
f 5137 28 3564
f 983 3640 3564
f 3564 3640 5137
f 3640 984 5137
f 5137 984 3641
f 962 3642 3643
f 3643 3642 5138
f 3642 882 5138
f 5138 882 3638
f 884 3565 3638
f 3638 3565 5138
f 3565 909 5138
f 5138 909 3643
f 908 3644 3645
f 3645 3644 5139
f 3644 962 5139
f 5139 962 3643
f 909 3566 3643
f 3643 3566 5139
f 3566 881 5139
f 5139 881 3645
f 876 3646 3647
f 3647 3646 5140
f 3646 881 5140
f 5140 881 3567
f 932 3568 3567
f 3567 3568 5140
f 3568 931 5140
f 5140 931 3647
f 871 3648 3571
f 3571 3648 5141
f 3648 876 5141
f 5141 876 3647
f 931 3570 3647
f 3647 3570 5141
f 3570 930 5141
f 5141 930 3571
f 905 3650 3573
f 3573 3650 5142
f 3650 906 5142
f 5142 906 3649
f 871 3572 3649
f 3649 3572 5142
f 3572 795 5142
f 5142 795 3573
f 3575 966 5143
f 5143 966 3652
f 965 3651 3652
f 3652 3651 5143
f 905 3574 3651
f 3651 3574 5143
f 3574 904 5143
f 5143 904 3575
f 3654 737 5144
f 5144 737 3577
f 5 1391 3577
f 3577 1391 5144
f 1391 7 5144
f 5144 7 3653
f 744 3654 3653
f 3653 3654 5144
f 3656 1233 5145
f 5145 1233 3579
f 1234 3578 3579
f 3579 3578 5145
f 3578 737 5145
f 5145 737 3655
f 742 3656 3655
f 3655 3656 5145
f 3658 1240 5146
f 5146 1240 3581
f 1241 3580 3581
f 3581 3580 5146
f 3580 1233 5146
f 5146 1233 3657
f 1232 3658 3657
f 3657 3658 5146
f 3660 736 5147
f 5147 736 3583
f 733 3582 3583
f 3583 3582 5147
f 3582 1240 5147
f 5147 1240 3659
f 1239 3660 3659
f 3659 3660 5147
f 3662 735 5148
f 5148 735 3585
f 732 3584 3585
f 3585 3584 5148
f 3584 736 5148
f 5148 736 3661
f 741 3662 3661
f 3661 3662 5148
f 3664 719 5149
f 5149 719 3587
f 720 3586 3587
f 3587 3586 5149
f 3586 735 5149
f 5149 735 3663
f 738 3664 3663
f 3663 3664 5149
f 3591 718 5150
f 5150 718 3589
f 719 3664 3589
f 3589 3664 5150
f 3664 738 5150
f 5150 738 3665
f 734 3591 3665
f 3665 3591 5150
f 734 3668 3590
f 3590 3668 5151
f 3668 739 5151
f 5151 739 3667
f 726 3666 3667
f 3667 3666 5151
f 3666 725 5151
f 5151 725 3590
f 1310 3669 3670
f 3670 3669 5152
f 3669 1299 5152
f 5152 1299 3599
f 1300 3593 3599
f 3599 3593 5152
f 3593 1311 5152
f 5152 1311 3670
f 725 3666 3594
f 3594 3666 5153
f 3666 726 5153
f 5153 726 3672
f 1306 3671 3672
f 3672 3671 5153
f 3671 1311 5153
f 5153 1311 3594
f 1253 3674 3597
f 3597 3674 5154
f 3674 1252 5154
f 5154 1252 3673
f 3673 1302 5154
f 5154 1302 3596
f 1245 3597 3596
f 3596 3597 5154
f 3677 1298 5155
f 5155 1298 3676
f 1278 3675 3676
f 3676 3675 5155
f 1253 3598 3675
f 3675 3598 5155
f 1299 3677 3598
f 3598 3677 5155
f 708 3679 3600
f 3600 3679 5156
f 3679 740 5156
f 5156 740 3678
f 714 3611 3678
f 3678 3611 5156
f 3611 713 5156
f 5156 713 3600
f 1100 3681 3602
f 3602 3681 5157
f 3681 707 5157
f 5157 707 3680
f 708 3601 3680
f 3680 3601 5157
f 3601 1098 5157
f 5157 1098 3602
f 1095 3683 3604
f 3604 3683 5158
f 1094 3682 3683
f 3683 3682 5158
f 1100 3603 3682
f 3682 3603 5158
f 3603 1118 5158
f 5158 1118 3604
f 3686 1290 5159
f 5159 1290 3685
f 1095 3605 3685
f 3685 3605 5159
f 3605 1091 5159
f 5159 1091 3684
f 1246 3686 3684
f 3684 3686 5159
f 1248 3688 3606
f 3606 3688 5160
f 3688 1247 5160
f 5160 1247 3687
f 3687 1246 5160
f 5160 1246 3684
f 1091 3606 3684
f 3684 3606 5160
f 3608 1280 5161
f 5161 1280 3690
f 3690 1281 5161
f 5161 1281 3689
f 1248 3607 3689
f 3689 3607 5161
f 1251 3608 3607
f 3607 3608 5161
f 3693 1296 5162
f 5162 1296 3692
f 3692 1280 5162
f 5162 1280 3609
f 1302 3691 3609
f 3609 3691 5162
f 1295 3693 3691
f 3691 3693 5162
f 714 3695 3610
f 3610 3695 5163
f 3695 712 5163
f 5163 712 3694
f 1122 3613 3694
f 3694 3613 5163
f 3613 1121 5163
f 5163 1121 3610
f 1122 3697 3612
f 3612 3697 5164
f 3697 1123 5164
f 5164 1123 3696
f 1166 3620 3696
f 3696 3620 5164
f 3620 1167 5164
f 5164 1167 3612
f 1138 3616 3615
f 3615 3616 5165
f 1151 3699 3616
f 3616 3699 5165
f 3699 1160 5165
f 5165 1160 3698
f 3698 1156 5165
f 5165 1156 3615
f 3617 1109 5166
f 5166 1109 3618
f 3618 1108 5166
f 5166 1108 3701
f 3701 1152 5166
f 5166 1152 3700
f 1151 3617 3700
f 3700 3617 5166
f 1166 3704 3619
f 3619 3704 5167
f 3704 1321 5167
f 5167 1321 3703
f 1331 3702 3703
f 3703 3702 5167
f 3702 1108 5167
f 5167 1108 3619
f 9 1392 3706
f 3706 1392 5168
f 1392 10 5168
f 5168 10 3622
f 747 3705 3622
f 3622 3705 5168
f 3705 746 5168
f 5168 746 3706
f 3709 758 5169
f 5169 758 3708
f 747 3623 3708
f 3708 3623 5169
f 3623 716 5169
f 5169 716 3707
f 709 3709 3707
f 3707 3709 5169
f 3711 1324 5170
f 5170 1324 3625
f 60 1393 3625
f 3625 1393 5170
f 1330 3711 3710
f 3710 3711 5170
f 1318 3712 3713
f 3713 3712 5171
f 3712 709 5171
f 5171 709 3707
f 716 3624 3707
f 3707 3624 5171
f 3624 1324 5171
f 5171 1324 3713
f 1335 3714 3715
f 3715 3714 5172
f 3714 1336 5172
f 5172 1336 3627
f 1162 3628 3627
f 3627 3628 5172
f 3628 1163 5172
f 5172 1163 3715
f 3630 1159 5173
f 5173 1159 3717
f 1164 3716 3717
f 3717 3716 5173
f 3716 1163 5173
f 5173 1163 3629
f 1158 3630 3629
f 3629 3630 5173
f 1156 3698 3632
f 3632 3698 5174
f 1160 3718 3698
f 3698 3718 5174
f 3718 1159 5174
f 5174 1159 3631
f 3631 1155 5174
f 5174 1155 3632
f 24 1394 3634
f 3634 1394 5175
f 1394 26 5175
f 5175 26 3641
f 984 3719 3641
f 3641 3719 5175
f 3719 985 5175
f 5175 985 3634
f 986 3633 3636
f 3636 3633 5176
f 3633 985 5176
f 5176 985 3721
f 872 3720 3721
f 3721 3720 5176
f 3720 797 5176
f 5176 797 3636
f 3637 798 5177
f 5177 798 3635
f 3635 797 5177
f 5177 797 3722
f 3722 965 5177
f 5177 965 3652
f 966 3637 3652
f 3652 3637 5177
f 984 3640 3724
f 3724 3640 5178
f 3640 983 5178
f 5178 983 3639
f 882 3723 3639
f 3639 3723 5178
f 3723 877 5178
f 5178 877 3724
f 877 3723 3726
f 3726 3723 5179
f 3723 882 5179
f 5179 882 3642
f 3642 962 5179
f 5179 962 3725
f 3725 963 5179
f 5179 963 3726
f 3728 907 5180
f 5180 907 3727
f 3727 963 5180
f 5180 963 3725
f 962 3644 3725
f 3725 3644 5180
f 3644 908 5180
f 5180 908 3728
f 907 3728 3729
f 3729 3728 5181
f 3728 908 5181
f 5181 908 3645
f 881 3646 3645
f 3645 3646 5181
f 3646 876 5181
f 5181 876 3729
f 3648 871 5182
f 5182 871 3649
f 906 3730 3649
f 3649 3730 5182
f 3730 907 5182
f 5182 907 3729
f 876 3648 3729
f 3729 3648 5182
f 965 3732 3651
f 3651 3732 5183
f 3732 964 5183
f 5183 964 3731
f 906 3650 3731
f 3731 3650 5183
f 3650 905 5183
f 5183 905 3651
f 3734 744 5184
f 5184 744 3653
f 7 1395 3653
f 3653 1395 5184
f 1395 6 5184
f 5184 6 3733
f 743 3734 3733
f 3733 3734 5184
f 3736 742 5185
f 5185 742 3655
f 737 3654 3655
f 3655 3654 5185
f 3654 744 5185
f 5185 744 3735
f 753 3736 3735
f 3735 3736 5185
f 3738 1232 5186
f 5186 1232 3657
f 1233 3656 3657
f 3657 3656 5186
f 3656 742 5186
f 5186 742 3737
f 754 3738 3737
f 3737 3738 5186
f 3740 1239 5187
f 5187 1239 3659
f 1240 3658 3659
f 3659 3658 5187
f 3658 1232 5187
f 5187 1232 3739
f 1231 3740 3739
f 3739 3740 5187
f 3742 741 5188
f 5188 741 3661
f 736 3660 3661
f 3661 3660 5188
f 3660 1239 5188
f 5188 1239 3741
f 1238 3742 3741
f 3741 3742 5188
f 3744 738 5189
f 5189 738 3663
f 735 3662 3663
f 3663 3662 5189
f 3662 741 5189
f 5189 741 3743
f 748 3744 3743
f 3743 3744 5189
f 3668 734 5190
f 5190 734 3665
f 738 3744 3665
f 3665 3744 5190
f 3744 748 5190
f 5190 748 3745
f 739 3668 3745
f 3745 3668 5190
f 739 3748 3667
f 3667 3748 5191
f 3748 1236 5191
f 5191 1236 3747
f 1235 3746 3747
f 3747 3746 5191
f 3746 726 5191
f 5191 726 3667
f 3750 1309 5192
f 5192 1309 3749
f 1298 3677 3749
f 3749 3677 5192
f 3677 1299 5192
f 5192 1299 3669
f 1310 3750 3669
f 3669 3750 5192
f 1307 3751 3752
f 3752 3751 5193
f 3751 1310 5193
f 5193 1310 3670
f 1311 3671 3670
f 3670 3671 5193
f 3671 1306 5193
f 5193 1306 3752
f 726 3746 3672
f 3672 3746 5194
f 3746 1235 5194
f 5194 1235 3754
f 1260 3753 3754
f 3754 3753 5194
f 3753 1306 5194
f 5194 1306 3672
f 3756 1295 5195
f 5195 1295 3691
f 3691 1302 5195
f 5195 1302 3673
f 1252 3755 3673
f 3673 3755 5195
f 1254 3756 3755
f 3755 3756 5195
f 3675 1278 5196
f 5196 1278 3758
f 1279 3757 3758
f 3758 3757 5196
f 1252 3674 3757
f 3757 3674 5196
f 3674 1253 5196
f 5196 1253 3675
f 3761 1305 5197
f 5197 1305 3760
f 1276 3759 3760
f 3760 3759 5197
f 3759 1278 5197
f 5197 1278 3676
f 1298 3761 3676
f 3676 3761 5197
f 3763 751 5198
f 5198 751 3762
f 712 3695 3762
f 3762 3695 5198
f 3695 714 5198
f 5198 714 3678
f 740 3763 3678
f 3678 3763 5198
f 707 3765 3680
f 3680 3765 5199
f 3765 750 5199
f 5199 750 3764
f 740 3679 3764
f 3764 3679 5199
f 3679 708 5199
f 5199 708 3680
f 1094 3767 3682
f 3682 3767 5200
f 3767 701 5200
f 5200 701 3766
f 707 3681 3766
f 3766 3681 5200
f 3681 1100 5200
f 5200 1100 3682
f 3683 1095 5201
f 5201 1095 3685
f 1290 3769 3685
f 3685 3769 5201
f 3769 1256 5201
f 5201 1256 3768
f 1094 3683 3768
f 3768 3683 5201
f 1249 3771 3772
f 3772 3771 5202
f 3771 1291 5202
f 5202 1291 3770
f 1290 3686 3770
f 3770 3686 5202
f 3686 1246 5202
f 5202 1246 3772
f 1250 3773 3774
f 3774 3773 5203
f 3773 1249 5203
f 5203 1249 3772
f 1246 3687 3772
f 3772 3687 5203
f 1247 3774 3687
f 3687 3774 5203
f 3689 1281 5204
f 5204 1281 3776
f 3776 1282 5204
f 5204 1282 3775
f 1247 3688 3775
f 3775 3688 5204
f 3688 1248 5204
f 5204 1248 3689
f 1296 3777 3692
f 3692 3777 5205
f 1282 3776 3777
f 3777 3776 5205
f 1281 3690 3776
f 3776 3690 5205
f 3690 1280 5205
f 5205 1280 3692
f 3779 1282 5206
f 5206 1282 3777
f 1296 3693 3777
f 3777 3693 5206
f 3693 1295 5206
f 5206 1295 3778
f 1283 3779 3778
f 3778 3779 5206
f 3781 711 5207
f 5207 711 3780
f 1123 3697 3780
f 3780 3697 5207
f 3697 1122 5207
f 5207 1122 3694
f 712 3781 3694
f 3694 3781 5207
f 1123 3783 3696
f 3696 3783 5208
f 3783 1322 5208
f 5208 1322 3782
f 1321 3704 3782
f 3782 3704 5208
f 3704 1166 5208
f 5208 1166 3696
f 3699 1151 5209
f 5209 1151 3700
f 1152 3785 3700
f 3700 3785 5209
f 3785 1165 5209
f 5209 1165 3784
f 1160 3699 3784
f 3784 3699 5209
f 1108 3702 3701
f 3701 3702 5210
f 3702 1331 5210
f 5210 1331 3787
f 3787 1332 5210
f 5210 1332 3786
f 1152 3701 3786
f 3786 3701 5210
f 1321 3788 3703
f 3790 743 5211
f 5211 743 3733
f 6 1396 3733
f 3733 1396 5211
f 1396 11 5211
f 5211 11 3789
f 755 3790 3789
f 3789 3790 5211
f 3792 755 5212
f 5212 755 3789
f 11 1397 3789
f 3789 1397 5212
f 1397 8 5212
f 5212 8 3791
f 745 3792 3791
f 3791 3792 5212
f 3793 745 5213
f 5213 745 3791
f 3791 8 5213
f 5213 8 1398
f 9 3706 1398
f 1398 3706 5213
f 746 3793 3706
f 3706 3793 5213
f 3795 756 5214
f 5214 756 3794
f 746 3705 3794
f 3794 3705 5214
f 3705 747 5214
f 5214 747 3708
f 758 3795 3708
f 3708 3795 5214
f 758 3709 3798
f 3798 3709 5215
f 3709 709 5215
f 5215 709 3797
f 715 3796 3797
f 3797 3796 5215
f 3796 770 5215
f 5215 770 3798
f 3800 1318 5216
f 5216 1318 3713
f 1324 3711 3713
f 3713 3711 5216
f 3711 1330 5216
f 5216 1330 3799
f 1329 3800 3799
f 3799 3800 5216
f 709 3712 3797
f 3797 3712 5217
f 3712 1318 5217
f 5217 1318 3802
f 1323 3801 3802
f 3802 3801 5217
f 3801 715 5217
f 5217 715 3797
f 1334 3803 3804
f 3804 3803 5218
f 3803 1335 5218
f 5218 1335 3715
f 1163 3716 3715
f 3715 3716 5218
f 3716 1164 5218
f 5218 1164 3804
f 3718 1160 5219
f 5219 1160 3784
f 1165 3805 3784
f 3784 3805 5219
f 3805 1164 5219
f 5219 1164 3717
f 1159 3718 3717
f 3717 3718 5219
f 985 3719 3721
f 3721 3719 5220
f 3719 984 5220
f 5220 984 3724
f 877 3806 3724
f 3724 3806 5220
f 3806 872 5220
f 5220 872 3721
f 797 3720 3722
f 3722 3720 5221
f 3720 872 5221
f 5221 872 3807
f 964 3732 3807
f 3807 3732 5221
f 3732 965 5221
f 5221 965 3722
f 872 3806 3807
f 3807 3806 5222
f 3806 877 5222
f 5222 877 3726
f 963 3808 3726
f 3726 3808 5222
f 3808 964 5222
f 5222 964 3807
f 964 3808 3731
f 3731 3808 5223
f 3808 963 5223
f 5223 963 3727
f 907 3730 3727
f 3727 3730 5223
f 3730 906 5223
f 5223 906 3731
f 3810 753 5224
f 5224 753 3735
f 744 3734 3735
f 3735 3734 5224
f 3734 743 5224
f 5224 743 3809
f 752 3810 3809
f 3809 3810 5224
f 3812 754 5225
f 5225 754 3737
f 742 3736 3737
f 3737 3736 5225
f 3736 753 5225
f 5225 753 3811
f 765 3812 3811
f 3811 3812 5225
f 3814 1231 5226
f 5226 1231 3739
f 1232 3738 3739
f 3739 3738 5226
f 3738 754 5226
f 5226 754 3813
f 766 3814 3813
f 3813 3814 5226
f 3816 1238 5227
f 5227 1238 3741
f 1239 3740 3741
f 3741 3740 5227
f 3740 1231 5227
f 5227 1231 3815
f 1230 3816 3815
f 3815 3816 5227
f 3818 748 5228
f 5228 748 3743
f 741 3742 3743
f 3743 3742 5228
f 3742 1238 5228
f 5228 1238 3817
f 1237 3818 3817
f 3817 3818 5228
f 748 3818 3745
f 3745 3818 5229
f 3818 1237 5229
f 5229 1237 3819
f 1236 3748 3819
f 3819 3748 5229
f 3748 739 5229
f 5229 739 3745
f 1236 3822 3747
f 3747 3822 5230
f 3822 1228 5230
f 5230 1228 3821
f 1227 3820 3821
f 3821 3820 5230
f 3820 1235 5230
f 5230 1235 3747
f 3824 1305 5231
f 5231 1305 3761
f 3761 1298 5231
f 5231 1298 3749
f 1309 3823 3749
f 3749 3823 5231
f 1303 3824 3823
f 3823 3824 5231
f 3826 1308 5232
f 5232 1308 3825
f 1309 3750 3825
f 3825 3750 5232
f 3750 1310 5232
f 5232 1310 3751
f 3751 1307 5232
f 5232 1307 3826
f 1259 3827 3828
f 3828 3827 5233
f 3827 1307 5233
f 5233 1307 3752
f 1306 3753 3752
f 3752 3753 5233
f 3753 1260 5233
f 5233 1260 3828
f 3830 1260 5234
f 5234 1260 3754
f 1235 3820 3754
f 3754 3820 5234
f 3820 1227 5234
f 5234 1227 3829
f 1262 3830 3829
f 3829 3830 5234
f 1279 3832 3757
f 3757 3832 5235
f 3832 1255 5235
f 5235 1255 3831
f 1254 3755 3831
f 3831 3755 5235
f 3755 1252 5235
f 5235 1252 3757
f 3834 1284 5236
f 5236 1284 3833
f 3833 1283 5236
f 5236 1283 3778
f 1295 3756 3778
f 3778 3756 5236
f 3756 1254 5236
f 5236 1254 3834
f 3759 1276 5237
f 5237 1276 3835
f 1255 3832 3835
f 3835 3832 5237
f 3832 1279 5237
f 5237 1279 3758
f 1278 3759 3758
f 3758 3759 5237
f 1305 3824 3760
f 3760 3824 5238
f 1303 3837 3824
f 3824 3837 5238
f 3837 1297 5238
f 5238 1297 3836
f 3836 1276 5238
f 5238 1276 3760
f 751 3839 3762
f 3762 3839 5239
f 3839 763 5239
f 5239 763 3838
f 711 3781 3838
f 3838 3781 5239
f 3781 712 5239
f 5239 712 3762
f 750 3841 3764
f 3764 3841 5240
f 3841 762 5240
f 5240 762 3840
f 751 3763 3840
f 3840 3763 5240
f 3763 740 5240
f 5240 740 3764
f 3766 701 5241
f 5241 701 3843
f 702 3842 3843
f 3843 3842 5241
f 750 3765 3842
f 3842 3765 5241
f 3765 707 5241
f 5241 707 3766
f 3767 1094 5242
f 5242 1094 3845
f 1257 3844 3845
f 3845 3844 5242
f 3844 702 5242
f 5242 702 3843
f 701 3767 3843
f 3843 3767 5242
f 1258 3846 3847
f 3847 3846 5243
f 3846 1257 5243
f 5243 1257 3845
f 1094 3768 3845
f 3845 3768 5243
f 3768 1256 5243
f 5243 1256 3847
f 1291 3848 3770
f 3770 3848 5244
f 3848 1258 5244
f 5244 1258 3847
f 1256 3769 3847
f 3847 3769 5244
f 3769 1290 5244
f 5244 1290 3770
f 1272 3850 3851
f 3851 3850 5245
f 3850 1292 5245
f 5245 1292 3849
f 1291 3771 3849
f 3849 3771 5245
f 3771 1249 5245
f 5245 1249 3851
f 1270 3852 3853
f 3853 3852 5246
f 3852 1272 5246
f 5246 1272 3851
f 1249 3773 3851
f 3851 3773 5246
f 3773 1250 5246
f 5246 1250 3853
f 1282 3779 3775
f 3775 3779 5247
f 3779 1283 5247
f 5247 1283 3854
f 1250 3774 3854
f 3854 3774 5247
f 3774 1247 5247
f 5247 1247 3775
f 3856 1320 5248
f 5248 1320 3855
f 1322 3783 3855
f 3855 3783 5248
f 3783 1123 5248
f 5248 1123 3780
f 711 3856 3780
f 3780 3856 5248
f 3788 1321 5249
f 5249 1321 3782
f 1322 3857 3782
f 3782 3857 5249
f 1332 3859 3786
f 3786 3859 5250
f 3859 1333 5250
f 5250 1333 3858
f 1165 3785 3858
f 3858 3785 5250
f 3785 1152 5250
f 5250 1152 3786
f 3861 752 5251
f 5251 752 3809
f 743 3790 3809
f 3809 3790 5251
f 3790 755 5251
f 5251 755 3860
f 767 3861 3860
f 3860 3861 5251
f 3863 767 5252
f 5252 767 3860
f 755 3792 3860
f 3860 3792 5252
f 3792 745 5252
f 5252 745 3862
f 757 3863 3862
f 3862 3863 5252
f 745 3793 3862
f 3862 3793 5253
f 3793 746 5253
f 5253 746 3794
f 756 3864 3794
f 3794 3864 5253
f 3864 757 5253
f 5253 757 3862
f 3866 769 5254
f 5254 769 3865
f 756 3795 3865
f 3865 3795 5254
f 3795 758 5254
f 5254 758 3798
f 770 3866 3798
f 3798 3866 5254
f 770 3796 3869
f 3869 3796 5255
f 3796 715 5255
f 5255 715 3868
f 717 3867 3868
f 3868 3867 5255
f 3867 786 5255
f 5255 786 3869
f 3800 1329 5256
f 5256 1329 3871
f 1328 3870 3871
f 3871 3870 5256
f 3870 1323 5256
f 5256 1323 3802
f 1318 3800 3802
f 3802 3800 5256
f 715 3801 3868
f 3868 3801 5257
f 3801 1323 5257
f 5257 1323 3873
f 1325 3872 3873
f 3873 3872 5257
f 3872 717 5257
f 5257 717 3868
f 1333 3874 3858
f 3858 3874 5258
f 3874 1334 5258
f 5258 1334 3804
f 1164 3805 3804
f 3804 3805 5258
f 3805 1165 5258
f 5258 1165 3858
f 3876 765 5259
f 5259 765 3811
f 753 3810 3811
f 3811 3810 5259
f 3810 752 5259
f 5259 752 3875
f 764 3876 3875
f 3875 3876 5259
f 3878 766 5260
f 5260 766 3813
f 754 3812 3813
f 3813 3812 5260
f 3812 765 5260
f 5260 765 3877
f 779 3878 3877
f 3877 3878 5260
f 3880 1230 5261
f 5261 1230 3815
f 1231 3814 3815
f 3815 3814 5261
f 3814 766 5261
f 5261 766 3879
f 761 3880 3879
f 3879 3880 5261
f 3882 1237 5262
f 5262 1237 3817
f 1238 3816 3817
f 3817 3816 5262
f 3816 1230 5262
f 5262 1230 3881
f 1229 3882 3881
f 3881 3882 5262
f 3882 1229 5263
f 5263 1229 3883
f 1228 3822 3883
f 3883 3822 5263
f 3822 1236 5263
f 5263 1236 3819
f 1237 3882 3819
f 3819 3882 5263
f 1228 3886 3821
f 3821 3886 5264
f 3886 749 5264
f 5264 749 3885
f 705 3884 3885
f 3885 3884 5264
f 3884 1227 5264
f 5264 1227 3821
f 3823 1309 5265
f 5265 1309 3825
f 3825 1308 5265
f 5265 1308 3888
f 1304 3887 3888
f 3888 3887 5265
f 3887 1303 5265
f 5265 1303 3823
f 1269 3889 3890
f 3890 3889 5266
f 3889 1308 5266
f 5266 1308 3826
f 1307 3827 3826
f 3826 3827 5266
f 3827 1259 5266
f 5266 1259 3890
f 1261 3891 3892
f 3892 3891 5267
f 3891 1259 5267
f 5267 1259 3828
f 1260 3830 3828
f 3828 3830 5267
f 3830 1262 5267
f 5267 1262 3892
f 1264 3893 3894
f 3894 3893 5268
f 3893 1262 5268
f 5268 1262 3829
f 1227 3884 3829
f 3829 3884 5268
f 3884 705 5268
f 5268 705 3894
f 3896 1285 5269
f 5269 1285 3895
f 1284 3834 3895
f 3895 3834 5269
f 3834 1254 5269
f 5269 1254 3831
f 1255 3896 3831
f 3831 3896 5269
f 1284 3897 3833
f 3833 3897 5270
f 3897 1270 5270
f 5270 1270 3853
f 1250 3854 3853
f 3853 3854 5270
f 3854 1283 5270
f 5270 1283 3833
f 1276 3899 3835
f 3835 3899 5271
f 3899 1301 5271
f 5271 1301 3898
f 1285 3896 3898
f 3898 3896 5271
f 3896 1255 5271
f 5271 1255 3835
f 1275 3900 3901
f 3901 3900 5272
f 3900 1301 5272
f 5272 1301 3899
f 1276 3836 3899
f 3899 3836 5272
f 1297 3901 3836
f 3836 3901 5272
f 1304 3903 3887
f 3887 3903 5273
f 3903 1277 5273
f 5273 1277 3902
f 1297 3837 3902
f 3902 3837 5273
f 3837 1303 5273
f 5273 1303 3887
f 785 3905 3906
f 3906 3905 5274
f 3905 710 5274
f 5274 710 3904
f 711 3838 3904
f 3904 3838 5274
f 763 3906 3838
f 3838 3906 5274
f 3908 787 5275
f 5275 787 3907
f 763 3839 3907
f 3907 3839 5275
f 3839 751 5275
f 5275 751 3840
f 762 3908 3840
f 3840 3908 5275
f 3911 777 5276
f 5276 777 3910
f 762 3841 3910
f 3910 3841 5276
f 3841 750 5276
f 5276 750 3909
f 776 3911 3909
f 3909 3911 5276
f 3913 776 5277
f 5277 776 3909
f 750 3842 3909
f 3909 3842 5277
f 3842 702 5277
f 5277 702 3912
f 703 3913 3912
f 3912 3913 5277
f 3844 1257 5278
f 5278 1257 3915
f 1268 3914 3915
f 3915 3914 5278
f 3914 703 5278
f 5278 703 3912
f 702 3844 3912
f 3912 3844 5278
f 3846 1258 5279
f 5279 1258 3917
f 1267 3916 3917
f 3917 3916 5279
f 3916 1268 5279
f 5279 1268 3915
f 1257 3846 3915
f 3915 3846 5279
f 1292 3918 3849
f 3849 3918 5280
f 3918 1267 5280
f 5280 1267 3917
f 1258 3848 3917
f 3917 3848 5280
f 3848 1291 5280
f 5280 1291 3849
f 1273 3920 3921
f 3921 3920 5281
f 3920 1293 5281
f 5281 1293 3919
f 1292 3850 3919
f 3919 3850 5281
f 3850 1272 5281
f 5281 1272 3921
f 1271 3922 3923
f 3923 3922 5282
f 3922 1273 5282
f 5282 1273 3921
f 1272 3852 3921
f 3921 3852 5282
f 3852 1270 5282
f 5282 1270 3923
f 3857 1322 5283
f 5283 1322 3855
f 1320 3924 3855
f 3855 3924 5283
f 3856 711 5284
f 5284 711 3904
f 710 3926 3904
f 3904 3926 5284
f 3926 1319 5284
f 5284 1319 3925
f 1320 3856 3925
f 3925 3856 5284
f 3928 764 5285
f 5285 764 3875
f 752 3861 3875
f 3875 3861 5285
f 3861 767 5285
f 5285 767 3927
f 780 3928 3927
f 3927 3928 5285
f 767 3863 3927
f 3927 3863 5286
f 3863 757 5286
f 5286 757 3930
f 768 3929 3930
f 3930 3929 5286
f 3929 780 5286
f 5286 780 3927
f 3931 768 5287
f 5287 768 3930
f 757 3864 3930
f 3930 3864 5287
f 3864 756 5287
f 5287 756 3865
f 769 3931 3865
f 3865 3931 5287
f 769 3866 3933
f 3933 3866 5288
f 3866 770 5288
f 5288 770 3869
f 786 3932 3869
f 3869 3932 5288
f 3932 781 5288
f 5288 781 3933
f 786 3867 3935
f 3935 3867 5289
f 3867 717 5289
f 5289 717 3934
f 710 3905 3934
f 3934 3905 5289
f 3905 785 5289
f 5289 785 3935
f 3937 1325 5290
f 5290 1325 3873
f 1323 3870 3873
f 3873 3870 5290
f 3870 1328 5290
f 5290 1328 3936
f 1327 3937 3936
f 3936 3937 5290
f 3926 710 5291
f 5291 710 3934
f 717 3872 3934
f 3934 3872 5291
f 3872 1325 5291
f 5291 1325 3938
f 1319 3926 3938
f 3938 3926 5291
f 3940 779 5292
f 5292 779 3877
f 765 3876 3877
f 3877 3876 5292
f 3876 764 5292
f 5292 764 3939
f 778 3940 3939
f 3939 3940 5292
f 3942 761 5293
f 5293 761 3879
f 766 3878 3879
f 3879 3878 5293
f 3878 779 5293
f 5293 779 3941
f 772 3942 3941
f 3941 3942 5293
f 3944 1229 5294
f 5294 1229 3881
f 1230 3880 3881
f 3881 3880 5294
f 3880 761 5294
f 5294 761 3943
f 760 3944 3943
f 3943 3944 5294
f 3944 760 5295
f 5295 760 3945
f 749 3886 3945
f 3945 3886 5295
f 3886 1228 5295
f 5295 1228 3883
f 1229 3944 3883
f 3883 3944 5295
f 749 3948 3885
f 3885 3948 5296
f 3948 759 5296
f 5296 759 3947
f 704 3946 3947
f 3947 3946 5296
f 3946 705 5296
f 5296 705 3885
f 1308 3889 3888
f 3888 3889 5297
f 3889 1269 5297
f 5297 1269 3949
f 1277 3903 3949
f 3949 3903 5297
f 3903 1304 5297
f 5297 1304 3888
f 1286 3950 3951
f 3951 3950 5298
f 3950 1269 5298
f 5298 1269 3890
f 1259 3891 3890
f 3890 3891 5298
f 3891 1261 5298
f 5298 1261 3951
f 1263 3952 3953
f 3953 3952 5299
f 3952 1261 5299
f 5299 1261 3892
f 1262 3893 3892
f 3892 3893 5299
f 3893 1264 5299
f 5299 1264 3953
f 1266 3954 3955
f 3955 3954 5300
f 3954 1264 5300
f 5300 1264 3894
f 705 3946 3894
f 3894 3946 5300
f 3946 704 5300
f 5300 704 3955
f 3956 1271 5301
f 5301 1271 3923
f 1270 3897 3923
f 3923 3897 5301
f 3897 1284 5301
f 5301 1284 3895
f 1285 3956 3895
f 3895 3956 5301
f 3900 1275 5302
f 5302 1275 3957
f 1271 3956 3957
f 3957 3956 5302
f 3956 1285 5302
f 5302 1285 3898
f 1301 3900 3898
f 3898 3900 5302
f 3959 1274 5303
f 5303 1274 3958
f 1275 3901 3958
f 3958 3901 5303
f 3901 1297 5303
f 5303 1297 3902
f 1277 3959 3902
f 3902 3959 5303
f 3961 784 5304
f 5304 784 3960
f 785 3906 3960
f 3960 3906 5304
f 3906 763 5304
f 5304 763 3907
f 787 3961 3907
f 3907 3961 5304
f 3963 788 5305
f 5305 788 3962
f 787 3908 3962
f 3962 3908 5305
f 3908 762 5305
f 5305 762 3910
f 777 3963 3910
f 3910 3963 5305
f 774 3965 3966
f 3966 3965 5306
f 777 3911 3965
f 3965 3911 5306
f 776 3964 3911
f 3911 3964 5306
f 3964 775 5306
f 5306 775 3966
f 775 3964 3968
f 3968 3964 5307
f 3964 776 5307
f 5307 776 3913
f 703 3967 3913
f 3913 3967 5307
f 3967 706 5307
f 5307 706 3968
f 1289 3969 3970
f 3970 3969 5308
f 706 3967 3969
f 3969 3967 5308
f 703 3914 3967
f 3967 3914 5308
f 3914 1268 5308
f 5308 1268 3970
f 3916 1267 5309
f 5309 1267 3972
f 1288 3971 3972
f 3972 3971 5309
f 3971 1289 5309
f 5309 1289 3970
f 1268 3916 3970
f 3970 3916 5309
f 3918 1292 5310
f 5310 1292 3919
f 1293 3973 3919
f 3919 3973 5310
f 3973 1288 5310
f 5310 1288 3972
f 1267 3918 3972
f 3972 3918 5310
f 3920 1273 5311
f 5311 1273 3976
f 1274 3975 3976
f 3976 3975 5311
f 3975 1294 5311
f 5311 1294 3974
f 1293 3920 3974
f 3974 3920 5311
f 1275 3958 3957
f 3957 3958 5312
f 3958 1274 5312
f 5312 1274 3976
f 1273 3922 3976
f 3976 3922 5312
f 3922 1271 5312
f 5312 1271 3957
f 3924 1320 5313
f 5313 1320 3925
f 1319 3978 3925
f 3925 3978 5313
f 3978 1326 5313
f 5313 1326 3977
f 3977 3924 5313
f 764 3928 3939
f 3939 3928 5314
f 3928 780 5314
f 5314 780 3980
f 783 3979 3980
f 3980 3979 5314
f 3979 778 5314
f 5314 778 3939
f 3982 783 5315
f 5315 783 3980
f 780 3929 3980
f 3980 3929 5315
f 3929 768 5315
f 5315 768 3981
f 782 3982 3981
f 3981 3982 5315
f 3983 782 5316
f 5316 782 3981
f 768 3931 3981
f 3981 3931 5316
f 3931 769 5316
f 5316 769 3933
f 781 3983 3933
f 3933 3983 5316
f 3984 781 5317
f 5317 781 3932
f 3932 786 5317
f 5317 786 3935
f 785 3960 3935
f 3935 3960 5317
f 784 3984 3960
f 3960 3984 5317
f 3978 1319 5318
f 5318 1319 3938
f 1325 3937 3938
f 3938 3937 5318
f 3937 1327 5318
f 5318 1327 3985
f 1326 3978 3985
f 3985 3978 5318
f 779 3940 3941
f 3941 3940 5319
f 3940 778 5319
f 5319 778 3987
f 771 3986 3987
f 3987 3986 5319
f 3986 772 5319
f 5319 772 3941
f 761 3942 3943
f 3943 3942 5320
f 3942 772 5320
f 5320 772 3989
f 773 3988 3989
f 3989 3988 5320
f 3988 760 5320
f 5320 760 3943
f 760 3988 3945
f 3945 3988 5321
f 3988 773 5321
f 5321 773 3990
f 759 3948 3990
f 3990 3948 5321
f 3948 749 5321
f 5321 749 3945
f 759 3992 3947
f 3947 3992 5322
f 3992 775 5322
f 5322 775 3968
f 706 3991 3968
f 3968 3991 5322
f 3991 704 5322
f 5322 704 3947
f 1287 3993 3994
f 3994 3993 5323
f 3993 1277 5323
f 5323 1277 3949
f 1269 3950 3949
f 3949 3950 5323
f 3950 1286 5323
f 5323 1286 3994
f 1287 3994 3995
f 3995 3994 5324
f 3994 1286 5324
f 5324 1286 3951
f 1261 3952 3951
f 3951 3952 5324
f 3952 1263 5324
f 5324 1263 3995
f 1265 3996 3997
f 3997 3996 5325
f 3996 1263 5325
f 5325 1263 3953
f 1264 3954 3953
f 3953 3954 5325
f 3954 1266 5325
f 5325 1266 3997
f 3969 1289 5326
f 5326 1289 3998
f 1266 3955 3998
f 3998 3955 5326
f 704 3991 3955
f 3955 3991 5326
f 3991 706 5326
f 5326 706 3969
f 3975 1274 5327
f 5327 1274 3959
f 1277 3993 3959
f 3959 3993 5327
f 3993 1287 5327
f 5327 1287 3999
f 1294 3975 3999
f 3999 3975 5327
f 4001 783 5328
f 5328 783 4000
f 784 3961 4000
f 4000 3961 5328
f 3961 787 5328
f 5328 787 3962
f 788 4001 3962
f 3962 4001 5328
f 771 4002 4003
f 4003 4002 5329
f 788 3963 4002
f 4002 3963 5329
f 3963 777 5329
f 5329 777 3965
f 3965 774 5329
f 5329 774 4003
f 773 4004 3990
f 3990 4004 5330
f 4004 774 5330
f 5330 774 3966
f 775 3992 3966
f 3966 3992 5330
f 3992 759 5330
f 5330 759 3990
f 1265 3997 4005
f 4005 3997 5331
f 3997 1266 5331
f 5331 1266 3998
f 1289 3971 3998
f 3998 3971 5331
f 3971 1288 5331
f 5331 1288 4005
f 3973 1293 5332
f 5332 1293 3974
f 1294 4006 3974
f 3974 4006 5332
f 4006 1265 5332
f 5332 1265 4005
f 1288 3973 4005
f 4005 3973 5332
f 778 3979 3987
f 3987 3979 5333
f 3979 783 5333
f 5333 783 4001
f 788 4002 4001
f 4001 4002 5333
f 4002 771 5333
f 5333 771 3987
f 3982 782 5334
f 5334 782 3983
f 781 3984 3983
f 3983 3984 5334
f 3984 784 5334
f 5334 784 4000
f 783 3982 4000
f 4000 3982 5334
f 772 3986 3989
f 3989 3986 5335
f 3986 771 5335
f 5335 771 4003
f 774 4004 4003
f 4003 4004 5335
f 4004 773 5335
f 5335 773 3989
f 1287 3995 3999
f 3999 3995 5336
f 1263 3996 3995
f 3995 3996 5336
f 1265 4006 3996
f 3996 4006 5336
f 4006 1294 5336
f 5336 1294 3999

