# https://github.com/mikedh/trimesh
v -0.01554245 -0.03917058 -0.01964828
v -0.00791067 -0.03563062 -0.01477057
v -0.00888765 -0.02757607 -0.02462596
v -0.01313317 -0.03112770 -0.02734232
v -0.00086886 -0.02116508 -0.02192599
v -0.01213998 -0.01129754 -0.02896243
v -0.01658618 -0.02075959 -0.03134459
v -0.01423371 -0.01791824 -0.03046393
v -0.02288157 -0.04216959 -0.01068166
v -0.01501691 -0.03675390 -0.00356591
v 0.00163162 -0.00910729 -0.02368814
v -0.01093090 -0.00361506 -0.02784562
v -0.03119045 -0.04008511 -0.00382042
v -0.02398163 -0.03373568 0.00342479
v -0.00548357 -0.03199822 0.00553477
v 0.00394940 -0.00076900 -0.02315602
v -0.00843871 0.00468083 -0.02763015
v -0.00234544 -0.01867454 0.01730093
v -0.01492870 -0.01521098 0.01589018
v 0.00601327 0.00867377 -0.02182734
v -0.00423044 0.01384538 -0.02568683
v -0.02191961 -0.03533850 -0.03193700
v -0.02333391 -0.04229836 -0.02533805
v 0.00712770 0.01902092 -0.01726663
v -0.00190556 0.02322193 -0.01848581
v -0.02298021 -0.00504382 -0.02894011
v -0.02311468 -0.00992894 -0.03053117
v -0.02552754 -0.01287974 -0.03154984
v -0.02542299 -0.02601207 -0.03546721
v -0.02963513 -0.04602591 -0.01692832
v -0.02811593 -0.02136740 0.01143825
v -0.03783178 -0.03634022 0.00028849
v -0.02263778 0.00086460 -0.02714762
v -0.03942138 -0.04129492 -0.03932735
v -0.05172443 -0.04149811 -0.04059410
v -0.04946309 -0.04944383 -0.03897044
v -0.03863710 -0.04842249 -0.03517932
v -0.03816438 -0.04459007 -0.01054054
v -0.02492517 -0.01083734 0.01591280
v -0.00255811 0.02708058 -0.00553498
v 0.00629538 0.02453128 -0.00476202
v -0.02036476 0.00894206 -0.02828464
v -0.04399741 -0.03405183 -0.03933874
v -0.05481434 -0.03479609 -0.03510442
v -0.05136997 -0.05453702 -0.03231111
v -0.04270303 -0.05337397 -0.02757302
v -0.00597614 0.02250920 0.00880212
v 0.00304389 0.02156253 0.01063368
v -0.01531696 0.01909839 -0.02794957
v -0.06384748 -0.04139396 -0.03860304
v -0.06168526 -0.04825425 -0.03802216
v -0.04947066 -0.05199896 -0.02021110
v -0.05478072 -0.05412313 -0.02444848
v -0.01169157 -0.00247255 0.01772532
v -0.00014311 -0.00475275 0.02020618
v -0.01189113 0.02850264 -0.02031520
v -0.03268266 -0.01732678 -0.03398630
v -0.06610692 -0.03558029 -0.03325379
v -0.06121933 -0.05323137 -0.03287625
v -0.04476476 -0.04071029 -0.00604910
v 0.00122428 0.00853188 0.01876238
v -0.00912523 0.01026324 0.01618165
v -0.05040514 -0.02972610 -0.03272024
v -0.06220627 -0.05373726 -0.02588445
v -0.01167971 0.03163914 -0.00628886
v -0.07580024 -0.04339932 -0.03875509
v -0.07076740 -0.04922567 -0.03669935
v -0.05768317 -0.04756344 -0.01925400
v -0.05392766 -0.04528622 -0.01635998
v -0.01481605 0.02597934 0.00710046
v -0.05602044 -0.03039464 -0.02444512
v -0.05877274 -0.03353655 -0.02477705
v -0.07709515 -0.03613085 -0.03347588
v -0.08017576 -0.04842925 -0.03703168
v -0.07584167 -0.05024153 -0.03579158
v -0.06972957 -0.05290559 -0.03262135
v -0.05940574 -0.03901822 -0.01996085
v -0.05752605 -0.03627506 -0.01889515
v -0.01826042 0.01396623 0.01431304
v -0.07612193 -0.05277057 -0.03264013
v -0.07021350 -0.05367333 -0.02671757
v -0.06413364 -0.04815591 -0.02025986
v -0.06717122 -0.03489603 -0.02451831
v -0.08555955 -0.04009868 -0.03838041
v -0.08551151 -0.03485127 -0.03292099
v -0.08668047 -0.04566398 -0.03739226
v -0.08209223 -0.05184695 -0.03294292
v -0.07643491 -0.05362226 -0.02726850
v -0.06631845 -0.04078652 -0.01951385
v -0.08258104 -0.05261566 -0.02691624
v -0.09321356 -0.03864325 -0.03711149
v -0.09336281 -0.03500867 -0.03187272
v -0.09326988 -0.04326336 -0.03749642
v -0.08780336 -0.04964700 -0.03317156
v -0.07199007 -0.04959656 -0.02127546
v -0.07730806 -0.03664579 -0.02347133
v -0.09977740 -0.03883378 -0.03526011
v -0.09976625 -0.03664120 -0.03103387
v -0.09990287 -0.04212478 -0.03677619
v -0.09386039 -0.04725235 -0.03428844
v -0.08829671 -0.05080926 -0.02658930
v -0.07660502 -0.05129474 -0.02269128
v -0.07648933 -0.04410035 -0.01889372
v -0.09633356 -0.02636962 -0.01399460
v -0.09894323 -0.01730852 -0.01460272
v -0.10520643 -0.01871231 -0.01369336
v -0.10351825 -0.02621287 -0.01304072
v -0.10514867 -0.04013069 -0.03196377
v -0.10384130 -0.03866385 -0.03015459
v -0.10624433 -0.04254372 -0.03344887
v -0.10013455 -0.04527426 -0.03591704
v -0.08105153 -0.04972620 -0.02121851
v -0.09386861 -0.02989982 0.00210187
v -0.10187966 -0.02947361 0.00167131
v -0.10165292 -0.02149202 0.00597879
v -0.09190011 -0.02055438 0.00750503
v -0.10824144 -0.00521652 -0.00907657
v -0.10174930 -0.00721436 -0.01101583
v -0.10193735 0.00138919 -0.01289558
v -0.10879934 0.00148096 -0.01063788
v -0.09916210 -0.01216772 -0.01282594
v -0.10346752 -0.01025423 -0.00506315
v -0.10219622 -0.01142413 -0.00730866
v -0.10282630 -0.01246260 -0.00874874
v -0.10611194 -0.01306876 -0.00940636
v -0.08567035 -0.03578085 -0.02320409
v -0.10573769 -0.04540027 -0.03442472
v -0.10076588 -0.04787667 -0.03357884
v -0.09681368 -0.04828462 -0.03252730
v -0.09510106 -0.03208612 -0.00694191
v -0.10250360 -0.03136731 -0.00688541
v -0.10744405 -0.00914357 -0.00340894
v -0.08668339 -0.04218226 -0.01850641
v -0.10525274 -0.04737807 -0.03370774
v -0.08807296 -0.04788794 -0.02065194
v -0.10206640 0.01183088 -0.01396334
v -0.09577692 0.01008565 -0.01486602
v -0.09192890 0.01818216 -0.01743111
v -0.10064650 0.01820235 -0.01558787
v -0.09671390 0.00504883 -0.01373869
v -0.09999818 0.00691915 -0.00895229
v -0.10072088 0.00622901 -0.00905240
v -0.10437512 0.00689237 -0.00893825
v -0.10924840 0.00729590 -0.00751758
v -0.09970272 -0.00892262 0.00151750
v -0.09785712 -0.01016673 -0.00065050
v -0.09888428 -0.01154618 -0.00154731
v -0.10449064 -0.01174288 -0.00226122
v -0.11317891 -0.01840457 -0.01446420
v -0.11257136 -0.02609476 -0.01433384
v -0.09400511 -0.03610742 -0.02378225
v -0.09471482 -0.04910299 -0.02528426
v -0.11135012 -0.02996146 0.00025359
v -0.11153936 -0.02264339 0.00479501
v -0.10276574 -0.01440471 0.00352100
v -0.09252316 -0.01217152 0.00459373
v -0.09325355 -0.00886282 0.00430849
v -0.09311491 -0.00340749 0.00725073
v -0.10307425 0.00791072 -0.00861955
v -0.11738205 -0.00519003 -0.00972790
v -0.11767536 0.00254084 -0.01067013
v -0.10527325 -0.00799032 0.00336528
v -0.11318517 -0.01320012 -0.00975442
v -0.09533781 -0.04146670 -0.01950613
v -0.10026920 -0.03799124 -0.02436194
v -0.10587084 -0.04150445 -0.02562040
v -0.10413373 -0.03950128 -0.02598155
v -0.10745573 -0.04420466 -0.02613360
v -0.09715444 -0.04923747 -0.02773288
v -0.09593993 -0.04662381 -0.02061769
v -0.11195415 -0.03138191 -0.00811976
v -0.10299128 -0.00174624 0.00838634
v -0.08408570 0.02739387 -0.01893556
v -0.08030796 0.02582072 -0.01918751
v -0.07894892 0.03361107 -0.02226332
v -0.08287138 0.03398405 -0.02174598
v -0.08281231 0.02149884 -0.01758078
v -0.08317775 0.02345869 -0.01326415
v -0.08549023 0.02281109 -0.01365462
v -0.09318846 0.02331803 -0.01465717
v -0.09961700 0.02322249 -0.01308322
v -0.09706903 0.00951367 -0.00231829
v -0.09715432 0.00904940 -0.00275448
v -0.10022396 0.00941069 -0.00212589
v -0.10714006 0.00996252 -0.00081652
v -0.11609381 -0.00926111 -0.00288489
v -0.10162568 -0.04155924 -0.02165955
v -0.10330313 -0.04536892 -0.02185258
v -0.10712254 -0.04786868 -0.02654731
v -0.10156399 -0.04934238 -0.02682942
v -0.10212517 -0.04807058 -0.02354729
v -0.10367823 0.00680525 0.00603527
v -0.09261090 0.00817331 0.00420979
v -0.09096831 0.01043703 0.00036615
v -0.08855218 0.01467767 0.00126278
v -0.08949053 0.02787497 -0.01895285
v -0.08839768 0.03466904 -0.02144843
v -0.08456051 0.02430477 -0.01319808
v -0.11034811 0.01191070 -0.01457667
v -0.10943890 0.01895205 -0.01597479
v -0.10104263 0.01000961 -0.00129777
v -0.11711478 0.00790568 -0.00589487
v -0.11259270 -0.01203601 -0.00276673
v -0.10597527 -0.04914744 -0.02729136
v -0.11199260 -0.01524899 0.00292510
v -0.09736276 0.01612865 0.00274348
v -0.07724804 0.03984687 -0.01986703
v -0.08135211 0.03989806 -0.01923245
v -0.08923292 0.02507455 -0.01286626
v -0.08080560 0.02613665 -0.00892428
v -0.08239561 0.02507407 -0.00948584
v -0.08996874 0.02561219 -0.00947943
v -0.09772223 0.02600547 -0.00756550
v -0.10999209 0.00818628 -0.00836340
v -0.11451197 -0.00800316 0.00432110
v -0.12324947 -0.01824023 -0.01341489
v -0.12347919 -0.02542084 -0.01372057
v -0.12003267 -0.02974657 0.00007653
v -0.11939836 -0.02335823 0.00368786
v -0.11318988 -0.00197521 0.00902340
v -0.09608746 0.02366899 -0.00029236
v -0.08485138 0.02527729 -0.00312519
v -0.07869941 0.02655568 -0.00700626
v -0.07543015 0.03074060 -0.00597870
v -0.07235187 0.03882389 -0.00698656
v -0.07903802 0.03875499 -0.00673658
v -0.07986438 0.04185792 -0.01331598
v -0.07438558 0.04200602 -0.01384360
v -0.08693576 0.04033768 -0.01826024
v -0.08263946 0.02694177 -0.00830448
v -0.10800970 0.02407327 -0.01201758
v -0.11539549 0.00956040 0.00097817
v -0.12879550 -0.00413862 -0.00826371
v -0.12857902 0.00376701 -0.00863048
v -0.12358153 -0.01331695 -0.00812805
v -0.12324464 -0.03122632 -0.00716400
v -0.12470639 -0.02856887 0.00136063
v -0.12508571 -0.02366526 0.00357994
v -0.11353374 0.00585263 0.00722921
v -0.08009416 0.03197016 -0.00499374
v -0.08487833 0.03863360 -0.00663999
v -0.08540720 0.04174052 -0.01244888
v -0.08717722 0.02789850 -0.00783166
v -0.10818726 0.01020339 -0.00093111
v -0.12785953 -0.00913685 -0.00119790
v -0.13256037 -0.01854012 -0.01268870
v -0.13250268 -0.02527324 -0.01304194
v -0.12817061 -0.03032513 -0.00057444
v -0.12957919 -0.02464589 0.00342327
v -0.10637903 0.01647983 0.00310558
v -0.08550870 0.03269571 -0.00494272
v -0.10634351 0.02632186 -0.00577274
v -0.11957932 0.01300312 -0.01360559
v -0.11917824 0.01999164 -0.01479626
v -0.12779564 0.00903880 -0.00241539
v -0.13809019 -0.00351412 -0.00757068
v -0.13787723 0.00415969 -0.00755829
v -0.12026930 -0.01277395 -0.00196880
v -0.13326001 -0.01416905 -0.00845945
v -0.11944467 -0.01615891 0.00250337
v -0.10562295 0.02348617 0.00067201
v -0.11899114 0.00900904 -0.00661784
v -0.13809347 -0.00845974 -0.00239214
v -0.12286502 -0.00797057 0.00492340
v -0.12450254 -0.01373539 -0.00027490
v -0.12811244 -0.01337673 -0.00184864
v -0.14059472 -0.01868716 -0.01261595
v -0.14089710 -0.02546542 -0.01268631
v -0.13333875 -0.03061006 -0.00860876
v -0.13494945 -0.03058539 -0.00169706
v -0.13586402 -0.02514772 0.00265932
v -0.12487161 -0.01686767 0.00279984
v -0.12102944 -0.00231514 0.00866371
v -0.09575462 0.02878542 -0.01859826
v -0.09507221 0.03585148 -0.02105415
v -0.11828125 0.02552896 -0.00968426
v -0.12765551 0.01389880 -0.01288566
v -0.12744617 0.02079490 -0.01348129
v -0.12290615 0.00893359 0.00321096
v -0.13774431 0.00860594 -0.00262603
v -0.14706779 -0.00307233 -0.00805292
v -0.14684433 0.00461821 -0.00772819
v -0.13114834 -0.00813214 0.00533339
v -0.12683129 -0.00688558 0.00677741
v -0.12966383 -0.01726886 0.00295544
v -0.13475728 -0.01376409 -0.00257540
v -0.14073348 -0.01458607 -0.00856611
v -0.12631428 -0.00241015 0.00909299
v -0.12106246 0.00477023 0.00748080
v -0.10160965 0.02939537 -0.01878524
v -0.10116953 0.03625879 -0.02135611
v -0.09593153 0.02639592 -0.01141647
v -0.12757838 0.00965177 -0.00742364
v -0.11448073 0.01078670 -0.00022012
v -0.12668842 0.00789639 0.00559676
v -0.13101667 0.00855758 0.00434288
v -0.14677149 -0.00810863 -0.00250798
v -0.13850147 -0.00814116 0.00400451
v -0.13189787 -0.00298916 0.00906083
v -0.13577539 -0.01773782 0.00218940
v -0.14148325 -0.03030131 -0.00793925
v -0.14167047 -0.02964598 -0.00179458
v -0.14193618 -0.02473485 0.00187576
v -0.12621927 0.00419346 0.00818765
v -0.11254472 0.01658391 0.00279367
v -0.09416419 0.04132373 -0.01603732
v -0.10205370 0.02696754 -0.01302582
v -0.11364651 0.02605383 -0.00416416
v -0.12734509 0.02528912 -0.00875270
v -0.13601083 0.01420401 -0.01152784
v -0.13575715 0.02122740 -0.01177877
v -0.12171757 0.01078085 -0.00069413
v -0.11787474 0.01205401 0.00081787
v -0.13187355 0.00413310 0.00845417
v -0.13824624 0.00832184 0.00360480
v -0.14619315 0.00838359 -0.00255716
v -0.13887370 -0.00337397 0.00816968
v -0.14112502 -0.01436618 -0.00303701
v -0.11710370 0.01654859 0.00250238
v -0.11213583 0.02274317 0.00060570
v -0.09018576 0.03811721 -0.00654045
v -0.09093708 0.04115129 -0.01074997
v -0.10148060 0.04140087 -0.01687995
v -0.09254140 0.02915738 -0.00684088
v -0.11732221 0.02518706 -0.00218681
v -0.12110800 0.02542029 -0.00322381
v -0.13505828 0.01016585 -0.00607243
v -0.12760609 0.01080353 -0.00129670
v -0.12198406 0.01584281 0.00210220
v -0.13878882 0.00361100 0.00791699
v -0.14631879 -0.00749253 0.00340611
v -0.14169866 -0.01795967 0.00134188
v -0.14827228 -0.01905044 -0.01227361
v -0.14862877 -0.02569944 -0.01197827
v -0.11674839 0.02214159 0.00066671
v -0.09078377 0.03337222 -0.00501716
v -0.09414995 0.03777736 -0.00660735
v -0.09394544 0.04033734 -0.00915486
v -0.09689748 0.04115809 -0.01056412
v -0.10826945 0.03648380 -0.02165312
v -0.10804015 0.02992737 -0.01921800
v -0.10266656 0.02926241 -0.00855869
v -0.09809142 0.02952151 -0.00720271
v -0.09535635 0.03055248 -0.00605273
v -0.12160355 0.02174257 0.00068614
v -0.12723315 0.02516900 -0.00247070
v -0.13491249 0.02524422 -0.00694495
v -0.12747830 0.01513817 0.00210670
v -0.14581037 0.00762517 0.00338891
v -0.15668130 -0.00241493 -0.00759372
v -0.15642899 0.00514761 -0.00708249
v -0.14603001 -0.00324301 0.00723734
v -0.14876676 -0.01460586 -0.00763443
v -0.09481239 0.03366509 -0.00521514
v -0.09774655 0.03811884 -0.00695676
v -0.10222852 0.04127117 -0.01143461
v -0.10811287 0.02764681 -0.01367500
v -0.10271633 0.03333232 -0.00634587
v -0.09833771 0.03362082 -0.00554726
v -0.12726313 0.02099647 0.00151983
v -0.13398004 0.01130642 -0.00068587
v -0.14588010 0.00310637 0.00725237
v -0.15638691 -0.00757099 -0.00143713
v -0.15592051 -0.01977050 -0.01206475
v -0.15596229 -0.02640608 -0.01154366
v -0.14913636 -0.03028692 -0.00593248
v -0.14707351 -0.02849196 -0.00099751
v -0.14680791 -0.02391249 0.00134322
v -0.10243082 0.03815029 -0.00754285
v -0.10865808 0.04138050 -0.01707906
v -0.13413161 0.02456706 -0.00132883
v -0.14325374 0.01410792 -0.01015571
v -0.14320558 0.02100708 -0.01057431
v -0.13356179 0.01520844 0.00244677
v -0.15565306 0.00848784 -0.00118294
v -0.16430813 -0.00220791 -0.00711760
v -0.16395867 0.00504550 -0.00627634
v -0.14676565 -0.01489613 -0.00276980
v -0.15635061 -0.01544902 -0.00820801
v -0.15244812 -0.02831597 -0.00092438
v -0.14990813 -0.02714781 -0.00007939
v -0.14988387 -0.02347315 0.00108942
v -0.10809612 0.02974267 -0.00961924
v -0.13365024 0.02056224 0.00215688
v -0.14260387 0.01039414 -0.00378060
v -0.16467279 -0.00694287 -0.00252655
v -0.15281105 -0.00649299 0.00358966
v -0.14669383 -0.01815683 0.00055203
v -0.14951152 -0.01563685 -0.00184542
v -0.15185153 -0.01521057 -0.00299808
v -0.16279030 -0.02023147 -0.01107913
v -0.16278684 -0.02632301 -0.01057741
v -0.15663463 -0.03022522 -0.00701404
v -0.15285009 -0.02394053 0.00092137
v -0.10812712 0.04088617 -0.01175618
v -0.11433530 0.03013771 -0.01948574
v -0.11437023 0.03626056 -0.02177843
v -0.10771644 0.03340019 -0.00750771
v -0.14281040 0.02518949 -0.00507897
v -0.15028101 0.01361620 -0.00954005
v -0.15024894 0.02030270 -0.01030460
v -0.15198928 0.00668627 0.00368050
v -0.16348249 0.00827649 -0.00144854
v -0.17062986 -0.00185941 -0.00636241
v -0.16984564 0.00472530 -0.00534776
v -0.15882421 -0.00639687 0.00336954
v -0.15579545 -0.00556414 0.00438288
v -0.15173125 -0.00279200 0.00630942
v -0.14966547 -0.01841997 0.00028190
v -0.15255940 -0.01850888 0.00011474
v -0.15664405 -0.01550963 -0.00370723
v -0.16273910 -0.01611805 -0.00782302
v -0.16736305 -0.02092514 -0.00965530
v -0.16734052 -0.02564583 -0.00909463
v -0.15724355 -0.02911599 -0.00175694
v -0.10773605 0.03782563 -0.00830621
v -0.11413699 0.02793197 -0.01349285
v -0.15035057 0.01038689 -0.00441080
v -0.13960499 0.01207265 0.00047714
v -0.15144539 0.00253818 0.00630638
v -0.15519398 0.00566461 0.00443071
v -0.15813011 0.00655604 0.00351408
v -0.17513371 -0.00123344 -0.00483879
v -0.17459333 0.00400739 -0.00414959
v -0.17076308 -0.00604869 -0.00226271
v -0.16445625 -0.00680612 0.00278220
v -0.15892875 -0.00268648 0.00593832
v -0.15541512 -0.00245344 0.00597593
v -0.15672940 -0.01873401 -0.00026041
v -0.16768450 -0.01739880 -0.00743353
v -0.16959929 -0.02177785 -0.00824896
v -0.16967732 -0.02451254 -0.00797620
v -0.16301501 -0.02959052 -0.00673068
v -0.15681159 -0.02474765 0.00052702
v -0.11435395 0.04125334 -0.01653084
v -0.12089169 0.03021941 -0.01945114
v -0.12112457 0.03612433 -0.02135122
v -0.13997221 0.02375897 -0.00054392
v -0.15027040 0.02457047 -0.00646922
v -0.15665239 0.01366337 -0.00936100
v -0.15652061 0.01993080 -0.00990382
v -0.14553094 0.01221900 0.00062335
v -0.14267844 0.01304101 0.00142294
v -0.13903987 0.01572437 0.00254244
v -0.15526545 0.00253267 0.00595897
v -0.15879107 0.00284023 0.00577453
v -0.16305870 0.00681187 0.00312310
v -0.16902125 0.00795003 -0.00123987
v -0.17761475 -0.00011770 -0.00322059
v -0.17735511 0.00286658 -0.00298932
v -0.17585552 -0.00472693 -0.00143281
v -0.16342270 -0.00306312 0.00581801
v -0.16178232 -0.01595597 -0.00416368
v -0.17086285 -0.02028654 -0.00671187
v -0.17092299 -0.02499459 -0.00615159
v -0.16796201 -0.02807513 -0.00607818
v -0.16253948 -0.02906194 -0.00236532
v -0.12055945 0.02776304 -0.01454926
v -0.11184758 0.03023906 -0.00997940
v -0.13927925 0.02034444 0.00211403
v -0.14283198 0.02287120 0.00032952
v -0.14564747 0.02380768 -0.00097591
v -0.16178423 0.01439391 -0.00862220
v -0.16150099 0.01941003 -0.00884274
v -0.15663594 0.01055070 -0.00446510
v -0.15060550 0.01174482 0.00000024
v -0.14626873 0.01603719 0.00234953
v -0.14281511 0.01597191 0.00250027
v -0.16284782 0.00309729 0.00564423
v -0.17428696 0.00713162 -0.00109550
v -0.17867094 0.00422623 -0.00078169
v -0.17899311 -0.00126235 -0.00087640
v -0.16990554 -0.00677322 0.00243515
v -0.16071361 -0.01893578 -0.00099027
v -0.16696823 -0.01670331 -0.00435248
v -0.16770828 -0.02832244 -0.00278994
v -0.16101545 -0.02578510 -0.00030574
v -0.11205578 0.04009714 -0.01156831
v -0.12079221 0.04078869 -0.01756069
v -0.12633711 0.03036297 -0.01890633
v -0.12694579 0.03571417 -0.02034342
v -0.11597127 0.03005342 -0.01049799
v -0.11371148 0.03095851 -0.00970909
v -0.11123359 0.03339447 -0.00836778
v -0.14290476 0.02023958 0.00198689
v -0.14635468 0.02071607 0.00153437
v -0.15057468 0.02423038 -0.00214845
v -0.15625322 0.02409946 -0.00645807
v -0.16456068 0.01594229 -0.00753811
v -0.16429913 0.01860895 -0.00759509
v -0.16228509 0.01146321 -0.00471070
v -0.15043849 0.01566646 0.00209621
v -0.16808218 0.00695548 0.00280425
v -0.17564166 -0.00580226 0.00249854
v -0.16772628 -0.00324842 0.00542966
v -0.16578269 -0.01775286 -0.00251877
v -0.17135829 -0.01938738 -0.00397816
v -0.17155433 -0.02517809 -0.00315771
v -0.16666669 -0.02704266 -0.00124812
v -0.11134374 0.03722004 -0.00896418
v -0.11385274 0.03918754 -0.01092330
v -0.11601484 0.03993384 -0.01220360
v -0.13046086 0.03073372 -0.01767045
v -0.13121396 0.03503497 -0.01874435
v -0.12570733 0.02811503 -0.01491064
v -0.11989713 0.02934134 -0.01121104
v -0.11620498 0.03302225 -0.00914958
v -0.11358833 0.03335053 -0.00885242
v -0.15053219 0.02103847 0.00101212
v -0.16161042 0.02318566 -0.00612399
v -0.16546422 0.02027478 -0.00553891
v -0.16614777 0.01520701 -0.00511858
v -0.15621805 0.01139222 -0.00054035
v -0.16695434 0.00389735 0.00503719
v -0.17361826 0.00711634 0.00246295
v -0.17963374 -0.00185306 0.00246295
v -0.17901361 0.00482069 0.00248894
v -0.17457032 -0.00427918 0.00483081
v -0.16246754 -0.02062295 -0.00061414
v -0.16569668 -0.01975505 -0.00115612
v -0.17030454 -0.01928876 -0.00259575
v -0.17075127 -0.02508445 -0.00159416
v -0.16608793 -0.02461190 -0.00041327
v -0.16255921 -0.02404643 -0.00026622
v -0.11366731 0.03679742 -0.00936618
v -0.11622250 0.03694724 -0.00975958
v -0.11999744 0.04023550 -0.01310414
v -0.12660921 0.04014537 -0.01722109
v -0.13252360 0.03154214 -0.01691407
v -0.13303763 0.03394716 -0.01745516
v -0.13004750 0.02895512 -0.01485682
v -0.11958826 0.03249411 -0.00940394
v -0.15563673 0.02420042 -0.00278994
v -0.16220945 0.01140269 -0.00081870
v -0.15549392 0.01483234 0.00143972
v -0.17299974 0.00570913 0.00408414
v -0.17859292 -0.00208328 0.00501618
v -0.17801583 0.00444763 0.00477365
v -0.17351443 -0.00176711 0.00589773
v -0.16911417 -0.00134553 0.00566038
v -0.16965485 -0.01976715 -0.00168332
v -0.17018950 -0.02440388 -0.00093046
v -0.11958623 0.03709622 -0.01012540
v -0.13148594 0.03870218 -0.01648742
v -0.13422543 0.03508728 -0.01568401
v -0.13324344 0.03087132 -0.01493686
v -0.12438792 0.02887937 -0.01183221
v -0.15506178 0.02146450 0.00019473
v -0.16117769 0.02391424 -0.00314346
v -0.16681433 0.01493024 -0.00178298
v -0.16588491 0.02150046 -0.00289735
v -0.16157919 0.01337855 0.00091174
v -0.16866112 0.00244107 0.00544363
v -0.17294496 0.00333377 0.00552729
v -0.17736328 -0.00131456 0.00619611
v -0.17698163 0.00341352 0.00593349
v -0.12462819 0.03984666 -0.01329532
v -0.12947112 0.02912723 -0.01225895
v -0.12342125 0.03156072 -0.00996834
v -0.16062033 0.02261426 -0.00123593
v -0.16605467 0.01528453 0.00042608
v -0.16507900 0.02164273 -0.00096628
v -0.16114599 0.01596751 0.00176719
v -0.15724105 0.01664131 0.00160727
v -0.12340808 0.03716382 -0.01059496
v -0.13017124 0.03927778 -0.01309520
v -0.13356262 0.03113746 -0.01239669
v -0.13416445 0.03604408 -0.01273799
v -0.12867439 0.03035395 -0.01093322
v -0.15690529 0.01992976 0.00095716
v -0.16073853 0.02081730 0.00046489
v -0.16511321 0.01601614 0.00169811
v -0.16450971 0.02087899 0.00037202
v -0.12859321 0.03820588 -0.01158446
v -0.13296884 0.03155022 -0.01114720
v -0.13330352 0.03645344 -0.01122385
v -0.12829405 0.03235113 -0.01008433
v -0.12519366 0.03308081 -0.00987285
v -0.12522179 0.03581669 -0.01022840
v -0.12813431 0.03655257 -0.01054573
v -0.13211364 0.03239344 -0.01026279
v -0.13220596 0.03621219 -0.01042062
v -0.02136064 0.00141461 0.01653859
v -0.06510729 0.03383999 -0.02614218
v -0.05603594 0.03153191 -0.02607596
v -0.05233151 0.03849747 -0.02119187
v -0.06218660 0.04037099 -0.02170786
v -0.06755614 0.02623240 -0.02553079
v -0.05975223 0.02389081 -0.02521390
v -0.07036692 0.01999168 -0.02329782
v -0.06310755 0.01778648 -0.02307132
v -0.07914114 0.00909545 -0.02065051
v -0.07104588 0.00721958 -0.02036566
v -0.08640754 -0.00972297 -0.01728529
v -0.08091837 -0.00481787 -0.01800552
v -0.08761007 -0.00239562 -0.01766783
v -0.08999944 -0.00654339 -0.01661447
v -0.09506315 -0.00691391 -0.01505962
v -0.09298587 -0.01172542 -0.01608431
v -0.08345973 0.00313795 -0.01909059
v -0.07566404 0.00122817 -0.01900840
v -0.05726153 0.00182525 -0.01877561
v -0.05811238 -0.00418739 -0.01795110
v -0.07175881 -0.01918455 -0.01781839
v -0.06667697 -0.01153792 -0.01754305
v -0.07386643 -0.02762306 -0.01664501
v -0.09066844 -0.01790740 -0.01700285
v -0.08089858 -0.01619573 -0.01746833
v -0.07391071 -0.00820634 -0.01735434
v -0.06758225 -0.00162235 -0.01789421
v -0.06295437 0.00410638 -0.01908022
v -0.05524021 0.01410494 -0.02259237
v -0.05174810 0.02047507 -0.02548316
v -0.04763144 0.02893769 -0.02707529
v -0.04375875 0.03709086 -0.02151507
v -0.08921528 -0.02671674 -0.01511651
v -0.08151841 -0.02645487 -0.01553562
v -0.04703391 0.00965404 -0.02205563
v -0.04279560 0.01650588 -0.02604139
v -0.09466392 -0.00106547 -0.01602030
v -0.08749509 0.00977574 -0.01892906
v -0.07367080 0.03385616 -0.02408284
v -0.07472205 0.02639537 -0.02317947
v -0.07169831 0.04035865 -0.02102056
v -0.07727504 0.02073957 -0.02141142
v -0.09095728 0.00406972 -0.01732704
v 0.00133437 -0.03349890 -0.00982550
v -0.03561789 -0.04968646 -0.02164719
v -0.04393476 -0.04827483 -0.01522103
v -0.03080827 -0.04568101 -0.03026158
v -0.03086174 -0.03911108 -0.03639653
v -0.03485233 -0.03044243 -0.03865716
v -0.04140276 -0.02318521 -0.03534818
v -0.04981792 -0.04376841 -0.01134065
v -0.05834061 -0.02755587 -0.02216303
v -0.05982959 -0.03374198 -0.01736379
v -0.07373643 -0.03429535 -0.01163420
v -0.08796382 -0.03302297 -0.00772589
v -0.08093011 -0.03343498 -0.00916737
v -0.05733621 -0.04008641 -0.01229835
v -0.07011008 -0.03630548 -0.00381994
v -0.07625002 -0.03191157 0.00222024
v -0.08597010 -0.03094468 0.00224572
v -0.06496108 -0.03408001 -0.01430333
v -0.06457108 -0.02894227 -0.01853320
v -0.06328398 -0.03841034 -0.00816843
v -0.05362564 -0.02397226 -0.02564853
v -0.06153077 -0.02207045 -0.02075160
v -0.04183209 -0.01316105 -0.02783424
v -0.04805261 -0.01876889 -0.02736908
v -0.05739713 -0.01549756 -0.02091864
v -0.05123419 -0.00973306 -0.02066901
v -0.03398818 -0.00430934 -0.02489069
v -0.03703421 0.00302493 -0.02242377
v -0.03205019 -0.00736975 -0.02798480
v -0.03260851 0.01238092 -0.02674747
v -0.02775997 0.02282609 -0.02873918
v -0.03834265 0.02593078 -0.02826187
v -0.03446198 0.03526415 -0.02199072
v -0.02398604 0.03265189 -0.02178887
v -0.03328884 0.03774815 -0.00935453
v -0.02293444 0.03576388 -0.00797802
v -0.03460157 0.03097122 0.00298679
v -0.02490169 0.02902798 0.00504249
v -0.05421031 -0.04072313 -0.00607970
v -0.05867016 -0.03832986 -0.00144750
v -0.08355808 -0.02021801 0.00921527
v -0.07440042 -0.01966920 0.01045835
v -0.06477165 -0.01913588 0.01171744
v -0.06254244 -0.03471274 0.00246394
v -0.03468770 -0.00832012 0.01515952
v -0.03137821 0.00413766 0.01508680
v -0.02797604 0.01705810 0.01227203
v -0.06782931 0.04234496 -0.01413417
v -0.06631714 0.03820840 -0.00633809
v -0.05946857 0.04140636 -0.01316085
v -0.05969387 0.03588072 -0.00391603
v -0.05077183 0.03943892 -0.01154929
v -0.05164754 0.03376647 -0.00122935
v -0.04250318 0.03872340 -0.01042169
v -0.04346406 0.03239362 0.00085908
v -0.04398978 -0.00691749 0.01419362
v -0.04099149 0.00580714 0.01336008
v -0.03785068 0.01919565 0.00964183
v -0.05298233 -0.00610433 0.01325649
v -0.04993153 0.00727560 0.01170379
v -0.04672593 0.02095490 0.00725618
v -0.06214267 -0.00544728 0.01240301
v -0.05878055 0.00878510 0.01011533
v -0.05494142 0.02268165 0.00515994
v -0.07168525 -0.00521037 0.01107627
v -0.06801260 0.01032582 0.00815195
v -0.06324852 0.02508674 0.00227526
v -0.08250856 -0.00526354 0.00855017
v -0.07886159 0.01190777 0.00423253
v -0.07169259 0.02793036 -0.00271747
v -0.05520046 -0.01824729 0.01190209
v -0.05557531 -0.03257151 0.00546819
v -0.04618067 -0.01832912 0.01220796
v -0.03734207 -0.01940800 0.01218900
v -0.04412091 -0.03396753 0.00398365
v -0.05002534 -0.03238041 0.00580525
v -0.04926097 -0.03827555 -0.00047901
v -0.05359107 -0.03571997 0.00301212
v -0.01849610 -0.02568778 0.00988063
v -0.03190625 -0.02949109 0.00600663
v -0.04020303 -0.02758251 0.00790828
v -0.04812557 -0.02681653 0.00886339
v -0.05595344 -0.02706708 0.00865543
v -0.06471497 -0.02868788 0.00692767
v -0.08282089 0.01589065 -0.02043089
v -0.07472986 0.01476433 -0.02203691
v -0.06703550 0.01262953 -0.02190533
v -0.05903643 0.00903509 -0.02076027
v -0.05239314 0.00490663 -0.01990312
v -0.04721165 -0.00086884 -0.01988858
v -0.04258740 -0.00589730 -0.02217361
v -0.03590345 -0.00912942 -0.02772167
v -0.00126499 -0.03441407 -0.00233397
v -0.00398713 -0.02571095 0.01289976
v 0.00151366 -0.02874697 -0.01615584
v 0.00903398 -0.02260714 -0.01643714
v -0.00376707 -0.03424527 -0.01270884
v -0.01058871 -0.03741227 -0.00873563
v -0.01092619 -0.03459666 -0.00002190
v -0.00115931 -0.01164389 0.01978871
v -0.01297277 -0.02897110 0.00849485
v -0.01650333 -0.02077608 0.01300085
v -0.00909895 -0.01732174 0.01617703
v 0.01022607 -0.01159004 -0.02093297
v 0.00065237 -0.01442705 -0.02351671
v -0.00748837 -0.03200515 -0.02011079
v -0.00583649 -0.02461562 -0.02329355
v -0.01202792 -0.03742233 -0.01679137
v -0.01874852 -0.04120721 -0.01500279
v -0.01897198 -0.03963252 -0.00696161
v -0.01945984 -0.03582448 0.00075263
v -0.02108908 -0.03003689 0.00678706
v 0.00060719 0.00186085 0.01986143
v -0.01330441 -0.00882662 0.01747307
v -0.00633800 -0.00407060 0.01880354
v -0.02338463 -0.02303372 0.01076108
v -0.02648968 -0.01652472 0.01409471
v -0.02003312 -0.01276999 0.01605421
v 0.00274074 -0.00486594 -0.02336553
v 0.01169300 -0.00197400 -0.02159277
v -0.00748467 -0.01574584 -0.02654386
v -0.00535381 -0.00657254 -0.02592057
v -0.01152551 -0.00756995 -0.02830946
v -0.01080054 -0.02978760 -0.02558756
v -0.01363659 -0.03575967 -0.02389836
v -0.01301116 -0.01473747 -0.02960753
v -0.01096070 -0.02270649 -0.02818233
v -0.01946640 -0.04077326 -0.02256721
v -0.02603686 -0.04463176 -0.02126759
v -0.02654123 -0.04429539 -0.01399130
v -0.02751070 -0.03721727 -0.00012714
v -0.02724648 -0.04157222 -0.00674510
v -0.02790922 -0.03119007 0.00472414
v -0.02991223 -0.02564955 0.00866744
v 0.00189036 0.01558028 0.01605445
v 0.00484103 0.02426635 0.00335225
v -0.00429720 0.00894005 0.01732588
v -0.01035768 0.00374149 0.01739955
v -0.02323407 -0.00477440 0.01683795
v -0.01655561 -0.00049484 0.01699346
v -0.02983057 -0.00937198 0.01558602
v -0.03278607 -0.02021126 0.01195031
v -0.03601408 -0.01428985 0.01419231
v 0.00510687 0.00367728 -0.02274376
v 0.01259959 0.00875493 -0.02101240
v -0.00269729 0.00162302 -0.02499798
v -0.01000649 0.00044726 -0.02740121
v -0.01626861 -0.00134374 -0.02813309
v -0.02297270 -0.00233273 -0.02776033
v -0.01702309 -0.00762768 -0.02964455
v -0.01423013 -0.02606271 -0.02983490
v -0.01474661 -0.01949671 -0.03040218
v -0.01719582 -0.03323926 -0.02968538
v -0.02197289 -0.03913103 -0.02888012
v -0.01836771 -0.01340420 -0.03114828
v -0.02283639 -0.00772018 -0.02976942
v -0.03258950 -0.04774275 -0.01918632
v -0.02709669 -0.04394440 -0.02754945
v -0.03270441 -0.04796606 -0.02603757
v -0.03388339 -0.04583053 -0.01313847
v -0.03486538 -0.04231236 -0.00719523
v -0.03451568 -0.03805800 -0.00161341
v -0.03473783 -0.03311996 0.00319526
v -0.03611684 -0.02838157 0.00706708
v -0.03876615 -0.02371662 0.01001301
v -0.00165534 0.02140197 0.00959656
v -0.00774229 0.01676595 0.01358160
v -0.00405884 0.02617978 0.00196010
v 0.00168735 0.02537681 -0.00531614
v 0.00701779 0.02259398 -0.01196215
v -0.01977867 0.00755825 0.01576957
v -0.01367462 0.01210396 0.01519731
v -0.02642703 0.00295279 0.01581603
v -0.03315133 -0.00216457 0.01566291
v -0.03936082 -0.00754415 0.01466119
v -0.04176253 -0.01874293 0.01228443
v -0.04521638 -0.01299010 0.01351574
v 0.00674558 0.01395453 -0.02019519
v 0.00054640 0.01059035 -0.02343836
v -0.00631118 0.00912689 -0.02710122
v -0.01410544 0.00675537 -0.02855182
v -0.02197838 0.00477927 -0.02743217
v -0.02895093 -0.00417008 -0.02698365
v -0.02948123 0.00206814 -0.02499568
v -0.03532493 -0.00142137 -0.02313542
v -0.02070785 -0.02343239 -0.03349698
v -0.02309787 -0.03089450 -0.03427446
v -0.02380192 -0.01153438 -0.03092289
v -0.02068257 -0.01639704 -0.03204557
v -0.03030539 -0.04265446 -0.03365919
v -0.02652854 -0.03739339 -0.03400642
v -0.02836472 -0.00810199 -0.02925831
v -0.03291065 -0.00607010 -0.02670228
v -0.03963596 -0.04961262 -0.01790494
v -0.04107434 -0.04643045 -0.01293814
v -0.04023439 -0.05139198 -0.03165740
v -0.03904504 -0.05182375 -0.02498516
v -0.03464091 -0.04721686 -0.03298488
v -0.04192394 -0.04245771 -0.00827602
v -0.04128098 -0.03896700 -0.00287873
v -0.04200697 -0.03104861 0.00589156
v -0.04106075 -0.03503218 0.00221354
v -0.04421943 -0.02703990 0.00848866
v -0.04746568 -0.02285365 0.01055536
v -0.01024216 0.02421859 0.00793141
v -0.01656306 0.02028756 0.01154378
v -0.00690103 0.02929893 -0.00583407
v -0.01305819 0.02999335 0.00101098
v -0.00185037 0.02600197 -0.01250842
v 0.00218207 0.02034327 -0.01754206
v -0.02311248 0.01569670 0.01334557
v -0.02960217 0.01051522 0.01411083
v -0.03623992 0.00500622 0.01427233
v -0.04261720 -0.00064725 0.01418558
v -0.05424947 -0.01259352 0.01293397
v -0.04847270 -0.00650506 0.01368797
v -0.05060816 -0.01824180 0.01211753
v -0.00267112 0.01881909 -0.02288952
v -0.00962907 0.01651738 -0.02708250
v -0.01790488 0.01365838 -0.02883238
v -0.02668756 0.01066533 -0.02753717
v -0.03474313 0.00786885 -0.02451086
v -0.04493254 -0.00372698 -0.02045959
v -0.03838319 -0.00489251 -0.02331805
v -0.04266113 0.00090714 -0.02076370
v -0.02872157 -0.01481284 -0.03271946
v -0.02879620 -0.02121167 -0.03532577
v -0.03238165 -0.03491584 -0.03808805
v -0.03022033 -0.02834174 -0.03721628
v -0.03364360 -0.00804697 -0.02785411
v -0.03085238 -0.01056750 -0.03007078
v -0.03486800 -0.04030909 -0.03803357
v -0.03843296 -0.04498114 -0.03772363
v -0.03962660 -0.00778147 -0.02495983
v -0.04590327 -0.05343831 -0.02345139
v -0.04661155 -0.05043300 -0.01799732
v -0.04734761 -0.04607359 -0.01309326
v -0.04731768 -0.04239229 -0.00871211
v -0.04359406 -0.04929519 -0.03751510
v -0.05016381 -0.05240418 -0.03604773
v -0.04673672 -0.05455044 -0.03032795
v -0.04705894 -0.03943619 -0.00317430
v -0.04669034 -0.03632862 0.00181365
v -0.04719520 -0.03310360 0.00508070
v -0.04893744 -0.02987010 0.00728500
v -0.05201805 -0.02678103 0.00892925
v -0.05598772 -0.02295069 0.01026955
v -0.01983476 0.02761986 0.00606599
v -0.02634764 0.02326674 0.00938156
v -0.00660276 0.02579270 -0.01936328
v -0.01122034 0.03107884 -0.01378322
v -0.02375335 0.03341039 -0.00084719
v -0.01734596 0.03397316 -0.00708532
v -0.03292006 0.01820710 0.01100883
v -0.03931117 0.01251328 0.01206079
v -0.05170012 0.00065499 0.01310673
v -0.04551530 0.00654685 0.01250041
v -0.05752987 -0.00574432 0.01287252
v -0.06004119 -0.01844206 0.01174533
v -0.06360382 -0.01270549 0.01261055
v -0.01323193 0.02427443 -0.02508849
v -0.03020716 0.01725852 -0.02854955
v -0.02173913 0.02123779 -0.02854243
v -0.03794688 0.01442320 -0.02634731
v -0.04485029 0.01281859 -0.02394685
v -0.04267251 0.00674914 -0.02196842
v -0.05460131 -0.00763604 -0.01892716
v -0.04686874 -0.00759902 -0.02133408
v -0.05213463 -0.00238709 -0.01888281
v -0.04960608 0.00706849 -0.02073634
v -0.04977185 0.00214024 -0.01961604
v -0.03872395 -0.01083968 -0.02780619
v -0.03729928 -0.01482068 -0.03146318
v -0.03699058 -0.02012938 -0.03500736
v -0.03813106 -0.02647430 -0.03766045
v -0.04131746 -0.03744291 -0.04001436
v -0.03938925 -0.03224164 -0.03937832
v -0.04497385 -0.04176865 -0.04050174
v -0.05021363 -0.04540188 -0.04063395
v -0.04647613 -0.01175292 -0.02410978
v -0.05299288 -0.05510226 -0.02811462
v -0.05194187 -0.05333885 -0.02245766
v -0.05227679 -0.04930340 -0.01781905
v -0.05158293 -0.04530562 -0.01413608
v -0.05200970 -0.04195034 -0.00878102
v -0.05171561 -0.03983431 -0.00313601
v -0.05573446 -0.04885858 -0.03896743
v -0.06121874 -0.05114506 -0.03587621
v -0.05624586 -0.05392220 -0.03293300
v -0.05154902 -0.03708383 0.00140643
v -0.05151087 -0.03432600 0.00436944
v -0.05272746 -0.03213988 0.00592124
v -0.05582637 -0.03012813 0.00697261
v -0.06013829 -0.02764843 0.00796771
v -0.06509995 -0.02432392 0.00930414
v -0.02985245 0.03006689 0.00406471
v -0.03581822 0.02524439 0.00685331
v -0.02304757 0.03541271 -0.01537383
v -0.01811469 0.03090509 -0.02112260
v -0.03376555 0.03536718 -0.00261009
v -0.02822912 0.03694960 -0.00866750
v -0.04830068 0.01426172 0.00990880
v -0.04236752 0.02008665 0.00836408
v -0.05433065 0.00803812 0.01093295
v -0.06070888 0.00178349 0.01202691
v -0.06679410 -0.00523075 0.01175669
v -0.06966233 -0.01950734 0.01113063
v -0.07306254 -0.01300464 0.01154310
v -0.02555281 0.02833202 -0.02648410
v -0.04061455 0.02085890 -0.02787054
v -0.03327179 0.02445170 -0.02861878
v -0.04741144 0.01860026 -0.02573526
v -0.05346000 0.01708914 -0.02397355
v -0.05122936 0.01208838 -0.02232063
v -0.06223619 -0.01369428 -0.01912090
v -0.05442238 -0.01244161 -0.02074242
v -0.06268913 -0.00797761 -0.01762605
v -0.05516160 0.00309314 -0.01918557
v -0.05737454 -0.00045600 -0.01823628
v -0.05552876 0.00717375 -0.02020514
v -0.05712670 0.01147375 -0.02162609
v -0.04498434 -0.01588420 -0.02758071
v -0.04474014 -0.02074192 -0.03161702
v -0.04709405 -0.03158489 -0.03717783
v -0.04587555 -0.02636143 -0.03475267
v -0.04903805 -0.03512602 -0.03839540
v -0.05338436 -0.03813456 -0.03892422
v -0.05777812 -0.04146081 -0.03964415
v -0.06251413 -0.04503006 -0.03912163
v -0.05233395 -0.01706332 -0.02363366
v -0.06158131 -0.05422461 -0.02945879
v -0.05830461 -0.05398029 -0.02542421
v -0.05639178 -0.05147717 -0.02132383
v -0.05546278 -0.04697368 -0.01811153
v -0.05487609 -0.04182669 -0.01401377
v -0.05570358 -0.04125673 -0.00918084
v -0.05652863 -0.03962634 -0.00369185
v -0.05590194 -0.03724465 0.00106791
v -0.06653500 -0.04864975 -0.03726491
v -0.06998271 -0.05126813 -0.03485832
v -0.06568485 -0.05294990 -0.03269902
v -0.05499321 -0.03440026 0.00407177
v -0.06394339 -0.03205688 0.00464487
v -0.05891985 -0.03339617 0.00439012
v -0.06995374 -0.03013093 0.00528798
v -0.07551968 -0.02611340 0.00744197
v -0.03913075 0.03173314 0.00191647
v -0.04461646 0.02692730 0.00454435
v -0.03350449 0.03765630 -0.01607555
v -0.02940089 0.03410714 -0.02195302
v -0.03804535 0.03833773 -0.00988257
v -0.04284453 0.03650423 -0.00435138
v -0.05079997 0.02178630 0.00622508
v -0.05688435 0.01604903 0.00816685
v -0.06332183 0.00951721 0.00923726
v -0.07027072 0.00259088 0.01073048
v -0.07642764 -0.00500981 0.00997600
v -0.07893062 -0.01992860 0.00991085
v -0.08202606 -0.01329699 0.00914118
v -0.03613114 0.03110616 -0.02634940
v -0.04976434 0.02441414 -0.02687031
v -0.04309398 0.02745442 -0.02769336
v -0.05922383 0.01605472 -0.02277291
v -0.05586332 0.02227290 -0.02521786
v -0.06138223 0.02064203 -0.02407125
v -0.05964482 -0.01884035 -0.02090132
v -0.06955510 -0.01533003 -0.01769623
v -0.06672752 -0.02104602 -0.01935515
v -0.07016420 -0.01001833 -0.01716876
v -0.06331033 -0.00314517 -0.01758432
v -0.07067168 -0.00481251 -0.01756918
v -0.05962390 0.00274767 -0.01878223
v -0.06104070 0.00667511 -0.01980594
v -0.06506526 0.00135271 -0.01832724
v -0.06308144 0.01099809 -0.02134627
v -0.06503272 0.01519969 -0.02247524
v -0.05098349 -0.02170019 -0.02683032
v -0.05155402 -0.02611035 -0.02858201
v -0.05253315 -0.03279739 -0.03369874
v -0.06049401 -0.03544059 -0.03404194
v -0.06502002 -0.03805144 -0.03656375
v -0.06955361 -0.04247701 -0.03848231
v -0.07255876 -0.04684768 -0.03803864
v -0.05687904 -0.02290227 -0.02286872
v -0.06982112 -0.05382175 -0.02987912
v -0.06624734 -0.05363481 -0.02629232
v -0.06309003 -0.05156950 -0.02264136
v -0.06060487 -0.04780712 -0.01984778
v -0.05900103 -0.04301596 -0.01905999
v -0.05727768 -0.03777038 -0.01946476
v -0.05627596 -0.04073656 -0.01778051
v -0.05838567 -0.03490386 -0.01800528
v -0.05902129 -0.03726712 -0.01516873
v -0.06020159 -0.03910750 -0.01028600
v -0.06101686 -0.03910630 -0.00444233
v -0.06071025 -0.03678934 0.00038347
v -0.07402223 -0.04982023 -0.03620589
v -0.07594198 -0.05140148 -0.03459591
v -0.07317418 -0.05284249 -0.03255311
v -0.07308936 -0.03454427 -0.00134635
v -0.06653148 -0.03579582 -0.00021690
v -0.08487535 -0.02642953 0.00675011
v -0.08164430 -0.03131067 0.00231764
v -0.04761940 0.03306081 -0.00020936
v -0.05292308 0.02878820 0.00247389
v -0.03923315 0.03627222 -0.02181637
v -0.04274321 0.03898161 -0.01643139
v -0.05102193 0.03748055 -0.00609863
v -0.04671246 0.03906273 -0.01093823
v -0.05912060 0.02378399 0.00383419
v -0.06558496 0.01814217 0.00577393
v -0.07266021 0.01135358 0.00635552
v -0.08047676 0.00361455 0.00896391
v -0.09192640 -0.01587877 0.00697309
v -0.08736497 -0.00952432 0.00656420
v -0.08805740 -0.02044817 0.00831786
v -0.04546368 0.03348856 -0.02529186
v -0.05802929 0.02761004 -0.02616355
v -0.05186892 0.03029726 -0.02651432
v -0.06685722 0.01913689 -0.02338684
v -0.06377751 0.02534525 -0.02552617
v -0.06886166 0.02290485 -0.02445683
v -0.07713389 -0.01188760 -0.01744992
v -0.07573050 -0.01796201 -0.01718992
v -0.06309032 -0.02552553 -0.01990572
v -0.07318544 -0.02335148 -0.01760483
v -0.06920367 -0.02870580 -0.01755637
v -0.07173759 -0.00012126 -0.01858017
v -0.07827747 -0.00188451 -0.01845190
v -0.07752883 -0.00648617 -0.01786920
v -0.06698847 0.00577197 -0.01977968
v -0.06902385 0.00999655 -0.02112126
v -0.07324302 0.00428992 -0.01961473
v -0.07094282 0.01389949 -0.02216747
v -0.07245153 0.01738487 -0.02259707
v -0.05372202 -0.02984424 -0.02823967
v -0.05615664 -0.02573241 -0.02414793
v -0.05681086 -0.02875463 -0.02323180
v -0.05629623 -0.03220103 -0.02463225
v -0.05755013 -0.03349426 -0.02954012
v -0.06255835 -0.03429397 -0.02479848
v -0.06677580 -0.03466285 -0.02894235
v -0.07191938 -0.03595801 -0.03342557
v -0.07641667 -0.03878640 -0.03715146
v -0.07856995 -0.04633212 -0.03825292
v -0.07753080 -0.04952187 -0.03639278
v -0.06084973 -0.02777831 -0.02032343
v -0.07627261 -0.05364279 -0.03013924
v -0.07354444 -0.05367217 -0.02705771
v -0.07093692 -0.05215264 -0.02362135
v -0.06815588 -0.04869575 -0.02074340
v -0.06534600 -0.04445476 -0.01924586
v -0.06245011 -0.03993131 -0.01963586
v -0.05720240 -0.03254212 -0.02095160
v -0.05929232 -0.03572693 -0.02169174
v -0.05965585 -0.03049009 -0.01955351
v -0.06188619 -0.03335333 -0.01598030
v -0.06456763 -0.03650218 -0.01124609
v -0.06656009 -0.03769056 -0.00626621
v -0.08127028 -0.05026808 -0.03522903
v -0.07911026 -0.05249465 -0.03277737
v -0.07259995 -0.03591457 -0.00796837
v -0.07762641 -0.03381066 -0.01030087
v -0.07959646 -0.03413454 -0.00410080
v -0.08997625 -0.03048104 0.00217599
v -0.09296817 -0.02584147 0.00568780
v -0.08710420 -0.03299365 -0.00279266
v -0.08448392 -0.03329417 -0.00835171
v -0.05572110 0.03459605 -0.00231782
v -0.06093955 0.03110387 -0.00053892
v -0.05118442 0.03988811 -0.01682389
v -0.04808241 0.03778960 -0.02124608
v -0.05919683 0.03953674 -0.00829068
v -0.05508095 0.04038142 -0.01234737
v -0.06707376 0.02670937 -0.00002897
v -0.07495165 0.02078818 0.00252724
v -0.09205490 0.00310311 0.00790197
v -0.08590513 0.00885673 0.00472051
v -0.08780068 -0.00295388 0.00786990
v -0.09648359 -0.02093852 0.00658414
v -0.10200042 -0.01757166 0.00543374
v -0.09784877 -0.01397792 0.00409049
v -0.09271717 -0.00720595 0.00540891
v -0.09217411 -0.00953521 0.00428182
v -0.05391282 0.03543079 -0.02445981
v -0.06637609 0.02993117 -0.02640969
v -0.06056356 0.03298324 -0.02626839
v -0.07575357 0.02336999 -0.02222738
v -0.07391226 0.02050514 -0.02263767
v -0.07129014 0.02656970 -0.02475578
v -0.08351630 -0.00750291 -0.01761684
v -0.08394301 -0.01228452 -0.01751897
v -0.08132863 -0.02179585 -0.01682732
v -0.07770872 -0.02672978 -0.01567769
v -0.06507045 -0.03147517 -0.01665798
v -0.07409036 -0.03135924 -0.01446396
v -0.06908625 -0.03450226 -0.01308209
v -0.08417290 -0.00350829 -0.01797575
v -0.07957214 0.00232108 -0.01917687
v -0.08561110 0.00025924 -0.01837665
v -0.07695752 0.01202344 -0.02132255
v -0.07508641 0.00831838 -0.02069184
v -0.08129865 0.00612741 -0.01981381
v -0.07864350 0.01538677 -0.02142608
v -0.07980222 0.01836681 -0.02085748
v -0.06689870 -0.03735239 -0.02127957
v -0.07234299 -0.03574540 -0.02395272
v -0.07742977 -0.03565884 -0.02833715
v -0.08114737 -0.03549320 -0.03339991
v -0.08542442 -0.03697471 -0.03666994
v -0.08122009 -0.04157106 -0.03874946
v -0.08606851 -0.04309685 -0.03849334
v -0.08330160 -0.04711894 -0.03733221
v -0.08249670 -0.05269837 -0.03013831
v -0.07962161 -0.05328317 -0.02713248
v -0.07656050 -0.05259616 -0.02445316
v -0.07487565 -0.05058646 -0.02196109
v -0.07371372 -0.04702876 -0.01979628
v -0.07094681 -0.04229467 -0.01927224
v -0.08723152 -0.04783733 -0.03558901
v -0.08494741 -0.05086660 -0.03304556
v -0.08148682 -0.03050599 -0.01302937
v -0.09459257 -0.03199838 -0.00234064
v -0.09146386 -0.03261892 -0.00728220
v -0.09779936 -0.02948746 0.00191060
v -0.10163748 -0.02580596 0.00476885
v -0.08543807 -0.02662131 -0.01539877
v -0.08862960 -0.03066306 -0.01208946
v -0.06332839 0.03721666 -0.00534925
v -0.06770062 0.03403208 -0.00432286
v -0.06063300 0.04167237 -0.01791754
v -0.05720407 0.03959676 -0.02158028
v -0.06651962 0.04108026 -0.00990939
v -0.06403840 0.04208901 -0.01389429
v -0.08318961 0.01496244 0.00180203
v -0.08622670 0.02069410 0.00117373
v -0.07841957 0.02592419 -0.00272503
v -0.09827268 -0.00200916 0.00779468
v -0.10290956 0.00280975 0.00833225
v -0.09851485 0.00716921 0.00532073
v -0.08938867 0.01167441 0.00047231
v -0.09064031 0.01001236 0.00165436
v -0.10655540 -0.02203796 0.00559485
v -0.11173576 -0.01861302 0.00449499
v -0.10741645 -0.01485441 0.00339079
v -0.09633243 -0.01171357 0.00145546
v -0.10356599 -0.01248439 0.00090194
v -0.10111028 -0.01185517 -0.00171137
v -0.09538490 -0.00952254 0.00223133
v -0.09843892 -0.00950851 0.00023034
v -0.09706885 -0.00718283 0.00473750
v -0.09781194 -0.01091067 -0.00121450
v -0.06371897 0.03762258 -0.02454129
v -0.07423276 0.03004275 -0.02405420
v -0.06965166 0.03411784 -0.02538365
v -0.08030874 0.02109754 -0.01963812
v -0.07751554 0.02621751 -0.02124187
v -0.08124727 0.02327520 -0.01818791
v -0.08908248 -0.00483513 -0.01701751
v -0.08848178 -0.00786881 -0.01686177
v -0.09177476 -0.01449196 -0.01676118
v -0.08628863 -0.01740699 -0.01736698
v -0.08961129 -0.01103534 -0.01680931
v -0.08990824 -0.02218354 -0.01662502
v -0.09288728 0.00151513 -0.01664984
v -0.09104908 -0.00165539 -0.01704752
v -0.08725446 0.00371677 -0.01846689
v -0.08325201 0.00958527 -0.02006492
v -0.08533770 0.01290573 -0.01970920
v -0.08927155 0.00687566 -0.01805913
v -0.08728498 0.01676188 -0.01915833
v -0.08622742 0.02006863 -0.01756486
v -0.07681286 -0.03961268 -0.02006111
v -0.08133274 -0.03644027 -0.02319446
v -0.08549958 -0.03449358 -0.02787754
v -0.08969289 -0.03473035 -0.03238222
v -0.09321505 -0.03642350 -0.03514621
v -0.08957905 -0.03920343 -0.03786576
v -0.09326071 -0.04111561 -0.03781658
v -0.08999199 -0.04432058 -0.03745952
v -0.08811802 -0.05077045 -0.03002322
v -0.08542001 -0.05174566 -0.02671498
v -0.08212847 -0.05161456 -0.02365646
v -0.07837546 -0.05062466 -0.02194530
v -0.07929194 -0.04732049 -0.01964426
v -0.09059155 -0.04843359 -0.03360739
v -0.09331250 -0.04516441 -0.03636789
v -0.09867138 -0.03173721 -0.00682294
v -0.10222703 -0.03130968 -0.00251997
v -0.09567040 -0.03000883 -0.01111618
v -0.09286052 -0.02660754 -0.01467294
v -0.10638678 -0.02966790 0.00125122
v -0.11139619 -0.02678202 0.00343263
v -0.07303846 0.03519026 -0.00534353
v -0.06911182 0.03876252 -0.00692567
v -0.07262915 0.03066094 -0.00534230
v -0.06989563 0.04204453 -0.01798329
v -0.06734771 0.04066480 -0.02156678
v -0.07294345 0.04120949 -0.01019534
v -0.07119709 0.04220445 -0.01409242
v -0.09299016 0.01575081 0.00185609
v -0.09633666 0.02025523 0.00217968
v -0.09076822 0.02400329 -0.00124678
v -0.07976264 0.02620775 -0.00572500
v -0.07724953 0.02796982 -0.00712222
v -0.10197741 -0.00837279 0.00240988
v -0.10390556 -0.00559308 0.00642863
v -0.10811394 -0.00178352 0.00895238
v -0.11309230 0.00214893 0.00884157
v -0.10870403 0.00637088 0.00682968
v -0.09658641 0.00945966 0.00093785
v -0.10528737 0.00924662 0.00280622
v -0.10308987 0.00958059 -0.00138858
v -0.09359795 0.00993553 -0.00091362
v -0.09689736 0.00927836 -0.00275713
v -0.09338808 0.01156476 -0.00037354
v -0.09809190 0.00907360 -0.00252607
v -0.11595231 -0.02306522 0.00410882
v -0.11935097 -0.01953441 0.00361156
v -0.11617166 -0.01568321 0.00262818
v -0.11229527 -0.01297527 0.00040415
v -0.10830945 -0.01177785 -0.00235531
v -0.10106617 -0.01172714 -0.00503787
v -0.10538507 -0.01206544 -0.00578961
v -0.10402119 -0.01286592 -0.00899810
v -0.10179073 -0.00967404 -0.00165591
v -0.10011262 -0.01069872 -0.00374001
v -0.10254073 -0.01079163 -0.00637272
v -0.10220432 -0.01196827 -0.00813076
v -0.07287681 0.03748442 -0.02306747
v -0.07666105 0.03362721 -0.02287820
v -0.07953030 0.02979751 -0.02149075
v -0.08241409 0.02395562 -0.01592776
v -0.08412737 0.02316309 -0.01353562
v -0.08441401 0.02199770 -0.01560226
v -0.09524614 -0.00407541 -0.01542506
v -0.09213424 -0.00674324 -0.01606187
v -0.09404463 -0.00951303 -0.01537621
v -0.09471083 -0.01785204 -0.01621628
v -0.09628958 -0.01216874 -0.01478794
v -0.09868759 -0.01428358 -0.01380491
v -0.09745419 -0.02205725 -0.01520175
v -0.09819305 -0.00019426 -0.01475015
v -0.09418648 0.00451095 -0.01575190
v -0.09874469 0.00340845 -0.01337209
v -0.09386289 0.01407860 -0.01663330
v -0.09158075 0.00998133 -0.01732633
v -0.09593695 0.00717639 -0.01431748
v -0.08870447 0.02291954 -0.01420462
v -0.09300798 0.02122102 -0.01637831
v -0.08196497 -0.04307176 -0.01854876
v -0.08601105 -0.03855449 -0.01990542
v -0.09005570 -0.03566267 -0.02354816
v -0.09363616 -0.03476072 -0.02783018
v -0.09646153 -0.03848850 -0.03623918
v -0.09670365 -0.03566584 -0.03136548
v -0.09968776 -0.03749198 -0.03348744
v -0.09984869 -0.04042557 -0.03632393
v -0.09644336 -0.04255270 -0.03733638
v -0.09347987 -0.04931964 -0.03000143
v -0.09114432 -0.04995573 -0.02620426
v -0.08831871 -0.04979115 -0.02329555
v -0.08434427 -0.04878927 -0.02081898
v -0.08746582 -0.04529778 -0.01896769
v -0.10002333 -0.04394982 -0.03661317
v -0.09694499 -0.04583468 -0.03557578
v -0.09980059 -0.02621301 -0.01323512
v -0.10296786 -0.02944250 -0.01060951
v -0.10683256 -0.03132723 -0.00725389
v -0.11158568 -0.03148819 -0.00384101
v -0.11614317 -0.02997107 -0.00017279
v -0.11955625 -0.02694185 0.00248545
v -0.07571012 0.03875130 -0.00681111
v -0.07775700 0.03168581 -0.00544971
v -0.07926548 0.03547468 -0.00505471
v -0.07602239 0.04152150 -0.01717544
v -0.07482743 0.04004214 -0.02035633
v -0.07934147 0.04103051 -0.00974381
v -0.07721728 0.04186598 -0.01357278
v -0.09860009 0.00992841 -0.00187388
v -0.09910262 0.01259606 0.00134891
v -0.10210723 0.01639784 0.00311118
v -0.10583442 0.02025213 0.00250161
v -0.10108685 0.02359561 0.00044322
v -0.08762670 0.02596452 -0.00643048
v -0.09665692 0.02558302 -0.00378561
v -0.09335399 0.02562423 -0.00841984
v -0.08525068 0.02498164 -0.00939399
v -0.08027661 0.02593322 -0.00798100
v -0.08119500 0.02563776 -0.00938797
v -0.07854724 0.02812492 -0.00734028
v -0.10654461 -0.00898412 0.00001019
v -0.10495335 -0.00964679 -0.00425324
v -0.10958350 -0.00785777 0.00396466
v -0.11371386 -0.00559894 0.00739530
v -0.11750919 -0.00225312 0.00869191
v -0.12084061 0.00142419 0.00844961
v -0.11768270 0.00524450 0.00727496
v -0.11437201 0.00846187 0.00443411
v -0.11102206 0.00977044 0.00011882
v -0.10344112 0.00870110 -0.00556073
v -0.10859841 0.00912209 -0.00438440
v -0.10628474 0.00687555 -0.00820184
v -0.09929836 0.00774498 -0.00533009
v -0.09953481 0.00750666 -0.00539061
v -0.10014957 0.00652800 -0.00914693
v -0.10225064 0.00646296 -0.00902826
v -0.12238574 -0.02350289 0.00361726
v -0.12508225 -0.02019269 0.00348389
v -0.12230968 -0.01653506 0.00269461
v -0.11976999 -0.01384029 0.00051278
v -0.11673576 -0.01238722 -0.00255686
v -0.10911840 -0.01321671 -0.00943285
v -0.11285067 -0.01225681 -0.00624532
v -0.10200459 -0.01839355 -0.01380485
v -0.10199386 -0.01432270 -0.01206136
v -0.10590488 -0.01533581 -0.01214573
v -0.10000807 -0.01005976 -0.01192319
v -0.10340995 -0.00951396 -0.00816569
v -0.10164106 -0.01203892 -0.01029673
v -0.07816309 0.03712703 -0.02174500
v -0.08216292 0.02683503 -0.01898187
v -0.08088899 0.03373863 -0.02193540
v -0.08344239 0.03044175 -0.02094638
v -0.08448529 0.02524768 -0.01609206
v -0.08361197 0.02396901 -0.01333037
v -0.08289194 0.02451427 -0.01116145
v -0.08480275 0.02403608 -0.01163316
v -0.09822953 -0.00701380 -0.01349986
v -0.10176587 -0.00312019 -0.01228833
v -0.10433453 -0.02244972 -0.01397276
v -0.09900171 0.00556825 -0.01154929
v -0.10347658 0.00453197 -0.01122206
v -0.09880638 0.01149084 -0.01403666
v -0.09649128 0.01799009 -0.01589373
v -0.10127670 0.01499989 -0.01523739
v -0.09844714 0.00795800 -0.01180154
v -0.09191626 0.02457096 -0.01223132
v -0.09600258 0.02309349 -0.01380050
v -0.10019416 0.02099951 -0.01487952
v -0.09122664 -0.04165827 -0.01881379
v -0.09465289 -0.03859388 -0.02086285
v -0.09741843 -0.03696044 -0.02402470
v -0.10001266 -0.03668168 -0.02778697
v -0.10298717 -0.03946402 -0.03394508
v -0.10232574 -0.03779797 -0.03067136
v -0.10443783 -0.03926308 -0.03111285
v -0.10579169 -0.04120983 -0.03269351
v -0.10363579 -0.04215888 -0.03556240
v -0.09583127 -0.04777664 -0.03328574
v -0.09679282 -0.04904583 -0.03022194
v -0.09628046 -0.04903597 -0.02666774
v -0.09542668 -0.04821256 -0.02258500
v -0.09197736 -0.04719158 -0.02061743
v -0.09583151 -0.04428137 -0.01948586
v -0.10620612 -0.04413135 -0.03417271
v -0.10343456 -0.04490597 -0.03565028
v -0.10024112 -0.04622268 -0.03514782
v -0.09833378 -0.04797484 -0.03323135
v -0.10758322 -0.02622978 -0.01350665
v -0.11223167 -0.02945505 -0.01191029
v -0.11751777 -0.03134447 -0.00822154
v -0.12099892 -0.03123065 -0.00315121
v -0.12296236 -0.02915537 0.00078094
v -0.12492514 -0.02669611 0.00261205
v -0.08155197 0.02665298 -0.00867641
v -0.08143419 0.02913383 -0.00626266
v -0.08202773 0.03875374 -0.00667906
v -0.08280551 0.03236862 -0.00494021
v -0.08504325 0.03572046 -0.00510269
v -0.08057845 0.04136230 -0.01654613
v -0.07926673 0.03980886 -0.01953572
v -0.08501387 0.04080328 -0.00927749
v -0.08252269 0.04182642 -0.01297617
v -0.10246229 0.00849401 -0.00481123
v -0.10107565 0.00761449 -0.00884151
v -0.10448897 0.01009941 -0.00104508
v -0.10724676 0.01288487 0.00187451
v -0.10982627 0.01654557 0.00297013
v -0.11217082 0.01987834 0.00205117
v -0.10933381 0.02318166 0.00069109
v -0.10581285 0.02556097 -0.00228736
v -0.10195529 0.02617309 -0.00654492
v -0.09876049 0.02499785 -0.01070261
v -0.11125082 -0.00903997 -0.00300941
v -0.11532652 -0.00913286 0.00087795
v -0.10496885 -0.00581464 -0.00968257
v -0.10802227 -0.00780807 -0.00679097
v -0.11914033 -0.00815387 0.00438458
v -0.12169802 -0.00567037 0.00738949
v -0.12385529 -0.00231655 0.00890583
v -0.12619072 0.00106124 0.00899711
v -0.12378156 0.00439574 0.00779873
v -0.12176329 0.00738648 0.00576890
v -0.11950755 0.00932949 0.00193459
v -0.11260045 0.00751877 -0.00664496
v -0.11637294 0.00933077 -0.00266963
v -0.10537833 0.00119548 -0.01131451
v -0.10914463 0.00471909 -0.00985521
v -0.12731147 -0.02414724 0.00351170
v -0.12970972 -0.02086664 0.00373572
v -0.12719262 -0.01710399 0.00286964
v -0.12462574 -0.01471159 0.00117227
v -0.12290412 -0.01326099 -0.00110701
v -0.11800176 -0.01326787 -0.00935990
v -0.12130201 -0.01259170 -0.00476140
v -0.11328912 -0.01519515 -0.01277548
v -0.10877681 -0.01868103 -0.01403463
v -0.08218557 0.03733500 -0.02107078
v -0.08648020 0.02769964 -0.01894146
v -0.08528435 0.03431286 -0.02159882
v -0.08896101 0.03102104 -0.02086231
v -0.08964294 0.02585244 -0.01606512
v -0.08651763 0.02475056 -0.01312134
v -0.08370107 0.02530168 -0.01070762
v -0.10847944 -0.00194072 -0.01029339
v -0.11293167 -0.02216514 -0.01501390
v -0.10279906 0.00927104 -0.01173681
v -0.10462344 0.01843910 -0.01572767
v -0.10991025 0.01537199 -0.01588637
v -0.10586035 0.01182916 -0.01424080
v -0.10341632 0.02355573 -0.01246631
v -0.10883474 0.02191000 -0.01453274
v -0.09874117 -0.04145353 -0.02047464
v -0.10076892 -0.03977874 -0.02246833
v -0.10266405 -0.03896780 -0.02501544
v -0.10424381 -0.03900215 -0.02808809
v -0.10489565 -0.04039205 -0.02561459
v -0.10628486 -0.04081560 -0.02886635
v -0.10679114 -0.04271842 -0.02584457
v -0.10775989 -0.04336483 -0.02977413
v -0.10132986 -0.04919958 -0.03049022
v -0.09888226 -0.04926803 -0.02716789
v -0.10156751 -0.04847650 -0.02441087
v -0.09859705 -0.04843672 -0.02385229
v -0.10300392 -0.04710570 -0.02260298
v -0.09975749 -0.04606286 -0.02096388
v -0.10260183 -0.04349085 -0.02154425
v -0.10765690 -0.04615195 -0.02643490
v -0.10761684 -0.04699219 -0.03063005
v -0.10538125 -0.04638929 -0.03434056
v -0.10341030 -0.04753500 -0.03397799
v -0.11827242 -0.02577734 -0.01454037
v -0.12330496 -0.02896830 -0.01164013
v -0.12631792 -0.03143089 -0.00353718
v -0.12598944 -0.02950384 0.00047505
v -0.12915260 -0.02798417 0.00190786
v -0.08466333 0.02741696 -0.00811964
v -0.08625984 0.03003338 -0.00585487
v -0.08824056 0.03308767 -0.00495872
v -0.09039474 0.03580541 -0.00537792
v -0.08769572 0.03840239 -0.00658292
v -0.08605391 0.04151964 -0.01547587
v -0.08384347 0.04007231 -0.01884884
v -0.09037709 0.03996857 -0.00846085
v -0.08841187 0.04151801 -0.01164371
v -0.10611224 0.00812926 -0.00846243
v -0.10911232 0.00872233 -0.00445724
v -0.11162704 0.01044991 -0.00068590
v -0.11332327 0.01332173 0.00200182
v -0.11485493 0.01659374 0.00262904
v -0.11673504 0.01950391 0.00188363
v -0.11447287 0.02238854 0.00062004
v -0.11267292 0.02499313 -0.00141487
v -0.11035866 0.02619378 -0.00506535
v -0.10710990 0.02565937 -0.00914279
v -0.11222512 -0.00513102 -0.00915644
v -0.11693799 -0.00807866 -0.00682709
v -0.12168670 -0.00932005 -0.00263789
v -0.12462699 -0.00909104 0.00213900
v -0.12540799 -0.00744324 0.00590968
v -0.12656152 -0.00531187 0.00820786
v -0.12894064 -0.00261195 0.00923994
v -0.13196492 0.00068875 0.00924033
v -0.12892586 0.00418717 0.00846401
v -0.12645578 0.00661829 0.00697565
v -0.12531173 0.00844231 0.00462002
v -0.12217319 0.00849643 -0.00461143
v -0.12472934 0.00939370 0.00048617
v -0.11270380 0.00182437 -0.01043889
v -0.11752486 0.00569909 -0.00885376
v -0.13256299 -0.02501224 0.00307292
v -0.13592362 -0.02138389 0.00302923
v -0.13264167 -0.01748797 0.00265530
v -0.12912691 -0.01475469 0.00084427
v -0.12582242 -0.01354068 -0.00102025
v -0.12642485 -0.01293538 -0.00469694
v -0.12341094 -0.01539037 -0.01172030
v -0.11831790 -0.01811103 -0.01437190
v -0.08770204 0.03801075 -0.02049464
v -0.09178782 0.03525795 -0.02132067
v -0.09535962 0.03205558 -0.02060592
v -0.09269631 0.02828103 -0.01883340
v -0.09597355 0.02666264 -0.01545617
v -0.09234273 0.02562045 -0.01236799
v -0.08827561 0.02619339 -0.01016760
v -0.11765170 -0.00136918 -0.01088253
v -0.12334073 -0.02164794 -0.01412135
v -0.11044294 0.00928543 -0.01199821
v -0.11445272 0.01957257 -0.01561749
v -0.11937892 0.01641125 -0.01478660
v -0.11510205 0.01233820 -0.01434815
v -0.11305666 0.02470775 -0.01126313
v -0.11891425 0.02305387 -0.01301971
v -0.10412860 -0.04167244 -0.02329043
v -0.10592031 -0.04471351 -0.02359930
v -0.10620600 -0.04863764 -0.03082526
v -0.10425007 -0.04926515 -0.02666155
v -0.10634446 -0.04873503 -0.02655154
v -0.10502744 -0.04769416 -0.02410150
v -0.12783563 -0.02532171 -0.01313600
v -0.13277513 -0.02846396 -0.01149842
v -0.12863725 -0.03091446 -0.00838995
v -0.13413554 -0.03133924 -0.00508448
v -0.13131320 -0.03067983 -0.00132751
v -0.13558269 -0.02836726 0.00098246
v -0.08999002 0.02846870 -0.00735211
v -0.09146374 0.03107281 -0.00552699
v -0.09231436 0.03782229 -0.00657415
v -0.09298724 0.03355173 -0.00510159
v -0.09441191 0.03576311 -0.00558290
v -0.09204042 0.04157843 -0.01322877
v -0.09049666 0.04086728 -0.01744685
v -0.09403807 0.03941687 -0.00794426
v -0.09285814 0.04073626 -0.00986075
v -0.11426955 0.00862317 -0.00786445
v -0.11619431 0.00934962 -0.00300586
v -0.11659700 0.01145030 0.00035015
v -0.11755139 0.01377879 0.00195110
v -0.11947447 0.01628586 0.00229979
v -0.12176716 0.01894892 0.00174561
v -0.11911094 0.02196962 0.00064486
v -0.11705482 0.02415336 -0.00079334
v -0.11597770 0.02564098 -0.00302935
v -0.11535770 0.02628519 -0.00686061
v -0.12314808 -0.00491559 -0.00936252
v -0.12852031 -0.00747058 -0.00574687
v -0.13009417 -0.00913992 0.00250724
v -0.12846828 -0.00748559 0.00611794
v -0.13164616 -0.00603157 0.00761569
v -0.13518530 -0.00326141 0.00873795
v -0.13884872 0.00019888 0.00858429
v -0.13515770 0.00390458 0.00821230
v -0.13166654 0.00679780 0.00680682
v -0.12833452 0.00824117 0.00503895
v -0.12993228 0.00944552 0.00138164
v -0.12314683 0.00330291 -0.00992674
v -0.12829810 0.00687551 -0.00633484
v -0.13906509 -0.02501482 0.00220117
v -0.14187008 -0.02128643 0.00220028
v -0.13885164 -0.01787210 0.00176552
v -0.13535935 -0.01508109 0.00022429
v -0.13130826 -0.01339683 -0.00236878
v -0.12872088 -0.01389632 -0.00877085
v -0.13399702 -0.01354249 -0.00552535
v -0.13277036 -0.01588446 -0.01097018
v -0.12781084 -0.01851297 -0.01295477
v -0.09469265 0.03927800 -0.01954976
v -0.09849280 0.02922429 -0.01856273
v -0.09798145 0.03615961 -0.02109063
v -0.10135466 0.03244039 -0.02082026
v -0.10186136 0.02742851 -0.01595980
v -0.09916264 0.02670669 -0.01237768
v -0.09393221 0.02758250 -0.00867081
v -0.12867421 -0.00015988 -0.00911775
v -0.13245118 -0.02182827 -0.01336074
v -0.11946094 0.01019008 -0.01101571
v -0.12328678 0.02044515 -0.01413360
v -0.12753868 0.01732897 -0.01384866
v -0.12360823 0.01355927 -0.01313496
v -0.12325311 0.02538214 -0.00948977
v -0.12742424 0.02352555 -0.01153162
v -0.13682497 -0.02535183 -0.01282963
v -0.14121270 -0.02846832 -0.01086545
v -0.13761169 -0.03044025 -0.00837347
v -0.14164382 -0.03064864 -0.00464898
v -0.13847935 -0.03015514 -0.00188509
v -0.14182955 -0.02761507 0.00036675
v -0.09437656 0.02990133 -0.00633508
v -0.09512281 0.03182616 -0.00551715
v -0.09584451 0.03791805 -0.00671208
v -0.09652370 0.03369941 -0.00534004
v -0.09806472 0.03596889 -0.00586551
v -0.09506530 0.04077484 -0.00979060
v -0.09576780 0.04157736 -0.01288861
v -0.09744257 0.03993502 -0.00852534
v -0.12084347 0.00956863 -0.00315258
v -0.11939985 0.01135221 0.00013867
v -0.12199193 0.01298337 0.00111482
v -0.12465602 0.01536778 0.00195786
v -0.12736183 0.01810415 0.00230703
v -0.12431729 0.02136105 0.00092211
v -0.12142783 0.02393580 -0.00099015
v -0.11878628 0.02538682 -0.00275698
v -0.12024641 0.02615241 -0.00603688
v -0.13367528 -0.00366686 -0.00750032
v -0.13808143 -0.00676349 -0.00549453
v -0.13355273 -0.00874681 -0.00188372
v -0.13822961 -0.00891740 0.00097859
v -0.13463593 -0.00834891 0.00466675
v -0.13874316 -0.00628693 0.00650638
v -0.14255404 -0.00338254 0.00767919
v -0.14594537 -0.00006322 0.00778994
v -0.14245439 0.00336406 0.00763032
v -0.13864303 0.00644735 0.00630167
v -0.13438284 0.00862857 0.00392789
v -0.13329691 0.00886758 -0.00251845
v -0.13797146 0.00918560 0.00044161
v -0.13345391 0.00400611 -0.00769305
v -0.13770717 0.00698599 -0.00548011
v -0.14453274 -0.02433862 0.00158373
v -0.14676243 -0.02094099 0.00134805
v -0.14440185 -0.01804278 0.00087646
v -0.14140987 -0.01555817 -0.00052184
v -0.13806194 -0.01412976 -0.00290927
v -0.13718563 -0.01444501 -0.00858086
v -0.14088482 -0.01415552 -0.00581372
v -0.14061552 -0.01606982 -0.01099181
v -0.13668084 -0.01862471 -0.01255372
v -0.09794182 0.04133287 -0.01664451
v -0.10120434 0.03972137 -0.01972711
v -0.10500979 0.03646085 -0.02156359
v -0.10807604 0.03284704 -0.02111784
v -0.10509336 0.02971624 -0.01901168
v -0.10809904 0.02803829 -0.01643860
v -0.10525900 0.02727924 -0.01343969
v -0.10232556 0.02778102 -0.01051059
v -0.10012132 0.02924444 -0.00788373
v -0.09741586 0.02791001 -0.00883263
v -0.09648174 0.03003068 -0.00650707
v -0.13801152 0.00036185 -0.00820756
v -0.14065903 -0.02200985 -0.01325613
v -0.12767017 0.01109473 -0.01061860
v -0.12366539 0.00935876 -0.00740620
v -0.13184798 0.02118014 -0.01232269
v -0.13600504 0.01781746 -0.01248589
v -0.13206762 0.01421956 -0.01212519
v -0.12397152 0.02532788 -0.00314388
v -0.12726587 0.02593563 -0.00556228
v -0.13120878 0.02529388 -0.00769708
v -0.13535619 0.02373632 -0.00961760
v -0.14471561 -0.02550408 -0.01230270
v -0.14879656 -0.02859399 -0.00992894
v -0.14499611 -0.03019338 -0.00721559
v -0.14769667 -0.02984018 -0.00294444
v -0.14456969 -0.02909278 -0.00147852
v -0.14686924 -0.02651401 0.00043330
v -0.09834784 0.03141763 -0.00605923
v -0.09986347 0.03821428 -0.00726074
v -0.10033387 0.03343752 -0.00587294
v -0.10257751 0.03580236 -0.00652474
v -0.09927279 0.04132194 -0.01114765
v -0.10183674 0.04166042 -0.01399693
v -0.10237831 0.04006287 -0.00924721
v -0.12759054 0.00975310 -0.00413930
v -0.12452221 0.01071612 -0.00124517
v -0.12758064 0.01257084 0.00083554
v -0.13048124 0.01508824 0.00234199
v -0.13353878 0.01788911 0.00276011
v -0.13039529 0.02075495 0.00203753
v -0.12723655 0.02346043 -0.00002986
v -0.14238828 -0.00334150 -0.00783935
v -0.14698982 -0.00645070 -0.00578159
v -0.14238638 -0.00827544 -0.00252539
v -0.14650339 -0.00828658 0.00067344
v -0.14243335 -0.00789172 0.00363845
v -0.14614171 -0.00577898 0.00564536
v -0.14911532 -0.00302078 0.00672451
v -0.15152085 -0.00012143 0.00666636
v -0.14888531 0.00280889 0.00677314
v -0.14585978 0.00576582 0.00574690
v -0.14204919 0.00798956 0.00350842
v -0.14186972 0.00838509 -0.00269514
v -0.14590830 0.00851376 0.00047085
v -0.14219218 0.00434217 -0.00767085
v -0.14649004 0.00707003 -0.00550544
v -0.14836907 -0.01830027 0.00039068
v -0.14849293 -0.02360099 0.00119719
v -0.14978290 -0.02087929 0.00097013
v -0.14663053 -0.01606817 -0.00085366
v -0.14415395 -0.01455990 -0.00301436
v -0.14421713 -0.01462872 -0.00826973
v -0.14721161 -0.01447736 -0.00492772
v -0.14826518 -0.01628550 -0.01071501
v -0.14433974 -0.01882580 -0.01245242
v -0.10529310 0.04141469 -0.01700494
v -0.10851330 0.03982911 -0.02009094
v -0.11103350 0.03010025 -0.01943979
v -0.11128092 0.03643038 -0.02173501
v -0.11433089 0.03287343 -0.02137715
v -0.11434090 0.02824371 -0.01669142
v -0.11081553 0.02783352 -0.01382956
v -0.10815644 0.02838930 -0.01141757
v -0.10548973 0.02948234 -0.00917876
v -0.10277027 0.03112160 -0.00708970
v -0.14705211 0.00101422 -0.00873810
v -0.14842683 -0.02238907 -0.01268366
v -0.13574702 0.01140564 -0.00910696
v -0.13147187 0.01002270 -0.00674906
v -0.13954198 0.02116007 -0.01110354
v -0.14332998 0.01755858 -0.01117280
v -0.13970226 0.01425396 -0.01073757
v -0.13061225 0.02490809 -0.00178197
v -0.13447845 0.02542390 -0.00406027
v -0.13865560 0.02528646 -0.00607643
v -0.14298040 0.02372606 -0.00845581
v -0.15235555 -0.02605581 -0.01181617
v -0.15631866 -0.02883091 -0.00958505
v -0.15314215 -0.03030010 -0.00672805
v -0.15143806 -0.02979865 -0.00277632
v -0.15082377 -0.02771795 -0.00047702
v -0.14889508 -0.02778546 -0.00047880
v -0.14994061 -0.02571899 0.00061804
v -0.10531354 0.03335423 -0.00695431
v -0.10769939 0.03563628 -0.00751525
v -0.10515153 0.03802936 -0.00788587
v -0.10529345 0.04112528 -0.01166436
v -0.10843104 0.04149164 -0.01424673
v -0.10787797 0.03962112 -0.00975612
v -0.13440895 0.01039341 -0.00316006
v -0.13080764 0.01105222 -0.00101894
v -0.13370830 0.01292208 0.00123683
v -0.13645434 0.01546552 0.00251383
v -0.13908476 0.01806140 0.00265622
v -0.13667589 0.02043500 0.00213468
v -0.13385594 0.02289197 0.00078395
v -0.15201825 -0.00271236 -0.00792158
v -0.15665036 -0.00562371 -0.00545502
v -0.15141493 -0.00777442 -0.00225028
v -0.15399563 -0.00735757 0.00152370
v -0.14986682 -0.00695992 0.00331643
v -0.15212458 -0.00499441 0.00519970
v -0.15354657 0.00246497 0.00604984
v -0.15377074 -0.00255976 0.00608337
v -0.15533268 0.00008814 0.00625220
v -0.15153193 0.00487258 0.00529635
v -0.14920729 0.00720214 0.00341472
v -0.15078056 0.00839699 -0.00211173
v -0.15308756 0.00790148 0.00156072
v -0.15174967 0.00498884 -0.00751293
v -0.15614688 0.00761883 -0.00466877
v -0.14959526 -0.01658090 -0.00081986
v -0.14856195 -0.01525994 -0.00228918
v -0.15095609 -0.01845742 0.00020316
v -0.15127122 -0.02360041 0.00098950
v -0.15273601 -0.02124049 0.00085133
v -0.15032893 -0.01536870 -0.00240153
v -0.15094751 -0.01466450 -0.00502443
v -0.15292758 -0.01504147 -0.00816241
v -0.15612876 -0.01700003 -0.01040840
v -0.15221953 -0.01942686 -0.01223567
v -0.11139089 0.04131048 -0.01704314
v -0.11436772 0.03963141 -0.02025506
v -0.11779541 0.03619207 -0.02168167
v -0.12097645 0.03291888 -0.02107820
v -0.11773056 0.03011733 -0.01953119
v -0.12081605 0.02839481 -0.01698971
v -0.11763442 0.02769422 -0.01426408
v -0.11253870 0.02902639 -0.01140225
v -0.11021757 0.02998863 -0.00991789
v -0.10789138 0.03143556 -0.00829962
v -0.15669280 0.00148648 -0.00823221
v -0.15582436 -0.02318558 -0.01249540
v -0.14292049 0.01151993 -0.00762135
v -0.13849998 0.01028121 -0.00515354
v -0.14683682 0.02066674 -0.01040310
v -0.15024233 0.01683749 -0.01073888
v -0.14683783 0.01381629 -0.00975433
v -0.13738871 0.02419810 -0.00095987
v -0.14089286 0.02475303 -0.00246686
v -0.14690006 0.02492005 -0.00600666
v -0.15021545 0.02292308 -0.00863025
v -0.15960872 -0.02648467 -0.01114741
v -0.16291487 -0.02831704 -0.00877708
v -0.15998131 -0.03001733 -0.00695586
v -0.15692812 -0.03031956 -0.00415251
v -0.15469098 -0.02877528 -0.00130704
v -0.15282309 -0.02630749 0.00030631
v -0.10979229 0.03752958 -0.00869027
v -0.10966587 0.03341081 -0.00798222
v -0.11125511 0.03534346 -0.00838763
v -0.11037672 0.04053804 -0.01176178
v -0.11284816 0.04094904 -0.01356536
v -0.11158031 0.03880036 -0.01007324
v -0.14054149 0.01103211 -0.00128841
v -0.13698721 0.01165734 -0.00020748
v -0.13917398 0.01365786 0.00178882
v -0.14126301 0.02026619 0.00207585
v -0.14109975 0.01589013 0.00252533
v -0.14287794 0.01817182 0.00252381
v -0.13952577 0.02234044 0.00103375
v -0.16065007 -0.00230389 -0.00746596
v -0.16450721 -0.00507316 -0.00525862
v -0.16103923 -0.00730111 -0.00231689
v -0.15818495 -0.00730049 0.00147045
v -0.15690076 -0.00598128 0.00390473
v -0.15478164 -0.00595689 0.00398237
v -0.15562010 -0.00447723 0.00520566
v -0.15522468 0.00446532 0.00517282
v -0.15401107 0.00615676 0.00409493
v -0.15695477 0.00267924 0.00585294
v -0.15701801 -0.00252929 0.00593895
v -0.15890878 0.00017551 0.00623304
v -0.15630805 0.00615787 0.00397325
v -0.15724295 0.00776103 0.00156364
v -0.16046470 0.00528201 -0.00669700
v -0.16011357 0.00844406 -0.00155526
v -0.16373760 0.00736183 -0.00389823
v -0.15229791 -0.01647614 -0.00127012
v -0.15457553 -0.01864119 -0.00003949
v -0.15475428 -0.02434561 0.00079364
v -0.15668434 -0.02179561 0.00059599
v -0.15408993 -0.01529694 -0.00340918
v -0.15647709 -0.01506660 -0.00586486
v -0.15963393 -0.02002744 -0.01163208
v -0.15963745 -0.01578668 -0.00804538
v -0.16286844 -0.01766911 -0.00957605
v -0.11769700 0.04103128 -0.01740155
v -0.12108809 0.03914896 -0.01994911
v -0.12375242 0.03030027 -0.01927185
v -0.12415534 0.03591041 -0.02096277
v -0.12662315 0.03273745 -0.02026525
v -0.12607384 0.02883355 -0.01687375
v -0.12321556 0.02791663 -0.01476857
v -0.11544681 0.02889524 -0.01166257
v -0.12021816 0.02827730 -0.01265812
v -0.11783743 0.02967086 -0.01084062
v -0.11453843 0.03051059 -0.01006633
v -0.11301386 0.03059551 -0.00985476
v -0.11140662 0.03169281 -0.00895277
v -0.16416323 0.00150994 -0.00754988
v -0.16273624 -0.02350488 -0.01161754
v -0.15035921 0.01142705 -0.00715047
v -0.14682859 0.01033215 -0.00423092
v -0.15357774 0.01362248 -0.00947231
v -0.15350658 0.02007749 -0.01014501
v -0.15661019 0.01667928 -0.01055470
v -0.14175963 0.02329003 -0.00005242
v -0.14388752 0.02333048 -0.00021556
v -0.14469057 0.02472486 -0.00261518
v -0.14801437 0.02408933 -0.00171456
v -0.15047079 0.02499758 -0.00414163
v -0.15335476 0.02431085 -0.00655392
v -0.15640557 0.02242826 -0.00832763
v -0.16534591 -0.02604296 -0.00986153
v -0.16761881 -0.02712443 -0.00770834
v -0.16566813 -0.02900608 -0.00635618
v -0.16294897 -0.02985152 -0.00443465
v -0.15983146 -0.02919581 -0.00211293
v -0.15711755 -0.02715176 -0.00026217
v -0.11255568 0.03694849 -0.00917071
v -0.11245114 0.03339114 -0.00863951
v -0.11363018 0.03507817 -0.00889817
v -0.11320448 0.03961316 -0.01121050
v -0.11463875 0.03955176 -0.01146650
v -0.11555660 0.04088281 -0.01395696
v -0.11373925 0.03826023 -0.01016545
v -0.14452469 0.01109388 -0.00101787
v -0.14374757 0.01259895 0.00107750
v -0.14153832 0.01259084 0.00104988
v -0.14272332 0.01416469 0.00198343
v -0.14290416 0.02189295 0.00115505
v -0.14451754 0.02043188 0.00181049
v -0.14443225 0.01600716 0.00246423
v -0.14637667 0.01848967 0.00226977
v -0.16764516 -0.00210917 -0.00673223
v -0.17078376 -0.00436761 -0.00454932
v -0.16788405 -0.00650033 -0.00252119
v -0.16471452 -0.00746503 0.00035101
v -0.16152298 -0.00671862 0.00298360
v -0.15899408 -0.00498603 0.00485834
v -0.15856898 0.00491506 0.00487056
v -0.16086477 0.00297436 0.00574771
v -0.16124338 -0.00287267 0.00589603
v -0.16300678 0.00016950 0.00618249
v -0.16050106 0.00674685 0.00326675
v -0.16317469 0.00791031 0.00099254
v -0.16702443 0.00488660 -0.00584948
v -0.16629720 0.00816565 -0.00139040
v -0.16937858 0.00688012 -0.00331613
v -0.15671682 -0.01663866 -0.00185075
v -0.15872383 -0.02522860 0.00016931
v -0.16001058 -0.02225170 0.00005159
v -0.15859681 -0.01884031 -0.00060418
v -0.15921301 -0.01571949 -0.00395045
v -0.16234881 -0.01564595 -0.00600114
v -0.16530913 -0.02052919 -0.01044023
v -0.16538215 -0.01661288 -0.00766164
v -0.16755956 -0.01883396 -0.00865495
v -0.11788177 0.04016955 -0.01280156
v -0.12038338 0.04095709 -0.01521316
v -0.12374085 0.04049931 -0.01751593
v -0.12703866 0.03837525 -0.01917160
v -0.12862951 0.03048979 -0.01836252
v -0.12936240 0.03542637 -0.01959568
v -0.13085407 0.03273641 -0.01880318
v -0.13021463 0.02957346 -0.01625204
v -0.12801021 0.02846922 -0.01493955
v -0.12512565 0.02818944 -0.01315930
v -0.12205970 0.02904278 -0.01160324
v -0.11616921 0.03137568 -0.00965795
v -0.11968154 0.03067044 -0.01011908
v -0.11786515 0.03277065 -0.00925082
v -0.11480814 0.03322407 -0.00903207
v -0.11363691 0.03191653 -0.00924712
v -0.17028338 0.00153502 -0.00666136
v -0.16723096 -0.02346614 -0.00983384
v -0.15671718 0.01163380 -0.00702333
v -0.15357661 0.01046998 -0.00447333
v -0.15047812 0.01065814 -0.00191247
v -0.14793539 0.01190865 0.00028285
v -0.15942872 0.01387354 -0.00911835
v -0.15923095 0.01969500 -0.00944546
v -0.16163450 0.01684250 -0.00940326
v -0.14614844 0.02249629 0.00037664
v -0.14843452 0.02092700 0.00125375
v -0.15057480 0.02293962 -0.00047582
v -0.15304530 0.02420986 -0.00253487
v -0.15601516 0.02472146 -0.00449970
v -0.15903676 0.02380790 -0.00628290
v -0.16151065 0.02155589 -0.00759509
v -0.16882551 -0.02514208 -0.00837448
v -0.17022985 -0.02482839 -0.00725475
v -0.16974294 -0.02679358 -0.00601205
v -0.16797245 -0.02850932 -0.00439444
v -0.16519654 -0.02886453 -0.00256726
v -0.16181117 -0.02782414 -0.00106862
v -0.11483175 0.03680186 -0.00957143
v -0.11622524 0.03497151 -0.00917307
v -0.11617410 0.03860421 -0.01082432
v -0.14605266 0.01386940 0.00174069
v -0.14830685 0.01594291 0.00226465
v -0.15042686 0.01842375 0.00194848
v -0.17310584 -0.00156693 -0.00568873
v -0.17550611 -0.00321684 -0.00338712
v -0.17344099 -0.00553296 -0.00185671
v -0.17053002 -0.00695954 0.00015536
v -0.16720372 -0.00681655 0.00262037
v -0.16398102 -0.00542605 0.00458813
v -0.16292477 0.00522173 0.00461408
v -0.16468012 0.00339753 0.00543290
v -0.16535908 -0.00329916 0.00560364
v -0.16619140 0.00006075 0.00587970
v -0.16556466 0.00686720 0.00299340
v -0.16862816 0.00785141 0.00100258
v -0.17239296 0.00443046 -0.00476995
v -0.17169333 0.00763427 -0.00113031
v -0.17446876 0.00589593 -0.00265929
v -0.16113466 -0.01692559 -0.00245646
v -0.16196388 -0.02475565 -0.00033718
v -0.16227567 -0.02226286 -0.00029570
v -0.16182148 -0.02004676 -0.00077844
v -0.16434270 -0.01627459 -0.00428170
v -0.16752911 -0.01665308 -0.00592718
v -0.16881043 -0.02134589 -0.00882512
v -0.16961354 -0.01856400 -0.00708842
v -0.17015070 -0.02103878 -0.00768766
v -0.11784172 0.03706710 -0.00996131
v -0.11972970 0.03886725 -0.01146722
v -0.12224734 0.04002430 -0.01322931
v -0.12568533 0.04042208 -0.01509377
v -0.12924820 0.03959798 -0.01685464
v -0.13147938 0.03703814 -0.01787335
v -0.13174236 0.03113057 -0.01716524
v -0.13240433 0.03449558 -0.01795363
v -0.13289243 0.03269460 -0.01733184
v -0.13278794 0.03115391 -0.01610780
v -0.13178051 0.02965494 -0.01482248
v -0.12981969 0.02882733 -0.01344454
v -0.12692744 0.02889733 -0.01212007
v -0.12370503 0.02984656 -0.01091486
v -0.12132394 0.03205975 -0.00960907
v -0.11957002 0.03481466 -0.00933480
v -0.17479563 0.00144662 -0.00514802
v -0.16971672 -0.02316276 -0.00819764
v -0.16202307 0.01260271 -0.00681147
v -0.15953928 0.01089399 -0.00455025
v -0.15646660 0.01045074 -0.00220969
v -0.15334857 0.01155457 -0.00027415
v -0.15055585 0.01336851 0.00139871
v -0.16354871 0.01517998 -0.00798079
v -0.16325122 0.01903089 -0.00814012
v -0.16451108 0.01728808 -0.00766626
v -0.15264815 0.02114483 0.00065631
v -0.15530819 0.02316152 -0.00132787
v -0.15841377 0.02409204 -0.00302693
v -0.16148680 0.02403264 -0.00447628
v -0.16384268 0.02207385 -0.00583991
v -0.16485292 0.01937108 -0.00677565
v -0.17134798 -0.02260904 -0.00643173
v -0.17146349 -0.02513216 -0.00471231
v -0.16991735 -0.02718822 -0.00293121
v -0.16720527 -0.02771010 -0.00173610
v -0.16407615 -0.02688738 -0.00087345
v -0.15273565 0.01529815 0.00186071
v -0.15443075 0.01817026 0.00160578
v -0.17667890 -0.00071241 -0.00392124
v -0.17826790 -0.00068159 -0.00226733
v -0.17775500 -0.00337152 -0.00105795
v -0.17592782 -0.00568165 0.00063607
v -0.17274737 -0.00646008 0.00238153
v -0.16894829 -0.00556601 0.00422132
v -0.16740781 0.00585530 0.00398895
v -0.16806853 0.00303008 0.00526527
v -0.16862404 -0.00207005 0.00549653
v -0.16847628 0.00029426 0.00571945
v -0.17076409 0.00701995 0.00263247
v -0.17397767 0.00758694 0.00078240
v -0.17630345 0.00343447 -0.00347331
v -0.17683893 0.00610660 -0.00089225
v -0.17793506 0.00350549 -0.00206712
v -0.16325903 -0.01800689 -0.00194064
v -0.16631049 -0.01711640 -0.00331470
v -0.16628271 -0.02635882 -0.00102693
v -0.16395634 -0.02442428 -0.00034836
v -0.16593492 -0.02205909 -0.00042334
v -0.16365892 -0.02005283 -0.00087106
v -0.16557384 -0.01838564 -0.00202796
v -0.16950071 -0.01758249 -0.00413576
v -0.17139083 -0.01970641 -0.00539783
v -0.12137336 0.03707333 -0.01030007
v -0.12382191 0.03889125 -0.01192993
v -0.12729067 0.03963693 -0.01331383
v -0.13094741 0.03952085 -0.01456159
v -0.13323754 0.03721355 -0.01608175
v -0.13358402 0.03449791 -0.01684803
v -0.13426340 0.03285329 -0.01533049
v -0.13360065 0.03087466 -0.01353860
v -0.13175023 0.02984698 -0.01228923
v -0.12906480 0.02966686 -0.01149958
v -0.12590313 0.03060042 -0.01055068
v -0.12284589 0.03459578 -0.00963002
v -0.17757887 0.00138505 -0.00323358
v -0.16527921 0.01551550 -0.00663713
v -0.16465682 0.01279758 -0.00490853
v -0.16232604 0.01099752 -0.00255588
v -0.15921891 0.01125856 -0.00072154
v -0.15582925 0.01275017 0.00065699
v -0.16631031 0.01791655 -0.00531182
v -0.15776294 0.02238293 -0.00082043
v -0.16083282 0.02338060 -0.00209519
v -0.16376418 0.02330061 -0.00319740
v -0.16588569 0.02104678 -0.00418058
v -0.17203701 -0.02225510 -0.00366667
v -0.17121804 -0.02507875 -0.00207701
v -0.16895187 -0.02664359 -0.00155339
v -0.15618253 0.02053504 0.00062951
v -0.15665746 0.01593079 0.00155154
v -0.15694034 0.01823430 0.00148317
v -0.17943978 0.00144990 -0.00077799
v -0.17949152 -0.00164280 0.00076172
v -0.17806095 -0.00437139 0.00255886
v -0.17519730 -0.00513248 0.00401655
v -0.17120004 -0.00422172 0.00491932
v -0.16984415 0.00520574 0.00432983
v -0.17329073 0.00639402 0.00345942
v -0.17022979 0.00293939 0.00538257
v -0.17285430 0.00482311 0.00459674
v -0.17389464 -0.00338845 0.00511000
v -0.17070270 -0.00164370 0.00569692
v -0.17330807 0.00077676 0.00619069
v -0.17646700 0.00679286 0.00248763
v -0.17908615 0.00469225 0.00079939
v -0.16824949 -0.01804416 -0.00273797
v -0.17084759 -0.01928608 -0.00305912
v -0.17045623 -0.02508674 -0.00125149
v -0.16844463 -0.02470351 -0.00061926
v -0.17051172 -0.02209429 -0.00103584
v -0.16796577 -0.01955376 -0.00148222
v -0.16992903 -0.01933585 -0.00214437
v -0.12577069 0.03809332 -0.01138496
v -0.12932414 0.03880580 -0.01220238
v -0.13270307 0.03833409 -0.01291221
v -0.13443100 0.03563159 -0.01414376
v -0.13442367 0.03330432 -0.01258308
v -0.13332307 0.03135951 -0.01167518
v -0.13120109 0.03055008 -0.01117325
v -0.12838060 0.03101288 -0.01061553
v -0.12624556 0.03263925 -0.00996357
v -0.12461799 0.03246926 -0.00989088
v -0.12454337 0.03632765 -0.01036859
v -0.12509799 0.03448810 -0.00992531
v -0.16674364 0.01498209 -0.00339034
v -0.16497314 0.01230549 -0.00109890
v -0.16195250 0.01230492 0.00018558
v -0.15858585 0.01373656 0.00103739
v -0.16704375 0.01844605 -0.00242820
v -0.15836626 0.02043887 0.00067595
v -0.16057527 0.02206900 -0.00062707
v -0.16290212 0.02262395 -0.00143775
v -0.16560054 0.02167221 -0.00184730
v -0.17132068 -0.02201123 -0.00198570
v -0.16127867 0.01443617 0.00124356
v -0.15866607 0.01628183 0.00165322
v -0.16099733 0.01843562 0.00156060
v -0.18012762 0.00145476 0.00246391
v -0.17933601 -0.00197400 0.00404617
v -0.17712510 -0.00379832 0.00473186
v -0.17591232 0.00574850 0.00425127
v -0.17862195 0.00467687 0.00384215
v -0.17561615 0.00372513 0.00571641
v -0.17740184 0.00412266 0.00539634
v -0.17781246 -0.00200425 0.00570378
v -0.17608559 -0.00184066 0.00608435
v -0.17764074 0.00102602 0.00635895
v -0.12621677 0.03624989 -0.01039910
v -0.12809736 0.03765573 -0.01124072
v -0.13150799 0.03789963 -0.01154619
v -0.13374484 0.03626119 -0.01181400
v -0.13377130 0.03378208 -0.01091677
v -0.13256884 0.03181641 -0.01069856
v -0.13069296 0.03215762 -0.01023197
v -0.12821388 0.03458591 -0.00998831
v -0.16656178 0.01510169 -0.00047103
v -0.16430050 0.01366584 0.00081322
v -0.16633815 0.01868318 -0.00009295
v -0.16297019 0.02097868 0.00036499
v -0.16472930 0.02143760 -0.00028864
v -0.16572851 0.01536717 0.00121513
v -0.16358632 0.01575528 0.00180617
v -0.16525209 0.01859378 0.00139597
v -0.17901474 0.00121005 0.00529870
v -0.13068998 0.03663625 -0.01065099
v -0.13279134 0.03651669 -0.01075703
v -0.13248056 0.03430064 -0.01008016
v 0.00897986 -0.02821782 -0.01207989
v -0.00637102 -0.03586059 -0.00585788
v -0.01088446 -0.02357658 0.01266342
v 0.00945795 -0.01701005 -0.01934764
v -0.00364226 -0.02999079 -0.01852000
v -0.01487994 -0.03932461 -0.01156917
v -0.01594341 -0.03278374 0.00450680
v -0.00769156 -0.01065704 0.01834238
v -0.02160031 -0.01826705 0.01370600
v 0.01097971 -0.00673221 -0.02141887
v -0.00625575 -0.01109869 -0.02626079
v -0.01066154 -0.03422338 -0.02161288
v -0.00935239 -0.01949293 -0.02705467
v -0.02258635 -0.04300319 -0.01831767
v -0.02331477 -0.03886657 -0.00288209
v -0.02550894 -0.02732083 0.00776789
v -0.00521302 0.00234834 0.01837486
v -0.01832688 -0.00669888 0.01714078
v -0.03132087 -0.01522175 0.01431099
v 0.01225328 0.00320253 -0.02164343
v -0.00424290 -0.00241023 -0.02546868
v -0.01664197 -0.00462215 -0.02890262
v -0.01206166 -0.02464267 -0.02860510
v -0.01761943 -0.03746535 -0.02644891
v -0.01759255 -0.01061628 -0.03041652
v -0.02932489 -0.04622413 -0.02347594
v -0.03088540 -0.04370506 -0.01009858
v -0.03109783 -0.03489501 0.00164101
v -0.03437340 -0.02448743 0.00945577
v -0.00321907 0.01572408 0.01468223
v 0.00016910 0.02472489 0.00246981
v -0.01509202 0.00567834 0.01658359
v -0.02826655 -0.00328055 0.01629764
v -0.04061478 -0.01353885 0.01390225
v 0.01284498 0.01435233 -0.01952311
v -0.00099444 0.00587731 -0.02460399
v -0.01552695 0.00255058 -0.02826628
v -0.02957469 -0.00135403 -0.02563667
v -0.01831084 -0.02847315 -0.03209758
v -0.01891917 -0.01506373 -0.03136823
v -0.02619219 -0.04093261 -0.03100735
v -0.02830797 -0.00635364 -0.02827239
v -0.03675669 -0.04766728 -0.01547635
v -0.03639603 -0.04989757 -0.02922243
v -0.03821367 -0.04065643 -0.00494388
v -0.03843111 -0.03191760 0.00463876
v -0.04315007 -0.02314308 0.01036552
v -0.01209116 0.01850724 0.01251978
v -0.00833219 0.02809190 0.00151682
v 0.00233907 0.02371457 -0.01246870
v -0.02471411 0.00923087 0.01494139
v -0.03792763 -0.00134373 0.01493326
v -0.04972446 -0.01273037 0.01320735
v 0.00170249 0.01566169 -0.02118108
v -0.01194638 0.01146119 -0.02837396
v -0.02846897 0.00627644 -0.02586329
v -0.04029524 -0.00234390 -0.02152559
v -0.02440369 -0.01871658 -0.03371039
v -0.02790058 -0.03313125 -0.03623059
v -0.02908754 -0.00942574 -0.02964267
v -0.03415018 -0.04397221 -0.03588748
v -0.03631431 -0.00662443 -0.02560589
v -0.04264385 -0.05189452 -0.02098221
v -0.04468161 -0.04431308 -0.01080257
v -0.04488802 -0.05239337 -0.03436944
v -0.04406983 -0.03759161 -0.00046319
v -0.04555130 -0.03036023 0.00676408
v -0.05169863 -0.02278097 0.01051384
v -0.02147537 0.02188018 0.01039469
v -0.00628042 0.02845533 -0.01304951
v -0.01835042 0.03188655 0.00013188
v -0.03445548 0.01155464 0.01309261
v -0.04718119 0.00001689 0.01363114
v -0.05893934 -0.01256180 0.01281336
v -0.00773746 0.02157663 -0.02415198
v -0.02425092 0.01558903 -0.02865297
v -0.04013830 0.01030020 -0.02400306
v -0.04976892 -0.00550107 -0.01953676
v -0.04613429 0.00418747 -0.02049559
v -0.03377426 -0.01234236 -0.03073442
v -0.03341311 -0.02384014 -0.03677124
v -0.03656763 -0.03624595 -0.03935272
v -0.04359382 -0.04559881 -0.03950521
v -0.04301596 -0.00958474 -0.02451956
v -0.04920077 -0.05469504 -0.02602535
v -0.04970288 -0.04802632 -0.01575550
v -0.04958153 -0.04093505 -0.00588533
v -0.05572343 -0.05181184 -0.03632957
v -0.04928380 -0.03526221 0.00331518
v -0.05233324 -0.02978636 0.00733668
v -0.06042695 -0.02352812 0.00993350
v -0.03116673 0.02434039 0.00814301
v -0.01730305 0.03361912 -0.01460588
v -0.02888173 0.03452851 -0.00168684
v -0.04393524 0.01344825 0.01108533
v -0.05618358 0.00124912 0.01265195
v -0.06838065 -0.01288230 0.01223591
v -0.01957476 0.02668816 -0.02599981
v -0.03563100 0.01908292 -0.02823067
v -0.04928344 0.01511110 -0.02395225
v -0.05866581 -0.01046016 -0.01881936
v -0.05338883 0.00033986 -0.01877746
v -0.05332798 0.00949787 -0.02109781
v -0.04104137 -0.01763414 -0.03177792
v -0.04284161 -0.02904272 -0.03778124
v -0.04702789 -0.03815442 -0.04016834
v -0.05650222 -0.04518305 -0.04015660
v -0.04948831 -0.01418492 -0.02365473
v -0.05716294 -0.05469462 -0.02911881
v -0.05420393 -0.05065393 -0.01977625
v -0.05334640 -0.04274740 -0.01166543
v -0.05395103 -0.03865242 -0.00092149
v -0.06591100 -0.05105446 -0.03528279
v -0.05307490 -0.03365244 0.00484261
v -0.05966103 -0.03087933 0.00616920
v -0.07022160 -0.02526238 0.00829533
v -0.04029483 0.02611647 0.00567949
v -0.02842879 0.03678112 -0.01575089
v -0.03844106 0.03601759 -0.00343829
v -0.05260575 0.01515162 0.00907260
v -0.06531966 0.00218310 0.01137978
v -0.07744867 -0.01291056 0.01035216
v -0.03107047 0.02981909 -0.02648821
v -0.04531956 0.02269740 -0.02746519
v -0.05749303 0.01897598 -0.02392393
v -0.06474066 -0.01738705 -0.01924908
v -0.06666201 -0.00646996 -0.01720411
v -0.05777359 0.00504042 -0.01937202
v -0.06125045 0.00009033 -0.01806867
v -0.06113279 0.01347215 -0.02204084
v -0.04833299 -0.02387284 -0.03070933
v -0.04984444 -0.03324866 -0.03653881
v -0.05910790 -0.03810146 -0.03749955
v -0.06782001 -0.04582458 -0.03847596
v -0.05470884 -0.02016935 -0.02336273
v -0.06581867 -0.05394606 -0.02964956
v -0.05946863 -0.05157185 -0.02213967
v -0.05698991 -0.04228757 -0.01847380
v -0.05701703 -0.03874195 -0.01637343
v -0.05834991 -0.04020157 -0.00671160
v -0.05759114 -0.03564249 0.00259316
v -0.07333100 -0.05143922 -0.03461552
v -0.06862783 -0.03341925 0.00222331
v -0.08043104 -0.02642136 0.00714853
v -0.04882973 0.02783903 0.00353459
v -0.03827417 0.03840591 -0.01621395
v -0.04701376 0.03693607 -0.00528914
v -0.06118661 0.01701267 0.00707936
v -0.07504779 0.00324767 0.00966591
v -0.08709604 -0.01462794 0.00793365
v -0.04092985 0.03233494 -0.02583814
v -0.05399084 0.02604578 -0.02643973
v -0.06526381 0.02202791 -0.02447721
v -0.07326418 -0.01384761 -0.01731220
v -0.06825286 -0.02495501 -0.01890275
v -0.07459408 -0.00327297 -0.01815191
v -0.06504595 0.00847805 -0.02053234
v -0.06920922 0.00291844 -0.01906484
v -0.06884050 0.01651882 -0.02273482
v -0.05439669 -0.02729432 -0.02604845
v -0.05475962 -0.03204399 -0.02909866
v -0.06179011 -0.03435304 -0.02942261
v -0.07089025 -0.03869308 -0.03677025
v -0.07578504 -0.04812146 -0.03741950
v -0.05900979 -0.02531064 -0.02188680
v -0.07326096 -0.05372545 -0.03002051
v -0.06706953 -0.05175855 -0.02308416
v -0.06172144 -0.04372872 -0.01905322
v -0.05694520 -0.03432156 -0.02114391
v -0.05813783 -0.03127663 -0.02022603
v -0.06151682 -0.03654823 -0.01338887
v -0.06373018 -0.03776019 -0.00244778
v -0.07847565 -0.05104956 -0.03487599
v -0.07619375 -0.03501503 -0.00591472
v -0.08890730 -0.02624929 0.00619268
v -0.08330911 -0.03344719 -0.00320318
v -0.05700552 0.02979456 0.00120348
v -0.04703754 0.03944447 -0.01658261
v -0.05507666 0.03838460 -0.00708142
v -0.06990379 0.01963394 0.00403181
v -0.08625513 0.00348114 0.00823116
v -0.09678960 -0.01680580 0.00600639
v -0.08976781 -0.00709739 0.00599030
v -0.04972839 0.03458657 -0.02480757
v -0.06222892 0.02901933 -0.02642110
v -0.07244015 0.02334504 -0.02371478
v -0.08054650 -0.00965474 -0.01771894
v -0.07701224 -0.02231656 -0.01678669
v -0.06935441 -0.03165576 -0.01555043
v -0.08192450 -0.00069701 -0.01854512
v -0.07300043 0.01117415 -0.02143279
v -0.07727128 0.00535318 -0.01986256
v -0.07611924 0.01794297 -0.02199489
v -0.06277919 -0.03650303 -0.02156585
v -0.07237452 -0.03517282 -0.02869129
v -0.08095628 -0.03790640 -0.03716537
v -0.08220470 -0.04469172 -0.03858531
v -0.06184536 -0.03066815 -0.01830316
v -0.07950735 -0.05338984 -0.03014621
v -0.07405269 -0.05246421 -0.02415618
v -0.06960613 -0.04558241 -0.01945060
v -0.06823587 -0.03641868 -0.00978473
v -0.08417618 -0.04920539 -0.03547531
v -0.07808316 -0.03056026 -0.01353917
v -0.09086877 -0.03252894 -0.00252923
v -0.09731740 -0.02557989 0.00513875
v -0.08518785 -0.03070838 -0.01257905
v -0.06466419 0.03266683 -0.00257483
v -0.05587834 0.04084140 -0.01743728
v -0.06320888 0.04057197 -0.00930622
v -0.08078486 0.02112802 0.00125030
v -0.09771591 0.00295046 0.00805002
v -0.08687168 0.01144525 0.00172928
v -0.10693175 -0.01815272 0.00518525
v -0.09939337 -0.01238424 0.00139987
v -0.09582603 -0.00847072 0.00331679
v -0.09518790 -0.01050485 0.00159737
v -0.05880499 0.03685113 -0.02467227
v -0.07049805 0.03024289 -0.02557898
v -0.07861155 0.02338863 -0.02039093
v -0.08622700 -0.00597088 -0.01737735
v -0.08774894 -0.01378095 -0.01729959
v -0.08565116 -0.02200356 -0.01685834
v -0.08925670 0.00097201 -0.01773497
v -0.08103323 0.01258354 -0.02074835
v -0.08528429 0.00664154 -0.01921874
v -0.08342445 0.01906054 -0.01943743
v -0.07170564 -0.03863885 -0.02061751
v -0.08128655 -0.03509316 -0.02802750
v -0.08958369 -0.03649937 -0.03597194
v -0.08977151 -0.04196147 -0.03822452
v -0.08534074 -0.05182219 -0.03005183
v -0.07935637 -0.05226764 -0.02411717
v -0.07659990 -0.04882006 -0.02056149
v -0.09022951 -0.04642023 -0.03598756
v -0.09827667 -0.03156884 -0.00233495
v -0.09206969 -0.03041854 -0.01159009
v -0.10638714 -0.02622486 0.00441670
v -0.07012731 0.03504357 -0.00532362
v -0.06569040 0.04218876 -0.01818255
v -0.06963825 0.04127095 -0.01021492
v -0.09130454 0.02031530 0.00161928
v -0.07639843 0.02759909 -0.00561669
v -0.09993738 -0.00606935 0.00565821
v -0.10806108 0.00254569 0.00877559
v -0.10048276 0.00926491 0.00199243
v -0.09316772 0.01067164 -0.00095168
v -0.09438032 0.00963444 -0.00017494
v -0.11601055 -0.01911915 0.00392747
v -0.10787904 -0.01265111 0.00079197
v -0.10272181 -0.01201587 -0.00526115
v -0.10067105 -0.01012433 -0.00290239
v -0.10019118 -0.01129749 -0.00444514
v -0.06864744 0.03783119 -0.02399740
v -0.07716817 0.02981784 -0.02253696
v -0.08306986 0.02305006 -0.01580021
v -0.09202886 -0.00433201 -0.01639277
v -0.09113324 -0.00895401 -0.01625147
v -0.09548092 -0.01465761 -0.01568416
v -0.09374893 -0.02209657 -0.01608756
v -0.09617215 0.00228111 -0.01518047
v -0.08975846 0.01337422 -0.01835561
v -0.09293377 0.00711002 -0.01647902
v -0.08799827 0.02144564 -0.01605320
v -0.08144236 -0.03939287 -0.01988575
v -0.08979791 -0.03436301 -0.02788132
v -0.09649670 -0.03675667 -0.03426829
v -0.09647197 -0.04056025 -0.03722489
v -0.09073830 -0.04996753 -0.03007022
v -0.08515370 -0.05075294 -0.02342194
v -0.08313495 -0.04619868 -0.01914191
v -0.09650755 -0.04436296 -0.03667477
v -0.09924358 -0.02968982 -0.01073676
v -0.10663408 -0.03135548 -0.00292921
v -0.11597735 -0.02698122 0.00282139
v -0.07621413 0.03534466 -0.00522587
v -0.07321155 0.04179623 -0.01757771
v -0.07626474 0.04108382 -0.00995204
v -0.09564155 0.01227797 0.00047961
v -0.10131997 0.02029562 0.00257397
v -0.09170902 0.02568875 -0.00485137
v -0.08284277 0.02564903 -0.00725645
v -0.07905549 0.02701099 -0.00808012
v -0.10367805 -0.00923106 -0.00085089
v -0.10870707 -0.00551134 0.00712234
v -0.11735642 0.00167516 0.00858346
v -0.10983372 0.00892259 0.00379997
v -0.10537404 0.00871682 -0.00494397
v -0.09939283 0.00762988 -0.00555411
v -0.10148627 0.00831341 -0.00578585
v -0.12235820 -0.01984614 0.00355950
v -0.11640304 -0.01341234 0.00035602
v -0.10868615 -0.01214965 -0.00584856
v -0.10351384 -0.01509591 -0.01203871
v -0.10217863 -0.01074084 -0.00939789
v -0.10150898 -0.01320550 -0.01137987
v -0.07588077 0.03716720 -0.02217785
v -0.08146840 0.03006532 -0.02111804
v -0.08311176 0.02471139 -0.01607373
v -0.08342522 0.02417530 -0.01139647
v -0.09857208 -0.00370044 -0.01406601
v -0.09719318 -0.00979383 -0.01392174
v -0.10076737 -0.02233516 -0.01420727
v -0.10095567 0.00490408 -0.01142737
v -0.09744656 0.01469205 -0.01543766
v -0.09833831 0.00679816 -0.01183495
v -0.08748090 0.02410850 -0.01184526
v -0.09621346 0.02069113 -0.01515758
v -0.09057420 -0.03823266 -0.02027249
v -0.09702277 -0.03557567 -0.02776688
v -0.10250139 -0.03843929 -0.03260082
v -0.10341597 -0.04068371 -0.03491995
v -0.09535658 -0.04907284 -0.03003722
v -0.09165084 -0.04894613 -0.02303207
v -0.09174979 -0.04471105 -0.01903728
v -0.10361731 -0.04379055 -0.03578916
v -0.09761691 -0.04669111 -0.03465080
v -0.10708916 -0.02947755 -0.01106024
v -0.11667502 -0.03144788 -0.00406158
v -0.12246311 -0.02674584 0.00256675
v -0.07970232 0.02875282 -0.00672230
v -0.08223110 0.03562938 -0.00505954
v -0.07832736 0.04140655 -0.01685813
v -0.08216864 0.04099526 -0.00953060
v -0.10042334 0.00830757 -0.00513980
v -0.10326874 0.01272390 0.00183305
v -0.10942715 0.02011604 0.00224686
v -0.10134733 0.02556034 -0.00283015
v -0.09494025 0.02465389 -0.01146045
v -0.11048186 -0.00896478 0.00052956
v -0.10522705 -0.00838437 -0.00746921
v -0.11813730 -0.00572646 0.00718212
v -0.12370068 0.00125708 0.00867966
v -0.11845827 0.00792154 0.00501731
v -0.11207211 0.00915903 -0.00352636
v -0.10597605 0.00429733 -0.01044887
v -0.12734473 -0.02049894 0.00358027
v -0.12244451 -0.01433535 0.00091067
v -0.11731225 -0.01244559 -0.00591466
v -0.10910189 -0.01540706 -0.01237944
v -0.08012867 0.03717979 -0.02136910
v -0.08587229 0.03076117 -0.02088761
v -0.08670026 0.02568047 -0.01609313
v -0.08285755 0.02489744 -0.01087746
v -0.10494119 -0.00243309 -0.01091802
v -0.10821766 -0.02243913 -0.01432288
v -0.10017735 0.00885266 -0.01184422
v -0.10523218 0.01509448 -0.01551467
v -0.10407734 0.02133787 -0.01465189
v -0.09799826 -0.03915872 -0.02159783
v -0.10254079 -0.03796873 -0.02786168
v -0.10534489 -0.03987504 -0.02842939
v -0.10708880 -0.04195620 -0.02932429
v -0.09876758 -0.04908500 -0.03037846
v -0.09858298 -0.04866040 -0.02498487
v -0.09923506 -0.04770521 -0.02236420
v -0.09949344 -0.04384905 -0.02024367
v -0.10802948 -0.04531689 -0.03025830
v -0.10305291 -0.04581716 -0.03523996
v -0.11805129 -0.02936432 -0.01225454
v -0.12406951 -0.03067765 -0.00142723
v -0.12687755 -0.02724478 0.00229797
v -0.08370405 0.02955880 -0.00600010
v -0.08785611 0.03579829 -0.00522232
v -0.08307981 0.04141291 -0.01612151
v -0.08787692 0.04044658 -0.00888011
v -0.10546023 0.00852867 -0.00465316
v -0.11061090 0.01303032 0.00194362
v -0.11445367 0.01966575 0.00194505
v -0.10966909 0.02535155 -0.00181463
v -0.10268015 0.02532116 -0.00984472
v -0.11187458 -0.00780177 -0.00659367
v -0.12032104 -0.00923729 0.00109386
v -0.12439156 -0.00541996 0.00784826
v -0.12894887 0.00092366 0.00919026
v -0.12431657 0.00690615 0.00649491
v -0.12084585 0.00949636 -0.00140685
v -0.11277592 0.00508433 -0.00922361
v -0.13269514 -0.02118510 0.00348860
v -0.12671870 -0.01478248 0.00103435
v -0.12406021 -0.01287488 -0.00296375
v -0.11828893 -0.01514341 -0.01243395
v -0.08461404 0.03762557 -0.02085114
v -0.09222829 0.03149584 -0.02079463
v -0.09285927 0.02620177 -0.01577577
v -0.08560723 0.02573230 -0.01052853
v -0.11252493 -0.00170741 -0.01032388
v -0.11833680 -0.02177123 -0.01509133
v -0.10625726 0.00924683 -0.01187471
v -0.11481553 0.01591407 -0.01556706
v -0.11398536 0.02260013 -0.01397634
v -0.10320884 -0.04031199 -0.02368432
v -0.10513538 -0.04312402 -0.02335790
v -0.10408431 -0.04910512 -0.03067440
v -0.10427386 -0.04842557 -0.02467719
v -0.10587233 -0.04647626 -0.02382100
v -0.10716796 -0.04799814 -0.03086424
v -0.12800187 -0.02864691 -0.01147476
v -0.12999409 -0.03152994 -0.00478259
v -0.13217002 -0.02836736 0.00143155
v -0.08893752 0.03060158 -0.00568941
v -0.09255111 0.03573604 -0.00549120
v -0.08932567 0.04161992 -0.01453608
v -0.09238529 0.03958540 -0.00810951
v -0.11290753 0.00899614 -0.00400737
v -0.11554086 0.01363784 0.00207430
v -0.11924267 0.01933578 0.00180581
v -0.11499619 0.02454241 -0.00099894
v -0.11159486 0.02598289 -0.00831971
v -0.12275159 -0.00805755 -0.00653979
v -0.12719774 -0.00861688 0.00409326
v -0.12888801 -0.00560642 0.00809884
v -0.13523185 0.00042670 0.00896835
v -0.12882125 0.00672234 0.00702816
v -0.12705660 0.00909607 0.00284016
v -0.12287623 0.00641024 -0.00775936
v -0.13904631 -0.02140427 0.00264242
v -0.13208443 -0.01491074 0.00057751
v -0.13001001 -0.01310863 -0.00550532
v -0.12803257 -0.01571066 -0.01143461
v -0.09124964 0.03866322 -0.02005196
v -0.09819216 0.03238488 -0.02055845
v -0.09883422 0.02713601 -0.01559854
v -0.09121847 0.02677951 -0.00957954
v -0.12325275 -0.00081868 -0.01034331
v -0.12778258 -0.02179284 -0.01350209
v -0.11503756 0.00958806 -0.01168752
v -0.12344331 0.01689368 -0.01420861
v -0.12326366 0.02334733 -0.01227555
v -0.13718104 -0.02842609 -0.01117069
v -0.13808876 -0.03105634 -0.00500497
v -0.13886768 -0.02803526 0.00057083
v -0.09354323 0.03153118 -0.00546333
v -0.09618849 0.03584548 -0.00571620
v -0.09387511 0.04132239 -0.01151901
v -0.09561092 0.03961742 -0.00812349
v -0.11831719 0.01010486 -0.00145692
v -0.11965650 0.01346101 0.00156540
v -0.12452543 0.01845506 0.00194424
v -0.11910605 0.02403495 -0.00090474
v -0.11767739 0.02609494 -0.00480318
v -0.13359702 -0.00702334 -0.00534204
v -0.13404089 -0.00907718 0.00159413
v -0.13498300 -0.00625976 0.00707635
v -0.14252847 0.00002035 0.00822660
v -0.13501322 0.00677881 0.00656199
v -0.13376814 0.00942029 0.00079599
v -0.13328391 0.00701126 -0.00557610
v -0.14449167 -0.02110702 0.00173521
v -0.13850754 -0.01532341 -0.00023907
v -0.13759792 -0.01393642 -0.00575235
v -0.13686544 -0.01599184 -0.01097539
v -0.09785640 0.03958448 -0.01956272
v -0.10499668 0.03270767 -0.02098823
v -0.10520768 0.02777784 -0.01625639
v -0.09965795 0.02767020 -0.00977960
v -0.09566957 0.02873161 -0.00755849
v -0.13358647 0.00016945 -0.00820079
v -0.13664693 -0.02191463 -0.01324293
v -0.12361473 0.01075828 -0.01081043
v -0.13203216 0.01781980 -0.01304990
v -0.12361878 0.02601330 -0.00620428
v -0.13157201 0.02371788 -0.01031679
v -0.14490604 -0.02848929 -0.01035196
v -0.14482951 -0.03027598 -0.00398356
v -0.14451152 -0.02709675 0.00038001
v -0.09663701 0.03169888 -0.00571257
v -0.10013461 0.03591407 -0.00615233
v -0.09854913 0.04169771 -0.01368064
v -0.09963530 0.04010166 -0.00893757
v -0.12411505 0.00963763 -0.00401589
v -0.12467700 0.01262544 0.00082889
v -0.13039786 0.01790988 0.00271788
v -0.12418389 0.02373809 -0.00072062
v -0.14243037 -0.00661535 -0.00565913
v -0.14235783 -0.00858289 0.00072041
v -0.14251357 -0.00613068 0.00602615
v -0.14892560 -0.00011322 0.00718558
v -0.14232874 0.00610695 0.00604042
v -0.14188063 0.00880244 0.00033230
v -0.14199114 0.00699829 -0.00559500
v -0.14844286 -0.02086724 0.00108439
v -0.14426118 -0.01577832 -0.00077856
v -0.14408618 -0.01428062 -0.00557047
v -0.14421880 -0.01618668 -0.01081902
v -0.10513347 0.03981753 -0.01993951
v -0.11108828 0.03290188 -0.02129865
v -0.11098534 0.02823193 -0.01664031
v -0.10538292 0.02806890 -0.01105037
v -0.10032797 0.03117238 -0.00649422
v -0.14233202 0.00063572 -0.00851920
v -0.14452720 -0.02210662 -0.01298928
v -0.13189030 0.01140637 -0.00980264
v -0.13978094 0.01776129 -0.01171654
v -0.13084602 0.02574835 -0.00473019
v -0.13912606 0.02374027 -0.00886688
v -0.15268159 -0.02877747 -0.00984421
v -0.14973736 -0.02900165 -0.00162604
v -0.14860857 -0.02599945 0.00054735
v -0.10520744 0.03572672 -0.00698876
v -0.10529232 0.04160277 -0.01420066
v -0.10522175 0.03989027 -0.00951380
v -0.13107032 0.01007767 -0.00369209
v -0.13064009 0.01269606 0.00105655
v -0.13649267 0.01797417 0.00270647
v -0.13050681 0.02320680 0.00055897
v -0.15182155 -0.00613191 -0.00567380
v -0.15055621 -0.00780535 0.00084981
v -0.14940816 -0.00540762 0.00534311
v -0.15362149 -0.00001478 0.00637040
v -0.14893305 0.00534165 0.00546679
v -0.14980954 0.00821901 0.00078446
v -0.15140903 0.00730582 -0.00516260
v -0.14835352 -0.01635506 -0.00082603
v -0.15113348 -0.02099823 0.00090891
v -0.14929903 -0.01479856 -0.00373289
v -0.15247983 -0.01660210 -0.01063651
v -0.11143059 0.03979212 -0.02017710
v -0.11774731 0.03287575 -0.02130535
v -0.11771125 0.02821074 -0.01690444
v -0.11053866 0.02867150 -0.01161042
v -0.10544580 0.03126433 -0.00777629
v -0.15200746 0.00136236 -0.00854534
v -0.15218717 -0.02279573 -0.01261890
v -0.13932031 0.01148832 -0.00829339
v -0.14687067 0.01715115 -0.01087144
v -0.13799751 0.02517056 -0.00330111
v -0.14673585 0.02334076 -0.00848934
v -0.15979081 -0.02863955 -0.00924048
v -0.15399319 -0.03019805 -0.00361907
v -0.15123367 -0.02591795 0.00050360
v -0.10970265 0.03550326 -0.00800616
v -0.11093122 0.04126647 -0.01411247
v -0.11000687 0.03922401 -0.00997078
v -0.13762206 0.01060246 -0.00236443
v -0.13660794 0.01326288 0.00149354
v -0.14114928 0.01812324 0.00261250
v -0.13697183 0.02260443 0.00089002
v -0.16086233 -0.00541933 -0.00549302
v -0.15602124 -0.00677477 0.00272584
v -0.15413350 -0.00465885 0.00518790
v -0.15360945 0.00456929 0.00521925
v -0.15700728 0.00014702 0.00622684
v -0.15513551 0.00720958 0.00279698
v -0.16023159 0.00763636 -0.00425139
v -0.15078384 -0.01655381 -0.00099874
v -0.15465230 -0.02150571 0.00078401
v -0.15354395 -0.01481515 -0.00561446
v -0.15969759 -0.01728916 -0.01003298
v -0.11773759 0.03940563 -0.02017990
v -0.12392920 0.03282142 -0.02076784
v -0.12354708 0.02857948 -0.01699445
v -0.11773920 0.02850482 -0.01228631
v -0.11386299 0.02965668 -0.01077110
v -0.10987329 0.03156712 -0.00869459
v -0.16059667 0.00153875 -0.00794643
v -0.15952301 -0.02344018 -0.01219532
v -0.14676666 0.01137349 -0.00733003
v -0.15352774 0.01675092 -0.01068193
v -0.14277232 0.02413459 -0.00132939
v -0.14748520 0.02494401 -0.00363094
v -0.15344971 0.02264357 -0.00855678
v -0.16550034 -0.02787053 -0.00823671
v -0.16003007 -0.03019953 -0.00437191
v -0.15486467 -0.02672320 0.00008661
v -0.11248273 0.03518565 -0.00866932
v -0.11403370 0.04043613 -0.01252052
v -0.11275178 0.03846173 -0.01007029
v -0.14256787 0.01169277 -0.00000471
v -0.14117205 0.01398367 0.00194332
v -0.14138418 0.02204584 0.00114512
v -0.14451975 0.01832278 0.00240281
v -0.16783053 -0.00475882 -0.00496465
v -0.16136116 -0.00753649 0.00069103
v -0.15709871 -0.00466055 0.00503245
v -0.15678865 0.00467323 0.00504097
v -0.16104412 0.00018743 0.00622836
v -0.16019875 0.00790715 0.00108209
v -0.16660190 0.00719630 -0.00362039
v -0.15436935 -0.01648359 -0.00151831
v -0.15841985 -0.02205307 0.00032651
v -0.15946615 -0.01537852 -0.00596908
v -0.16543090 -0.01813780 -0.00915277
v -0.11782616 0.04103897 -0.01489592
v -0.12418735 0.03879483 -0.01968190
v -0.12900573 0.03267853 -0.01960999
v -0.12835211 0.02916806 -0.01663083
v -0.12268001 0.02820690 -0.01295975
v -0.11786312 0.03104705 -0.00985095
v -0.11476451 0.03170364 -0.00945699
v -0.11259753 0.03185789 -0.00911054
v -0.16737521 0.00147666 -0.00711322
v -0.16526639 -0.02349679 -0.01076731
v -0.15366018 0.01150430 -0.00707895
v -0.14737487 0.01073379 -0.00159577
v -0.15937370 0.01667349 -0.01014408
v -0.14437860 0.02212667 0.00083947
v -0.14831197 0.02281782 -0.00005764
v -0.15324873 0.02487691 -0.00440407
v -0.15911382 0.02208980 -0.00798091
v -0.16922480 -0.02617834 -0.00733098
v -0.16557747 -0.02936481 -0.00436813
v -0.15933001 -0.02755453 -0.00070220
v -0.11483759 0.03501308 -0.00904793
v -0.11480576 0.03835756 -0.01044849
v -0.14423949 0.01405802 0.00189012
v -0.14840895 0.01853379 0.00209442
v -0.17334259 -0.00390784 -0.00405219
v -0.16773206 -0.00727045 0.00016403
v -0.16146398 -0.00525307 0.00470814
v -0.16070294 0.00510993 0.00476068
v -0.16466165 0.00012628 0.00603166
v -0.16596437 0.00790781 0.00094113
v -0.17201144 0.00649961 -0.00300294
v -0.15888506 -0.01679970 -0.00211856
v -0.16122293 -0.02239235 -0.00027475
v -0.16499346 -0.01605459 -0.00598708
v -0.16915470 -0.01973883 -0.00813559
v -0.11786354 0.03880400 -0.01117808
v -0.12298679 0.04071460 -0.01524141
v -0.12951618 0.03780876 -0.01852840
v -0.13208878 0.03275161 -0.01801413
v -0.13165605 0.03019299 -0.01603377
v -0.12754065 0.02840071 -0.01339078
v -0.12158716 0.03022730 -0.01054469
v -0.11784434 0.03491637 -0.00920135
v -0.17279643 0.00153788 -0.00596896
v -0.16871017 -0.02333869 -0.00894907
v -0.15951365 0.01198735 -0.00694761
v -0.15349472 0.01057059 -0.00209266
v -0.14820170 0.01366755 0.00156966
v -0.16332394 0.01706882 -0.00853047
v -0.15284562 0.02303633 -0.00089887
v -0.15879363 0.02449398 -0.00450489
v -0.16349149 0.02072053 -0.00714615
v -0.17053938 -0.02290938 -0.00743237
v -0.16999990 -0.02717755 -0.00445089
v -0.16461021 -0.02786876 -0.00146252
v -0.15251458 0.01827654 0.00176954
v -0.17719048 -0.00219909 -0.00269124
v -0.17326945 -0.00648926 0.00035110
v -0.16634858 -0.00555442 0.00439072
v -0.16506320 0.00548226 0.00434470
v -0.16743296 0.00013356 0.00574028
v -0.17129993 0.00777163 0.00095949
v -0.17655683 0.00495218 -0.00226715
v -0.16363961 -0.01694365 -0.00295129
v -0.16392040 -0.02592465 -0.00072587
v -0.16383117 -0.02213631 -0.00037330
v -0.16333508 -0.01881186 -0.00150278
v -0.16984725 -0.01777528 -0.00563350
v -0.12169379 0.03885158 -0.01163870
v -0.12838656 0.04006217 -0.01485416
v -0.13283551 0.03596007 -0.01726192
v -0.13357222 0.03271555 -0.01652777
v -0.13186640 0.02956130 -0.01345688
v -0.12627125 0.02962520 -0.01120293
v -0.12128407 0.03469521 -0.00945833
v -0.17635286 0.00138216 -0.00423166
v -0.16410297 0.01375892 -0.00668731
v -0.15943605 0.01053055 -0.00235447
v -0.15305150 0.01309240 0.00102508
v -0.16545171 0.01754545 -0.00663957
v -0.15801668 0.02333014 -0.00178865
v -0.16396773 0.02304395 -0.00437680
v -0.17189121 -0.02240117 -0.00510219
v -0.16948777 -0.02695743 -0.00192758
v -0.15577346 0.01813792 0.00144067
v -0.17859054 0.00142412 -0.00211462
v -0.17813504 -0.00415630 0.00080118
v -0.17204505 -0.00550685 0.00400928
v -0.17019522 0.00618591 0.00361428
v -0.16996545 0.00421133 0.00480458
v -0.17082375 -0.00308697 0.00519869
v -0.17050326 0.00057181 0.00589910
v -0.17677844 0.00687881 0.00082752
v -0.16885710 -0.01774518 -0.00325194
v -0.16859001 -0.02628825 -0.00128147
v -0.16842580 -0.02196236 -0.00064144
v -0.16789114 -0.01844354 -0.00239089
v -0.12638307 0.03900169 -0.01219004
v -0.13320851 0.03812321 -0.01435137
v -0.13456064 0.03305494 -0.01381803
v -0.13151318 0.03016435 -0.01163632
v -0.12604040 0.03148134 -0.01025659
v -0.12412095 0.03448533 -0.00984287
v -0.16498983 0.01222174 -0.00289199
v -0.15886521 0.01245340 0.00032148
v -0.16688675 0.01823096 -0.00381938
v -0.15798813 0.02158736 -0.00015131
v -0.16335350 0.02312042 -0.00226513
v -0.17175508 -0.02207662 -0.00253662
v -0.15864164 0.01494693 0.00133583
v -0.15859431 0.01835092 0.00147489
v -0.18000191 0.00147562 0.00080171
v -0.17772108 -0.00414593 0.00396875
v -0.17618471 0.00631298 0.00356463
v -0.17563581 0.00513034 0.00476632
v -0.17642170 -0.00335835 0.00526485
v -0.17601144 0.00092982 0.00640664
v -0.17116594 -0.02205394 -0.00143072
v -0.12579858 0.03731557 -0.01094347
v -0.13206160 0.03815587 -0.01204449
v -0.13417023 0.03354685 -0.01164550
v -0.13086444 0.03097935 -0.01083559
v -0.12633449 0.03457635 -0.00996780
v -0.16468966 0.01290079 0.00005671
v -0.16689652 0.01861225 -0.00120011
v -0.16274971 0.02212151 -0.00076970
v -0.16385049 0.01429032 0.00129667
v -0.16348118 0.01851721 0.00158772
v -0.17980361 0.00133257 0.00405076
v -0.17831552 0.00112386 0.00600246
v -0.13105500 0.03761600 -0.01120347
v -0.13324547 0.03408294 -0.01036322
v -0.13071072 0.03443744 -0.01001483
v -0.16607916 0.01863520 0.00082132
f 2152 627 721
f 5 722 721
f 721 722 2152
f 725 10 2153
f 2153 10 724
f 2 723 724
f 724 723 2153
f 723 627 2153
f 2153 627 719
f 15 725 719
f 719 725 2153
f 18 729 720
f 720 729 2154
f 729 19 2154
f 2154 19 728
f 728 705 2154
f 2154 705 727
f 15 720 727
f 727 720 2154
f 722 5 2155
f 2155 5 731
f 11 730 731
f 731 730 2155
f 733 5 2156
f 2156 5 721
f 627 723 721
f 721 723 2156
f 723 2 2156
f 2156 2 732
f 3 733 732
f 732 733 2156
f 724 10 2157
f 2157 10 736
f 9 735 736
f 736 735 2157
f 735 1 2157
f 2157 1 734
f 734 2 2157
f 2157 2 724
f 727 705 2158
f 2158 705 738
f 14 737 738
f 738 737 2158
f 737 10 2158
f 2158 10 725
f 15 727 725
f 725 727 2158
f 55 741 726
f 726 741 2159
f 741 54 2159
f 2159 54 740
f 19 729 740
f 740 729 2159
f 729 18 2159
f 2159 18 726
f 19 744 728
f 728 744 2160
f 744 39 2160
f 2160 39 743
f 31 742 743
f 743 742 2160
f 742 705 2160
f 2160 705 728
f 730 11 2161
f 2161 11 745
f 745 16 2161
f 2161 16 746
f 12 748 749
f 749 748 2162
f 748 11 2162
f 2162 11 731
f 5 747 731
f 731 747 2162
f 747 6 2162
f 2162 6 749
f 4 750 751
f 751 750 2163
f 750 3 2163
f 2163 3 732
f 2 734 732
f 732 734 2163
f 734 1 2163
f 2163 1 751
f 753 8 2164
f 2164 8 752
f 6 747 752
f 752 747 2164
f 5 733 747
f 747 733 2164
f 3 753 733
f 733 753 2164
f 30 755 756
f 756 755 2165
f 755 23 2165
f 2165 23 754
f 1 735 754
f 754 735 2165
f 735 9 2165
f 2165 9 756
f 758 9 2166
f 2166 9 736
f 10 737 736
f 736 737 2166
f 737 14 2166
f 2166 14 757
f 13 758 757
f 757 758 2166
f 705 742 738
f 738 742 2167
f 742 31 2167
f 2167 31 760
f 706 759 760
f 760 759 2167
f 759 14 2167
f 2167 14 738
f 764 54 2168
f 2168 54 741
f 741 55 2168
f 2168 55 739
f 61 763 739
f 739 763 2168
f 62 764 763
f 763 764 2168
f 54 766 740
f 740 766 2169
f 766 583 2169
f 2169 583 765
f 39 744 765
f 765 744 2169
f 744 19 2169
f 2169 19 740
f 700 768 769
f 769 768 2170
f 768 31 2170
f 2170 31 743
f 39 767 743
f 743 767 2170
f 767 671 2170
f 2170 671 769
f 16 770 746
f 746 770 2171
f 770 20 2171
f 2171 20 771
f 748 12 2172
f 2172 12 773
f 17 772 773
f 773 772 2172
f 16 745 772
f 772 745 2172
f 11 748 745
f 745 748 2172
f 776 26 2173
f 2173 26 775
f 33 774 775
f 775 774 2173
f 774 12 2173
f 2173 12 749
f 6 776 749
f 749 776 2173
f 8 753 778
f 778 753 2174
f 753 3 2174
f 2174 3 750
f 750 4 2174
f 2174 4 777
f 7 778 777
f 777 778 2174
f 23 780 754
f 754 780 2175
f 22 779 780
f 780 779 2175
f 779 4 2175
f 2175 4 751
f 1 754 751
f 751 754 2175
f 26 776 782
f 782 776 2176
f 776 6 2176
f 2176 6 752
f 8 781 752
f 752 781 2176
f 781 27 2176
f 2176 27 782
f 785 630 2177
f 2177 630 784
f 23 755 784
f 784 755 2177
f 755 30 2177
f 2177 30 783
f 628 785 783
f 783 785 2177
f 38 786 787
f 787 786 2178
f 786 30 2178
f 2178 30 756
f 9 758 756
f 756 758 2178
f 758 13 2178
f 2178 13 787
f 759 706 2179
f 2179 706 789
f 32 788 789
f 789 788 2179
f 788 13 2179
f 2179 13 757
f 14 759 757
f 757 759 2179
f 31 768 760
f 760 768 2180
f 768 700 2180
f 2180 700 791
f 707 790 791
f 791 790 2180
f 790 706 2180
f 2180 706 760
f 793 62 2181
f 2181 62 763
f 61 761 763
f 763 761 2181
f 761 48 2181
f 2181 48 792
f 47 793 792
f 792 793 2181
f 48 762 792
f 792 762 2182
f 762 41 2182
f 2182 41 795
f 40 794 795
f 795 794 2182
f 794 47 2182
f 2182 47 792
f 764 62 2183
f 2183 62 798
f 79 797 798
f 798 797 2183
f 797 583 2183
f 2183 583 766
f 54 764 766
f 766 764 2183
f 671 767 800
f 800 767 2184
f 767 39 2184
f 2184 39 765
f 583 799 765
f 765 799 2184
f 799 672 2184
f 2184 672 800
f 699 802 803
f 803 802 2185
f 802 700 2185
f 2185 700 769
f 671 801 769
f 769 801 2185
f 801 682 2185
f 2185 682 803
f 20 804 771
f 771 804 2186
f 804 24 2186
f 17 806 772
f 772 806 2187
f 806 21 2187
f 2187 21 805
f 20 770 805
f 805 770 2187
f 770 16 2187
f 2187 16 772
f 774 33 2188
f 2188 33 808
f 808 42 2188
f 2188 42 807
f 807 17 2188
f 2188 17 773
f 12 774 773
f 773 774 2188
f 654 810 811
f 811 810 2189
f 810 33 2189
f 2189 33 775
f 26 809 775
f 775 809 2189
f 809 653 2189
f 2189 653 811
f 779 22 2190
f 2190 22 813
f 29 812 813
f 813 812 2190
f 812 7 2190
f 2190 7 777
f 4 779 777
f 777 779 2190
f 28 814 815
f 815 814 2191
f 814 27 2191
f 2191 27 781
f 781 8 2191
f 2191 8 778
f 778 7 2191
f 2191 7 815
f 817 22 2192
f 2192 22 780
f 23 784 780
f 780 784 2192
f 784 630 2192
f 2192 630 816
f 631 817 816
f 816 817 2192
f 653 809 819
f 819 809 2193
f 809 26 2193
f 2193 26 782
f 27 818 782
f 782 818 2193
f 818 655 2193
f 2193 655 819
f 629 820 821
f 821 820 2194
f 820 628 2194
f 2194 628 783
f 30 786 783
f 783 786 2194
f 786 38 2194
f 2194 38 821
f 630 785 824
f 824 785 2195
f 785 628 2195
f 2195 628 823
f 46 822 823
f 823 822 2195
f 822 37 2195
f 2195 37 824
f 60 825 826
f 826 825 2196
f 825 38 2196
f 2196 38 787
f 13 788 787
f 787 788 2196
f 788 32 2196
f 2196 32 826
f 828 32 2197
f 2197 32 789
f 706 790 789
f 789 790 2197
f 790 707 2197
f 2197 707 827
f 701 828 827
f 827 828 2197
f 708 829 830
f 830 829 2198
f 829 707 2198
f 2198 707 791
f 700 802 791
f 791 802 2198
f 802 699 2198
f 2198 699 830
f 832 79 2199
f 2199 79 798
f 62 793 798
f 798 793 2199
f 793 47 2199
f 2199 47 831
f 70 832 831
f 831 832 2199
f 834 70 2200
f 2200 70 831
f 47 794 831
f 831 794 2200
f 794 40 2200
f 2200 40 833
f 65 834 833
f 833 834 2200
f 41 796 795
f 795 796 2201
f 796 24 2201
f 2201 24 836
f 25 835 836
f 836 835 2201
f 835 40 2201
f 2201 40 795
f 838 672 2202
f 2202 672 799
f 799 583 2202
f 2202 583 797
f 797 79 2202
f 2202 79 837
f 673 838 837
f 837 838 2202
f 682 801 840
f 840 801 2203
f 801 671 2203
f 2203 671 800
f 672 839 800
f 800 839 2203
f 683 840 839
f 839 840 2203
f 843 699 2204
f 2204 699 803
f 682 842 803
f 803 842 2204
f 842 685 2204
f 2204 685 841
f 697 843 841
f 841 843 2204
f 844 25 2205
f 2205 25 836
f 24 804 836
f 836 804 2205
f 804 20 2205
f 2205 20 805
f 21 844 805
f 805 844 2205
f 42 846 807
f 807 846 2206
f 846 49 2206
f 2206 49 845
f 21 806 845
f 845 806 2206
f 806 17 2206
f 2206 17 807
f 808 33 2207
f 2207 33 810
f 654 848 810
f 810 848 2207
f 848 656 2207
f 2207 656 847
f 42 808 847
f 847 808 2207
f 851 654 2208
f 2208 654 811
f 653 850 811
f 811 850 2208
f 850 717 2208
f 2208 717 849
f 716 851 849
f 849 851 2208
f 57 852 853
f 853 852 2209
f 852 28 2209
f 2209 28 815
f 7 812 815
f 815 812 2209
f 812 29 2209
f 2209 29 853
f 855 29 2210
f 2210 29 813
f 22 817 813
f 813 817 2210
f 817 631 2210
f 2210 631 854
f 632 855 854
f 854 855 2210
f 718 856 857
f 857 856 2211
f 856 655 2211
f 2211 655 818
f 27 814 818
f 818 814 2211
f 814 28 2211
f 2211 28 857
f 34 858 859
f 859 858 2212
f 858 631 2212
f 2212 631 816
f 630 824 816
f 816 824 2212
f 824 37 2212
f 2212 37 859
f 655 856 819
f 819 856 2213
f 856 718 2213
f 2213 718 860
f 717 850 860
f 860 850 2213
f 850 653 2213
f 2213 653 819
f 52 861 862
f 862 861 2214
f 861 46 2214
f 2214 46 823
f 628 820 823
f 823 820 2214
f 820 629 2214
f 2214 629 862
f 634 863 864
f 864 863 2215
f 863 629 2215
f 2215 629 821
f 38 825 821
f 821 825 2215
f 825 60 2215
f 2215 60 864
f 822 46 2216
f 2216 46 867
f 45 866 867
f 867 866 2216
f 866 36 2216
f 2216 36 865
f 37 822 865
f 865 822 2216
f 703 868 869
f 869 868 2217
f 868 60 2217
f 2217 60 826
f 32 828 826
f 826 828 2217
f 828 701 2217
f 2217 701 869
f 702 870 871
f 871 870 2218
f 870 701 2218
f 2218 701 827
f 707 829 827
f 827 829 2218
f 829 708 2218
f 2218 708 871
f 709 872 873
f 873 872 2219
f 872 708 2219
f 2219 708 830
f 699 843 830
f 830 843 2219
f 843 697 2219
f 2219 697 873
f 875 673 2220
f 2220 673 837
f 79 832 837
f 837 832 2220
f 832 70 2220
f 2220 70 874
f 664 875 874
f 874 875 2220
f 877 65 2221
f 2221 65 833
f 40 835 833
f 833 835 2221
f 835 25 2221
f 2221 25 876
f 56 877 876
f 876 877 2221
f 70 834 874
f 874 834 2222
f 834 65 2222
f 2222 65 879
f 662 878 879
f 879 878 2222
f 878 664 2222
f 2222 664 874
f 881 683 2223
f 2223 683 839
f 672 838 839
f 839 838 2223
f 838 673 2223
f 2223 673 880
f 684 881 880
f 880 881 2223
f 842 682 2224
f 2224 682 840
f 840 683 2224
f 2224 683 883
f 686 882 883
f 883 882 2224
f 882 685 2224
f 2224 685 842
f 669 885 886
f 886 885 2225
f 885 697 2225
f 2225 697 841
f 685 884 841
f 841 884 2225
f 884 688 2225
f 2225 688 886
f 49 887 845
f 845 887 2226
f 887 56 2226
f 2226 56 876
f 25 844 876
f 876 844 2226
f 844 21 2226
f 2226 21 845
f 49 846 889
f 889 846 2227
f 846 42 2227
f 2227 42 847
f 656 888 847
f 847 888 2227
f 888 657 2227
f 2227 657 889
f 848 654 2228
f 2228 654 892
f 618 891 892
f 892 891 2228
f 891 619 2228
f 2228 619 890
f 656 848 890
f 890 848 2228
f 895 716 2229
f 2229 716 849
f 717 894 849
f 849 894 2229
f 894 652 2229
f 2229 652 893
f 603 895 893
f 893 895 2229
f 654 851 892
f 892 851 2230
f 851 716 2230
f 2230 716 897
f 715 896 897
f 897 896 2230
f 896 618 2230
f 2230 618 892
f 852 57 2231
f 2231 57 899
f 649 898 899
f 899 898 2231
f 898 718 2231
f 2231 718 857
f 28 852 857
f 857 852 2231
f 633 900 901
f 901 900 2232
f 900 57 2232
f 2232 57 853
f 29 855 853
f 853 855 2232
f 855 632 2232
f 2232 632 901
f 903 632 2233
f 2233 632 854
f 631 858 854
f 854 858 2233
f 858 34 2233
f 2233 34 902
f 43 903 902
f 902 903 2233
f 37 865 859
f 859 865 2234
f 865 36 2234
f 2234 36 905
f 35 904 905
f 905 904 2234
f 904 34 2234
f 2234 34 859
f 898 649 2235
f 2235 649 906
f 652 894 906
f 906 894 2235
f 894 717 2235
f 2235 717 860
f 718 898 860
f 860 898 2235
f 53 907 908
f 908 907 2236
f 907 45 2236
f 2236 45 867
f 46 861 867
f 867 861 2236
f 861 52 2236
f 2236 52 908
f 69 909 910
f 910 909 2237
f 909 52 2237
f 2237 52 862
f 629 863 862
f 862 863 2237
f 863 634 2237
f 2237 634 910
f 912 665 2238
f 2238 665 911
f 911 634 2238
f 2238 634 864
f 60 868 864
f 864 868 2238
f 703 912 868
f 868 912 2238
f 59 914 915
f 915 914 2239
f 51 913 914
f 914 913 2239
f 36 866 913
f 913 866 2239
f 866 45 2239
f 2239 45 915
f 704 916 917
f 917 916 2240
f 916 703 2240
f 2240 703 869
f 701 870 869
f 869 870 2240
f 870 702 2240
f 2240 702 917
f 698 918 919
f 919 918 2241
f 918 702 2241
f 2241 702 871
f 708 872 871
f 871 872 2241
f 872 709 2241
f 2241 709 919
f 697 885 873
f 873 885 2242
f 885 669 2242
f 2242 669 921
f 710 920 921
f 921 920 2242
f 920 709 2242
f 2242 709 873
f 923 684 2243
f 2243 684 880
f 673 875 880
f 880 875 2243
f 875 664 2243
f 2243 664 922
f 663 923 922
f 922 923 2243
f 65 877 879
f 879 877 2244
f 877 56 2244
f 2244 56 925
f 660 924 925
f 925 924 2244
f 924 662 2244
f 2244 662 879
f 664 878 922
f 922 878 2245
f 878 662 2245
f 2245 662 927
f 661 926 927
f 927 926 2245
f 926 663 2245
f 2245 663 922
f 881 684 2246
f 2246 684 929
f 687 928 929
f 929 928 2246
f 928 686 2246
f 2246 686 883
f 683 881 883
f 883 881 2246
f 688 884 931
f 931 884 2247
f 685 882 884
f 884 882 2247
f 882 686 2247
f 2247 686 930
f 689 931 930
f 930 931 2247
f 668 933 934
f 934 933 2248
f 933 669 2248
f 2248 669 886
f 688 932 886
f 886 932 2248
f 932 691 2248
f 2248 691 934
f 935 660 2249
f 2249 660 925
f 56 887 925
f 925 887 2249
f 887 49 2249
f 2249 49 889
f 657 935 889
f 889 935 2249
f 657 888 937
f 937 888 2250
f 888 656 2250
f 2250 656 890
f 619 936 890
f 890 936 2250
f 936 658 2250
f 2250 658 937
f 612 939 940
f 940 939 2251
f 939 613 2251
f 2251 613 938
f 619 891 938
f 938 891 2251
f 891 618 2251
f 2251 618 940
f 943 603 2252
f 2252 603 893
f 652 942 893
f 893 942 2252
f 942 651 2252
f 2252 651 941
f 605 943 941
f 941 943 2252
f 603 945 895
f 895 945 2253
f 602 944 945
f 945 944 2253
f 944 715 2253
f 2253 715 897
f 716 895 897
f 897 895 2253
f 947 612 2254
f 2254 612 940
f 618 896 940
f 940 896 2254
f 896 715 2254
f 2254 715 946
f 714 947 946
f 946 947 2254
f 650 948 949
f 949 948 2255
f 948 649 2255
f 2255 649 899
f 57 900 899
f 899 900 2255
f 900 633 2255
f 2255 633 949
f 951 633 2256
f 2256 633 901
f 632 903 901
f 901 903 2256
f 903 43 2256
f 2256 43 950
f 63 951 950
f 950 951 2256
f 44 952 953
f 953 952 2257
f 952 43 2257
f 2257 43 902
f 34 904 902
f 902 904 2257
f 904 35 2257
f 2257 35 953
f 913 51 2258
f 2258 51 955
f 50 954 955
f 955 954 2258
f 954 35 2258
f 2258 35 905
f 36 913 905
f 905 913 2258
f 651 942 956
f 956 942 2259
f 942 652 2259
f 2259 652 906
f 649 948 906
f 906 948 2259
f 948 650 2259
f 2259 650 956
f 64 957 958
f 958 957 2260
f 957 59 2260
f 2260 59 915
f 45 907 915
f 915 907 2260
f 907 53 2260
f 2260 53 958
f 909 69 2261
f 2261 69 960
f 68 959 960
f 960 959 2261
f 959 53 2261
f 2261 53 908
f 52 909 908
f 908 909 2261
f 640 961 962
f 962 961 2262
f 961 69 2262
f 2262 69 910
f 634 911 910
f 910 911 2262
f 911 665 2262
f 2262 665 962
f 964 666 2263
f 2263 666 963
f 665 912 963
f 963 912 2263
f 912 703 2263
f 2263 703 916
f 916 704 2263
f 2263 704 964
f 967 76 2264
f 2264 76 966
f 67 965 966
f 966 965 2264
f 965 51 2264
f 2264 51 914
f 914 59 2264
f 2264 59 967
f 968 704 2265
f 2265 704 917
f 702 918 917
f 917 918 2265
f 918 698 2265
f 2265 698 968
f 970 698 2266
f 2266 698 919
f 709 920 919
f 919 920 2266
f 920 710 2266
f 2266 710 969
f 670 970 969
f 969 970 2266
f 669 933 921
f 921 933 2267
f 933 668 2267
f 2267 668 972
f 642 971 972
f 972 971 2267
f 971 710 2267
f 2267 710 921
f 974 687 2268
f 2268 687 929
f 684 923 929
f 929 923 2268
f 923 663 2268
f 2268 663 973
f 681 974 973
f 973 974 2268
f 662 924 927
f 927 924 2269
f 924 660 2269
f 2269 660 976
f 659 975 976
f 976 975 2269
f 975 661 2269
f 2269 661 927
f 978 681 2270
f 2270 681 973
f 663 926 973
f 973 926 2270
f 926 661 2270
f 2270 661 977
f 680 978 977
f 977 978 2270
f 980 689 2271
f 2271 689 930
f 686 928 930
f 930 928 2271
f 928 687 2271
f 2271 687 979
f 690 980 979
f 979 980 2271
f 691 932 982
f 982 932 2272
f 932 688 2272
f 2272 688 931
f 931 689 2272
f 2272 689 981
f 692 982 981
f 981 982 2272
f 667 984 985
f 985 984 2273
f 984 668 2273
f 2273 668 934
f 691 983 934
f 934 983 2273
f 983 694 2273
f 2273 694 985
f 986 659 2274
f 2274 659 976
f 660 935 976
f 976 935 2274
f 935 657 2274
f 2274 657 937
f 658 986 937
f 937 986 2274
f 658 936 988
f 988 936 2275
f 936 619 2275
f 2275 619 938
f 613 987 938
f 938 987 2275
f 987 614 2275
f 2275 614 988
f 991 589 2276
f 2276 589 990
f 613 939 990
f 990 939 2276
f 939 612 2276
f 2276 612 989
f 591 991 989
f 989 991 2276
f 604 993 994
f 994 993 2277
f 993 605 2277
f 2277 605 941
f 651 992 941
f 941 992 2277
f 992 648 2277
f 2277 648 994
f 997 610 2278
f 2278 610 996
f 603 943 996
f 996 943 2278
f 943 605 2278
f 2278 605 995
f 609 997 995
f 995 997 2278
f 999 714 2279
f 2279 714 946
f 715 944 946
f 946 944 2279
f 944 602 2279
f 2279 602 998
f 611 999 998
f 998 999 2279
f 610 1000 996
f 996 1000 2280
f 1000 611 2280
f 2280 611 998
f 998 602 2280
f 2280 602 945
f 945 603 2280
f 2280 603 996
f 1002 591 2281
f 2281 591 989
f 612 947 989
f 989 947 2281
f 947 714 2281
f 2281 714 1001
f 713 1002 1001
f 1001 1002 2281
f 647 1003 1004
f 1004 1003 2282
f 1003 650 2282
f 2282 650 949
f 633 951 949
f 949 951 2282
f 63 1004 951
f 951 1004 2282
f 1005 63 2283
f 2283 63 950
f 43 952 950
f 950 952 2283
f 952 44 2283
f 2283 44 1005
f 954 50 2284
f 2284 50 1007
f 58 1006 1007
f 1007 1006 2284
f 1006 44 2284
f 2284 44 953
f 35 954 953
f 953 954 2284
f 965 67 2285
f 2285 67 1009
f 66 1008 1009
f 1009 1008 2285
f 1008 50 2285
f 2285 50 955
f 51 965 955
f 955 965 2285
f 648 992 1010
f 1010 992 2286
f 992 651 2286
f 2286 651 956
f 650 1003 956
f 956 1003 2286
f 1003 647 2286
f 2286 647 1010
f 81 1011 1012
f 1012 1011 2287
f 1011 76 2287
f 2287 76 967
f 59 957 967
f 967 957 2287
f 957 64 2287
f 2287 64 1012
f 82 1013 1014
f 1014 1013 2288
f 1013 64 2288
f 2288 64 958
f 53 959 958
f 958 959 2288
f 959 68 2288
f 2288 68 1014
f 69 1017 960
f 960 1017 2289
f 1017 78 2289
f 2289 78 1016
f 77 1015 1016
f 1016 1015 2289
f 1015 68 2289
f 2289 68 960
f 961 640 2290
f 2290 640 1019
f 636 1018 1019
f 1019 1018 2290
f 1018 78 2290
f 2290 78 1017
f 69 961 1017
f 1017 961 2290
f 1021 646 2291
f 2291 646 1020
f 1020 640 2291
f 2291 640 962
f 962 665 2291
f 2291 665 963
f 666 1021 963
f 963 1021 2291
f 698 970 968
f 968 970 2292
f 970 670 2292
f 2292 670 1022
f 666 964 1022
f 1022 964 2292
f 964 704 2292
f 2292 704 968
f 76 1025 966
f 966 1025 2293
f 80 1024 1025
f 1025 1024 2293
f 1024 75 2293
f 2293 75 1023
f 1023 67 2293
f 2293 67 966
f 1027 670 2294
f 2294 670 969
f 710 971 969
f 969 971 2294
f 971 642 2294
f 2294 642 1026
f 641 1027 1026
f 1026 1027 2294
f 1029 642 2295
f 2295 642 972
f 668 984 972
f 972 984 2295
f 984 667 2295
f 2295 667 1028
f 643 1029 1028
f 1028 1029 2295
f 1031 690 2296
f 2296 690 979
f 687 974 979
f 979 974 2296
f 974 681 2296
f 2296 681 1030
f 679 1031 1030
f 1030 1031 2296
f 1033 680 2297
f 2297 680 977
f 661 975 977
f 977 975 2297
f 975 659 2297
f 2297 659 1032
f 615 1033 1032
f 1032 1033 2297
f 681 978 1030
f 1030 978 2298
f 978 680 2298
f 2298 680 1035
f 678 1034 1035
f 1035 1034 2298
f 1034 679 2298
f 2298 679 1030
f 1037 692 2299
f 2299 692 981
f 689 980 981
f 981 980 2299
f 980 690 2299
f 2299 690 1036
f 693 1037 1036
f 1036 1037 2299
f 694 983 1039
f 1039 983 2300
f 983 691 2300
f 2300 691 982
f 982 692 2300
f 2300 692 1038
f 695 1039 1038
f 1038 1039 2300
f 1042 667 2301
f 2301 667 985
f 694 1041 985
f 985 1041 2301
f 1041 156 2301
f 2301 156 1040
f 116 1042 1040
f 1040 1042 2301
f 1043 615 2302
f 2302 615 1032
f 659 986 1032
f 1032 986 2302
f 986 658 2302
f 2302 658 988
f 614 1043 988
f 988 1043 2302
f 614 987 1045
f 1045 987 2303
f 987 613 2303
f 2303 613 990
f 589 1044 990
f 990 1044 2303
f 1044 585 2303
f 2303 585 1045
f 1048 588 2304
f 2304 588 1047
f 589 991 1047
f 1047 991 2304
f 991 591 2304
f 2304 591 1046
f 590 1048 1046
f 1046 1048 2304
f 608 1049 1050
f 1050 1049 2305
f 1049 609 2305
f 2305 609 995
f 605 993 995
f 995 993 2305
f 993 604 2305
f 2305 604 1050
f 606 1052 1053
f 1053 1052 2306
f 1052 604 2306
f 2306 604 994
f 648 1051 994
f 994 1051 2306
f 1051 645 2306
f 2306 645 1053
f 595 1055 1056
f 1056 1055 2307
f 1055 601 2307
f 2307 601 1054
f 610 997 1054
f 1054 997 2307
f 997 609 2307
f 2307 609 1056
f 1058 713 2308
f 2308 713 1001
f 714 999 1001
f 1001 999 2308
f 999 611 2308
f 2308 611 1057
f 593 1058 1057
f 1057 1058 2308
f 1059 593 2309
f 2309 593 1057
f 611 1000 1057
f 1057 1000 2309
f 1000 610 2309
f 2309 610 1054
f 601 1059 1054
f 1054 1059 2309
f 1061 590 2310
f 2310 590 1046
f 591 1002 1046
f 1046 1002 2310
f 1002 713 2310
f 2310 713 1060
f 712 1061 1060
f 1060 1061 2310
f 635 1063 1064
f 1064 1063 2311
f 1063 647 2311
f 2311 647 1004
f 63 1062 1004
f 1004 1062 2311
f 1062 71 2311
f 2311 71 1064
f 72 1065 1066
f 1066 1065 2312
f 71 1062 1065
f 1065 1062 2312
f 63 1005 1062
f 1062 1005 2312
f 44 1066 1005
f 1005 1066 2312
f 83 1067 1068
f 1068 1067 2313
f 1067 72 2313
f 2313 72 1066
f 44 1006 1066
f 1066 1006 2313
f 1006 58 2313
f 2313 58 1068
f 1008 66 2314
f 2314 66 1070
f 73 1069 1070
f 1070 1069 2314
f 1069 58 2314
f 2314 58 1007
f 50 1008 1007
f 1007 1008 2314
f 67 1023 1009
f 1009 1023 2315
f 1023 75 2315
f 2315 75 1072
f 74 1071 1072
f 1072 1071 2315
f 1071 66 2315
f 2315 66 1009
f 645 1051 1073
f 1073 1051 2316
f 1051 648 2316
f 2316 648 1010
f 647 1063 1010
f 1010 1063 2316
f 1063 635 2316
f 2316 635 1073
f 1011 81 2317
f 2317 81 1075
f 88 1074 1075
f 1075 1074 2317
f 1074 80 2317
f 2317 80 1025
f 76 1011 1025
f 1025 1011 2317
f 95 1076 1077
f 1077 1076 2318
f 1076 81 2318
f 2318 81 1012
f 64 1013 1012
f 1012 1013 2318
f 1013 82 2318
f 2318 82 1077
f 89 1078 1079
f 1079 1078 2319
f 1078 82 2319
f 2319 82 1014
f 68 1015 1014
f 1014 1015 2319
f 1015 77 2319
f 2319 77 1079
f 77 1016 1081
f 1081 1016 2320
f 1016 78 2320
f 2320 78 1080
f 71 1065 1080
f 1080 1065 2320
f 1065 72 2320
f 2320 72 1081
f 71 1080 1064
f 1064 1080 2321
f 78 1018 1080
f 1080 1018 2321
f 1018 636 2321
f 2321 636 1082
f 1082 635 2321
f 2321 635 1064
f 646 1084 1020
f 1020 1084 2322
f 1084 644 2322
f 2322 644 1083
f 636 1019 1083
f 1083 1019 2322
f 640 1020 1019
f 1019 1020 2322
f 670 1027 1022
f 1022 1027 2323
f 1027 641 2323
f 2323 641 1085
f 646 1021 1085
f 1085 1021 2323
f 1021 666 2323
f 2323 666 1022
f 1024 80 2324
f 2324 80 1087
f 87 1086 1087
f 1087 1086 2324
f 1086 74 2324
f 2324 74 1072
f 1072 75 2324
f 2324 75 1024
f 642 1090 1026
f 1026 1090 2325
f 1090 639 2325
f 2325 639 1089
f 637 1088 1089
f 1089 1088 2325
f 1088 641 2325
f 2325 641 1026
f 113 1091 1092
f 1092 1091 2326
f 1091 643 2326
f 2326 643 1028
f 667 1042 1028
f 1028 1042 2326
f 1042 116 2326
f 2326 116 1092
f 1094 639 2327
f 2327 639 1090
f 642 1029 1090
f 1090 1029 2327
f 1029 643 2327
f 2327 643 1093
f 638 1094 1093
f 1093 1094 2327
f 1096 693 2328
f 2328 693 1036
f 690 1031 1036
f 1036 1031 2328
f 1031 679 2328
f 2328 679 1095
f 677 1096 1095
f 1095 1096 2328
f 680 1033 1035
f 1035 1033 2329
f 1033 615 2329
f 2329 615 1098
f 586 1097 1098
f 1098 1097 2329
f 1097 678 2329
f 2329 678 1035
f 679 1034 1095
f 1095 1034 2330
f 1034 678 2330
f 2330 678 1100
f 676 1099 1100
f 1100 1099 2330
f 1099 677 2330
f 2330 677 1095
f 1102 695 2331
f 2331 695 1038
f 692 1037 1038
f 1038 1037 2331
f 1037 693 2331
f 2331 693 1101
f 696 1102 1101
f 1101 1102 2331
f 694 1039 1105
f 1105 1039 2332
f 695 1104 1039
f 1039 1104 2332
f 193 1103 1104
f 1104 1103 2332
f 158 1105 1103
f 1103 1105 2332
f 156 1108 1040
f 1040 1108 2333
f 155 1107 1108
f 1108 1107 2333
f 115 1106 1107
f 1107 1106 2333
f 1106 116 2333
f 2333 116 1040
f 1110 156 2334
f 2334 156 1041
f 694 1105 1041
f 1041 1105 2334
f 1105 158 2334
f 2334 158 1109
f 157 1110 1109
f 1109 1110 2334
f 1111 586 2335
f 2335 586 1098
f 615 1043 1098
f 1098 1043 2335
f 1043 614 2335
f 2335 614 1045
f 585 1111 1045
f 1045 1111 2335
f 585 1044 1113
f 1113 1044 2336
f 1044 589 2336
f 2336 589 1047
f 588 1112 1047
f 1047 1112 2336
f 1112 584 2336
f 2336 584 1113
f 588 1048 1116
f 1116 1048 2337
f 1048 590 2337
f 2337 590 1115
f 625 1114 1115
f 1115 1114 2337
f 1114 623 2337
f 2337 623 1116
f 609 1049 1056
f 1056 1049 2338
f 608 1118 1049
f 1049 1118 2338
f 594 1117 1118
f 1118 1117 2338
f 1117 595 2338
f 2338 595 1056
f 617 1119 1120
f 1120 1119 2339
f 608 1050 1119
f 1119 1050 2339
f 604 1052 1050
f 1050 1052 2339
f 1052 606 2339
f 2339 606 1120
f 637 1122 1123
f 1123 1122 2340
f 1122 606 2340
f 2340 606 1053
f 645 1121 1053
f 1053 1121 2340
f 1121 644 2340
f 2340 644 1123
f 1126 600 2341
f 2341 600 1125
f 601 1055 1125
f 1125 1055 2341
f 1055 595 2341
f 2341 595 1124
f 596 1126 1124
f 1124 1126 2341
f 592 1127 1128
f 1128 1127 2342
f 1127 712 2342
f 2342 712 1060
f 713 1058 1060
f 1060 1058 2342
f 1058 593 2342
f 2342 593 1128
f 1129 592 2343
f 2343 592 1128
f 593 1059 1128
f 1128 1059 2343
f 1059 601 2343
f 2343 601 1125
f 600 1129 1125
f 1125 1129 2343
f 1131 625 2344
f 2344 625 1115
f 590 1061 1115
f 1115 1061 2344
f 1061 712 2344
f 2344 712 1130
f 711 1131 1130
f 1130 1131 2344
f 1067 83 2345
f 2345 83 1132
f 89 1079 1132
f 1132 1079 2345
f 1079 77 2345
f 2345 77 1081
f 72 1067 1081
f 1081 1067 2345
f 96 1133 1134
f 1134 1133 2346
f 1133 83 2346
f 2346 83 1068
f 58 1069 1068
f 1068 1069 2346
f 1069 73 2346
f 2346 73 1134
f 1137 84 2347
f 2347 84 1136
f 85 1135 1136
f 1136 1135 2347
f 1135 73 2347
f 2347 73 1070
f 66 1137 1070
f 1070 1137 2347
f 1139 86 2348
f 2348 86 1138
f 84 1137 1138
f 1138 1137 2348
f 66 1071 1137
f 1137 1071 2348
f 1071 74 2348
f 2348 74 1139
f 635 1082 1073
f 1073 1082 2349
f 1082 636 2349
f 2349 636 1083
f 644 1121 1083
f 1083 1121 2349
f 1121 645 2349
f 2349 645 1073
f 1074 88 2350
f 2350 88 1141
f 90 1140 1141
f 1141 1140 2350
f 1140 87 2350
f 2350 87 1087
f 80 1074 1087
f 1087 1074 2350
f 1076 95 2351
f 2351 95 1143
f 1143 102 2351
f 2351 102 1142
f 1142 88 2351
f 2351 88 1075
f 81 1076 1075
f 1075 1076 2351
f 103 1144 1145
f 1145 1144 2352
f 1144 95 2352
f 2352 95 1077
f 82 1078 1077
f 1077 1078 2352
f 1078 89 2352
f 2352 89 1145
f 641 1088 1085
f 1085 1088 2353
f 1088 637 2353
f 2353 637 1123
f 644 1084 1123
f 1123 1084 2353
f 1084 646 2353
f 2353 646 1085
f 1147 94 2354
f 2354 94 1146
f 86 1139 1146
f 1146 1139 2354
f 74 1086 1139
f 1139 1086 2354
f 87 1147 1086
f 1086 1147 2354
f 639 1148 1089
f 1089 1148 2355
f 1148 617 2355
f 2355 617 1120
f 606 1122 1120
f 1120 1122 2355
f 1122 637 2355
f 2355 637 1089
f 1150 638 2356
f 2356 638 1093
f 643 1091 1093
f 1093 1091 2356
f 1091 113 2356
f 2356 113 1149
f 130 1150 1149
f 1149 1150 2356
f 116 1106 1092
f 1092 1106 2357
f 1106 115 2357
f 2357 115 1152
f 114 1151 1152
f 1152 1151 2357
f 1151 113 2357
f 2357 113 1092
f 616 1153 1154
f 1154 1153 2358
f 1153 617 2358
f 2358 617 1148
f 639 1094 1148
f 1148 1094 2358
f 1094 638 2358
f 2358 638 1154
f 1156 696 2359
f 2359 696 1101
f 693 1096 1101
f 1101 1096 2359
f 1096 677 2359
f 2359 677 1155
f 675 1156 1155
f 1155 1156 2359
f 678 1097 1100
f 1100 1097 2360
f 1097 586 2360
f 2360 586 1158
f 587 1157 1158
f 1158 1157 2360
f 1157 676 2360
f 2360 676 1100
f 677 1099 1155
f 1155 1099 2361
f 1099 676 2361
f 2361 676 1160
f 674 1159 1160
f 1160 1159 2361
f 1159 675 2361
f 2361 675 1155
f 1163 222 2362
f 2362 222 1162
f 195 1161 1162
f 1162 1161 2362
f 695 1102 1161
f 1161 1102 2362
f 696 1163 1102
f 1102 1163 2362
f 1103 193 2363
f 2363 193 1166
f 192 1165 1166
f 1166 1165 2363
f 1165 172 2363
f 2363 172 1164
f 158 1103 1164
f 1164 1103 2363
f 1168 193 2364
f 2364 193 1104
f 695 1161 1104
f 1104 1161 2364
f 1161 195 2364
f 2364 195 1167
f 194 1168 1167
f 1167 1168 2364
f 205 1170 1171
f 1171 1170 2365
f 1170 154 2365
f 2365 154 1169
f 115 1107 1169
f 1169 1107 2365
f 1107 155 2365
f 2365 155 1171
f 148 1173 1174
f 1174 1173 2366
f 1173 155 2366
f 2366 155 1108
f 156 1172 1108
f 1108 1172 2366
f 1172 147 2366
f 2366 147 1174
f 158 1177 1109
f 1109 1177 2367
f 1177 145 2367
f 2367 145 1176
f 146 1175 1176
f 1176 1175 2367
f 1175 157 2367
f 2367 157 1109
f 1110 157 2368
f 2368 157 1175
f 146 1178 1175
f 1175 1178 2368
f 147 1172 1178
f 1178 1172 2368
f 156 1110 1172
f 1172 1110 2368
f 1179 587 2369
f 2369 587 1158
f 586 1111 1158
f 1158 1111 2369
f 1111 585 2369
f 2369 585 1113
f 584 1179 1113
f 1113 1179 2369
f 584 1112 1181
f 1181 1112 2370
f 1112 588 2370
f 2370 588 1116
f 623 1180 1116
f 1116 1180 2370
f 1180 622 2370
f 2370 622 1181
f 1184 174 2371
f 2371 174 1183
f 623 1114 1183
f 1183 1114 2371
f 1114 625 2371
f 2371 625 1182
f 177 1184 1182
f 1182 1184 2371
f 597 1185 1186
f 1186 1185 2372
f 1185 596 2372
f 2372 596 1124
f 595 1117 1124
f 1124 1117 2372
f 1117 594 2372
f 2372 594 1186
f 1189 594 2373
f 2373 594 1118
f 608 1188 1118
f 1118 1188 2373
f 1188 607 2373
f 2373 607 1187
f 599 1189 1187
f 1187 1189 2373
f 608 1119 1188
f 1188 1119 2374
f 1119 617 2374
f 2374 617 1153
f 1153 616 2374
f 2374 616 1190
f 607 1188 1190
f 1190 1188 2374
f 600 1126 1193
f 1193 1126 2375
f 1126 596 2375
f 2375 596 1192
f 620 1191 1192
f 1192 1191 2375
f 1191 626 2375
f 2375 626 1193
f 1195 711 2376
f 2376 711 1130
f 712 1127 1130
f 1130 1127 2376
f 1127 592 2376
f 2376 592 1194
f 621 1195 1194
f 1194 1195 2376
f 592 1129 1194
f 1194 1129 2377
f 1129 600 2377
f 2377 600 1193
f 626 1196 1193
f 1193 1196 2377
f 1196 621 2377
f 2377 621 1194
f 1198 177 2378
f 2378 177 1182
f 625 1131 1182
f 1182 1131 2378
f 1131 711 2378
f 2378 711 1197
f 138 1198 1197
f 1197 1198 2378
f 1133 96 2379
f 2379 96 1199
f 103 1145 1199
f 1199 1145 2379
f 1145 89 2379
f 2379 89 1132
f 83 1133 1132
f 1132 1133 2379
f 126 1200 1201
f 1201 1200 2380
f 1200 96 2380
f 2380 96 1134
f 73 1135 1134
f 1134 1135 2380
f 1135 85 2380
f 2380 85 1201
f 1204 91 2381
f 2381 91 1203
f 92 1202 1203
f 1203 1202 2381
f 1202 85 2381
f 2381 85 1136
f 84 1204 1136
f 1136 1204 2381
f 1206 93 2382
f 2382 93 1205
f 91 1204 1205
f 1205 1204 2382
f 1204 84 2382
f 2382 84 1138
f 86 1206 1138
f 1138 1206 2382
f 101 1207 1208
f 1208 1207 2383
f 94 1147 1207
f 1207 1147 2383
f 1147 87 2383
f 2383 87 1140
f 1140 90 2383
f 2383 90 1208
f 1142 102 2384
f 2384 102 1210
f 112 1209 1210
f 1210 1209 2384
f 1209 90 2384
f 2384 90 1141
f 88 1142 1141
f 1141 1142 2384
f 95 1144 1143
f 1143 1144 2385
f 1144 103 2385
f 2385 103 1211
f 112 1210 1211
f 1211 1210 2385
f 1210 102 2385
f 2385 102 1143
f 93 1206 1213
f 1213 1206 2386
f 1206 86 2386
f 2386 86 1146
f 94 1212 1146
f 1146 1212 2386
f 1212 100 2386
f 2386 100 1213
f 113 1151 1149
f 1149 1151 2387
f 1151 114 2387
f 2387 114 1215
f 131 1214 1215
f 1215 1214 2387
f 1214 130 2387
f 2387 130 1149
f 1217 616 2388
f 2388 616 1154
f 638 1150 1154
f 1154 1150 2388
f 1150 130 2388
f 2388 130 1216
f 104 1217 1216
f 1216 1217 2388
f 1169 154 2389
f 2389 154 1219
f 153 1218 1219
f 1219 1218 2389
f 1218 114 2389
f 2389 114 1152
f 115 1169 1152
f 1152 1169 2389
f 696 1156 1222
f 1222 1156 2390
f 1156 675 2390
f 2390 675 1221
f 225 1220 1221
f 1221 1220 2390
f 224 1222 1220
f 1220 1222 2390
f 676 1157 1160
f 1160 1157 2391
f 1157 587 2391
f 2391 587 1224
f 624 1223 1224
f 1224 1223 2391
f 1223 674 2391
f 2391 674 1160
f 675 1159 1221
f 1221 1159 2392
f 1159 674 2392
f 2392 674 1226
f 228 1225 1226
f 1226 1225 2392
f 1225 225 2392
f 2392 225 1221
f 222 1229 1162
f 1162 1229 2393
f 1229 221 2393
f 2393 221 1228
f 206 1227 1228
f 1228 1227 2393
f 1227 195 2393
f 2393 195 1162
f 224 1231 1222
f 1222 1231 2394
f 1231 223 2394
f 2394 223 1230
f 222 1163 1230
f 1230 1163 2394
f 1163 696 2394
f 2394 696 1222
f 158 1164 1177
f 1177 1164 2395
f 1164 172 2395
f 2395 172 1233
f 162 1232 1233
f 1233 1232 2395
f 1232 145 2395
f 2395 145 1177
f 239 1235 1236
f 1236 1235 2396
f 1235 220 2396
f 2396 220 1234
f 172 1165 1234
f 1234 1165 2396
f 1165 192 2396
f 2396 192 1236
f 185 1238 1239
f 1239 1238 2397
f 1238 192 2397
f 2397 192 1166
f 193 1237 1166
f 1166 1237 2397
f 1237 184 2397
f 2397 184 1239
f 195 1242 1167
f 1167 1242 2398
f 182 1241 1242
f 1242 1241 2398
f 183 1240 1241
f 1241 1240 2398
f 1240 194 2398
f 2398 194 1167
f 1168 194 2399
f 2399 194 1240
f 183 1243 1240
f 1240 1243 2399
f 184 1237 1243
f 1243 1237 2399
f 193 1168 1237
f 1237 1168 2399
f 260 1245 1246
f 1246 1245 2400
f 1245 219 2400
f 2400 219 1244
f 154 1170 1244
f 1244 1170 2400
f 1170 205 2400
f 2400 205 1246
f 203 1247 1248
f 1248 1247 2401
f 1247 205 2401
f 2401 205 1171
f 155 1173 1171
f 1171 1173 2401
f 1173 148 2401
f 2401 148 1248
f 125 1250 1251
f 1251 1250 2402
f 1250 148 2402
f 2402 148 1174
f 147 1249 1174
f 1174 1249 2402
f 1249 124 2402
f 2402 124 1251
f 1254 123 2403
f 2403 123 1253
f 146 1176 1253
f 1253 1176 2403
f 1176 145 2403
f 2403 145 1252
f 122 1254 1252
f 1252 1254 2403
f 124 1249 1255
f 1255 1249 2404
f 1249 147 2404
f 2404 147 1178
f 146 1253 1178
f 1178 1253 2404
f 1253 123 2404
f 2404 123 1255
f 1256 624 2405
f 2405 624 1224
f 587 1179 1224
f 1224 1179 2405
f 1179 584 2405
f 2405 584 1181
f 622 1256 1181
f 1181 1256 2405
f 1258 175 2406
f 2406 175 1257
f 622 1180 1257
f 1257 1180 2406
f 1180 623 2406
f 2406 623 1183
f 174 1258 1183
f 1183 1258 2406
f 179 1260 1261
f 1261 1260 2407
f 1260 178 2407
f 2407 178 1259
f 174 1184 1259
f 1259 1184 2407
f 1184 177 2407
f 2407 177 1261
f 596 1185 1192
f 1192 1185 2408
f 1185 597 2408
f 2408 597 1263
f 1263 598 2408
f 2408 598 1262
f 1262 620 2408
f 2408 620 1192
f 594 1189 1186
f 1186 1189 2409
f 1189 599 2409
f 2409 599 1264
f 598 1263 1264
f 1264 1263 2409
f 1263 597 2409
f 2409 597 1186
f 121 1266 1267
f 1267 1266 2410
f 1266 599 2410
f 2410 599 1187
f 607 1265 1187
f 1187 1265 2410
f 1265 105 2410
f 2410 105 1267
f 105 1265 1268
f 1268 1265 2411
f 1265 607 2411
f 2411 607 1190
f 616 1217 1190
f 1190 1217 2411
f 1217 104 2411
f 2411 104 1268
f 1271 140 2412
f 2412 140 1270
f 626 1191 1270
f 1270 1191 2412
f 1191 620 2412
f 2412 620 1269
f 119 1271 1269
f 1269 1271 2412
f 711 1195 1197
f 1197 1195 2413
f 1195 621 2413
f 2413 621 1273
f 137 1272 1273
f 1273 1272 2413
f 1272 138 2413
f 2413 138 1197
f 1274 137 2414
f 2414 137 1273
f 621 1196 1273
f 1273 1196 2414
f 1196 626 2414
f 2414 626 1270
f 140 1274 1270
f 1270 1274 2414
f 180 1275 1276
f 1276 1275 2415
f 1275 179 2415
f 2415 179 1261
f 177 1198 1261
f 1261 1198 2415
f 1198 138 2415
f 2415 138 1276
f 126 1278 1200
f 1200 1278 2416
f 1278 133 2416
f 2416 133 1277
f 103 1199 1277
f 1277 1199 2416
f 1199 96 2416
f 2416 96 1200
f 151 1279 1280
f 1280 1279 2417
f 1279 126 2417
f 2417 126 1201
f 85 1202 1201
f 1201 1202 2417
f 1202 92 2417
f 2417 92 1280
f 98 1282 1283
f 1283 1282 2418
f 1282 92 2418
f 2418 92 1203
f 91 1281 1203
f 1203 1281 2418
f 1281 97 2418
f 2418 97 1283
f 93 1285 1205
f 1205 1285 2419
f 1285 99 2419
f 2419 99 1284
f 97 1281 1284
f 1284 1281 2419
f 1281 91 2419
f 2419 91 1205
f 152 1286 1287
f 1287 1286 2420
f 100 1212 1286
f 1286 1212 2420
f 1212 94 2420
f 2420 94 1207
f 1207 101 2420
f 2420 101 1287
f 135 1288 1289
f 1289 1288 2421
f 1288 101 2421
f 2421 101 1208
f 90 1209 1208
f 1208 1209 2421
f 1209 112 2421
f 2421 112 1289
f 1277 133 2422
f 2422 133 1290
f 135 1289 1290
f 1290 1289 2422
f 1289 112 2422
f 2422 112 1211
f 103 1277 1211
f 1211 1277 2422
f 1285 93 2423
f 2423 93 1213
f 100 1292 1213
f 1213 1292 2423
f 1292 111 2423
f 2423 111 1291
f 99 1285 1291
f 1291 1285 2423
f 130 1214 1216
f 1216 1214 2424
f 1214 131 2424
f 2424 131 1294
f 107 1293 1294
f 1294 1293 2424
f 1293 104 2424
f 2424 104 1216
f 1218 153 2425
f 2425 153 1296
f 171 1295 1296
f 1296 1295 2425
f 1295 131 2425
f 2425 131 1215
f 114 1218 1215
f 1215 1218 2425
f 1244 219 2426
f 2426 219 1298
f 1298 218 2426
f 2426 218 1297
f 1297 153 2426
f 2426 153 1219
f 154 1244 1219
f 1219 1244 2426
f 240 1300 1301
f 1301 1300 2427
f 224 1220 1300
f 1300 1220 2427
f 1220 225 2427
f 2427 225 1299
f 226 1301 1299
f 1299 1301 2427
f 674 1223 1226
f 1226 1223 2428
f 1223 624 2428
f 2428 624 1303
f 207 1302 1303
f 1303 1302 2428
f 1302 228 2428
f 2428 228 1226
f 1225 228 2429
f 2429 228 1305
f 227 1304 1305
f 1305 1304 2429
f 1304 226 2429
f 2429 226 1299
f 225 1225 1299
f 1299 1225 2429
f 195 1227 1242
f 1242 1227 2430
f 1227 206 2430
f 2430 206 1307
f 201 1306 1307
f 1307 1306 2430
f 1306 182 2430
f 2430 182 1242
f 1310 261 2431
f 2431 261 1309
f 250 1308 1309
f 1309 1308 2431
f 1308 206 2431
f 2431 206 1228
f 221 1310 1228
f 1228 1310 2431
f 1313 213 2432
f 2432 213 1312
f 221 1229 1312
f 1312 1229 2432
f 1229 222 2432
f 2432 222 1311
f 212 1313 1311
f 1311 1313 2432
f 1230 223 2433
f 2433 223 1315
f 211 1314 1315
f 1315 1314 2433
f 1314 212 2433
f 2433 212 1311
f 222 1230 1311
f 1311 1230 2433
f 224 1317 1231
f 1231 1317 2434
f 210 1316 1317
f 1317 1316 2434
f 1316 211 2434
f 2434 211 1315
f 1315 223 2434
f 2434 223 1231
f 1319 122 2435
f 2435 122 1252
f 145 1232 1252
f 1252 1232 2435
f 1232 162 2435
f 2435 162 1318
f 132 1319 1318
f 1318 1319 2435
f 220 1321 1234
f 1234 1321 2436
f 215 1320 1321
f 1321 1320 2436
f 1320 162 2436
f 2436 162 1233
f 172 1234 1233
f 1233 1234 2436
f 289 1323 1324
f 1324 1323 2437
f 1323 273 2437
f 2437 273 1322
f 220 1235 1322
f 1322 1235 2437
f 1235 239 2437
f 2437 239 1324
f 232 1325 1326
f 1326 1325 2438
f 1325 239 2438
f 2438 239 1236
f 192 1238 1236
f 1236 1238 2438
f 1238 185 2438
f 2438 185 1326
f 1329 144 2439
f 2439 144 1328
f 1328 185 2439
f 2439 185 1239
f 184 1327 1239
f 1239 1327 2439
f 143 1329 1327
f 1327 1329 2439
f 1332 142 2440
f 2440 142 1331
f 183 1241 1331
f 1331 1241 2440
f 1241 182 2440
f 2440 182 1330
f 141 1332 1330
f 1330 1332 2440
f 1333 143 2441
f 2441 143 1327
f 1327 184 2441
f 2441 184 1243
f 1243 183 2441
f 2441 183 1331
f 142 1333 1331
f 1331 1333 2441
f 260 1336 1245
f 1245 1336 2442
f 1336 272 2442
f 2442 272 1335
f 238 1334 1335
f 1335 1334 2442
f 1334 219 2442
f 2442 219 1245
f 258 1337 1338
f 1338 1337 2443
f 1337 260 2443
f 2443 260 1246
f 205 1247 1246
f 1246 1247 2443
f 1247 203 2443
f 2443 203 1338
f 1340 203 2444
f 2444 203 1248
f 148 1250 1248
f 1248 1250 2444
f 1250 125 2444
f 2444 125 1339
f 163 1340 1339
f 1339 1340 2444
f 1343 125 2445
f 2445 125 1251
f 124 1342 1251
f 1251 1342 2445
f 105 1341 1342
f 1342 1341 2445
f 1341 106 2445
f 2445 106 1343
f 1346 123 2446
f 2446 123 1254
f 1254 122 2446
f 2446 122 1345
f 118 1344 1345
f 1345 1344 2446
f 121 1346 1344
f 1344 1346 2446
f 1342 124 2447
f 2447 124 1255
f 123 1346 1255
f 1255 1346 2447
f 1346 121 2447
f 2447 121 1267
f 105 1342 1267
f 1267 1342 2447
f 624 1256 1303
f 1303 1256 2448
f 1256 622 2448
f 2448 622 1257
f 175 1347 1257
f 1257 1347 2448
f 1347 207 2448
f 2448 207 1303
f 176 1349 1350
f 1350 1349 2449
f 175 1258 1349
f 1349 1258 2449
f 174 1348 1258
f 1258 1348 2449
f 1348 173 2449
f 2449 173 1350
f 178 1352 1259
f 1259 1352 2450
f 1352 198 2450
f 2450 198 1351
f 173 1348 1351
f 1351 1348 2450
f 1348 174 2450
f 2450 174 1259
f 1260 179 2451
f 2451 179 1354
f 211 1316 1354
f 1354 1316 2451
f 1316 210 2451
f 2451 210 1353
f 178 1260 1353
f 1353 1260 2451
f 119 1269 1356
f 1356 1269 2452
f 1269 620 2452
f 2452 620 1262
f 598 1355 1262
f 1262 1355 2452
f 1355 118 2452
f 2452 118 1356
f 1266 121 2453
f 2453 121 1344
f 118 1355 1344
f 1344 1355 2453
f 1355 598 2453
f 2453 598 1264
f 599 1266 1264
f 1264 1266 2453
f 1293 107 2454
f 2454 107 1357
f 106 1341 1357
f 1357 1341 2454
f 1341 105 2454
f 2454 105 1268
f 104 1293 1268
f 1268 1293 2454
f 143 1333 1359
f 1359 1333 2455
f 1333 142 2455
f 2455 142 1358
f 140 1271 1358
f 1358 1271 2455
f 119 1359 1271
f 1271 1359 2455
f 1362 139 2456
f 2456 139 1361
f 138 1272 1361
f 1361 1272 2456
f 1272 137 2456
f 2456 137 1360
f 136 1362 1360
f 1360 1362 2456
f 142 1332 1358
f 1358 1332 2457
f 1332 141 2457
f 2457 141 1363
f 137 1274 1363
f 1363 1274 2457
f 1274 140 2457
f 2457 140 1358
f 1275 180 2458
f 2458 180 1364
f 212 1314 1364
f 1364 1314 2458
f 1314 211 2458
f 2458 211 1354
f 179 1275 1354
f 1354 1275 2458
f 1366 181 2459
f 2459 181 1365
f 1365 180 2459
f 2459 180 1276
f 138 1361 1276
f 1276 1361 2459
f 139 1366 1361
f 1361 1366 2459
f 1279 151 2460
f 2460 151 1368
f 164 1367 1368
f 1368 1367 2460
f 1367 133 2460
f 2460 133 1278
f 126 1279 1278
f 1278 1279 2460
f 165 1369 1370
f 1370 1369 2461
f 1369 151 2461
f 2461 151 1280
f 92 1282 1280
f 1280 1282 2461
f 1282 98 2461
f 2461 98 1370
f 109 1372 1373
f 1373 1372 2462
f 1372 98 2462
f 2462 98 1283
f 97 1371 1283
f 1283 1371 2462
f 1371 108 2462
f 2462 108 1373
f 1284 99 2463
f 2463 99 1375
f 110 1374 1375
f 1375 1374 2463
f 1374 108 2463
f 2463 108 1371
f 97 1284 1371
f 1371 1284 2463
f 152 1378 1286
f 1286 1378 2464
f 1378 169 2464
f 2464 169 1377
f 1377 129 2464
f 2464 129 1376
f 100 1286 1376
f 1376 1286 2464
f 1288 135 2465
f 2465 135 1380
f 170 1379 1380
f 1380 1379 2465
f 1379 152 2465
f 2465 152 1287
f 101 1288 1287
f 1287 1288 2465
f 1367 164 2466
f 2466 164 1381
f 1381 170 2466
f 2466 170 1380
f 135 1290 1380
f 1380 1290 2466
f 133 1367 1290
f 1290 1367 2466
f 1375 99 2467
f 2467 99 1291
f 111 1383 1291
f 1291 1383 2467
f 1383 127 2467
f 2467 127 1382
f 110 1375 1382
f 1382 1375 2467
f 100 1376 1292
f 1292 1376 2468
f 129 1385 1376
f 1376 1385 2468
f 1385 128 2468
f 2468 128 1384
f 111 1292 1384
f 1384 1292 2468
f 1295 171 2469
f 2469 171 1387
f 150 1386 1387
f 1387 1386 2469
f 1386 107 2469
f 2469 107 1294
f 131 1295 1294
f 1294 1295 2469
f 218 1389 1297
f 1297 1389 2470
f 236 1388 1389
f 1389 1388 2470
f 1388 171 2470
f 2470 171 1296
f 153 1297 1296
f 1296 1297 2470
f 1298 219 2471
f 2471 219 1334
f 238 1391 1334
f 1334 1391 2471
f 1391 237 2471
f 2471 237 1390
f 218 1298 1390
f 1390 1298 2471
f 224 1300 1317
f 1317 1300 2472
f 1300 240 2472
f 2472 240 1393
f 230 1392 1393
f 1393 1392 2472
f 1392 210 2472
f 2472 210 1317
f 1396 251 2473
f 2473 251 1395
f 240 1301 1395
f 1395 1301 2473
f 1301 226 2473
f 2473 226 1394
f 241 1396 1394
f 1394 1396 2473
f 1302 207 2474
f 2474 207 1398
f 208 1397 1398
f 1398 1397 2474
f 1397 227 2474
f 2474 227 1305
f 228 1302 1305
f 1305 1302 2474
f 1304 227 2475
f 2475 227 1400
f 242 1399 1400
f 1400 1399 2475
f 1399 241 2475
f 2475 241 1394
f 226 1304 1394
f 1394 1304 2475
f 1402 141 2476
f 2476 141 1330
f 182 1306 1330
f 1330 1306 2476
f 1306 201 2476
f 2476 201 1401
f 159 1402 1401
f 1401 1402 2476
f 1308 250 2477
f 2477 250 1404
f 244 1403 1404
f 1404 1403 2477
f 1403 201 2477
f 2477 201 1307
f 206 1308 1307
f 1307 1308 2477
f 1407 320 2478
f 2478 320 1406
f 305 1405 1406
f 1406 1405 2478
f 1405 250 2478
f 2478 250 1309
f 261 1407 1309
f 1309 1407 2478
f 1409 252 2479
f 2479 252 1408
f 261 1310 1408
f 1408 1310 2479
f 1310 221 2479
f 2479 221 1312
f 213 1409 1312
f 1312 1409 2479
f 181 1410 1365
f 1365 1410 2480
f 213 1313 1410
f 1410 1313 2480
f 1313 212 2480
f 2480 212 1364
f 180 1365 1364
f 1364 1365 2480
f 1320 215 2481
f 2481 215 1412
f 186 1411 1412
f 1412 1411 2481
f 1411 132 2481
f 2481 132 1318
f 162 1320 1318
f 1318 1320 2481
f 122 1319 1345
f 1345 1319 2482
f 1319 132 2482
f 2482 132 1414
f 117 1413 1414
f 1414 1413 2482
f 118 1345 1413
f 1413 1345 2482
f 1322 273 2483
f 2483 273 1416
f 264 1415 1416
f 1416 1415 2483
f 1415 215 2483
f 2483 215 1321
f 220 1322 1321
f 1321 1322 2483
f 1323 289 2484
f 2484 289 1419
f 304 1418 1419
f 1419 1418 2484
f 288 1417 1418
f 1418 1417 2484
f 1417 273 2484
f 2484 273 1323
f 279 1420 1421
f 1421 1420 2485
f 1420 289 2485
f 2485 289 1324
f 239 1325 1324
f 1324 1325 2485
f 1325 232 2485
f 2485 232 1421
f 1423 232 2486
f 2486 232 1326
f 185 1328 1326
f 1326 1328 2486
f 144 1422 1328
f 1328 1422 2486
f 1422 202 2486
f 2486 202 1423
f 144 1329 1425
f 1425 1329 2487
f 1329 143 2487
f 2487 143 1359
f 119 1424 1359
f 1359 1424 2487
f 1424 120 2487
f 2487 120 1425
f 272 1428 1335
f 1335 1428 2488
f 1428 285 2488
f 2488 285 1427
f 249 1426 1427
f 1427 1426 2488
f 1426 238 2488
f 2488 238 1335
f 1337 258 2489
f 2489 258 1430
f 1430 265 2489
f 2489 265 1429
f 272 1336 1429
f 1429 1336 2489
f 260 1337 1336
f 1336 1337 2489
f 1432 258 2490
f 2490 258 1338
f 203 1340 1338
f 1338 1340 2490
f 1340 163 2490
f 2490 163 1431
f 235 1432 1431
f 1431 1432 2490
f 1434 149 2491
f 2491 149 1433
f 163 1339 1433
f 1433 1339 2491
f 125 1343 1339
f 1339 1343 2491
f 1343 106 2491
f 2491 106 1434
f 1435 208 2492
f 2492 208 1398
f 207 1347 1398
f 1398 1347 2492
f 1347 175 2492
f 2492 175 1349
f 176 1435 1349
f 1349 1435 2492
f 1438 197 2493
f 2493 197 1437
f 176 1350 1437
f 1437 1350 2493
f 1350 173 2493
f 2493 173 1436
f 196 1438 1436
f 1436 1438 2493
f 198 1440 1351
f 1351 1440 2494
f 1440 209 2494
f 2494 209 1439
f 196 1436 1439
f 1439 1436 2494
f 1436 173 2494
f 2494 173 1351
f 1352 178 2495
f 2495 178 1353
f 210 1392 1353
f 1353 1392 2495
f 1392 230 2495
f 2495 230 1441
f 198 1352 1441
f 1441 1352 2495
f 120 1424 1442
f 1442 1424 2496
f 1424 119 2496
f 2496 119 1356
f 118 1413 1356
f 1356 1413 2496
f 1413 117 2496
f 2496 117 1442
f 1386 150 2497
f 2497 150 1443
f 149 1434 1443
f 1443 1434 2497
f 1434 106 2497
f 2497 106 1357
f 107 1386 1357
f 1357 1386 2497
f 1363 141 2498
f 2498 141 1402
f 159 1444 1402
f 1402 1444 2498
f 1444 136 2498
f 2498 136 1360
f 137 1363 1360
f 1360 1363 2498
f 199 1446 1447
f 1447 1446 2499
f 1446 200 2499
f 2499 200 1445
f 139 1362 1445
f 1445 1362 2499
f 1362 136 2499
f 2499 136 1447
f 1449 231 2500
f 2500 231 1448
f 181 1366 1448
f 1448 1366 2500
f 1366 139 2500
f 2500 139 1445
f 200 1449 1445
f 1445 1449 2500
f 187 1450 1451
f 1451 1450 2501
f 1450 164 2501
f 2501 164 1368
f 151 1369 1368
f 1368 1369 2501
f 1369 165 2501
f 2501 165 1451
f 1453 167 2502
f 2502 167 1452
f 1452 165 2502
f 2502 165 1370
f 98 1372 1370
f 1370 1372 2502
f 1372 109 2502
f 2502 109 1453
f 1455 166 2503
f 2503 166 1454
f 1454 167 2503
f 2503 167 1453
f 1453 109 2503
f 2503 109 1373
f 108 1455 1373
f 1373 1455 2503
f 1457 168 2504
f 2504 168 1456
f 166 1455 1456
f 1456 1455 2504
f 1455 108 2504
f 2504 108 1374
f 110 1457 1374
f 1374 1457 2504
f 1377 169 2505
f 2505 169 1459
f 190 1458 1459
f 1459 1458 2505
f 1458 128 2505
f 2505 128 1385
f 1385 129 2505
f 2505 129 1377
f 152 1461 1378
f 1378 1461 2506
f 191 1460 1461
f 1461 1460 2506
f 1460 190 2506
f 2506 190 1459
f 169 1378 1459
f 1459 1378 2506
f 1379 170 2507
f 2507 170 1463
f 188 1462 1463
f 1463 1462 2507
f 1462 191 2507
f 2507 191 1461
f 152 1379 1461
f 1461 1379 2507
f 164 1450 1381
f 1381 1450 2508
f 1450 187 2508
f 2508 187 1464
f 188 1463 1464
f 1464 1463 2508
f 1463 170 2508
f 2508 170 1381
f 189 1465 1466
f 1466 1465 2509
f 168 1457 1465
f 1465 1457 2509
f 1457 110 2509
f 2509 110 1382
f 127 1466 1382
f 1382 1466 2509
f 1383 111 2510
f 2510 111 1384
f 128 1468 1384
f 1384 1468 2510
f 134 1467 1468
f 1468 1467 2510
f 127 1383 1467
f 1467 1383 2510
f 236 1470 1388
f 1388 1470 2511
f 1470 217 2511
f 2511 217 1469
f 150 1387 1469
f 1469 1387 2511
f 1387 171 2511
f 2511 171 1388
f 1389 218 2512
f 2512 218 1390
f 237 1472 1390
f 1390 1472 2512
f 1472 248 2512
f 2512 248 1471
f 236 1389 1471
f 1471 1389 2512
f 238 1426 1391
f 1391 1426 2513
f 1426 249 2513
f 2513 249 1473
f 248 1472 1473
f 1473 1472 2513
f 1472 237 2513
f 2513 237 1391
f 240 1395 1393
f 1393 1395 2514
f 1395 251 2514
f 2514 251 1475
f 243 1474 1475
f 1475 1474 2514
f 1474 230 2514
f 2514 230 1393
f 1478 321 2515
f 2515 321 1477
f 336 1476 1477
f 1477 1476 2515
f 1476 251 2515
f 2515 251 1396
f 1396 241 2515
f 2515 241 1478
f 1397 208 2516
f 2516 208 1480
f 229 1479 1480
f 1480 1479 2516
f 1479 242 2516
f 2516 242 1400
f 227 1397 1400
f 1400 1397 2516
f 322 1481 1482
f 1482 1481 2517
f 1481 321 2517
f 2517 321 1478
f 241 1399 1478
f 1478 1399 2517
f 242 1482 1399
f 1399 1482 2517
f 1403 244 2518
f 2518 244 1484
f 214 1483 1484
f 1484 1483 2518
f 1483 159 2518
f 2518 159 1401
f 201 1403 1401
f 1401 1403 2518
f 1405 305 2519
f 2519 305 1486
f 294 1485 1486
f 1486 1485 2519
f 1485 244 2519
f 2519 244 1404
f 250 1405 1404
f 1404 1405 2519
f 1406 320 2520
f 2520 320 1489
f 335 1488 1489
f 1489 1488 2520
f 319 1487 1488
f 1488 1487 2520
f 1487 305 2520
f 2520 305 1406
f 308 1490 1491
f 1491 1490 2521
f 1490 320 2521
f 2521 320 1407
f 1407 261 2521
f 2521 261 1408
f 1408 252 2521
f 2521 252 1491
f 1492 252 2522
f 2522 252 1409
f 213 1410 1409
f 1409 1410 2522
f 1410 181 2522
f 2522 181 1448
f 231 1492 1448
f 1448 1492 2522
f 1411 186 2523
f 2523 186 1494
f 160 1493 1494
f 1494 1493 2523
f 1493 117 2523
f 2523 117 1414
f 132 1411 1414
f 1414 1411 2523
f 1415 264 2524
f 2524 264 1496
f 245 1495 1496
f 1496 1495 2524
f 1495 186 2524
f 2524 186 1412
f 215 1415 1412
f 1412 1415 2524
f 273 1417 1416
f 1416 1417 2525
f 1417 288 2525
f 2525 288 1498
f 1498 284 2525
f 2525 284 1497
f 1497 264 2525
f 2525 264 1416
f 1418 304 2526
f 2526 304 1501
f 1501 314 2526
f 2526 314 1500
f 299 1499 1500
f 1500 1499 2526
f 1499 288 2526
f 2526 288 1418
f 1420 279 2527
f 2527 279 1503
f 1503 295 2527
f 2527 295 1502
f 1502 304 2527
f 2527 304 1419
f 289 1420 1419
f 1419 1420 2527
f 1505 279 2528
f 2528 279 1421
f 232 1423 1421
f 1421 1423 2528
f 1423 202 2528
f 2528 202 1504
f 255 1505 1504
f 1504 1505 2528
f 202 1422 1507
f 1507 1422 2529
f 1422 144 2529
f 2529 144 1425
f 120 1506 1425
f 1425 1506 2529
f 1506 161 2529
f 2529 161 1507
f 1510 300 2530
f 2530 300 1509
f 271 1508 1509
f 1509 1508 2530
f 1508 249 2530
f 2530 249 1427
f 285 1510 1427
f 1427 1510 2530
f 266 1511 1512
f 1512 1511 2531
f 285 1428 1511
f 1511 1428 2531
f 1428 272 2531
f 2531 272 1429
f 1429 265 2531
f 2531 265 1512
f 1432 235 2532
f 2532 235 1513
f 266 1512 1513
f 1513 1512 2532
f 1512 265 2532
f 2532 265 1430
f 258 1432 1430
f 1430 1432 2532
f 1515 216 2533
f 2533 216 1514
f 235 1431 1514
f 1514 1431 2533
f 1431 163 2533
f 2533 163 1433
f 149 1515 1433
f 1433 1515 2533
f 1516 229 2534
f 2534 229 1480
f 208 1435 1480
f 1480 1435 2534
f 1435 176 2534
f 2534 176 1437
f 197 1516 1437
f 1437 1516 2534
f 1519 274 2535
f 2535 274 1518
f 275 1517 1518
f 1518 1517 2535
f 1517 197 2535
f 2535 197 1438
f 196 1519 1438
f 1438 1519 2535
f 1521 292 2536
f 2536 292 1520
f 274 1519 1520
f 1520 1519 2536
f 1519 196 2536
f 2536 196 1439
f 209 1521 1439
f 1439 1521 2536
f 1440 198 2537
f 2537 198 1441
f 230 1474 1441
f 1441 1474 2537
f 1474 243 2537
f 2537 243 1522
f 209 1440 1522
f 1522 1440 2537
f 1493 160 2538
f 2538 160 1523
f 161 1506 1523
f 1523 1506 2538
f 1506 120 2538
f 2538 120 1442
f 117 1493 1442
f 1442 1493 2538
f 217 1524 1469
f 1469 1524 2539
f 1524 216 2539
f 2539 216 1515
f 1515 149 2539
f 2539 149 1443
f 150 1469 1443
f 1443 1469 2539
f 214 1525 1483
f 1483 1525 2540
f 1525 199 2540
f 2540 199 1447
f 136 1444 1447
f 1447 1444 2540
f 1444 159 2540
f 2540 159 1483
f 1528 253 2541
f 2541 253 1527
f 254 1526 1527
f 1527 1526 2541
f 200 1446 1526
f 1526 1446 2541
f 1446 199 2541
f 2541 199 1528
f 276 1529 1530
f 1530 1529 2542
f 231 1449 1529
f 1529 1449 2542
f 200 1526 1449
f 1449 1526 2542
f 1526 254 2542
f 2542 254 1530
f 167 1454 1452
f 1452 1454 2543
f 166 1531 1454
f 1454 1531 2543
f 1531 187 2543
f 2543 187 1451
f 165 1452 1451
f 1451 1452 2543
f 168 1532 1456
f 1456 1532 2544
f 1532 188 2544
f 2544 188 1464
f 187 1531 1464
f 1464 1531 2544
f 1531 166 2544
f 2544 166 1456
f 1458 190 2545
f 2545 190 1534
f 1534 204 2545
f 2545 204 1533
f 1533 134 2545
f 2545 134 1468
f 128 1458 1468
f 1468 1458 2545
f 1460 191 2546
f 2546 191 1536
f 189 1535 1536
f 1536 1535 2546
f 204 1534 1535
f 1535 1534 2546
f 190 1460 1534
f 1534 1460 2546
f 1532 168 2547
f 2547 168 1465
f 1465 189 2547
f 2547 189 1536
f 191 1462 1536
f 1536 1462 2547
f 1462 188 2547
f 2547 188 1532
f 1533 204 2548
f 2548 204 1535
f 1535 189 2548
f 2548 189 1466
f 1466 127 2548
f 2548 127 1467
f 1467 134 2548
f 2548 134 1533
f 269 1538 1539
f 1539 1538 2549
f 1538 247 2549
f 2549 247 1537
f 217 1470 1537
f 1537 1470 2549
f 236 1539 1470
f 1470 1539 2549
f 270 1540 1541
f 1541 1540 2550
f 1540 269 2550
f 2550 269 1539
f 236 1471 1539
f 1539 1471 2550
f 1471 248 2550
f 2550 248 1541
f 1508 271 2551
f 2551 271 1542
f 1542 270 2551
f 2551 270 1541
f 248 1473 1541
f 1541 1473 2551
f 249 1508 1473
f 1473 1508 2551
f 1476 336 2552
f 2552 336 1544
f 324 1543 1544
f 1544 1543 2552
f 1543 243 2552
f 2552 243 1475
f 251 1476 1475
f 1475 1476 2552
f 354 1546 1547
f 1547 1546 2553
f 1546 336 2553
f 2553 336 1477
f 321 1545 1477
f 1477 1545 2553
f 1545 337 2553
f 2553 337 1547
f 306 1548 1549
f 1549 1548 2554
f 1548 322 2554
f 2554 322 1482
f 242 1479 1482
f 1482 1479 2554
f 1479 229 2554
f 2554 229 1549
f 322 1551 1481
f 1481 1551 2555
f 1551 338 2555
f 2555 338 1550
f 1550 337 2555
f 2555 337 1545
f 321 1481 1545
f 1545 1481 2555
f 1485 294 2556
f 2556 294 1553
f 262 1552 1553
f 1553 1552 2556
f 1552 214 2556
f 2556 214 1484
f 244 1485 1484
f 1484 1485 2556
f 305 1487 1486
f 1486 1487 2557
f 1487 319 2557
f 2557 319 1555
f 1555 313 2557
f 2557 313 1554
f 1554 294 2557
f 2557 294 1486
f 335 1558 1488
f 1488 1558 2558
f 1558 345 2558
f 2558 345 1557
f 329 1556 1557
f 1557 1556 2558
f 1556 319 2558
f 2558 319 1488
f 1490 308 2559
f 2559 308 1560
f 325 1559 1560
f 1560 1559 2559
f 1559 335 2559
f 2559 335 1489
f 320 1490 1489
f 1489 1490 2559
f 1561 308 2560
f 2560 308 1491
f 252 1492 1491
f 1491 1492 2560
f 1492 231 2560
f 2560 231 1529
f 276 1561 1529
f 1529 1561 2560
f 1495 245 2561
f 2561 245 1563
f 233 1562 1563
f 1563 1562 2561
f 1562 160 2561
f 2561 160 1494
f 186 1495 1494
f 1494 1495 2561
f 264 1497 1496
f 1496 1497 2562
f 1497 284 2562
f 2562 284 1565
f 283 1564 1565
f 1565 1564 2562
f 1564 245 2562
f 2562 245 1496
f 1565 284 2563
f 2563 284 1498
f 288 1499 1498
f 1498 1499 2563
f 1499 299 2563
f 2563 299 1566
f 283 1565 1566
f 1566 1565 2563
f 1569 330 2564
f 2564 330 1568
f 317 1567 1568
f 1568 1567 2564
f 1567 299 2564
f 2564 299 1500
f 314 1569 1500
f 1500 1569 2564
f 296 1570 1571
f 1571 1570 2565
f 1570 314 2565
f 2565 314 1501
f 304 1502 1501
f 1501 1502 2565
f 1502 295 2565
f 2565 295 1571
f 1505 255 2566
f 2566 255 1572
f 296 1571 1572
f 1572 1571 2566
f 1571 295 2566
f 2566 295 1503
f 279 1505 1503
f 1503 1505 2566
f 255 1504 1574
f 1574 1504 2567
f 1504 202 2567
f 2567 202 1507
f 161 1573 1507
f 1507 1573 2567
f 1573 234 2567
f 2567 234 1574
f 1577 332 2568
f 2568 332 1576
f 1576 303 2568
f 2568 303 1575
f 1575 271 2568
f 2568 271 1509
f 300 1577 1509
f 1509 1577 2568
f 1579 286 2569
f 2569 286 1578
f 300 1510 1578
f 1578 1510 2569
f 1510 285 2569
f 2569 285 1511
f 266 1579 1511
f 1511 1579 2569
f 286 1579 1581
f 1581 1579 2570
f 1579 266 2570
f 2570 266 1513
f 235 1580 1513
f 1513 1580 2570
f 1580 259 2570
f 2570 259 1581
f 246 1582 1583
f 1583 1582 2571
f 259 1580 1582
f 1582 1580 2571
f 235 1514 1580
f 1580 1514 2571
f 1514 216 2571
f 2571 216 1583
f 1517 275 2572
f 2572 275 1584
f 306 1549 1584
f 1584 1549 2572
f 229 1516 1549
f 1549 1516 2572
f 197 1517 1516
f 1516 1517 2572
f 1587 291 2573
f 2573 291 1586
f 275 1518 1586
f 1586 1518 2573
f 1518 274 2573
f 2573 274 1585
f 290 1587 1585
f 1585 1587 2573
f 292 1589 1520
f 1520 1589 2574
f 1589 307 2574
f 2574 307 1588
f 290 1585 1588
f 1588 1585 2574
f 1585 274 2574
f 2574 274 1520
f 1543 324 2575
f 2575 324 1590
f 292 1521 1590
f 1590 1521 2575
f 1521 209 2575
f 2575 209 1522
f 243 1543 1522
f 1522 1543 2575
f 1562 233 2576
f 2576 233 1591
f 234 1573 1591
f 1591 1573 2576
f 1573 161 2576
f 2576 161 1523
f 160 1562 1523
f 1523 1562 2576
f 247 1592 1537
f 1537 1592 2577
f 1592 246 2577
f 2577 246 1583
f 216 1524 1583
f 1583 1524 2577
f 1524 217 2577
f 2577 217 1537
f 262 1593 1552
f 1552 1593 2578
f 1593 253 2578
f 2578 253 1528
f 199 1525 1528
f 1528 1525 2578
f 214 1552 1525
f 1525 1552 2578
f 1596 277 2579
f 2579 277 1595
f 278 1594 1595
f 1595 1594 2579
f 1594 254 2579
f 2579 254 1527
f 253 1596 1527
f 1527 1596 2579
f 1598 309 2580
f 2580 309 1597
f 276 1530 1597
f 1597 1530 2580
f 254 1594 1530
f 1530 1594 2580
f 1594 278 2580
f 2580 278 1598
f 301 1600 1601
f 1601 1600 2581
f 1600 268 2581
f 2581 268 1599
f 247 1538 1599
f 1599 1538 2581
f 1538 269 2581
f 2581 269 1601
f 302 1602 1603
f 1603 1602 2582
f 1602 301 2582
f 2582 301 1601
f 269 1540 1601
f 1601 1540 2582
f 1540 270 2582
f 2582 270 1603
f 303 1604 1575
f 1575 1604 2583
f 1604 302 2583
f 2583 302 1603
f 270 1542 1603
f 1603 1542 2583
f 1542 271 2583
f 2583 271 1575
f 336 1546 1544
f 1544 1546 2584
f 1546 354 2584
f 2584 354 1606
f 344 1605 1606
f 1606 1605 2584
f 1605 324 2584
f 2584 324 1544
f 359 1608 1609
f 1609 1608 2585
f 1608 354 2585
f 2585 354 1547
f 1547 337 2585
f 2585 337 1607
f 355 1609 1607
f 1607 1609 2585
f 306 1611 1548
f 1548 1611 2586
f 1611 339 2586
f 2586 339 1610
f 338 1551 1610
f 1610 1551 2586
f 1551 322 2586
f 2586 322 1548
f 1550 338 2587
f 2587 338 1610
f 339 1612 1610
f 1610 1612 2587
f 1612 355 2587
f 2587 355 1607
f 337 1550 1607
f 1607 1550 2587
f 294 1554 1553
f 1553 1554 2588
f 313 1614 1554
f 1554 1614 2588
f 1614 312 2588
f 2588 312 1613
f 262 1553 1613
f 1613 1553 2588
f 1614 313 2589
f 2589 313 1555
f 319 1556 1555
f 1555 1556 2589
f 1556 329 2589
f 2589 329 1615
f 312 1614 1615
f 1615 1614 2589
f 1618 360 2590
f 2590 360 1617
f 348 1616 1617
f 1617 1616 2590
f 1616 329 2590
f 2590 329 1557
f 345 1618 1557
f 1557 1618 2590
f 326 1619 1620
f 1620 1619 2591
f 1619 345 2591
f 2591 345 1558
f 335 1559 1558
f 1558 1559 2591
f 1559 325 2591
f 2591 325 1620
f 1561 276 2592
f 2592 276 1621
f 1621 326 2592
f 2592 326 1620
f 1620 325 2592
f 2592 325 1560
f 308 1561 1560
f 1560 1561 2592
f 1624 263 2593
f 2593 263 1623
f 256 1622 1623
f 1623 1622 2593
f 1622 233 2593
f 2593 233 1563
f 245 1624 1563
f 1563 1624 2593
f 1626 298 2594
f 2594 298 1625
f 263 1624 1625
f 1625 1624 2594
f 245 1564 1624
f 1624 1564 2594
f 1564 283 2594
f 2594 283 1626
f 1567 317 2595
f 2595 317 1627
f 298 1626 1627
f 1627 1626 2595
f 1626 283 2595
f 2595 283 1566
f 299 1567 1566
f 1566 1567 2595
f 1630 362 2596
f 2596 362 1629
f 1629 352 2596
f 2596 352 1628
f 1628 317 2596
f 2596 317 1568
f 330 1630 1568
f 1568 1630 2596
f 1632 315 2597
f 2597 315 1631
f 330 1569 1631
f 1631 1569 2597
f 314 1570 1569
f 1569 1570 2597
f 296 1632 1570
f 1570 1632 2597
f 315 1632 1634
f 1634 1632 2598
f 1632 296 2598
f 2598 296 1572
f 255 1633 1572
f 1572 1633 2598
f 280 1634 1633
f 1633 1634 2598
f 1636 280 2599
f 2599 280 1633
f 255 1574 1633
f 1633 1574 2599
f 1574 234 2599
f 2599 234 1635
f 257 1636 1635
f 1635 1636 2599
f 388 1638 1639
f 1639 1638 2600
f 1638 368 2600
f 2600 368 1637
f 303 1576 1637
f 1637 1576 2600
f 1576 332 2600
f 2600 332 1639
f 1641 318 2601
f 2601 318 1640
f 332 1577 1640
f 1640 1577 2601
f 1577 300 2601
f 2601 300 1578
f 286 1641 1578
f 1578 1641 2601
f 318 1641 1643
f 1643 1641 2602
f 1641 286 2602
f 2602 286 1581
f 259 1642 1581
f 1581 1642 2602
f 1642 287 2602
f 2602 287 1643
f 267 1644 1645
f 1645 1644 2603
f 1644 287 2603
f 2603 287 1642
f 1642 259 2603
f 2603 259 1582
f 1582 246 2603
f 2603 246 1645
f 1647 323 2604
f 2604 323 1646
f 306 1584 1646
f 1646 1584 2604
f 1584 275 2604
f 2604 275 1586
f 291 1647 1586
f 1586 1647 2604
f 1650 341 2605
f 2605 341 1649
f 340 1648 1649
f 1649 1648 2605
f 291 1587 1648
f 1648 1587 2605
f 1587 290 2605
f 2605 290 1650
f 1652 357 2606
f 2606 357 1651
f 341 1650 1651
f 1651 1650 2606
f 1650 290 2606
f 2606 290 1588
f 307 1652 1588
f 1588 1652 2606
f 1589 292 2607
f 2607 292 1655
f 343 1654 1655
f 1655 1654 2607
f 1654 342 2607
f 2607 342 1653
f 307 1589 1653
f 1653 1589 2607
f 324 1605 1590
f 1590 1605 2608
f 344 1656 1605
f 1605 1656 2608
f 1656 343 2608
f 2608 343 1655
f 292 1590 1655
f 1655 1590 2608
f 1622 256 2609
f 2609 256 1657
f 1657 257 2609
f 2609 257 1635
f 234 1591 1635
f 1635 1591 2609
f 233 1622 1591
f 1591 1622 2609
f 268 1658 1599
f 1599 1658 2610
f 1658 267 2610
f 2610 267 1645
f 246 1592 1645
f 1645 1592 2610
f 1592 247 2610
f 2610 247 1599
f 1660 293 2611
f 2611 293 1659
f 277 1596 1659
f 1659 1596 2611
f 1596 253 2611
f 2611 253 1593
f 262 1660 1593
f 1593 1660 2611
f 310 1662 1663
f 1663 1662 2612
f 1662 311 2612
f 2612 311 1661
f 278 1595 1661
f 1661 1595 2612
f 1595 277 2612
f 2612 277 1663
f 346 1664 1665
f 1665 1664 2613
f 1664 326 2613
f 2613 326 1621
f 276 1597 1621
f 1621 1597 2613
f 1597 309 2613
f 2613 309 1665
f 347 1666 1667
f 1667 1666 2614
f 1666 309 2614
f 2614 309 1598
f 278 1661 1598
f 1598 1661 2614
f 311 1667 1661
f 1661 1667 2614
f 366 1669 1670
f 1670 1669 2615
f 1669 334 2615
f 2615 334 1668
f 268 1600 1668
f 1668 1600 2615
f 1600 301 2615
f 2615 301 1670
f 367 1671 1672
f 1672 1671 2616
f 1671 366 2616
f 2616 366 1670
f 301 1602 1670
f 1670 1602 2616
f 1602 302 2616
f 2616 302 1672
f 368 1673 1637
f 1637 1673 2617
f 1673 367 2617
f 2617 367 1672
f 302 1604 1672
f 1672 1604 2617
f 1604 303 2617
f 2617 303 1637
f 1656 344 2618
f 2618 344 1606
f 354 1608 1606
f 1606 1608 2618
f 1608 359 2618
f 2618 359 1674
f 343 1656 1674
f 1674 1656 2618
f 358 1676 1677
f 1677 1676 2619
f 1676 359 2619
f 2619 359 1609
f 355 1675 1609
f 1609 1675 2619
f 1675 369 2619
f 2619 369 1677
f 306 1646 1611
f 1611 1646 2620
f 1646 323 2620
f 2620 323 1679
f 356 1678 1679
f 1679 1678 2620
f 1678 339 2620
f 2620 339 1611
f 1612 339 2621
f 2621 339 1678
f 356 1680 1678
f 1678 1680 2621
f 1680 369 2621
f 2621 369 1675
f 355 1612 1675
f 1675 1612 2621
f 1682 328 2622
f 2622 328 1681
f 293 1660 1681
f 1681 1660 2622
f 262 1613 1660
f 1660 1613 2622
f 312 1682 1613
f 1613 1682 2622
f 1616 348 2623
f 2623 348 1683
f 328 1682 1683
f 1683 1682 2623
f 1682 312 2623
f 2623 312 1615
f 329 1616 1615
f 1615 1616 2623
f 384 1685 1686
f 1686 1685 2624
f 1685 374 2624
f 2624 374 1684
f 1684 348 2624
f 2624 348 1617
f 360 1686 1617
f 1617 1686 2624
f 1664 346 2625
f 2625 346 1687
f 360 1618 1687
f 1687 1618 2625
f 1618 345 2625
f 2625 345 1619
f 1619 326 2625
f 2625 326 1664
f 1690 297 2626
f 2626 297 1689
f 281 1688 1689
f 1689 1688 2626
f 1688 256 2626
f 2626 256 1623
f 263 1690 1623
f 1623 1690 2626
f 331 1691 1692
f 1692 1691 2627
f 297 1690 1691
f 1691 1690 2627
f 1690 263 2627
f 2627 263 1625
f 298 1692 1625
f 1625 1692 2627
f 352 1693 1628
f 1628 1693 2628
f 1693 331 2628
f 2628 331 1692
f 298 1627 1692
f 1692 1627 2628
f 1627 317 2628
f 2628 317 1628
f 1696 420 2629
f 2629 420 1695
f 408 1694 1695
f 1695 1694 2629
f 1694 352 2629
f 2629 352 1629
f 362 1696 1629
f 1629 1696 2629
f 1698 349 2630
f 2630 349 1697
f 362 1630 1697
f 1697 1630 2630
f 1630 330 2630
f 2630 330 1631
f 315 1698 1631
f 1631 1698 2630
f 349 1698 1700
f 1700 1698 2631
f 1698 315 2631
f 2631 315 1634
f 1634 280 2631
f 2631 280 1699
f 316 1700 1699
f 1699 1700 2631
f 1702 316 2632
f 2632 316 1699
f 280 1636 1699
f 1699 1636 2632
f 1636 257 2632
f 2632 257 1701
f 282 1702 1701
f 1701 1702 2632
f 1705 382 2633
f 2633 382 1704
f 368 1638 1704
f 1704 1638 2633
f 1638 388 2633
f 2633 388 1703
f 1703 409 2633
f 2633 409 1705
f 1707 378 2634
f 2634 378 1706
f 1706 388 2634
f 2634 388 1639
f 332 1640 1639
f 1639 1640 2634
f 318 1707 1640
f 1640 1707 2634
f 378 1707 1709
f 1709 1707 2635
f 1707 318 2635
f 2635 318 1643
f 287 1708 1643
f 1643 1708 2635
f 353 1709 1708
f 1708 1709 2635
f 333 1710 1711
f 1711 1710 2636
f 353 1708 1710
f 1710 1708 2636
f 1708 287 2636
f 2636 287 1644
f 1644 267 2636
f 2636 267 1711
f 1713 370 2637
f 2637 370 1712
f 1712 323 2637
f 2637 323 1647
f 1647 291 2637
f 2637 291 1648
f 1648 340 2637
f 2637 340 1713
f 397 1715 1716
f 1716 1715 2638
f 1715 340 2638
f 2638 340 1649
f 341 1714 1649
f 1649 1714 2638
f 1714 396 2638
f 2638 396 1716
f 357 1718 1651
f 1651 1718 2639
f 1718 417 2639
f 2639 417 1717
f 396 1714 1717
f 1717 1714 2639
f 1714 341 2639
f 2639 341 1651
f 1720 383 2640
f 2640 383 1719
f 357 1652 1719
f 1719 1652 2640
f 1652 307 2640
f 2640 307 1653
f 342 1720 1653
f 1653 1720 2640
f 1654 343 2641
f 2641 343 1674
f 359 1676 1674
f 1674 1676 2641
f 1676 358 2641
f 2641 358 1721
f 342 1654 1721
f 1721 1654 2641
f 1688 281 2642
f 2642 281 1722
f 1722 282 2642
f 2642 282 1701
f 257 1657 1701
f 1701 1657 2642
f 256 1688 1657
f 1657 1688 2642
f 334 1723 1668
f 1668 1723 2643
f 1723 333 2643
f 2643 333 1711
f 267 1658 1711
f 1711 1658 2643
f 1658 268 2643
f 2643 268 1668
f 1725 327 2644
f 2644 327 1724
f 1724 310 2644
f 2644 310 1663
f 277 1659 1663
f 1663 1659 2644
f 1659 293 2644
f 2644 293 1725
f 372 1727 1728
f 1728 1727 2645
f 1727 373 2645
f 2645 373 1726
f 311 1662 1726
f 1726 1662 2645
f 1662 310 2645
f 2645 310 1728
f 371 1729 1730
f 1730 1729 2646
f 1729 346 2646
f 2646 346 1665
f 309 1666 1665
f 1665 1666 2646
f 1666 347 2646
f 2646 347 1730
f 399 1731 1732
f 1732 1731 2647
f 1731 347 2647
f 2647 347 1667
f 1667 311 2647
f 2647 311 1726
f 373 1732 1726
f 1726 1732 2647
f 393 1734 1735
f 1735 1734 2648
f 1734 365 2648
f 2648 365 1733
f 334 1669 1733
f 1733 1669 2648
f 1669 366 2648
f 2648 366 1735
f 1671 367 2649
f 2649 367 1738
f 381 1737 1738
f 1738 1737 2649
f 380 1736 1737
f 1737 1736 2649
f 366 1671 1736
f 1736 1671 2649
f 1673 368 2650
f 2650 368 1704
f 382 1739 1704
f 1704 1739 2650
f 1739 381 2650
f 2650 381 1738
f 367 1673 1738
f 1738 1673 2650
f 1742 416 2651
f 2651 416 1741
f 398 1740 1741
f 1741 1740 2651
f 1740 358 2651
f 2651 358 1677
f 369 1742 1677
f 1677 1742 2651
f 1744 395 2652
f 2652 395 1743
f 356 1679 1743
f 1743 1679 2652
f 1679 323 2652
f 2652 323 1712
f 370 1744 1712
f 1712 1744 2652
f 395 1745 1743
f 1743 1745 2653
f 1745 416 2653
f 2653 416 1742
f 369 1680 1742
f 1742 1680 2653
f 1680 356 2653
f 2653 356 1743
f 361 1746 1747
f 1747 1746 2654
f 1746 327 2654
f 2654 327 1725
f 293 1681 1725
f 1725 1681 2654
f 1681 328 2654
f 2654 328 1747
f 374 1748 1684
f 1684 1748 2655
f 1748 361 2655
f 2655 361 1747
f 328 1683 1747
f 1747 1683 2655
f 348 1684 1683
f 1683 1684 2655
f 460 1750 1751
f 1751 1750 2656
f 1750 444 2656
f 2656 444 1749
f 374 1685 1749
f 1749 1685 2656
f 1685 384 2656
f 2656 384 1751
f 1729 371 2657
f 2657 371 1752
f 1752 384 2657
f 2657 384 1686
f 1686 360 2657
f 2657 360 1687
f 346 1729 1687
f 1687 1729 2657
f 1755 363 2658
f 2658 363 1754
f 350 1753 1754
f 1754 1753 2658
f 1753 281 2658
f 2658 281 1689
f 297 1755 1689
f 1689 1755 2658
f 1757 387 2659
f 2659 387 1756
f 363 1755 1756
f 1756 1755 2659
f 1755 297 2659
f 2659 297 1691
f 331 1757 1691
f 1691 1757 2659
f 408 1758 1694
f 1694 1758 2660
f 387 1757 1758
f 1758 1757 2660
f 331 1693 1757
f 1757 1693 2660
f 1693 352 2660
f 2660 352 1694
f 1761 428 2661
f 2661 428 1760
f 408 1695 1760
f 1760 1695 2661
f 1695 420 2661
f 2661 420 1759
f 445 1761 1759
f 1759 1761 2661
f 402 1762 1763
f 1763 1762 2662
f 420 1696 1762
f 1762 1696 2662
f 1696 362 2662
f 2662 362 1697
f 349 1763 1697
f 1697 1763 2662
f 1765 402 2663
f 2663 402 1763
f 349 1700 1763
f 1763 1700 2663
f 1700 316 2663
f 2663 316 1764
f 375 1765 1764
f 1764 1765 2663
f 1767 375 2664
f 2664 375 1764
f 316 1702 1764
f 1764 1702 2664
f 1702 282 2664
f 2664 282 1766
f 1766 351 2664
f 2664 351 1767
f 378 1769 1706
f 1706 1769 2665
f 1769 389 2665
f 2665 389 1768
f 409 1703 1768
f 1768 1703 2665
f 1703 388 2665
f 2665 388 1706
f 394 1771 1772
f 1772 1771 2666
f 1771 382 2666
f 2666 382 1705
f 409 1770 1705
f 1705 1770 2666
f 1770 410 2666
f 2666 410 1772
f 1709 353 2667
f 2667 353 1774
f 1774 390 2667
f 2667 390 1773
f 389 1769 1773
f 1773 1769 2667
f 1769 378 2667
f 2667 378 1709
f 364 1776 1777
f 1777 1776 2668
f 1776 379 2668
f 2668 379 1775
f 1775 353 2668
f 2668 353 1710
f 1710 333 2668
f 2668 333 1777
f 435 1778 1779
f 1779 1778 2669
f 1778 370 2669
f 2669 370 1713
f 340 1715 1713
f 1713 1715 2669
f 397 1779 1715
f 1715 1779 2669
f 1782 436 2670
f 2670 436 1781
f 437 1780 1781
f 1781 1780 2670
f 397 1716 1780
f 1780 1716 2670
f 1716 396 2670
f 2670 396 1782
f 1784 458 2671
f 2671 458 1783
f 436 1782 1783
f 1783 1782 2671
f 1782 396 2671
f 2671 396 1717
f 417 1784 1717
f 1717 1784 2671
f 1718 357 2672
f 2672 357 1719
f 383 1786 1719
f 1719 1786 2672
f 1786 459 2672
f 2672 459 1785
f 417 1718 1785
f 1785 1718 2672
f 1740 398 2673
f 2673 398 1787
f 383 1720 1787
f 1787 1720 2673
f 1720 342 2673
f 2673 342 1721
f 358 1740 1721
f 1721 1740 2673
f 1753 350 2674
f 2674 350 1788
f 1788 351 2674
f 2674 351 1766
f 1766 282 2674
f 2674 282 1722
f 281 1753 1722
f 1722 1753 2674
f 365 1789 1733
f 1733 1789 2675
f 1789 364 2675
f 2675 364 1777
f 333 1723 1777
f 1777 1723 2675
f 1723 334 2675
f 2675 334 1733
f 385 1790 1791
f 1791 1790 2676
f 372 1728 1790
f 1790 1728 2676
f 1728 310 2676
f 2676 310 1724
f 327 1791 1724
f 1724 1791 2676
f 400 1793 1794
f 1794 1793 2677
f 1793 401 2677
f 2677 401 1792
f 373 1727 1792
f 1792 1727 2677
f 1727 372 2677
f 2677 372 1794
f 1796 438 2678
f 2678 438 1795
f 1795 371 2678
f 2678 371 1730
f 347 1731 1730
f 1730 1731 2678
f 399 1796 1731
f 1731 1796 2678
f 1798 439 2679
f 2679 439 1797
f 399 1732 1797
f 1797 1732 2679
f 1732 373 2679
f 2679 373 1792
f 401 1798 1792
f 1792 1798 2679
f 433 1800 1801
f 1801 1800 2680
f 1800 392 2680
f 2680 392 1799
f 365 1734 1799
f 1799 1734 2680
f 1734 393 2680
f 2680 393 1801
f 1803 415 2681
f 2681 415 1802
f 1802 393 2681
f 2681 393 1735
f 366 1736 1735
f 1735 1736 2681
f 1736 380 2681
f 2681 380 1803
f 1737 381 2682
f 2682 381 1739
f 382 1771 1739
f 1739 1771 2682
f 1771 394 2682
f 2682 394 1804
f 380 1737 1804
f 1804 1737 2682
f 484 1806 1807
f 1807 1806 2683
f 1806 398 2683
f 2683 398 1741
f 416 1805 1741
f 1741 1805 2683
f 1805 500 2683
f 2683 500 1807
f 1744 370 2684
f 2684 370 1778
f 435 1809 1778
f 1778 1809 2684
f 1809 478 2684
f 2684 478 1808
f 395 1744 1808
f 1808 1744 2684
f 1745 395 2685
f 2685 395 1808
f 478 1810 1808
f 1808 1810 2685
f 1810 500 2685
f 2685 500 1805
f 416 1745 1805
f 1805 1745 2685
f 419 1811 1812
f 1812 1811 2686
f 385 1791 1811
f 1811 1791 2686
f 327 1746 1791
f 1791 1746 2686
f 1746 361 2686
f 2686 361 1812
f 444 1813 1749
f 1749 1813 2687
f 1813 419 2687
f 2687 419 1812
f 361 1748 1812
f 1812 1748 2687
f 1748 374 2687
f 2687 374 1749
f 1816 468 2688
f 2688 468 1815
f 444 1750 1815
f 1815 1750 2688
f 1750 460 2688
f 2688 460 1814
f 485 1816 1814
f 1814 1816 2688
f 438 1817 1795
f 1795 1817 2689
f 1817 460 2689
f 2689 460 1751
f 384 1752 1751
f 1751 1752 2689
f 1752 371 2689
f 2689 371 1795
f 1820 386 2690
f 2690 386 1819
f 376 1818 1819
f 1819 1818 2690
f 1818 350 2690
f 2690 350 1754
f 363 1820 1754
f 1754 1820 2690
f 387 1823 1756
f 1756 1823 2691
f 1823 407 2691
f 2691 407 1822
f 406 1821 1822
f 1822 1821 2691
f 1821 363 2691
f 2691 363 1756
f 1823 387 2692
f 2692 387 1758
f 1758 408 2692
f 2692 408 1760
f 1760 428 2692
f 2692 428 1824
f 407 1823 1824
f 1824 1823 2692
f 1762 402 2693
f 2693 402 1826
f 1826 421 2693
f 2693 421 1825
f 1825 445 2693
f 2693 445 1759
f 420 1762 1759
f 1759 1762 2693
f 1829 427 2694
f 2694 427 1828
f 428 1761 1828
f 1828 1761 2694
f 1761 445 2694
f 2694 445 1827
f 446 1829 1827
f 1827 1829 2694
f 1765 375 2695
f 2695 375 1831
f 422 1830 1831
f 1831 1830 2695
f 1830 421 2695
f 2695 421 1826
f 402 1765 1826
f 1826 1765 2695
f 1834 403 2696
f 2696 403 1833
f 375 1767 1833
f 1833 1767 2696
f 1767 351 2696
f 2696 351 1832
f 377 1834 1832
f 1832 1834 2696
f 390 1835 1773
f 1773 1835 2697
f 1835 410 2697
f 2697 410 1770
f 409 1768 1770
f 1770 1768 2697
f 1768 389 2697
f 2697 389 1773
f 434 1837 1838
f 1838 1837 2698
f 1837 394 2698
f 2698 394 1772
f 410 1836 1772
f 1772 1836 2698
f 429 1838 1836
f 1836 1838 2698
f 411 1839 1840
f 1840 1839 2699
f 1839 390 2699
f 2699 390 1774
f 353 1775 1774
f 1774 1775 2699
f 1775 379 2699
f 2699 379 1840
f 1843 412 2700
f 2700 412 1842
f 379 1776 1842
f 1842 1776 2700
f 1776 364 2700
f 2700 364 1841
f 391 1843 1841
f 1841 1843 2700
f 1845 479 2701
f 2701 479 1844
f 435 1779 1844
f 1844 1779 2701
f 1779 397 2701
f 2701 397 1780
f 437 1845 1780
f 1780 1845 2701
f 481 1847 1848
f 1848 1847 2702
f 1847 437 2702
f 2702 437 1781
f 1781 436 2702
f 2702 436 1846
f 1846 480 2702
f 2702 480 1848
f 1850 505 2703
f 2703 505 1849
f 480 1846 1849
f 1849 1846 2703
f 1846 436 2703
f 2703 436 1783
f 458 1850 1783
f 1783 1850 2703
f 1853 506 2704
f 2704 506 1852
f 458 1784 1852
f 1852 1784 2704
f 1784 417 2704
f 2704 417 1851
f 482 1853 1851
f 1851 1853 2704
f 1785 459 2705
f 2705 459 1855
f 483 1854 1855
f 1855 1854 2705
f 1854 482 2705
f 2705 482 1851
f 417 1785 1851
f 1851 1785 2705
f 1786 383 2706
f 2706 383 1787
f 398 1806 1787
f 1787 1806 2706
f 1806 484 2706
f 2706 484 1856
f 459 1786 1856
f 1856 1786 2706
f 376 1857 1818
f 1818 1857 2707
f 1857 377 2707
f 2707 377 1832
f 351 1788 1832
f 1832 1788 2707
f 350 1818 1788
f 1788 1818 2707
f 392 1858 1799
f 1799 1858 2708
f 1858 391 2708
f 2708 391 1841
f 364 1789 1841
f 1841 1789 2708
f 1789 365 2708
f 2708 365 1799
f 1860 418 2709
f 2709 418 1859
f 400 1794 1859
f 1859 1794 2709
f 1794 372 2709
f 2709 372 1790
f 385 1860 1790
f 1790 1860 2709
f 1863 441 2710
f 2710 441 1862
f 401 1793 1862
f 1862 1793 2710
f 1793 400 2710
f 2710 400 1861
f 440 1863 1861
f 1861 1863 2710
f 1796 399 2711
f 2711 399 1866
f 462 1865 1866
f 1866 1865 2711
f 1865 461 2711
f 2711 461 1864
f 438 1796 1864
f 1864 1796 2711
f 487 1867 1868
f 1868 1867 2712
f 1867 462 2712
f 2712 462 1866
f 399 1797 1866
f 1866 1797 2712
f 1797 439 2712
f 2712 439 1868
f 1870 488 2713
f 2713 488 1869
f 439 1798 1869
f 1869 1798 2713
f 1798 401 2713
f 2713 401 1862
f 441 1870 1862
f 1862 1870 2713
f 456 1872 1873
f 1873 1872 2714
f 1872 414 2714
f 2714 414 1871
f 392 1800 1871
f 1871 1800 2714
f 1800 433 2714
f 2714 433 1873
f 393 1802 1801
f 1801 1802 2715
f 415 1875 1802
f 1802 1875 2715
f 1875 457 2715
f 2715 457 1874
f 433 1801 1874
f 1874 1801 2715
f 1837 434 2716
f 2716 434 1876
f 415 1803 1876
f 1876 1803 2716
f 1803 380 2716
f 2716 380 1804
f 394 1837 1804
f 1804 1837 2716
f 508 1878 1879
f 1879 1878 2717
f 1878 484 2717
f 2717 484 1807
f 500 1877 1807
f 1807 1877 2717
f 1877 525 2717
f 2717 525 1879
f 435 1882 1809
f 1809 1882 2718
f 1882 502 2718
f 2718 502 1881
f 501 1880 1881
f 1881 1880 2718
f 1880 478 2718
f 2718 478 1809
f 478 1880 1810
f 1810 1880 2719
f 1880 501 2719
f 2719 501 1883
f 525 1877 1883
f 1883 1877 2719
f 1877 500 2719
f 2719 500 1810
f 419 1886 1811
f 1811 1886 2720
f 1886 443 2720
f 2720 443 1885
f 442 1884 1885
f 1885 1884 2720
f 1884 385 2720
f 2720 385 1811
f 419 1813 1886
f 1886 1813 2721
f 1813 444 2721
f 2721 444 1815
f 468 1887 1815
f 1815 1887 2721
f 1887 443 2721
f 2721 443 1886
f 438 1864 1817
f 1817 1864 2722
f 1864 461 2722
f 2722 461 1888
f 485 1814 1888
f 1888 1814 2722
f 460 1817 1814
f 1814 1817 2722
f 1891 467 2723
f 2723 467 1890
f 468 1816 1890
f 1890 1816 2723
f 1816 485 2723
f 2723 485 1889
f 486 1891 1889
f 1889 1891 2723
f 1894 425 2724
f 2724 425 1893
f 404 1892 1893
f 1893 1892 2724
f 1892 376 2724
f 2724 376 1819
f 386 1894 1819
f 1819 1894 2724
f 1896 426 2725
f 2725 426 1895
f 386 1820 1895
f 1895 1820 2725
f 363 1821 1820
f 1820 1821 2725
f 406 1896 1821
f 1821 1896 2725
f 1822 407 2726
f 2726 407 1824
f 428 1828 1824
f 1824 1828 2726
f 1828 427 2726
f 2726 427 1897
f 406 1822 1897
f 1897 1822 2726
f 1830 422 2727
f 2727 422 1898
f 1898 446 2727
f 2727 446 1827
f 445 1825 1827
f 1827 1825 2727
f 1825 421 2727
f 2727 421 1830
f 452 1900 1901
f 1901 1900 2728
f 1900 427 2728
f 2728 427 1829
f 1829 446 2728
f 2728 446 1899
f 469 1901 1899
f 1899 1901 2728
f 1903 447 2729
f 2729 447 1902
f 1902 422 2729
f 2729 422 1831
f 375 1833 1831
f 1831 1833 2729
f 403 1903 1833
f 1833 1903 2729
f 1906 448 2730
f 2730 448 1905
f 403 1834 1905
f 1905 1834 2730
f 1834 377 2730
f 2730 377 1904
f 405 1906 1904
f 1904 1906 2730
f 411 1907 1839
f 1839 1907 2731
f 1907 429 2731
f 2731 429 1836
f 410 1835 1836
f 1836 1835 2731
f 1835 390 2731
f 2731 390 1839
f 474 1909 1910
f 1910 1909 2732
f 477 1908 1909
f 1909 1908 2732
f 1908 434 2732
f 2732 434 1838
f 1838 429 2732
f 2732 429 1910
f 1840 379 2733
f 2733 379 1842
f 412 1912 1842
f 1842 1912 2733
f 1912 453 2733
f 2733 453 1911
f 411 1840 1911
f 1911 1840 2733
f 1915 430 2734
f 2734 430 1914
f 412 1843 1914
f 1914 1843 2734
f 1843 391 2734
f 2734 391 1913
f 413 1915 1913
f 1913 1915 2734
f 1917 527 2735
f 2735 527 1916
f 502 1882 1916
f 1916 1882 2735
f 1882 435 2735
f 2735 435 1844
f 479 1917 1844
f 1844 1917 2735
f 1919 528 2736
f 2736 528 1918
f 479 1845 1918
f 1918 1845 2736
f 1845 437 2736
f 2736 437 1847
f 1847 481 2736
f 2736 481 1919
f 504 1921 1922
f 1922 1921 2737
f 1921 481 2737
f 2737 481 1848
f 480 1920 1848
f 1848 1920 2737
f 1920 503 2737
f 2737 503 1922
f 505 1924 1849
f 1849 1924 2738
f 1924 531 2738
f 2738 531 1923
f 1923 503 2738
f 2738 503 1920
f 480 1849 1920
f 1920 1849 2738
f 1850 458 2739
f 2739 458 1852
f 506 1926 1852
f 1852 1926 2739
f 1926 547 2739
f 2739 547 1925
f 505 1850 1925
f 1925 1850 2739
f 1929 532 2740
f 2740 532 1928
f 506 1853 1928
f 1928 1853 2740
f 1853 482 2740
f 2740 482 1927
f 507 1929 1927
f 1927 1929 2740
f 1854 483 2741
f 2741 483 1931
f 508 1930 1931
f 1931 1930 2741
f 1930 507 2741
f 2741 507 1927
f 482 1854 1927
f 1927 1854 2741
f 1855 459 2742
f 2742 459 1856
f 484 1878 1856
f 1856 1878 2742
f 1878 508 2742
f 2742 508 1931
f 483 1855 1931
f 1931 1855 2742
f 1932 405 2743
f 2743 405 1904
f 377 1857 1904
f 1904 1857 2743
f 1857 376 2743
f 2743 376 1892
f 404 1932 1892
f 1892 1932 2743
f 1858 392 2744
f 2744 392 1871
f 414 1933 1871
f 1871 1933 2744
f 1933 413 2744
f 2744 413 1913
f 391 1858 1913
f 1913 1858 2744
f 1935 465 2745
f 2745 465 1934
f 1934 440 2745
f 2745 440 1861
f 400 1859 1861
f 1861 1859 2745
f 418 1935 1859
f 1859 1935 2745
f 466 1936 1937
f 1937 1936 2746
f 1936 418 2746
f 2746 418 1860
f 385 1884 1860
f 1860 1884 2746
f 1884 442 2746
f 2746 442 1937
f 1940 464 2747
f 2747 464 1939
f 441 1863 1939
f 1939 1863 2747
f 1863 440 2747
f 2747 440 1938
f 463 1940 1938
f 1938 1940 2747
f 1865 462 2748
f 2748 462 1941
f 1941 486 2748
f 2748 486 1889
f 485 1888 1889
f 1889 1888 2748
f 1888 461 2748
f 2748 461 1865
f 487 1943 1867
f 1867 1943 2749
f 1943 509 2749
f 2749 509 1942
f 486 1941 1942
f 1942 1941 2749
f 462 1867 1941
f 1941 1867 2749
f 1868 439 2750
f 2750 439 1869
f 488 1945 1869
f 1869 1945 2750
f 1945 533 2750
f 2750 533 1944
f 487 1868 1944
f 1944 1868 2750
f 1947 510 2751
f 2751 510 1946
f 488 1870 1946
f 1946 1870 2751
f 1870 441 2751
f 2751 441 1939
f 464 1947 1939
f 1939 1947 2751
f 455 1949 1950
f 1950 1949 2752
f 432 1948 1949
f 1949 1948 2752
f 414 1872 1948
f 1948 1872 2752
f 1872 456 2752
f 2752 456 1950
f 1873 433 2753
f 2753 433 1874
f 457 1952 1874
f 1874 1952 2753
f 1952 476 2753
f 2753 476 1951
f 456 1873 1951
f 1951 1873 2753
f 1875 415 2754
f 2754 415 1876
f 434 1908 1876
f 1876 1908 2754
f 1908 477 2754
f 2754 477 1953
f 457 1875 1953
f 1953 1875 2754
f 507 1930 1955
f 1955 1930 2755
f 1930 508 2755
f 2755 508 1879
f 525 1954 1879
f 1879 1954 2755
f 1954 526 2755
f 2755 526 1955
f 502 1956 1881
f 1881 1956 2756
f 1956 526 2756
f 2756 526 1954
f 525 1883 1954
f 1954 1883 2756
f 1883 501 2756
f 2756 501 1881
f 1885 443 2757
f 2757 443 1887
f 1887 468 2757
f 2757 468 1890
f 467 1957 1890
f 1890 1957 2757
f 1957 442 2757
f 2757 442 1885
f 492 1958 1959
f 1959 1958 2758
f 1958 467 2758
f 2758 467 1891
f 1891 486 2758
f 2758 486 1942
f 509 1959 1942
f 1942 1959 2758
f 425 1962 1893
f 1893 1962 2759
f 1962 451 2759
f 2759 451 1961
f 1961 423 2759
f 2759 423 1960
f 404 1893 1960
f 1960 1893 2759
f 1894 386 2760
f 2760 386 1895
f 426 1964 1895
f 1895 1964 2760
f 1964 473 2760
f 2760 473 1963
f 425 1894 1963
f 1963 1894 2760
f 1900 452 2761
f 2761 452 1965
f 426 1896 1965
f 1965 1896 2761
f 1896 406 2761
f 2761 406 1897
f 427 1900 1897
f 1897 1900 2761
f 447 1966 1902
f 1902 1966 2762
f 1966 469 2762
f 2762 469 1899
f 1899 446 2762
f 2762 446 1898
f 422 1902 1898
f 1898 1902 2762
f 495 1968 1969
f 1969 1968 2763
f 1968 452 2763
f 2763 452 1901
f 1901 469 2763
f 2763 469 1967
f 514 1969 1967
f 1967 1969 2763
f 1903 403 2764
f 2764 403 1905
f 448 1971 1905
f 1905 1971 2764
f 1971 493 2764
f 2764 493 1970
f 447 1903 1970
f 1970 1903 2764
f 1974 470 2765
f 2765 470 1973
f 448 1906 1973
f 1973 1906 2765
f 1906 405 2765
f 2765 405 1972
f 424 1974 1972
f 1972 1974 2765
f 1907 411 2766
f 2766 411 1911
f 453 1975 1911
f 1911 1975 2766
f 1975 474 2766
f 2766 474 1910
f 429 1907 1910
f 1910 1907 2766
f 1978 519 2767
f 2767 519 1977
f 1977 524 2767
f 2767 524 1976
f 477 1909 1976
f 1976 1909 2767
f 474 1978 1909
f 1909 1978 2767
f 1912 412 2768
f 2768 412 1914
f 430 1980 1914
f 1914 1980 2768
f 1980 475 2768
f 2768 475 1979
f 453 1912 1979
f 1979 1912 2768
f 1983 454 2769
f 2769 454 1982
f 430 1915 1982
f 1982 1915 2769
f 1915 413 2769
f 2769 413 1981
f 431 1983 1981
f 1981 1983 2769
f 527 1985 1916
f 1916 1985 2770
f 1985 543 2770
f 2770 543 1984
f 526 1956 1984
f 1984 1956 2770
f 1956 502 2770
f 2770 502 1916
f 1917 479 2771
f 2771 479 1918
f 528 1987 1918
f 1918 1987 2771
f 1987 557 2771
f 2771 557 1986
f 527 1917 1986
f 1986 1917 2771
f 1989 544 2772
f 2772 544 1988
f 528 1919 1988
f 1988 1919 2772
f 481 1921 1919
f 1919 1921 2772
f 1921 504 2772
f 2772 504 1989
f 1992 530 2773
f 2773 530 1991
f 1991 504 2773
f 2773 504 1922
f 503 1990 1922
f 1922 1990 2773
f 1990 529 2773
f 2773 529 1992
f 531 1994 1923
f 1923 1994 2774
f 1994 546 2774
f 2774 546 1993
f 529 1990 1993
f 1993 1990 2774
f 1990 503 2774
f 2774 503 1923
f 1924 505 2775
f 2775 505 1925
f 547 1996 1925
f 1925 1996 2775
f 1996 558 2775
f 2775 558 1995
f 531 1924 1995
f 1995 1924 2775
f 1926 506 2776
f 2776 506 1928
f 532 1998 1928
f 1928 1998 2776
f 1998 559 2776
f 2776 559 1997
f 547 1926 1997
f 1997 1926 2776
f 532 1929 1999
f 1999 1929 2777
f 1929 507 2777
f 2777 507 1955
f 526 1984 1955
f 1955 1984 2777
f 1984 543 2777
f 2777 543 1999
f 2000 424 2778
f 2778 424 1972
f 405 1932 1972
f 1972 1932 2778
f 1932 404 2778
f 2778 404 1960
f 423 2000 1960
f 1960 2000 2778
f 1933 414 2779
f 2779 414 1948
f 1948 432 2779
f 2779 432 2001
f 2001 431 2779
f 2779 431 1981
f 413 1933 1981
f 1981 1933 2779
f 465 2003 1934
f 1934 2003 2780
f 2003 491 2780
f 2780 491 2002
f 2002 463 2780
f 2780 463 1938
f 1938 440 2780
f 2780 440 1934
f 1935 418 2781
f 2781 418 1936
f 466 2005 1936
f 1936 2005 2781
f 2005 513 2781
f 2781 513 2004
f 465 1935 2004
f 2004 1935 2781
f 1958 492 2782
f 2782 492 2006
f 466 1937 2006
f 2006 1937 2782
f 442 1957 1937
f 1937 1957 2782
f 467 1958 1957
f 1957 1958 2782
f 2009 490 2783
f 2783 490 2008
f 464 1940 2008
f 2008 1940 2783
f 463 2007 1940
f 1940 2007 2783
f 2007 489 2783
f 2783 489 2009
f 1943 487 2784
f 2784 487 1944
f 533 2011 1944
f 1944 2011 2784
f 2011 548 2784
f 2784 548 2010
f 509 1943 2010
f 2010 1943 2784
f 1945 488 2785
f 2785 488 1946
f 510 2013 1946
f 1946 2013 2785
f 2013 549 2785
f 2785 549 2012
f 533 1945 2012
f 2012 1945 2785
f 2015 511 2786
f 2786 511 2014
f 510 1947 2014
f 2014 1947 2786
f 1947 464 2786
f 2786 464 2008
f 490 2015 2008
f 2008 2015 2786
f 1949 455 2787
f 2787 455 2016
f 454 1983 2016
f 2016 1983 2787
f 1983 431 2787
f 2787 431 2001
f 2001 432 2787
f 2787 432 1949
f 1950 456 2788
f 2788 456 1951
f 476 2018 1951
f 1951 2018 2788
f 2018 498 2788
f 2788 498 2017
f 2017 455 2788
f 2788 455 1950
f 1952 457 2789
f 2789 457 1953
f 477 2020 1953
f 1953 2020 2789
f 2020 499 2789
f 2789 499 2019
f 476 1952 2019
f 2019 1952 2789
f 535 2021 2022
f 2022 2021 2790
f 2021 492 2790
f 2790 492 1959
f 1959 509 2790
f 2790 509 2010
f 548 2022 2010
f 2010 2022 2790
f 451 2025 1961
f 1961 2025 2791
f 2025 472 2791
f 2791 472 2024
f 2024 449 2791
f 2791 449 2023
f 2023 423 2791
f 2791 423 1961
f 1962 425 2792
f 2792 425 1963
f 473 2027 1963
f 1963 2027 2792
f 2027 494 2792
f 2792 494 2026
f 451 1962 2026
f 2026 1962 2792
f 1964 426 2793
f 2793 426 1965
f 452 1968 1965
f 1965 1968 2793
f 1968 495 2793
f 2793 495 2028
f 473 1964 2028
f 2028 1964 2793
f 1966 447 2794
f 2794 447 1970
f 493 2029 1970
f 1970 2029 2794
f 2029 514 2794
f 2794 514 1967
f 469 1966 1967
f 1967 1966 2794
f 2032 540 2795
f 2795 540 2031
f 495 1969 2031
f 2031 1969 2795
f 514 2030 1969
f 1969 2030 2795
f 2030 553 2795
f 2795 553 2032
f 1971 448 2796
f 2796 448 1973
f 470 2034 1973
f 1973 2034 2796
f 2034 515 2796
f 2796 515 2033
f 493 1971 2033
f 2033 1971 2796
f 2037 471 2797
f 2797 471 2036
f 470 1974 2036
f 2036 1974 2797
f 1974 424 2797
f 2797 424 2035
f 450 2037 2035
f 2035 2037 2797
f 1975 453 2798
f 2798 453 1979
f 475 2039 1979
f 1979 2039 2798
f 2039 496 2798
f 2798 496 2038
f 474 1975 2038
f 2038 1975 2798
f 477 1976 2020
f 2020 1976 2799
f 524 2041 1976
f 1976 2041 2799
f 2041 523 2799
f 2799 523 2040
f 499 2020 2040
f 2040 2020 2799
f 520 2042 2043
f 2043 2042 2800
f 523 2041 2042
f 2042 2041 2800
f 2041 524 2800
f 2800 524 1977
f 1977 519 2800
f 2800 519 2043
f 496 2044 2038
f 2038 2044 2801
f 2044 520 2801
f 2801 520 2043
f 519 1978 2043
f 2043 1978 2801
f 474 2038 1978
f 1978 2038 2801
f 1980 430 2802
f 2802 430 1982
f 454 2046 1982
f 1982 2046 2802
f 2046 497 2802
f 2802 497 2045
f 475 1980 2045
f 2045 1980 2802
f 1985 527 2803
f 2803 527 1986
f 557 2048 1986
f 1986 2048 2803
f 2048 565 2803
f 2803 565 2047
f 543 1985 2047
f 2047 1985 2803
f 1987 528 2804
f 2804 528 1988
f 544 2050 1988
f 1988 2050 2804
f 2050 566 2804
f 2804 566 2049
f 557 1987 2049
f 2049 1987 2804
f 2052 545 2805
f 2805 545 2051
f 544 1989 2051
f 2051 1989 2805
f 1989 504 2805
f 2805 504 1991
f 530 2052 1991
f 1991 2052 2805
f 1993 546 2806
f 2806 546 2053
f 545 2052 2053
f 2053 2052 2806
f 2052 530 2806
f 2806 530 1992
f 1992 529 2806
f 2806 529 1993
f 1994 531 2807
f 2807 531 1995
f 558 2055 1995
f 1995 2055 2807
f 567 2054 2055
f 2055 2054 2807
f 2054 546 2807
f 2807 546 1994
f 1996 547 2808
f 2808 547 1997
f 559 2057 1997
f 1997 2057 2808
f 2057 569 2808
f 2808 569 2056
f 558 1996 2056
f 2056 1996 2808
f 559 1998 2058
f 2058 1998 2809
f 1998 532 2809
f 2809 532 1999
f 543 2047 1999
f 1999 2047 2809
f 565 2058 2047
f 2047 2058 2809
f 2059 450 2810
f 2810 450 2035
f 424 2000 2035
f 2035 2000 2810
f 2000 423 2810
f 2810 423 2023
f 2023 449 2810
f 2810 449 2059
f 491 2061 2002
f 2002 2061 2811
f 2061 512 2811
f 2811 512 2060
f 2060 489 2811
f 2811 489 2007
f 2007 463 2811
f 2811 463 2002
f 2003 465 2812
f 2812 465 2004
f 513 2063 2004
f 2004 2063 2812
f 2063 534 2812
f 2812 534 2062
f 491 2003 2062
f 2062 2003 2812
f 2005 466 2813
f 2813 466 2006
f 492 2021 2006
f 2006 2021 2813
f 2021 535 2813
f 2813 535 2064
f 513 2005 2064
f 2064 2005 2813
f 2060 512 2814
f 2814 512 2065
f 511 2015 2065
f 2065 2015 2814
f 2015 490 2814
f 2814 490 2009
f 489 2060 2009
f 2009 2060 2814
f 2011 533 2815
f 2815 533 2012
f 549 2067 2012
f 2012 2067 2815
f 2067 560 2815
f 2815 560 2066
f 548 2011 2066
f 2066 2011 2815
f 2013 510 2816
f 2816 510 2014
f 511 2069 2014
f 2014 2069 2816
f 2069 551 2816
f 2816 551 2068
f 549 2013 2068
f 2068 2013 2816
f 455 2017 2016
f 2016 2017 2817
f 498 2070 2017
f 2017 2070 2817
f 497 2046 2070
f 2070 2046 2817
f 2046 454 2817
f 2817 454 2016
f 2018 476 2818
f 2818 476 2019
f 499 2072 2019
f 2019 2072 2818
f 2072 522 2818
f 2818 522 2071
f 498 2018 2071
f 2071 2018 2818
f 2075 564 2819
f 2819 564 2074
f 535 2022 2074
f 2074 2022 2819
f 548 2073 2022
f 2022 2073 2819
f 2073 570 2819
f 2819 570 2075
f 472 2076 2024
f 2024 2076 2820
f 471 2037 2076
f 2076 2037 2820
f 2037 450 2820
f 2820 450 2059
f 2059 449 2820
f 2820 449 2024
f 2025 451 2821
f 2821 451 2026
f 494 2078 2026
f 2026 2078 2821
f 2078 516 2821
f 2821 516 2077
f 472 2025 2077
f 2077 2025 2821
f 2027 473 2822
f 2822 473 2028
f 495 2080 2028
f 2028 2080 2822
f 2080 518 2822
f 2822 518 2079
f 494 2027 2079
f 2079 2027 2822
f 2029 493 2823
f 2823 493 2033
f 515 2082 2033
f 2033 2082 2823
f 2082 536 2823
f 2823 536 2081
f 514 2029 2081
f 2081 2029 2823
f 536 2084 2081
f 2081 2084 2824
f 2084 554 2824
f 2824 554 2083
f 553 2030 2083
f 2083 2030 2824
f 2030 514 2824
f 2824 514 2081
f 2080 495 2825
f 2825 495 2031
f 540 2086 2031
f 2031 2086 2825
f 2086 539 2825
f 2825 539 2085
f 518 2080 2085
f 2085 2080 2825
f 539 2086 2087
f 2087 2086 2826
f 2086 540 2826
f 2826 540 2032
f 2032 553 2826
f 2826 553 2083
f 554 2087 2083
f 2083 2087 2826
f 2034 470 2827
f 2827 470 2036
f 471 2089 2036
f 2036 2089 2827
f 2089 517 2827
f 2827 517 2088
f 515 2034 2088
f 2088 2034 2827
f 2039 475 2828
f 2828 475 2045
f 497 2091 2045
f 2045 2091 2828
f 2091 521 2828
f 2828 521 2090
f 496 2039 2090
f 2090 2039 2828
f 2072 499 2829
f 2829 499 2040
f 523 2093 2040
f 2040 2093 2829
f 542 2092 2093
f 2093 2092 2829
f 522 2072 2092
f 2092 2072 2829
f 2095 541 2830
f 2830 541 2094
f 2094 542 2830
f 2830 542 2093
f 2093 523 2830
f 2830 523 2042
f 520 2095 2042
f 2042 2095 2830
f 2044 496 2831
f 2831 496 2090
f 521 2096 2090
f 2090 2096 2831
f 541 2095 2096
f 2096 2095 2831
f 520 2044 2095
f 2095 2044 2831
f 2048 557 2832
f 2832 557 2049
f 566 2098 2049
f 2049 2098 2832
f 2098 574 2832
f 2832 574 2097
f 565 2048 2097
f 2097 2048 2832
f 2050 544 2833
f 2833 544 2051
f 545 2100 2051
f 2051 2100 2833
f 2100 568 2833
f 2833 568 2099
f 566 2050 2099
f 2099 2050 2833
f 568 2100 2101
f 2101 2100 2834
f 2100 545 2834
f 2834 545 2053
f 546 2054 2053
f 2053 2054 2834
f 2054 567 2834
f 2834 567 2101
f 2055 558 2835
f 2835 558 2056
f 569 2103 2056
f 2056 2103 2835
f 2103 575 2835
f 2835 575 2102
f 567 2055 2102
f 2102 2055 2835
f 559 2106 2057
f 2057 2106 2836
f 578 2105 2106
f 2106 2105 2836
f 2105 577 2836
f 2836 577 2104
f 569 2057 2104
f 2104 2057 2836
f 2108 578 2837
f 2837 578 2106
f 559 2058 2106
f 2106 2058 2837
f 565 2107 2058
f 2058 2107 2837
f 2107 579 2837
f 2837 579 2108
f 2061 491 2838
f 2838 491 2062
f 534 2110 2062
f 2062 2110 2838
f 2110 550 2838
f 2838 550 2109
f 512 2061 2109
f 2109 2061 2838
f 2063 513 2839
f 2839 513 2064
f 535 2112 2064
f 2064 2112 2839
f 2112 552 2839
f 2839 552 2111
f 534 2063 2111
f 2111 2063 2839
f 551 2069 2113
f 2113 2069 2840
f 2069 511 2840
f 2840 511 2065
f 2065 512 2840
f 2840 512 2109
f 550 2113 2109
f 2109 2113 2840
f 560 2115 2066
f 2066 2115 2841
f 2115 571 2841
f 2841 571 2114
f 2114 570 2841
f 2841 570 2073
f 548 2066 2073
f 2073 2066 2841
f 2067 549 2842
f 2842 549 2068
f 551 2117 2068
f 2068 2117 2842
f 2117 562 2842
f 2842 562 2116
f 560 2067 2116
f 2116 2067 2842
f 2070 498 2843
f 2843 498 2071
f 522 2118 2071
f 2071 2118 2843
f 2118 521 2843
f 2843 521 2091
f 2091 497 2843
f 2843 497 2070
f 535 2074 2112
f 2112 2074 2844
f 564 2120 2074
f 2074 2120 2844
f 2120 563 2844
f 2844 563 2119
f 552 2112 2119
f 2119 2112 2844
f 563 2120 2121
f 2121 2120 2845
f 2120 564 2845
f 2845 564 2075
f 2075 570 2845
f 2845 570 2114
f 571 2121 2114
f 2114 2121 2845
f 2122 517 2846
f 2846 517 2089
f 2089 471 2846
f 2846 471 2076
f 2076 472 2846
f 2846 472 2077
f 516 2122 2077
f 2077 2122 2846
f 2078 494 2847
f 2847 494 2079
f 518 2124 2079
f 2079 2124 2847
f 2124 537 2847
f 2847 537 2123
f 516 2078 2123
f 2123 2078 2847
f 2082 515 2848
f 2848 515 2088
f 2088 517 2848
f 2848 517 2126
f 2126 538 2848
f 2848 538 2125
f 536 2082 2125
f 2125 2082 2848
f 2084 536 2849
f 2849 536 2125
f 538 2128 2125
f 2125 2128 2849
f 556 2127 2128
f 2128 2127 2849
f 554 2084 2127
f 2127 2084 2849
f 2124 518 2850
f 2850 518 2085
f 539 2130 2085
f 2085 2130 2850
f 555 2129 2130
f 2130 2129 2850
f 537 2124 2129
f 2129 2124 2850
f 2131 555 2851
f 2851 555 2130
f 2130 539 2851
f 2851 539 2087
f 2087 554 2851
f 2851 554 2127
f 2127 556 2851
f 2851 556 2131
f 2118 522 2852
f 2852 522 2092
f 2092 542 2852
f 2852 542 2094
f 2094 541 2852
f 2852 541 2096
f 521 2118 2096
f 2096 2118 2852
f 574 2133 2097
f 2097 2133 2853
f 580 2132 2133
f 2133 2132 2853
f 579 2107 2132
f 2132 2107 2853
f 565 2097 2107
f 2107 2097 2853
f 2098 566 2854
f 2854 566 2099
f 568 2135 2099
f 2099 2135 2854
f 2135 576 2854
f 2854 576 2134
f 574 2098 2134
f 2134 2098 2854
f 576 2135 2136
f 2136 2135 2855
f 2135 568 2855
f 2855 568 2101
f 567 2102 2101
f 2101 2102 2855
f 2102 575 2855
f 2855 575 2136
f 2103 569 2856
f 2856 569 2104
f 577 2138 2104
f 2104 2138 2856
f 581 2137 2138
f 2138 2137 2856
f 575 2103 2137
f 2137 2103 2856
f 577 2105 2139
f 2139 2105 2857
f 2105 578 2857
f 2857 578 2108
f 2108 579 2857
f 2857 579 2132
f 580 2139 2132
f 2132 2139 2857
f 2110 534 2858
f 2858 534 2111
f 552 2141 2111
f 2111 2141 2858
f 2141 561 2858
f 2858 561 2140
f 550 2110 2140
f 2140 2110 2858
f 562 2117 2142
f 2142 2117 2859
f 2117 551 2859
f 2859 551 2113
f 2113 550 2859
f 2859 550 2140
f 561 2142 2140
f 2140 2142 2859
f 2115 560 2860
f 2860 560 2116
f 562 2144 2116
f 2116 2144 2860
f 573 2143 2144
f 2144 2143 2860
f 571 2115 2143
f 2143 2115 2860
f 2141 552 2861
f 2861 552 2119
f 563 2146 2119
f 2119 2146 2861
f 572 2145 2146
f 2146 2145 2861
f 561 2141 2145
f 2145 2141 2861
f 2147 572 2862
f 2862 572 2146
f 2146 563 2862
f 2862 563 2121
f 571 2143 2121
f 2121 2143 2862
f 2143 573 2862
f 2862 573 2147
f 2148 538 2863
f 2863 538 2126
f 517 2122 2126
f 2126 2122 2863
f 2122 516 2863
f 2863 516 2123
f 537 2148 2123
f 2123 2148 2863
f 2131 556 2864
f 2864 556 2128
f 538 2148 2128
f 2128 2148 2864
f 2148 537 2864
f 2864 537 2129
f 2129 555 2864
f 2864 555 2131
f 2133 574 2865
f 2865 574 2134
f 576 2150 2134
f 2134 2150 2865
f 582 2149 2150
f 2150 2149 2865
f 580 2133 2149
f 2149 2133 2865
f 2151 582 2866
f 2866 582 2150
f 2150 576 2866
f 2866 576 2136
f 575 2137 2136
f 2136 2137 2866
f 2137 581 2866
f 2866 581 2151
f 2151 581 2867
f 2867 581 2138
f 2138 577 2867
f 2867 577 2139
f 580 2149 2139
f 2139 2149 2867
f 2149 582 2867
f 2867 582 2151
f 2147 573 2868
f 2868 573 2144
f 562 2142 2144
f 2144 2142 2868
f 561 2145 2142
f 2142 2145 2868
f 2145 572 2868
f 2868 572 2147

