# https://github.com/mikedh/trimesh
v -0.02331367 -0.05875587 -0.02947242
v -0.01186600 -0.05344593 -0.02215586
v -0.01333148 -0.04136410 -0.03693894
v -0.01969975 -0.04669155 -0.04101348
v -0.00130329 -0.03174762 -0.03288898
v -0.01820997 -0.01694631 -0.04344365
v -0.02487927 -0.03113939 -0.04701688
v -0.02135057 -0.02687736 -0.04569590
v -0.03432235 -0.06325438 -0.01602249
v -0.02252536 -0.05513085 -0.00534886
v 0.00244743 -0.01366094 -0.03553221
v -0.01639635 -0.00542259 -0.04176843
v -0.04678567 -0.06012766 -0.00573063
v -0.03597244 -0.05060352 0.00513718
v -0.00822536 -0.04799733 0.00830215
v 0.00592410 -0.00115350 -0.03473403
v -0.01265806 0.00702125 -0.04144523
v -0.00351816 -0.02801181 0.02595139
v -0.02239305 -0.02281647 0.02383527
v 0.00901990 0.01301066 -0.03274101
v -0.00634566 0.02076807 -0.03853025
v -0.03287941 -0.05300775 -0.04790550
v -0.03500086 -0.06344754 -0.03800708
v 0.01069155 0.02853138 -0.02589995
v -0.00285834 0.03483289 -0.02772871
v -0.03447032 -0.00756573 -0.04341017
v -0.03467202 -0.01489341 -0.04579676
v -0.03829131 -0.01931961 -0.04732476
v -0.03813448 -0.03901811 -0.05320081
v -0.04445270 -0.06903887 -0.02539248
v -0.04217390 -0.03205110 0.01715738
v -0.05674767 -0.05451033 0.00043274
v -0.03395667 0.00129690 -0.04072143
v -0.05913207 -0.06194238 -0.05899102
v -0.07758665 -0.06224716 -0.06089115
v -0.07419464 -0.07416575 -0.05845566
v -0.05795565 -0.07263374 -0.05276898
v -0.05724657 -0.06688511 -0.01581081
v -0.03738776 -0.01625601 0.02386920
v -0.00383717 0.04062087 -0.00830247
v 0.00944307 0.03679692 -0.00714303
v -0.03054714 0.01341309 -0.04242696
v -0.06599611 -0.05107774 -0.05900811
v -0.08222151 -0.05219414 -0.05265663
v -0.07705496 -0.08180553 -0.04846666
v -0.06405455 -0.08006096 -0.04135953
v -0.00896421 0.03376380 0.01320318
v 0.00456583 0.03234380 0.01595052
v -0.02297544 0.02864758 -0.04192435
v -0.09577122 -0.06209094 -0.05790456
v -0.09252789 -0.07238137 -0.05703324
v -0.07420599 -0.07799844 -0.03031665
v -0.08217108 -0.08118470 -0.03667272
v -0.01753736 -0.00370882 0.02658798
v -0.00021467 -0.00712913 0.03030927
v -0.01783669 0.04275396 -0.03047280
v -0.04902399 -0.02599017 -0.05097945
v -0.09916038 -0.05337044 -0.04988068
v -0.09182899 -0.07984706 -0.04931438
v -0.06714714 -0.06106544 -0.00907365
v 0.00183642 0.01279782 0.02814357
v -0.01368785 0.01539486 0.02427247
v -0.07560771 -0.04458915 -0.04908036
v -0.09330940 -0.08060589 -0.03882667
v -0.01751957 0.04745871 -0.00943329
v -0.11370036 -0.06509898 -0.05813264
v -0.10615110 -0.07383850 -0.05504903
v -0.08652475 -0.07134516 -0.02888100
v -0.08089149 -0.06792933 -0.02453997
v -0.02222408 0.03896901 0.01065069
v -0.08403066 -0.04559196 -0.03666768
v -0.08815911 -0.05030482 -0.03716557
v -0.11564273 -0.05419628 -0.05021382
v -0.12026364 -0.07264387 -0.05554752
v -0.11376250 -0.07536229 -0.05368737
v -0.10459435 -0.07935839 -0.04893203
v -0.08910861 -0.05852733 -0.02994127
v -0.08628908 -0.05441259 -0.02834272
v -0.02739063 0.02094935 0.02146956
v -0.11418290 -0.07915585 -0.04896020
v -0.10532025 -0.08051000 -0.04007636
v -0.09620046 -0.07223387 -0.03038979
v -0.10075683 -0.05234405 -0.03677747
v -0.12833933 -0.06014802 -0.05757061
v -0.12826726 -0.05227690 -0.04938148
v -0.13002070 -0.06849597 -0.05608839
v -0.12313835 -0.07777043 -0.04941438
v -0.11465236 -0.08043339 -0.04090275
v -0.09947768 -0.06117978 -0.02927077
v -0.12387156 -0.07892349 -0.04037436
v -0.13982034 -0.05796487 -0.05566723
v -0.14004421 -0.05251301 -0.04780908
v -0.13990482 -0.06489504 -0.05624463
v -0.13170504 -0.07447050 -0.04975734
v -0.10798510 -0.07439484 -0.03191319
v -0.11596209 -0.05496868 -0.03520699
v -0.14966610 -0.05825067 -0.05289016
v -0.14964938 -0.05496180 -0.04655081
v -0.14985431 -0.06318717 -0.05516429
v -0.14079058 -0.07087852 -0.05143266
v -0.13244507 -0.07621389 -0.03988395
v -0.11490753 -0.07694211 -0.03403692
v -0.11473399 -0.06615053 -0.02834058
v -0.14450034 -0.03955443 -0.02099190
v -0.14841484 -0.02596278 -0.02190408
v -0.15780964 -0.02806847 -0.02054004
v -0.15527737 -0.03931930 -0.01956108
v -0.15772300 -0.06019603 -0.04794566
v -0.15576195 -0.05799577 -0.04523188
v -0.15936649 -0.06381558 -0.05017331
v -0.15020183 -0.06791139 -0.05387556
v -0.12157730 -0.07458930 -0.03182777
v -0.14080292 -0.04484973 0.00315280
v -0.15281949 -0.04421042 0.00250696
v -0.15247938 -0.03223803 0.00896819
v -0.13785016 -0.03083157 0.01125755
v -0.16236216 -0.00782478 -0.01361486
v -0.15262395 -0.01082154 -0.01652374
v -0.15290603 0.00208378 -0.01934337
v -0.16319901 0.00222144 -0.01595682
v -0.14874315 -0.01825158 -0.01923891
v -0.15520128 -0.01538134 -0.00759473
v -0.15329433 -0.01713619 -0.01096299
v -0.15423945 -0.01869390 -0.01312311
v -0.15916791 -0.01960314 -0.01410954
v -0.12850553 -0.05367128 -0.03480614
v -0.15860653 -0.06810041 -0.05163708
v -0.15114882 -0.07181501 -0.05036826
v -0.14522052 -0.07242693 -0.04879095
v -0.14265159 -0.04812918 -0.01041287
v -0.15375540 -0.04705097 -0.01032811
v -0.16116607 -0.01371536 -0.00511341
v -0.13002508 -0.06327339 -0.02775962
v -0.15787911 -0.07106711 -0.05056161
v -0.13210944 -0.07183191 -0.03097791
v -0.15309960 0.01774632 -0.02094501
v -0.14366538 0.01512847 -0.02229903
v -0.13789335 0.02727324 -0.02614666
v -0.15096975 0.02730352 -0.02338180
v -0.14507085 0.00757324 -0.02060804
v -0.14999727 0.01037873 -0.01342843
v -0.15108132 0.00934352 -0.01357860
v -0.15656268 0.01033855 -0.01340737
v -0.16387260 0.01094385 -0.01127637
v -0.14955408 -0.01338393 0.00227625
v -0.14678568 -0.01525010 -0.00097575
v -0.14832642 -0.01731927 -0.00232097
v -0.15673596 -0.01761432 -0.00339183
v -0.16976836 -0.02760685 -0.02169630
v -0.16885704 -0.03914214 -0.02150076
v -0.14100767 -0.05416113 -0.03567338
v -0.14207223 -0.07365448 -0.03792639
v -0.16702518 -0.04494219 0.00038039
v -0.16730904 -0.03396508 0.00719252
v -0.15414861 -0.02160706 0.00528150
v -0.13878474 -0.01825728 0.00689059
v -0.13988032 -0.01329423 0.00646273
v -0.13967236 -0.00511124 0.01087610
v -0.15461137 0.01186608 -0.01292933
v -0.17607307 -0.00778504 -0.01459185
v -0.17651304 0.00381126 -0.01600519
v -0.15790988 -0.01198548 0.00504792
v -0.16977776 -0.01980018 -0.01463163
v -0.14300672 -0.06220005 -0.02925920
v -0.15040380 -0.05698686 -0.03654291
v -0.15880626 -0.06225667 -0.03843060
v -0.15620059 -0.05925192 -0.03897233
v -0.16118360 -0.06630699 -0.03920040
v -0.14573166 -0.07385620 -0.04159932
v -0.14390990 -0.06993572 -0.03092654
v -0.16793123 -0.04707286 -0.01217964
v -0.15448692 -0.00261936 0.01257951
v -0.12612855 0.04109081 -0.02840334
v -0.12046194 0.03873108 -0.02878127
v -0.11842338 0.05041661 -0.03339498
v -0.12430707 0.05097608 -0.03261897
v -0.12421847 0.03224826 -0.02637117
v -0.12476662 0.03518803 -0.01989623
v -0.12823535 0.03421663 -0.02048193
v -0.13978269 0.03497704 -0.02198576
v -0.14942550 0.03483373 -0.01962483
v -0.14560355 0.01427050 -0.00347744
v -0.14573148 0.01357410 -0.00413172
v -0.15033594 0.01411603 -0.00318884
v -0.16071009 0.01494378 -0.00122478
v -0.17414072 -0.01389166 -0.00432733
v -0.15243852 -0.06233886 -0.03248932
v -0.15495470 -0.06805338 -0.03277887
v -0.16068381 -0.07180302 -0.03982096
v -0.15234599 -0.07401357 -0.04024413
v -0.15318776 -0.07210587 -0.03532093
v -0.15551735 0.01020787 0.00905290
v -0.13891635 0.01225996 0.00631468
v -0.13645246 0.01565554 0.00054922
v -0.13282827 0.02201650 0.00189417
v -0.13423579 0.04181245 -0.02842928
v -0.13259652 0.05200356 -0.03217264
v -0.12684077 0.03645715 -0.01979712
v -0.16552216 0.01786605 -0.02186500
v -0.16415835 0.02842808 -0.02396218
v -0.15156394 0.01501441 -0.00194665
v -0.17567217 0.01185852 -0.00884230
v -0.16888905 -0.01805401 -0.00415009
v -0.15896290 -0.07372116 -0.04093704
v -0.16798890 -0.02287348 0.00438765
v -0.14604414 0.02419298 0.00411522
v -0.11587206 0.05977030 -0.02980055
v -0.12202817 0.05984709 -0.02884868
v -0.13384938 0.03761183 -0.01929939
v -0.12120840 0.03920498 -0.01338642
v -0.12359341 0.03761110 -0.01422876
v -0.13495311 0.03841828 -0.01421915
v -0.14658334 0.03900820 -0.01134825
v -0.16498814 0.01227942 -0.01254510
v -0.17176795 -0.01200474 0.00648165
v -0.18487421 -0.02736035 -0.02012234
v -0.18521878 -0.03813126 -0.02058085
v -0.18004900 -0.04461985 0.00011480
v -0.17909754 -0.03503734 0.00553179
v -0.16978482 -0.00296281 0.01353510
v -0.14413119 0.03550349 -0.00043854
v -0.12727707 0.03791593 -0.00468778
v -0.11804911 0.03983352 -0.01050939
v -0.11314523 0.04611090 -0.00896805
v -0.10852781 0.05823583 -0.01047984
v -0.11855703 0.05813249 -0.01010487
v -0.11979657 0.06278688 -0.01997397
v -0.11157837 0.06300903 -0.02076540
v -0.13040364 0.06050652 -0.02739036
v -0.12395919 0.04041265 -0.01245672
v -0.16201455 0.03610990 -0.01802637
v -0.17309324 0.01434060 0.00146725
v -0.19319325 -0.00620793 -0.01239557
v -0.19286853 0.00565052 -0.01294572
v -0.18537229 -0.01997542 -0.01219208
v -0.18486696 -0.04683948 -0.01074600
v -0.18705959 -0.04285331 0.00204095
v -0.18762856 -0.03549789 0.00536991
v -0.17030061 0.00877894 0.01084381
v -0.12014124 0.04795524 -0.00749061
v -0.12731750 0.05795040 -0.00995999
v -0.12811080 0.06261078 -0.01867332
v -0.13076583 0.04184775 -0.01174749
v -0.16228089 0.01530508 -0.00139667
v -0.19178929 -0.01370527 -0.00179685
v -0.19884056 -0.02781018 -0.01903305
v -0.19875402 -0.03790986 -0.01956291
v -0.19225591 -0.04548769 -0.00086166
v -0.19436879 -0.03696883 0.00513491
v -0.15956855 0.02471975 0.00465837
v -0.12826305 0.04904357 -0.00741408
v -0.15951527 0.03948279 -0.00865911
v -0.17936898 0.01950468 -0.02040839
v -0.17876736 0.02998746 -0.02219439
v -0.19169346 0.01355820 -0.00362308
v -0.20713529 -0.00527118 -0.01135602
v -0.20681584 0.00623953 -0.01133743
v -0.18040395 -0.01916092 -0.00295320
v -0.19989002 -0.02125358 -0.01268918
v -0.17916700 -0.02423836 0.00375506
v -0.15843442 0.03522926 0.00100802
v -0.17848671 0.01351356 -0.00992676
v -0.20714020 -0.01268961 -0.00358821
v -0.18429753 -0.01195585 0.00738510
v -0.18675381 -0.02060309 -0.00041235
v -0.19216866 -0.02006509 -0.00277296
v -0.21089208 -0.02803074 -0.01892393
v -0.21134565 -0.03819813 -0.01902946
v -0.20000813 -0.04591509 -0.01291314
v -0.20242417 -0.04587808 -0.00254559
v -0.20379603 -0.03772158 0.00398898
v -0.18730741 -0.02530151 0.00419976
v -0.18154416 -0.00347271 0.01299557
v -0.14363193 0.04317813 -0.02789739
v -0.14260832 0.05377722 -0.03158123
v -0.17742188 0.03829344 -0.01452639
v -0.19148327 0.02084820 -0.01932849
v -0.19116925 0.03119235 -0.02022193
v -0.18435923 0.01340039 0.00481644
v -0.20661647 0.01290891 -0.00393905
v -0.22060168 -0.00460849 -0.01207938
v -0.22026650 0.00692731 -0.01159229
v -0.19672251 -0.01219821 0.00800009
v -0.19024694 -0.01032837 0.01016611
v -0.19449574 -0.02590329 0.00443316
v -0.20213592 -0.02064613 -0.00386310
v -0.21110022 -0.02187910 -0.01284916
v -0.18947142 -0.00361522 0.01363948
v -0.18159369 0.00715535 0.01122120
v -0.15241447 0.04409305 -0.02817786
v -0.15175429 0.05438818 -0.03203417
v -0.14389730 0.03959388 -0.01712471
v -0.19136757 0.01447766 -0.01113546
v -0.17172109 0.01618005 -0.00033018
v -0.19003263 0.01184458 0.00839514
v -0.19652501 0.01283637 0.00651432
v -0.22015724 -0.01216295 -0.00376197
v -0.20775220 -0.01221174 0.00600677
v -0.19784681 -0.00448374 0.01359125
v -0.20366308 -0.02660673 0.00328410
v -0.21222488 -0.04545197 -0.01190887
v -0.21250570 -0.04446897 -0.00269187
v -0.21290427 -0.03710227 0.00281364
v -0.18932890 0.00629019 0.01228148
v -0.16881708 0.02487587 0.00419050
v -0.14124628 0.06198560 -0.02405598
v -0.15308055 0.04045131 -0.01953873
v -0.17046976 0.03908075 -0.00624624
v -0.19101763 0.03793368 -0.01312905
v -0.20401624 0.02130601 -0.01729176
v -0.20363572 0.03184110 -0.01766815
v -0.18257635 0.01617127 -0.00104119
v -0.17681211 0.01808101 0.00122680
v -0.19781033 0.00619965 0.01268126
v -0.20736936 0.01248276 0.00540720
v -0.21928972 0.01257538 -0.00383574
v -0.20831055 -0.00506095 0.01225452
v -0.21168753 -0.02154927 -0.00455552
v -0.17565555 0.02482288 0.00375357
v -0.16820375 0.03411475 0.00090855
v -0.13527864 0.05717581 -0.00981067
v -0.13640562 0.06172693 -0.01612495
v -0.15222090 0.06210130 -0.02531993
v -0.13881210 0.04373607 -0.01026132
v -0.17598332 0.03778059 -0.00328021
v -0.18166200 0.03813044 -0.00483571
v -0.20258742 0.01524878 -0.00910865
v -0.19140914 0.01620530 -0.00194505
v -0.18297609 0.02376421 0.00315330
v -0.20818323 0.00541650 0.01187549
v -0.21947818 -0.01123879 0.00510916
v -0.21254799 -0.02693951 0.00201282
v -0.22240842 -0.02857566 -0.01841041
v -0.22294316 -0.03854916 -0.01796740
v -0.17512258 0.03321238 0.00100007
v -0.13617566 0.05005833 -0.00752574
v -0.14122493 0.05666604 -0.00991103
v -0.14091816 0.06050601 -0.01373229
v -0.14534622 0.06173713 -0.01584618
v -0.16240418 0.05472570 -0.03247968
v -0.16206023 0.04489105 -0.02882700
v -0.15399984 0.04389361 -0.01283804
v -0.14713713 0.04428227 -0.01080406
v -0.14303453 0.04582872 -0.00907910
v -0.18240533 0.03261385 0.00102921
v -0.19084972 0.03775350 -0.00370605
v -0.20236873 0.03786633 -0.01041743
v -0.19121745 0.02270725 0.00316005
v -0.21871556 0.01143775 0.00508337
v -0.23502195 -0.00362240 -0.01139058
v -0.23464348 0.00772142 -0.01062374
v -0.21904501 -0.00486451 0.01085601
v -0.22315014 -0.02190879 -0.01145164
v -0.14221859 0.05049763 -0.00782271
v -0.14661983 0.05717826 -0.01043514
v -0.15334278 0.06190676 -0.01715192
v -0.16216930 0.04147022 -0.02051250
v -0.15407449 0.04999848 -0.00951880
v -0.14750656 0.05043123 -0.00832089
v -0.19089470 0.03149470 0.00227975
v -0.20097006 0.01695963 -0.00102881
v -0.21882015 0.00465955 0.01087855
v -0.23458036 -0.01135648 -0.00215570
v -0.23388077 -0.02965575 -0.01809713
v -0.23394344 -0.03960912 -0.01731549
v -0.22370454 -0.04543038 -0.00889872
v -0.22061026 -0.04273794 -0.00149627
v -0.22021187 -0.03586873 0.00201483
v -0.15364623 0.05722544 -0.01131428
v -0.16298712 0.06207075 -0.02561859
v -0.20119742 0.03685059 -0.00199325
v -0.21488061 0.02116188 -0.01523357
v -0.21480837 0.03151062 -0.01586146
v -0.20034269 0.02281266 0.00367016
v -0.23347959 0.01273176 -0.00177441
v -0.24646219 -0.00331186 -0.01067640
v -0.24593801 0.00756825 -0.00941451
v -0.22014848 -0.02234420 -0.00415470
v -0.23452592 -0.02317353 -0.01231201
v -0.22867218 -0.04247396 -0.00138657
v -0.22486219 -0.04072172 -0.00011909
v -0.22482580 -0.03520973 0.00163413
v -0.16214418 0.04461400 -0.01442886
v -0.20047536 0.03084336 0.00323532
v -0.21390581 0.01559121 -0.00567090
v -0.24700919 -0.01041431 -0.00378982
v -0.22921658 -0.00973948 0.00538449
v -0.22004074 -0.02723524 0.00082805
v -0.22426728 -0.02345528 -0.00276813
v -0.22777730 -0.02281585 -0.00449712
v -0.24418545 -0.03034721 -0.01661869
v -0.24418026 -0.03948451 -0.01586612
v -0.23495194 -0.04533783 -0.01052106
v -0.22927513 -0.03591080 0.00138206
v -0.16219068 0.06132925 -0.01763427
v -0.17150295 0.04520657 -0.02922861
v -0.17155534 0.05439084 -0.03266765
v -0.16157466 0.05010029 -0.01126156
v -0.21421560 0.03778423 -0.00761846
v -0.22542151 0.02042430 -0.01431007
v -0.22537341 0.03045405 -0.01545690
v -0.22798392 0.01002940 0.00552075
v -0.24522373 0.01241473 -0.00217281
v -0.25594479 -0.00278911 -0.00954362
v -0.25476846 0.00708795 -0.00802164
v -0.23823631 -0.00959531 0.00505431
v -0.23369318 -0.00834621 0.00657432
v -0.22759688 -0.00418800 0.00946413
v -0.22449821 -0.02762996 0.00042285
v -0.22883910 -0.02776332 0.00017211
v -0.23496607 -0.02326445 -0.00556085
v -0.24410865 -0.02417707 -0.01173453
v -0.25104457 -0.03138771 -0.01448295
v -0.25101078 -0.03846874 -0.01364194
v -0.23586533 -0.04367398 -0.00263541
v -0.16160408 0.05673844 -0.01245931
v -0.17120548 0.04189796 -0.02023928
v -0.22552585 0.01558033 -0.00661620
v -0.20940749 0.01810897 0.00071571
v -0.22716809 0.00380727 0.00945957
v -0.23279097 0.00849691 0.00664606
v -0.23719516 0.00983406 0.00527112
v -0.26270056 -0.00185016 -0.00725819
v -0.26188999 0.00601109 -0.00622438
v -0.25614462 -0.00907304 -0.00339406
v -0.24668438 -0.01020918 0.00417330
v -0.23839313 -0.00402972 0.00890748
v -0.23312268 -0.00368016 0.00896389
v -0.23509410 -0.02810102 -0.00039061
v -0.25152675 -0.02609820 -0.01115029
v -0.25439893 -0.03266678 -0.01237344
v -0.25451598 -0.03676881 -0.01196430
v -0.24452251 -0.04438578 -0.01009602
v -0.23521739 -0.03712148 0.00079053
v -0.17153093 0.06188001 -0.02479626
v -0.18133753 0.04532911 -0.02917671
v -0.18168686 0.05418650 -0.03202683
v -0.20995832 0.03563845 -0.00081588
v -0.22540560 0.03685571 -0.00970383
v -0.23497859 0.02049505 -0.01404150
v -0.23478092 0.02989620 -0.01485573
v -0.21829641 0.01832850 0.00093502
v -0.21401766 0.01956152 0.00213441
v -0.20855981 0.02358656 0.00381366
v -0.23289817 0.00379900 0.00893845
v -0.23818660 0.00426035 0.00866179
v -0.24458805 0.01021780 0.00468465
v -0.25353188 0.01192505 -0.00185980
v -0.26642212 -0.00017655 -0.00483089
v -0.26603267 0.00429987 -0.00448398
v -0.26378328 -0.00709039 -0.00214922
v -0.24513405 -0.00459468 0.00872702
v -0.24267348 -0.02393395 -0.00624552
v -0.25629428 -0.03042981 -0.01006780
v -0.25638448 -0.03749189 -0.00922739
v -0.25194301 -0.04211269 -0.00911727
v -0.24380922 -0.04359291 -0.00354798
v -0.18083917 0.04164456 -0.02182389
v -0.16777137 0.04535859 -0.01496910
v -0.20891888 0.03051666 0.00317104
v -0.21424797 0.03430680 0.00049428
v -0.21847121 0.03571152 -0.00146386
v -0.24267635 0.02159087 -0.01293330
v -0.24225149 0.02911505 -0.01326411
v -0.23495391 0.01582605 -0.00669765
v -0.22590825 0.01761723 0.00000036
v -0.21940310 0.02405578 0.00352429
v -0.21422266 0.02395786 0.00375041
v -0.24427173 0.00464594 0.00846635
v -0.26143044 0.01069743 -0.00164325
v -0.26800641 0.00633934 -0.00117254
v -0.26848967 -0.00189353 -0.00131460
v -0.25485831 -0.01015983 0.00365272
v -0.24107042 -0.02840367 -0.00148540
v -0.25045235 -0.02505496 -0.00652872
v -0.25156242 -0.04248366 -0.00418491
v -0.24152318 -0.03867765 -0.00045861
v -0.16808367 0.06014571 -0.01735247
v -0.18118831 0.06118304 -0.02634103
v -0.18950566 0.04554445 -0.02835949
v -0.19041869 0.05357126 -0.03051513
v -0.17395690 0.04508013 -0.01574699
v -0.17056722 0.04643777 -0.01456364
v -0.16685038 0.05009171 -0.01255167
v -0.21435714 0.03035937 0.00298033
v -0.21953202 0.03107410 0.00230155
v -0.22586202 0.03634557 -0.00322268
v -0.23437983 0.03614919 -0.00968710
v -0.24684102 0.02391344 -0.01130716
v -0.24644869 0.02791342 -0.01139263
v -0.24342763 0.01719481 -0.00706605
v -0.22565774 0.02349969 0.00314431
v -0.25212327 0.01043322 0.00420638
v -0.26346249 -0.00870339 0.00374781
v -0.25158942 -0.00487263 0.00814449
v -0.24867404 -0.02662929 -0.00377816
v -0.25703743 -0.02908107 -0.00596724
v -0.25733150 -0.03776714 -0.00473656
v -0.25000004 -0.04056399 -0.00187218
v -0.16701561 0.05583006 -0.01344627
v -0.17077911 0.05878131 -0.01638495
v -0.17402226 0.05990076 -0.01830540
v -0.19569129 0.04610058 -0.02650567
v -0.19682094 0.05255245 -0.02811652
v -0.18856100 0.04217254 -0.02236596
v -0.17984569 0.04401201 -0.01681656
v -0.17430747 0.04953338 -0.01372437
v -0.17038249 0.05002580 -0.01327863
v -0.22579829 0.03155770 0.00151818
v -0.24241563 0.03477849 -0.00918599
v -0.24819633 0.03041217 -0.00830836
v -0.24922165 0.02281051 -0.00767787
v -0.23432707 0.01708833 -0.00081052
v -0.25043151 0.00584602 0.00755579
v -0.26042739 0.01067451 0.00369443
v -0.26945061 -0.00277959 0.00369443
v -0.26852042 0.00723104 0.00373341
v -0.26185548 -0.00641877 0.00724621
v -0.24370131 -0.03093443 -0.00092121
v -0.24854502 -0.02963258 -0.00173418
v -0.25545681 -0.02893314 -0.00389362
v -0.25612691 -0.03762667 -0.00239124
v -0.24913189 -0.03691785 -0.00061991
v -0.24383882 -0.03606964 -0.00039933
v -0.17050097 0.05519613 -0.01404927
v -0.17433375 0.05542086 -0.01463937
v -0.17999616 0.06035325 -0.01965621
v -0.18991381 0.06021805 -0.02583164
v -0.19878540 0.04731321 -0.02537110
v -0.19955644 0.05092074 -0.02618274
v -0.19507125 0.04343268 -0.02228523
v -0.17938239 0.04874117 -0.01410591
v -0.23345510 0.03630063 -0.00418491
v -0.24331418 0.01710404 -0.00122805
v -0.23324088 0.02224851 0.00215958
v -0.25949961 0.00856369 0.00612621
v -0.26788938 -0.00312492 0.00752427
v -0.26702375 0.00667144 0.00716047
v -0.26027164 -0.00265066 0.00884660
v -0.25367125 -0.00201829 0.00849057
v -0.25448227 -0.02965073 -0.00252498
v -0.25528425 -0.03660582 -0.00139569
v -0.17937934 0.05564433 -0.01518810
v -0.19722891 0.05805327 -0.02473113
v -0.20133815 0.05263092 -0.02352602
v -0.19986516 0.04630698 -0.02240529
v -0.18658188 0.04331906 -0.01774832
v -0.23259267 0.03219675 0.00029210
v -0.24176654 0.03587136 -0.00471519
v -0.25022150 0.02239536 -0.00267447
v -0.24882736 0.03225069 -0.00434602
v -0.24236879 0.02006782 0.00136761
v -0.25299168 0.00366161 0.00816545
v -0.25941744 0.00500065 0.00829093
v -0.26604492 -0.00197184 0.00929417
v -0.26547245 0.00512028 0.00890023
v -0.18694228 0.05976999 -0.01994298
v -0.19420668 0.04369084 -0.01838842
v -0.18513188 0.04734108 -0.01495251
v -0.24093050 0.03392139 -0.00185390
v -0.24908200 0.02292679 0.00063912
v -0.24761850 0.03246409 -0.00144942
v -0.24171898 0.02395126 0.00265079
v -0.23586157 0.02496196 0.00241091
v -0.18511212 0.05574573 -0.01589244
v -0.19525686 0.05891667 -0.01964280
v -0.20034393 0.04670619 -0.01859503
v -0.20124667 0.05406612 -0.01910698
v -0.19301158 0.04553092 -0.01639983
v -0.23535794 0.02989464 0.00143574
v -0.24110779 0.03122595 0.00069733
v -0.24766982 0.02402421 0.00254717
v -0.24676456 0.03131849 0.00055803
v -0.19288982 0.05730882 -0.01737669
v -0.19945326 0.04732533 -0.01672080
v -0.19995528 0.05468016 -0.01683578
v -0.19244107 0.04852669 -0.01512650
v -0.18779049 0.04962122 -0.01480928
v -0.18783268 0.05372503 -0.01534260
v -0.19220147 0.05482885 -0.01581859
v -0.19817046 0.04859016 -0.01539419
v -0.19830894 0.05431828 -0.01563093
v -0.03204096 0.00212191 0.02480788
v -0.09766094 0.05075999 -0.03921327
v -0.08405391 0.04729787 -0.03911394
v -0.07849726 0.05774620 -0.03178781
v -0.09327990 0.06055649 -0.03256179
v -0.10133421 0.03934860 -0.03829619
v -0.08962834 0.03583621 -0.03782085
v -0.10555038 0.02998752 -0.03494673
v -0.09466132 0.02667972 -0.03460698
v -0.11871171 0.01364318 -0.03097577
v -0.10656882 0.01082937 -0.03054849
v -0.12961131 -0.01458445 -0.02592793
v -0.12137755 -0.00722681 -0.02700828
v -0.13141511 -0.00359343 -0.02650175
v -0.13499916 -0.00981508 -0.02492170
v -0.14259473 -0.01037086 -0.02258943
v -0.13947880 -0.01758813 -0.02412646
v -0.12518959 0.00470692 -0.02863588
v -0.11349606 0.00184226 -0.02851260
v -0.08589229 0.00273787 -0.02816342
v -0.08716857 -0.00628109 -0.02692665
v -0.10763822 -0.02877683 -0.02672758
v -0.10001546 -0.01730688 -0.02631457
v -0.11079965 -0.04143459 -0.02496751
v -0.13600266 -0.02686110 -0.02550427
v -0.12134787 -0.02429359 -0.02620249
v -0.11086607 -0.01230951 -0.02603151
v -0.10137337 -0.00243353 -0.02684132
v -0.09443156 0.00615957 -0.02862033
v -0.08286031 0.02115741 -0.03388856
v -0.07762215 0.03071261 -0.03822474
v -0.07144716 0.04340653 -0.04061293
v -0.06563812 0.05563629 -0.03227261
v -0.13382292 -0.04007511 -0.02267476
v -0.12227762 -0.03968231 -0.02330343
v -0.07055086 0.01448106 -0.03308345
v -0.06419340 0.02475882 -0.03906209
v -0.14199588 -0.00159821 -0.02403045
v -0.13124263 0.01466361 -0.02839359
v -0.11050620 0.05078424 -0.03612426
v -0.11208308 0.03959306 -0.03476920
v -0.10754747 0.06053798 -0.03153084
v -0.11591256 0.03110935 -0.03211713
v -0.13643592 0.00610458 -0.02599056
v 0.00200156 -0.05024835 -0.01473825
v -0.05342683 -0.07452969 -0.03247079
v -0.06590214 -0.07241225 -0.02283155
v -0.04621240 -0.06852152 -0.04539237
v -0.04629261 -0.05866662 -0.05459480
v -0.05227850 -0.04566365 -0.05798574
v -0.06210414 -0.03477782 -0.05302227
v -0.07472688 -0.06565261 -0.01701098
v -0.08751091 -0.04133381 -0.03324455
v -0.08974439 -0.05061297 -0.02604568
v -0.11060465 -0.05144303 -0.01745130
v -0.13194573 -0.04953445 -0.01158884
v -0.12139516 -0.05015247 -0.01375105
v -0.08600431 -0.06012962 -0.01844752
v -0.10516512 -0.05445822 -0.00572991
v -0.11437503 -0.04786736 0.00333036
v -0.12895515 -0.04641702 0.00336858
v -0.09744162 -0.05112002 -0.02145499
v -0.09685662 -0.04341341 -0.02779980
v -0.09492597 -0.05761551 -0.01225265
v -0.08043846 -0.03595839 -0.03847279
v -0.09229615 -0.03310568 -0.03112740
v -0.06274814 -0.01974158 -0.04175136
v -0.07207892 -0.02815334 -0.04105362
v -0.08609569 -0.02324634 -0.03137796
v -0.07685128 -0.01459959 -0.03100352
v -0.05098227 -0.00646401 -0.03733604
v -0.05555131 0.00453739 -0.03363566
v -0.04807528 -0.01105463 -0.04197720
v -0.04891276 0.01857138 -0.04012121
v -0.04163995 0.03423914 -0.04310877
v -0.05751397 0.03889617 -0.04239281
v -0.05169297 0.05289623 -0.03298608
v -0.03597906 0.04897784 -0.03268330
v -0.04993326 0.05662222 -0.01403179
v -0.03440166 0.05364582 -0.01196703
v -0.05190235 0.04645683 0.00448019
v -0.03735253 0.04354197 0.00756374
v -0.08131547 -0.06108470 -0.00911955
v -0.08800524 -0.05749479 -0.00217125
v -0.12533712 -0.03032702 0.01382290
v -0.11160063 -0.02950380 0.01568753
v -0.09715747 -0.02870382 0.01757616
v -0.09381366 -0.05206911 0.00369591
v -0.05203155 -0.01248018 0.02273928
v -0.04706731 0.00620649 0.02263020
v -0.04196406 0.02558715 0.01840804
v -0.10174397 0.06351744 -0.02120125
v -0.09947571 0.05731260 -0.00950713
v -0.08920285 0.06210954 -0.01974127
v -0.08954081 0.05382108 -0.00587404
v -0.07615774 0.05915838 -0.01732393
v -0.07747131 0.05064971 -0.00184403
v -0.06375477 0.05808510 -0.01563254
v -0.06519609 0.04859043 0.00128862
v -0.06598467 -0.01037624 0.02129043
v -0.06148724 0.00871071 0.02004012
v -0.05677602 0.02879348 0.01446275
v -0.07947350 -0.00915650 0.01988474
v -0.07489730 0.01091340 0.01755569
v -0.07008889 0.03143235 0.01088427
v -0.09321400 -0.00817092 0.01860452
v -0.08817083 0.01317765 0.01517300
v -0.08241213 0.03402248 0.00773991
v -0.10752788 -0.00781556 0.01661440
v -0.10201890 0.01548873 0.01222793
v -0.09487278 0.03763011 0.00341289
v -0.12376284 -0.00789531 0.01282525
v -0.11829238 0.01786166 0.00634879
v -0.10753889 0.04189554 -0.00407621
v -0.08280069 -0.02737093 0.01785313
v -0.08336297 -0.04885726 0.00820229
v -0.06927100 -0.02749368 0.01831194
v -0.05601310 -0.02911200 0.01828350
v -0.06618136 -0.05095130 0.00597548
v -0.07503801 -0.04857061 0.00870788
v -0.07389145 -0.05741333 -0.00071851
v -0.08038660 -0.05357995 0.00451818
v -0.02774415 -0.03853167 0.01482094
v -0.04785937 -0.04423664 0.00900995
v -0.06030455 -0.04137376 0.01186242
v -0.07218835 -0.04022480 0.01329509
v -0.08393016 -0.04060062 0.01298315
v -0.09707246 -0.04303182 0.01039151
v -0.12423133 0.02383597 -0.03064634
v -0.11209479 0.02214650 -0.03305537
v -0.10055325 0.01894429 -0.03285800
v -0.08855465 0.01355264 -0.03114041
v -0.07858971 0.00735995 -0.02985468
v -0.07081748 -0.00130326 -0.02983287
v -0.06388110 -0.00884595 -0.03326042
v -0.05385518 -0.01369413 -0.04158250
v -0.00189748 -0.05162111 -0.00350096
v -0.00598070 -0.03856643 0.01934964
v 0.00227049 -0.04312046 -0.02423376
v 0.01355097 -0.03391071 -0.02465571
v -0.00565060 -0.05136791 -0.01906326
v -0.01588306 -0.05611840 -0.01310344
v -0.01638928 -0.05189499 -0.00003285
v -0.00173896 -0.01746583 0.02968307
v -0.01945915 -0.04345665 0.01274228
v -0.02475500 -0.03116412 0.01950127
v -0.01364842 -0.02598261 0.02426554
v 0.01533911 -0.01738506 -0.03139945
v 0.00097855 -0.02164058 -0.03527507
v -0.01123255 -0.04800773 -0.03016618
v -0.00875473 -0.03692343 -0.03494033
v -0.01804188 -0.05613349 -0.02518705
v -0.02812278 -0.06181082 -0.02250418
v -0.02845797 -0.05944878 -0.01044242
v -0.02918976 -0.05373672 0.00112895
v -0.03163362 -0.04505534 0.01018059
v 0.00091078 0.00279128 0.02979214
v -0.01995661 -0.01323993 0.02620961
v -0.00950700 -0.00610590 0.02820531
v -0.03507694 -0.03455058 0.01614162
v -0.03973452 -0.02478708 0.02114207
v -0.03004968 -0.01915498 0.02408131
v 0.00411111 -0.00729891 -0.03504830
v 0.01753950 -0.00296100 -0.03238916
v -0.01122700 -0.02361876 -0.03981579
v -0.00803071 -0.00985881 -0.03888085
v -0.01728826 -0.01135493 -0.04246419
v -0.01620081 -0.04468140 -0.03838134
v -0.02045488 -0.05363951 -0.03584754
v -0.01951674 -0.02210621 -0.04441130
v -0.01644105 -0.03405974 -0.04227349
v -0.02919960 -0.06115989 -0.03385081
v -0.03905529 -0.06694764 -0.03190138
v -0.03981184 -0.06644308 -0.02098695
v -0.04126605 -0.05582590 -0.00019071
v -0.04086972 -0.06235833 -0.01011765
v -0.04186383 -0.04678511 0.00708621
v -0.04486835 -0.03847433 0.01300116
v 0.00283554 0.02337042 0.02408168
v 0.00726154 0.03639953 0.00502837
v -0.00644580 0.01341008 0.02598882
v -0.01553652 0.00561224 0.02609932
v -0.03485111 -0.00716160 0.02525692
v -0.02483341 -0.00074226 0.02549019
v -0.04474586 -0.01405797 0.02337903
v -0.04917911 -0.03031689 0.01792547
v -0.05402112 -0.02143477 0.02128846
v 0.00766031 0.00551592 -0.03411564
v 0.01889939 0.01313239 -0.03151860
v -0.00404594 0.00243453 -0.03749697
v -0.01500973 0.00067089 -0.04110181
v -0.02440291 -0.00201561 -0.04219963
v -0.03445905 -0.00349909 -0.04164049
v -0.02553463 -0.01144152 -0.04446683
v -0.02134520 -0.03909406 -0.04475235
v -0.02211992 -0.02924507 -0.04560327
v -0.02579373 -0.04985889 -0.04452807
v -0.03295933 -0.05869654 -0.04332018
v -0.02755157 -0.02010630 -0.04672242
v -0.03425459 -0.01158027 -0.04465413
v -0.04888425 -0.07161413 -0.02877948
v -0.04064503 -0.06591660 -0.04132417
v -0.04905662 -0.07194909 -0.03905636
v -0.05082508 -0.06874579 -0.01970770
v -0.05229807 -0.06346854 -0.01079285
v -0.05177352 -0.05708700 -0.00242012
v -0.05210674 -0.04967994 0.00479289
v -0.05417526 -0.04257235 0.01060062
v -0.05814922 -0.03557493 0.01501951
v -0.00248301 0.03210296 0.01439484
v -0.01161344 0.02514893 0.02037240
v -0.00608826 0.03926967 0.00294015
v 0.00253103 0.03806521 -0.00797421
v 0.01052669 0.03389097 -0.01794323
v -0.02966801 0.01133738 0.02365436
v -0.02051193 0.01815594 0.02279597
v -0.03964054 0.00442918 0.02372404
v -0.04972699 -0.00324686 0.02349436
v -0.05904123 -0.01131623 0.02199178
v -0.06264380 -0.02811440 0.01842665
v -0.06782457 -0.01948515 0.02027361
v 0.01011837 0.02093179 -0.03029278
v 0.00081960 0.01588553 -0.03515754
v -0.00946677 0.01369034 -0.04065183
v -0.02115816 0.01013306 -0.04282773
v -0.03296757 0.00716891 -0.04114825
v -0.04342639 -0.00625512 -0.04047548
v -0.04422185 0.00310221 -0.03749352
v -0.05298739 -0.00213205 -0.03470313
v -0.03106177 -0.03514859 -0.05024547
v -0.03464681 -0.04634175 -0.05141169
v -0.03570288 -0.01730157 -0.04638433
v -0.03102386 -0.02459556 -0.04806836
v -0.04545809 -0.06398169 -0.05048878
v -0.03979281 -0.05609008 -0.05100963
v -0.04254708 -0.01215298 -0.04388747
v -0.04936597 -0.00910515 -0.04005342
v -0.05945394 -0.07441893 -0.02685741
v -0.06161151 -0.06964567 -0.01940721
v -0.06035158 -0.07708797 -0.04748610
v -0.05856756 -0.07773563 -0.03747774
v -0.05196136 -0.07082529 -0.04947732
v -0.06288591 -0.06368657 -0.01241403
v -0.06192147 -0.05845050 -0.00431810
v -0.06301045 -0.04657291 0.00883734
v -0.06159112 -0.05254827 0.00332031
v -0.06632914 -0.04055985 0.01273299
v -0.07119852 -0.03428047 0.01583304
v -0.01536324 0.03632789 0.01189711
v -0.02484459 0.03043134 0.01731567
v -0.01035155 0.04394840 -0.00875111
v -0.01958729 0.04499002 0.00151647
v -0.00277555 0.03900295 -0.01876263
v 0.00327311 0.03051491 -0.02631309
v -0.03466872 0.02354505 0.02001835
v -0.04440326 0.01577283 0.02116625
v -0.05435988 0.00750933 0.02140849
v -0.06392580 -0.00097088 0.02127837
v -0.08137421 -0.01889028 0.01940095
v -0.07270905 -0.00975759 0.02053196
v -0.07591224 -0.02736270 0.01817629
v -0.00400668 0.02822864 -0.03433428
v -0.01444360 0.02477607 -0.04062375
v -0.02685732 0.02048757 -0.04324857
v -0.04003134 0.01599800 -0.04130575
v -0.05211469 0.01180328 -0.03676629
v -0.06739881 -0.00559047 -0.03068938
v -0.05757478 -0.00733877 -0.03497707
v -0.06399170 0.00136071 -0.03114555
v -0.04308235 -0.02221926 -0.04907919
v -0.04319430 -0.03181750 -0.05298865
v -0.04857247 -0.05237376 -0.05713207
v -0.04533049 -0.04251261 -0.05582442
v -0.05046540 -0.01207046 -0.04178117
v -0.04627857 -0.01585125 -0.04510617
v -0.05230200 -0.06046364 -0.05705036
v -0.05764944 -0.06747171 -0.05658544
v -0.05943990 -0.01167221 -0.03743974
v -0.06885491 -0.08015747 -0.03517708
v -0.06991733 -0.07564950 -0.02699598
v -0.07102142 -0.06911038 -0.01963989
v -0.07097652 -0.06358843 -0.01306816
v -0.06539109 -0.07394279 -0.05627265
v -0.07524572 -0.07860627 -0.05407160
v -0.07010508 -0.08182566 -0.04549193
v -0.07058841 -0.05915429 -0.00476145
v -0.07003551 -0.05449293 0.00272047
v -0.07079280 -0.04965540 0.00762105
v -0.07340616 -0.04480515 0.01092750
v -0.07802708 -0.04017155 0.01339387
v -0.08398158 -0.03442604 0.01540432
v -0.02975214 0.04142979 0.00909899
v -0.03952146 0.03490011 0.01407234
v -0.00990414 0.03868905 -0.02904492
v -0.01683051 0.04661826 -0.02067483
v -0.03563002 0.05011558 -0.00127078
v -0.02601894 0.05095974 -0.01062798
v -0.04938009 0.02731065 0.01651325
v -0.05896675 0.01876992 0.01809118
v -0.07755018 0.00098248 0.01966010
v -0.06827295 0.00982027 0.01875061
v -0.08629481 -0.00861648 0.01930878
v -0.09006179 -0.02766309 0.01761800
v -0.09540573 -0.01905823 0.01891583
v -0.01984789 0.03641164 -0.03763274
v -0.04531074 0.02588778 -0.04282432
v -0.03260870 0.03185668 -0.04281364
v -0.05692032 0.02163480 -0.03952096
v -0.06727543 0.01922789 -0.03592028
v -0.06400876 0.01012371 -0.03295263
v -0.08190196 -0.01145406 -0.02839074
v -0.07030311 -0.01139853 -0.03200112
v -0.07820194 -0.00358064 -0.02832421
v -0.07440912 0.01060274 -0.03110451
v -0.07465777 0.00321036 -0.02942406
v -0.05808592 -0.01625952 -0.04170928
v -0.05594892 -0.02223102 -0.04719477
v -0.05548587 -0.03019407 -0.05251104
v -0.05719659 -0.03971145 -0.05649067
v -0.06197619 -0.05616437 -0.06002154
v -0.05908388 -0.04836246 -0.05906748
v -0.06746078 -0.06265297 -0.06075261
v -0.07532044 -0.06810282 -0.06095093
v -0.06971419 -0.01762938 -0.03616467
v -0.07948932 -0.08265339 -0.04217193
v -0.07791281 -0.08000828 -0.03368649
v -0.07841518 -0.07395510 -0.02672857
v -0.07737439 -0.06795843 -0.02120412
v -0.07801455 -0.06292551 -0.01317153
v -0.07757342 -0.05975146 -0.00470401
v -0.08360169 -0.07328787 -0.05845114
v -0.09182811 -0.07671759 -0.05381432
v -0.08436879 -0.08088330 -0.04939950
v -0.07732353 -0.05562574 0.00210964
v -0.07726631 -0.05148900 0.00655416
v -0.07909119 -0.04820982 0.00888186
v -0.08373955 -0.04519219 0.01045891
v -0.09020744 -0.04147265 0.01195156
v -0.09764992 -0.03648588 0.01395621
v -0.04477867 0.04510033 0.00609707
v -0.05372733 0.03786658 0.01027996
v -0.03457135 0.05311907 -0.02306075
v -0.02717203 0.04635764 -0.03168390
v -0.05064832 0.05305077 -0.00391514
v -0.04234368 0.05542440 -0.01300125
v -0.07245102 0.02139258 0.01486320
v -0.06355128 0.03012998 0.01254612
v -0.08149597 0.01205718 0.01639943
v -0.09106332 0.00267523 0.01804036
v -0.10019115 -0.00784613 0.01763504
v -0.10449349 -0.02926101 0.01669595
v -0.10959381 -0.01950696 0.01731465
v -0.03832921 0.04249803 -0.03972615
v -0.06092182 0.03128835 -0.04180581
v -0.04990769 0.03667755 -0.04292817
v -0.07111716 0.02790039 -0.03860289
v -0.08019000 0.02563371 -0.03596033
v -0.07684404 0.01813257 -0.03348094
v -0.09335428 -0.02054142 -0.02868135
v -0.08163357 -0.01866242 -0.03111363
v -0.09403370 -0.01196641 -0.02643907
v -0.08274240 0.00463971 -0.02877835
v -0.08606181 -0.00068400 -0.02735442
v -0.08329314 0.01076062 -0.03030771
v -0.08569005 0.01721063 -0.03243914
v -0.06747651 -0.02382630 -0.04137106
v -0.06711021 -0.03111288 -0.04742553
v -0.07064107 -0.04737733 -0.05576675
v -0.06881333 -0.03954215 -0.05212900
v -0.07355707 -0.05268903 -0.05759310
v -0.08007654 -0.05720184 -0.05838633
v -0.08666718 -0.06219122 -0.05946623
v -0.09377120 -0.06754509 -0.05868244
v -0.07850092 -0.02559498 -0.03545049
v -0.09237197 -0.08133691 -0.04418818
v -0.08745691 -0.08097044 -0.03813631
v -0.08458767 -0.07721575 -0.03198574
v -0.08319417 -0.07046052 -0.02716730
v -0.08231414 -0.06274003 -0.02102065
v -0.08355537 -0.06188510 -0.01377126
v -0.08479295 -0.05943951 -0.00553777
v -0.08385291 -0.05586697 0.00160187
v -0.09980250 -0.07297463 -0.05589736
v -0.10497407 -0.07690220 -0.05228748
v -0.09852727 -0.07942485 -0.04904853
v -0.08248981 -0.05160039 0.00610766
v -0.09591509 -0.04808532 0.00696731
v -0.08837978 -0.05009426 0.00658518
v -0.10493061 -0.04519640 0.00793197
v -0.11327952 -0.03917010 0.01116296
v -0.05869613 0.04759971 0.00287470
v -0.06692469 0.04039095 0.00681653
v -0.05025673 0.05648445 -0.02411333
v -0.04410133 0.05116071 -0.03292953
v -0.05706802 0.05750660 -0.01482386
v -0.06426680 0.05475634 -0.00652707
v -0.07619995 0.03267945 0.00933762
v -0.08532653 0.02407354 0.01225027
v -0.09498274 0.01427582 0.01385589
v -0.10540608 0.00388632 0.01609572
v -0.11464146 -0.00751471 0.01496400
v -0.11839593 -0.02989290 0.01486628
v -0.12303909 -0.01994548 0.01371177
v -0.05419671 0.04665924 -0.03952410
v -0.07464651 0.03662121 -0.04030546
v -0.06464097 0.04118163 -0.04154004
v -0.08883574 0.02408208 -0.03415936
v -0.08379498 0.03340935 -0.03782679
v -0.09207335 0.03096304 -0.03610687
v -0.08946723 -0.02826052 -0.03135198
v -0.10433265 -0.02299504 -0.02654435
v -0.10009128 -0.03156903 -0.02903273
v -0.10524630 -0.01502750 -0.02575314
v -0.09496549 -0.00471776 -0.02637648
v -0.10600752 -0.00721877 -0.02635377
v -0.08943585 0.00412150 -0.02817335
v -0.09156105 0.01001267 -0.02970891
v -0.09759789 0.00202907 -0.02749086
v -0.09462216 0.01649713 -0.03201941
v -0.09754908 0.02279953 -0.03371286
v -0.07647524 -0.03255028 -0.04024548
v -0.07733103 -0.03916552 -0.04287302
v -0.07879973 -0.04919609 -0.05054811
v -0.09074102 -0.05316089 -0.05106291
v -0.09753003 -0.05707716 -0.05484562
v -0.10433042 -0.06371552 -0.05772347
v -0.10883814 -0.07027152 -0.05705796
v -0.08531856 -0.03435340 -0.03430308
v -0.10473168 -0.08073263 -0.04481868
v -0.09937101 -0.08045221 -0.03943848
v -0.09463505 -0.07735425 -0.03396204
v -0.09090730 -0.07171068 -0.02977167
v -0.08850155 -0.06452394 -0.02858998
v -0.08591652 -0.05665557 -0.02919714
v -0.08441394 -0.06110484 -0.02667076
v -0.08757851 -0.05235579 -0.02700792
v -0.08853193 -0.05590068 -0.02275310
v -0.09030238 -0.05866125 -0.01542900
v -0.09152529 -0.05865945 -0.00666350
v -0.09106538 -0.05518401 0.00057521
v -0.11103334 -0.07473035 -0.05430883
v -0.11391297 -0.07710222 -0.05189386
v -0.10976127 -0.07926374 -0.04882967
v -0.10963404 -0.05181641 -0.00201953
v -0.09979722 -0.05369373 -0.00032535
v -0.12731302 -0.03964429 0.01012517
v -0.12246645 -0.04696600 0.00347646
v -0.07142910 0.04959122 -0.00031404
v -0.07938462 0.04318230 0.00371084
v -0.05884973 0.05440833 -0.03272456
v -0.06411481 0.05847241 -0.02464708
v -0.07653290 0.05622083 -0.00914794
v -0.07006869 0.05859409 -0.01640735
v -0.08868090 0.03567599 0.00575129
v -0.09837744 0.02721325 0.00866090
v -0.10899032 0.01703037 0.00953328
v -0.12071514 0.00542182 0.01344587
v -0.13788960 -0.02381816 0.01045964
v -0.13104746 -0.01428648 0.00984630
v -0.13208610 -0.03067226 0.01247679
v -0.06819552 0.05023284 -0.03793779
v -0.08704393 0.04141506 -0.03924532
v -0.07780338 0.04544589 -0.03977148
v -0.10028583 0.02870533 -0.03508026
v -0.09566627 0.03801787 -0.03828926
v -0.10329249 0.03435727 -0.03668524
v -0.11570084 -0.01783140 -0.02617488
v -0.11359575 -0.02694302 -0.02578488
v -0.09463548 -0.03828829 -0.02985858
v -0.10977816 -0.03502722 -0.02640724
v -0.10380550 -0.04305870 -0.02633456
v -0.10760638 -0.00018189 -0.02787026
v -0.11741620 -0.00282677 -0.02767785
v -0.11629325 -0.00972926 -0.02680380
v -0.10048270 0.00865796 -0.02966952
v -0.10353577 0.01499482 -0.03168189
v -0.10986453 0.00643488 -0.02942210
v -0.10641423 0.02084924 -0.03325121
v -0.10867730 0.02607731 -0.03389561
v -0.08058303 -0.04476636 -0.04235951
v -0.08423496 -0.03859862 -0.03622190
v -0.08521629 -0.04313194 -0.03484770
v -0.08444435 -0.04830155 -0.03694838
v -0.08632519 -0.05024139 -0.04431018
v -0.09383753 -0.05144095 -0.03719772
v -0.10016370 -0.05199428 -0.04341352
v -0.10787907 -0.05393701 -0.05013836
v -0.11462501 -0.05817960 -0.05572719
v -0.11785492 -0.06949818 -0.05737938
v -0.11629620 -0.07428281 -0.05458917
v -0.09127460 -0.04166747 -0.03048514
v -0.11440891 -0.08046419 -0.04520886
v -0.11031666 -0.08050826 -0.04058656
v -0.10640538 -0.07822896 -0.03543202
v -0.10223382 -0.07304363 -0.03111510
v -0.09801900 -0.06668214 -0.02886879
v -0.09367517 -0.05989696 -0.02945379
v -0.08580360 -0.04881318 -0.03142740
v -0.08893848 -0.05359039 -0.03253761
v -0.08948378 -0.04573514 -0.02933027
v -0.09282928 -0.05003000 -0.02397045
v -0.09685145 -0.05475327 -0.01686914
v -0.09984013 -0.05653584 -0.00939932
v -0.12190542 -0.07540212 -0.05284355
v -0.11866539 -0.07874197 -0.04916606
v -0.10889992 -0.05387185 -0.01195256
v -0.11643962 -0.05071599 -0.01545131
v -0.11939469 -0.05120181 -0.00615120
v -0.13496437 -0.04572156 0.00326399
v -0.13945225 -0.03876220 0.00853170
v -0.13065630 -0.04949047 -0.00418899
v -0.12672588 -0.04994125 -0.01252757
v -0.08358165 0.05189408 -0.00347673
v -0.09140932 0.04665580 -0.00080838
v -0.07677663 0.05983216 -0.02523584
v -0.07212362 0.05668440 -0.03186912
v -0.08879524 0.05930511 -0.01243602
v -0.08262142 0.06057213 -0.01852106
v -0.10061064 0.04006406 -0.00004345
v -0.11242747 0.03118227 0.00379086
v -0.13808235 0.00465467 0.01185295
v -0.12885769 0.01328510 0.00708076
v -0.13170102 -0.00443082 0.01180485
v -0.14472538 -0.03140778 0.00987621
v -0.15300063 -0.02635749 0.00815061
v -0.14677315 -0.02096688 0.00613573
v -0.13907575 -0.01080893 0.00811337
v -0.13826117 -0.01430281 0.00642273
v -0.08086923 0.05314618 -0.03668971
v -0.09956413 0.04489675 -0.03961453
v -0.09084534 0.04947486 -0.03940258
v -0.11363036 0.03505498 -0.03334107
v -0.11086839 0.03075771 -0.03395650
v -0.10693521 0.03985455 -0.03713367
v -0.12527445 -0.01125436 -0.02642526
v -0.12591452 -0.01842678 -0.02627845
v -0.12199294 -0.03269377 -0.02524098
v -0.11656308 -0.04009467 -0.02351654
v -0.09760568 -0.04721275 -0.02498697
v -0.11113554 -0.04703886 -0.02169594
v -0.10362937 -0.05175339 -0.01962313
v -0.12625935 -0.00526243 -0.02696362
v -0.11935821 0.00348162 -0.02876530
v -0.12841665 0.00038886 -0.02756498
v -0.11543628 0.01803516 -0.03198383
v -0.11262962 0.01247757 -0.03103776
v -0.12194798 0.00919111 -0.02972072
v -0.11796525 0.02308015 -0.03213912
v -0.11970333 0.02755022 -0.03128622
v -0.10034805 -0.05602858 -0.03191936
v -0.10851448 -0.05361810 -0.03592908
v -0.11614465 -0.05348826 -0.04250572
v -0.12172105 -0.05323980 -0.05009986
v -0.12813663 -0.05546207 -0.05500491
v -0.12183013 -0.06235659 -0.05812419
v -0.12910277 -0.06464528 -0.05774001
v -0.12495240 -0.07067841 -0.05599831
v -0.12374505 -0.07904756 -0.04520747
v -0.11943241 -0.07992476 -0.04069872
v -0.11484075 -0.07889424 -0.03667974
v -0.11231347 -0.07587969 -0.03294163
v -0.11057058 -0.07054314 -0.02969442
v -0.10642021 -0.06344200 -0.02890836
v -0.13084728 -0.07175599 -0.05338351
v -0.12742112 -0.07629990 -0.04956834
v -0.12223023 -0.04575899 -0.01954406
v -0.14188886 -0.04799757 -0.00351096
v -0.13719579 -0.04892838 -0.01092330
v -0.14669904 -0.04423119 0.00286590
v -0.15245622 -0.03870894 0.00715327
v -0.12815710 -0.03993196 -0.02309816
v -0.13294440 -0.04599459 -0.01813419
v -0.09499258 0.05582499 -0.00802387
v -0.10155093 0.05104812 -0.00648429
v -0.09094950 0.06250855 -0.02687631
v -0.08580611 0.05939514 -0.03237042
v -0.09977943 0.06162039 -0.01486409
v -0.09605760 0.06313352 -0.02084143
v -0.12478441 0.02244366 0.00270305
v -0.12934005 0.03104115 0.00176059
v -0.11762935 0.03888628 -0.00408754
v -0.14740902 -0.00301374 0.01169202
v -0.15436434 0.00421463 0.01249837
v -0.14777228 0.01075381 0.00798110
v -0.13408301 0.01751162 0.00070846
v -0.13596047 0.01501854 0.00248154
v -0.15983310 -0.03305694 0.00839228
v -0.16760364 -0.02791953 0.00674248
v -0.16112467 -0.02228162 0.00508619
v -0.14449864 -0.01757035 0.00218319
v -0.15534898 -0.01872659 0.00135291
v -0.15166542 -0.01778276 -0.00256705
v -0.14307735 -0.01428381 0.00334700
v -0.14765838 -0.01426277 0.00034551
v -0.14560328 -0.01077425 0.00710625
v -0.14671791 -0.01636601 -0.00182175
v -0.09557846 0.05643387 -0.03681194
v -0.11134914 0.04506412 -0.03608130
v -0.10447749 0.05117676 -0.03807547
v -0.12046311 0.03164631 -0.02945718
v -0.11627331 0.03932626 -0.03186281
v -0.12187091 0.03491280 -0.02728187
v -0.13362372 -0.00725269 -0.02552626
v -0.13272267 -0.01180322 -0.02529266
v -0.13766214 -0.02173794 -0.02514177
v -0.12943295 -0.02611049 -0.02605047
v -0.13441693 -0.01655301 -0.02521397
v -0.13486236 -0.03327531 -0.02493753
v -0.13933092 0.00227269 -0.02497476
v -0.13657362 -0.00248309 -0.02557128
v -0.13088169 0.00557516 -0.02770033
v -0.12487802 0.01437790 -0.03009738
v -0.12800655 0.01935859 -0.02956380
v -0.13390733 0.01031349 -0.02708869
v -0.13092747 0.02514282 -0.02873750
v -0.12934113 0.03010294 -0.02634729
v -0.11521929 -0.05941902 -0.03009167
v -0.12199911 -0.05466040 -0.03479169
v -0.12824937 -0.05174037 -0.04181631
v -0.13453933 -0.05209553 -0.04857333
v -0.13982258 -0.05463525 -0.05271931
v -0.13436857 -0.05880514 -0.05679864
v -0.13989106 -0.06167341 -0.05672487
v -0.13498798 -0.06648087 -0.05618928
v -0.13217703 -0.07615568 -0.04503483
v -0.12813002 -0.07761849 -0.04007247
v -0.12319270 -0.07742184 -0.03548469
v -0.11756319 -0.07593699 -0.03291795
v -0.11893791 -0.07098074 -0.02946639
v -0.13588733 -0.07265038 -0.05041109
v -0.13996875 -0.06774662 -0.05455183
v -0.14800707 -0.04760582 -0.01023441
v -0.15334054 -0.04696452 -0.00377995
v -0.14350560 -0.04501325 -0.01667427
v -0.13929078 -0.03991131 -0.02200941
v -0.15958017 -0.04450185 0.00187683
v -0.16709429 -0.04017303 0.00514895
v -0.10955769 0.05278539 -0.00801530
v -0.10366773 0.05814378 -0.01038850
v -0.10894373 0.04599141 -0.00801345
v -0.10484345 0.06306679 -0.02697493
v -0.10102157 0.06099720 -0.03235017
v -0.10941518 0.06181424 -0.01529301
v -0.10679563 0.06330667 -0.02113863
v -0.13948524 0.02362621 0.00278414
v -0.14450499 0.03038284 0.00326952
v -0.13615233 0.03600494 -0.00187017
v -0.11964396 0.03931162 -0.00858750
v -0.11587429 0.04195473 -0.01068333
v -0.15296612 -0.01255919 0.00361482
v -0.15585834 -0.00838962 0.00964294
v -0.16217091 -0.00267528 0.01342857
v -0.16963845 0.00322339 0.01326235
v -0.16305604 0.00955632 0.01024452
v -0.14487961 0.01418949 0.00140677
v -0.15793106 0.01386993 0.00420933
v -0.15463480 0.01437088 -0.00208287
v -0.14039693 0.01490330 -0.00137043
v -0.14534604 0.01391754 -0.00413569
v -0.14008212 0.01734714 -0.00056031
v -0.14713785 0.01361040 -0.00378911
v -0.17392847 -0.03459783 0.00616323
v -0.17902646 -0.02930161 0.00541734
v -0.17425749 -0.02352481 0.00394227
v -0.16844291 -0.01946291 0.00060622
v -0.16246417 -0.01766677 -0.00353297
v -0.15159925 -0.01759071 -0.00755680
v -0.15807761 -0.01809816 -0.00868441
v -0.15603179 -0.01929888 -0.01349715
v -0.15268609 -0.01451106 -0.00248387
v -0.15016893 -0.01604808 -0.00561002
v -0.15381110 -0.01618745 -0.00955908
v -0.15330648 -0.01795240 -0.01219614
v -0.10931521 0.05622663 -0.03460120
v -0.11499157 0.05044081 -0.03431730
v -0.11929545 0.04469626 -0.03223612
v -0.12362113 0.03593343 -0.02389164
v -0.12619105 0.03474464 -0.02030343
v -0.12662102 0.03299655 -0.02340339
v -0.14286921 -0.00611311 -0.02313759
v -0.13820136 -0.01011486 -0.02409280
v -0.14106694 -0.01426955 -0.02306431
v -0.14206624 -0.02677806 -0.02432442
v -0.14443437 -0.01825311 -0.02218191
v -0.14803139 -0.02142537 -0.02070736
v -0.14618128 -0.03308588 -0.02280262
v -0.14728958 -0.00029139 -0.02212522
v -0.14127972 0.00676642 -0.02362785
v -0.14811704 0.00511267 -0.02005813
v -0.14079433 0.02111790 -0.02494995
v -0.13737113 0.01497200 -0.02598950
v -0.14390542 0.01076459 -0.02147622
v -0.13305670 0.03437931 -0.02130693
v -0.13951197 0.03183153 -0.02456747
v -0.12294745 -0.06460764 -0.02782314
v -0.12901658 -0.05783173 -0.02985813
v -0.13508355 -0.05349400 -0.03532224
v -0.14045424 -0.05214108 -0.04174527
v -0.14469229 -0.05773275 -0.05435877
v -0.14505547 -0.05349876 -0.04704822
v -0.14953164 -0.05623797 -0.05023116
v -0.14977303 -0.06063836 -0.05448589
v -0.14466504 -0.06382905 -0.05600457
v -0.14021981 -0.07397946 -0.04500215
v -0.13671648 -0.07493359 -0.03930639
v -0.13247806 -0.07468672 -0.03494333
v -0.12651640 -0.07318391 -0.03122847
v -0.13119873 -0.06794667 -0.02845154
v -0.15003500 -0.06592473 -0.05491976
v -0.14541748 -0.06875202 -0.05336367
v -0.14970089 -0.03931951 -0.01985268
v -0.15445179 -0.04416375 -0.01591427
v -0.16024884 -0.04699084 -0.01088084
v -0.16737852 -0.04723228 -0.00576152
v -0.17421475 -0.04495660 -0.00025918
v -0.17933437 -0.04041277 0.00372818
v -0.11356518 0.05812695 -0.01021666
v -0.11663550 0.04752871 -0.00817456
v -0.11889822 0.05321202 -0.00758206
v -0.11403358 0.06228225 -0.02576316
v -0.11224115 0.06006321 -0.03053449
v -0.11901220 0.06154577 -0.01461572
v -0.11582592 0.06279897 -0.02035917
v -0.14790013 0.01489262 -0.00281082
v -0.14865393 0.01889409 0.00202337
v -0.15316084 0.02459676 0.00466677
v -0.15875163 0.03037820 0.00375242
v -0.15163028 0.03539341 0.00066483
v -0.13144005 0.03894678 -0.00964572
v -0.14498538 0.03837453 -0.00567842
v -0.14003098 0.03843635 -0.01262976
v -0.12787602 0.03747246 -0.01409099
v -0.12041491 0.03889983 -0.01197150
v -0.12179250 0.03845664 -0.01408196
v -0.11782086 0.04218738 -0.01101042
v -0.15981692 -0.01347618 0.00001529
v -0.15743003 -0.01447018 -0.00637986
v -0.16437525 -0.01178666 0.00594699
v -0.17057079 -0.00839841 0.01109295
v -0.17626379 -0.00337968 0.01303787
v -0.18126091 0.00213628 0.01267441
v -0.17652405 0.00786675 0.01091244
v -0.17155802 0.01269280 0.00665116
v -0.16653309 0.01465566 0.00017823
v -0.15516168 0.01305165 -0.00834109
v -0.16289761 0.01368313 -0.00657660
v -0.15942711 0.01031332 -0.01230276
v -0.14894754 0.01161747 -0.00799514
v -0.14930222 0.01125999 -0.00808591
v -0.15022435 0.00979200 -0.01372039
v -0.15337596 0.00969444 -0.01354239
v -0.18357861 -0.03525433 0.00542589
v -0.18762338 -0.03028903 0.00522583
v -0.18346452 -0.02480259 0.00404192
v -0.17965499 -0.02076044 0.00076917
v -0.17510364 -0.01858083 -0.00383529
v -0.16367760 -0.01982506 -0.01414927
v -0.16927601 -0.01838521 -0.00936798
v -0.15300689 -0.02759033 -0.02070728
v -0.15299079 -0.02148405 -0.01809204
v -0.15885732 -0.02300372 -0.01821860
v -0.15001211 -0.01508964 -0.01788479
v -0.15511493 -0.01427094 -0.01224853
v -0.15246159 -0.01805838 -0.01544510
v -0.11724464 0.05569054 -0.03261750
v -0.12324438 0.04025255 -0.02847281
v -0.12133348 0.05060795 -0.03290310
v -0.12516359 0.04566262 -0.03141957
v -0.12672794 0.03787152 -0.02413809
v -0.12541795 0.03595351 -0.01999555
v -0.12433791 0.03677141 -0.01674217
v -0.12720413 0.03605412 -0.01744974
v -0.14734429 -0.01052070 -0.02024979
v -0.15264880 -0.00468029 -0.01843250
v -0.15650179 -0.03367458 -0.02095914
v -0.14850257 0.00835238 -0.01732393
v -0.15521487 0.00679795 -0.01683309
v -0.14820957 0.01723626 -0.02105499
v -0.14473692 0.02698514 -0.02384059
v -0.15191505 0.02249983 -0.02285608
v -0.14767071 0.01193700 -0.01770231
v -0.13787439 0.03685644 -0.01834698
v -0.14400387 0.03464024 -0.02070075
v -0.15029124 0.03149926 -0.02231928
v -0.13683996 -0.06248740 -0.02822069
v -0.14197934 -0.05789082 -0.03129427
v -0.14612765 -0.05544066 -0.03603705
v -0.15001899 -0.05502252 -0.04168046
v -0.15448075 -0.05919603 -0.05091762
v -0.15348861 -0.05669696 -0.04600704
v -0.15665674 -0.05889462 -0.04666928
v -0.15868753 -0.06181475 -0.04904026
v -0.15545369 -0.06323832 -0.05334360
v -0.14374690 -0.07166496 -0.04992861
v -0.14518923 -0.07356874 -0.04533291
v -0.14442069 -0.07355396 -0.04000161
v -0.14314002 -0.07231884 -0.03387750
v -0.13796604 -0.07078737 -0.03092614
v -0.14374726 -0.06642206 -0.02922879
v -0.15930918 -0.06619702 -0.05125907
v -0.15515184 -0.06735895 -0.05347542
v -0.15036168 -0.06933402 -0.05272173
v -0.14750067 -0.07196226 -0.04984703
v -0.16137483 -0.03934467 -0.02025997
v -0.16834751 -0.04418258 -0.01786543
v -0.17627666 -0.04701670 -0.01233231
v -0.18149838 -0.04684597 -0.00472682
v -0.18444354 -0.04373305 0.00117141
v -0.18738771 -0.04004416 0.00391808
v -0.12232796 0.03997947 -0.01301462
v -0.12215128 0.04370074 -0.00939399
v -0.12304159 0.05813061 -0.01001859
v -0.12420826 0.04855293 -0.00741031
v -0.12756487 0.05358069 -0.00765404
v -0.12086767 0.06204345 -0.02481919
v -0.11890009 0.05971329 -0.02930358
v -0.12752081 0.06120492 -0.01391623
v -0.12378403 0.06273963 -0.01946425
v -0.15369343 0.01274101 -0.00721684
v -0.15161347 0.01142173 -0.01326227
v -0.15673345 0.01514911 -0.00156762
v -0.16087014 0.01932730 0.00281176
v -0.16473941 0.02481836 0.00445520
v -0.16825623 0.02981751 0.00307676
v -0.16400072 0.03477249 0.00103663
v -0.15871927 0.03834145 -0.00343104
v -0.15293293 0.03925964 -0.00981738
v -0.14814074 0.03749677 -0.01605391
v -0.16687623 -0.01355995 -0.00451411
v -0.17298978 -0.01369929 0.00131693
v -0.15745328 -0.00872196 -0.01452385
v -0.16203341 -0.01171211 -0.01018646
v -0.17871049 -0.01223081 0.00657687
v -0.18254703 -0.00850555 0.01108424
v -0.18578294 -0.00347482 0.01335874
v -0.18928608 0.00159186 0.01349566
v -0.18567234 0.00659361 0.01169810
v -0.18264494 0.01107972 0.00865335
v -0.17926132 0.01399423 0.00290188
v -0.16890068 0.01127815 -0.00996744
v -0.17455941 0.01399615 -0.00400445
v -0.15806750 0.00179322 -0.01697176
v -0.16371695 0.00707863 -0.01478281
v -0.19096721 -0.03622086 0.00526755
v -0.19456458 -0.03129996 0.00560358
v -0.19078893 -0.02565598 0.00430446
v -0.18693861 -0.02206739 0.00175840
v -0.18435618 -0.01989149 -0.00166051
v -0.17700264 -0.01990180 -0.01403985
v -0.18195301 -0.01888755 -0.00714210
v -0.16993368 -0.02279272 -0.01916322
v -0.16316522 -0.02802155 -0.02105194
v -0.12327836 0.05600250 -0.03160617
v -0.12972030 0.04154946 -0.02841219
v -0.12792652 0.05146929 -0.03239823
v -0.13344151 0.04653156 -0.03129346
v -0.13446441 0.03877866 -0.02409768
v -0.12977644 0.03712584 -0.01968201
v -0.12555161 0.03795252 -0.01606143
v -0.16271916 -0.00291108 -0.01544008
v -0.16939751 -0.03324771 -0.02252085
v -0.15419859 0.01390656 -0.01760522
v -0.15693516 0.02765865 -0.02359150
v -0.16486538 0.02305798 -0.02382956
v -0.15879053 0.01774374 -0.02136120
v -0.15512448 0.03533360 -0.01869946
v -0.16325211 0.03286500 -0.02179911
v -0.14811176 -0.06218030 -0.03071196
v -0.15115338 -0.05966811 -0.03370249
v -0.15399608 -0.05845170 -0.03752316
v -0.15636572 -0.05850322 -0.04213214
v -0.15734347 -0.06058807 -0.03842189
v -0.15942729 -0.06122340 -0.04329952
v -0.16018671 -0.06407763 -0.03876686
v -0.16163984 -0.06504725 -0.04466120
v -0.15199479 -0.07379937 -0.04573533
v -0.14832339 -0.07390204 -0.04075184
v -0.15235127 -0.07271475 -0.03661631
v -0.14789558 -0.07265508 -0.03577844
v -0.15450588 -0.07065855 -0.03390447
v -0.14963624 -0.06909429 -0.03144582
v -0.15390275 -0.06523627 -0.03231638
v -0.16148535 -0.06922792 -0.03965235
v -0.16142526 -0.07048829 -0.04594508
v -0.15807188 -0.06958393 -0.05151084
v -0.15511545 -0.07130250 -0.05096698
v -0.17740863 -0.03866601 -0.02181056
v -0.18495744 -0.04345245 -0.01746020
v -0.18947688 -0.04714634 -0.00530577
v -0.18898416 -0.04425576 0.00071258
v -0.19372890 -0.04197625 0.00286179
v -0.12699499 0.04112544 -0.01217946
v -0.12938976 0.04505007 -0.00878231
v -0.13236084 0.04963150 -0.00743808
v -0.13559211 0.05370812 -0.00806688
v -0.13154358 0.05760358 -0.00987438
v -0.12908086 0.06227946 -0.02321380
v -0.12576520 0.06010846 -0.02827326
v -0.13556563 0.05995285 -0.01269128
v -0.13261781 0.06227702 -0.01746556
v -0.15916836 0.01219389 -0.01269364
v -0.16366848 0.01308350 -0.00668586
v -0.16744056 0.01567486 -0.00102885
v -0.16998491 0.01998259 0.00300273
v -0.17228239 0.02489061 0.00394356
v -0.17510256 0.02925586 0.00282545
v -0.17170931 0.03358281 0.00093006
v -0.16900938 0.03748969 -0.00212230
v -0.16553799 0.03929067 -0.00759802
v -0.16066485 0.03848906 -0.01371419
v -0.16833768 -0.00769653 -0.01373466
v -0.17540699 -0.01211799 -0.01024063
v -0.18253005 -0.01398007 -0.00395683
v -0.18694049 -0.01363656 0.00320850
v -0.18811198 -0.01116486 0.00886452
v -0.18984228 -0.00796780 0.01231179
v -0.19341096 -0.00391793 0.01385991
v -0.19794738 0.00103312 0.01386050
v -0.19338879 0.00628075 0.01269601
v -0.18968367 0.00992744 0.01046347
v -0.18796760 0.01266346 0.00693003
v -0.18325979 0.01274464 -0.00691714
v -0.18709401 0.01409055 0.00072926
v -0.16905570 0.00273655 -0.01565833
v -0.17628729 0.00854864 -0.01328064
v -0.19884448 -0.03751836 0.00460938
v -0.20388543 -0.03207583 0.00454384
v -0.19896250 -0.02623195 0.00398295
v -0.19369037 -0.02213204 0.00126640
v -0.18873363 -0.02031102 -0.00153038
v -0.18963727 -0.01940307 -0.00704541
v -0.18511641 -0.02308556 -0.01758045
v -0.17747685 -0.02716655 -0.02155785
v -0.13155306 0.05701613 -0.03074196
v -0.13768173 0.05288693 -0.03198100
v -0.14303943 0.04808337 -0.03090888
v -0.13904447 0.04242154 -0.02825010
v -0.14396033 0.03999396 -0.02318426
v -0.13851410 0.03843067 -0.01855199
v -0.13241342 0.03929009 -0.01525140
v -0.17647755 -0.00205377 -0.01632379
v -0.18501109 -0.03247191 -0.02118203
v -0.16566441 0.01392815 -0.01799731
v -0.17167908 0.02935886 -0.02342624
v -0.17906838 0.02461687 -0.02217990
v -0.17265307 0.01850730 -0.02152222
v -0.16958499 0.03706163 -0.01689470
v -0.17837137 0.03458080 -0.01952956
v -0.15619290 -0.06250866 -0.03493565
v -0.15888046 -0.06707026 -0.03539895
v -0.15930900 -0.07295646 -0.04623789
v -0.15637511 -0.07389772 -0.03999232
v -0.15951669 -0.07310254 -0.03982731
v -0.15754116 -0.07154124 -0.03615225
v -0.19175345 -0.03798257 -0.01970400
v -0.19916270 -0.04269594 -0.01724763
v -0.19295587 -0.04637169 -0.01258493
v -0.20120331 -0.04700886 -0.00762672
v -0.19696980 -0.04601975 -0.00199126
v -0.20337404 -0.04255089 0.00147369
v -0.13498503 0.04270305 -0.01102816
v -0.13719561 0.04660921 -0.00829049
v -0.13847154 0.05673343 -0.00986122
v -0.13948086 0.05032760 -0.00765238
v -0.14161787 0.05364467 -0.00837435
v -0.13806063 0.06236764 -0.01984316
v -0.13574499 0.06130092 -0.02617027
v -0.14105711 0.05912531 -0.01191639
v -0.13928721 0.06110439 -0.01479112
v -0.17140432 0.01293475 -0.01179667
v -0.17429146 0.01402443 -0.00450879
v -0.17489550 0.01717545 0.00052522
v -0.17632708 0.02066819 0.00292665
v -0.17921170 0.02442879 0.00344969
v -0.18265074 0.02842338 0.00261842
v -0.17866641 0.03295443 0.00096729
v -0.17558223 0.03623004 -0.00119001
v -0.17396655 0.03846147 -0.00454403
v -0.17303655 0.03942778 -0.01029091
v -0.18472212 -0.00737338 -0.01404378
v -0.19278047 -0.01120587 -0.00862030
v -0.19514126 -0.01370988 0.00376086
v -0.19270242 -0.01122839 0.00917691
v -0.19746924 -0.00904735 0.01142353
v -0.20277795 -0.00489212 0.01310692
v -0.20827308 0.00029832 0.01287643
v -0.20273655 0.00585687 0.01231845
v -0.19749981 0.01019670 0.01021023
v -0.19250178 0.01236176 0.00755843
v -0.19489842 0.01416828 0.00207246
v -0.18472025 0.00495437 -0.01489011
v -0.19244715 0.01031326 -0.00950226
v -0.20859764 -0.03752223 0.00330175
v -0.21280512 -0.03192964 0.00330042
v -0.20827746 -0.02680815 0.00264828
v -0.20303902 -0.02262164 0.00033644
v -0.19696239 -0.02009525 -0.00355317
v -0.19308132 -0.02084448 -0.01315628
v -0.20099553 -0.02031373 -0.00828803
v -0.19915554 -0.02382669 -0.01645527
v -0.19171626 -0.02776945 -0.01943215
v -0.14203898 0.05891700 -0.02932464
v -0.14773920 0.04383643 -0.02784409
v -0.14697217 0.05423941 -0.03163594
v -0.15203199 0.04866058 -0.03123039
v -0.15279204 0.04114276 -0.02393970
v -0.14874396 0.04006004 -0.01856652
v -0.14089831 0.04137375 -0.01300621
v -0.19301132 -0.00023982 -0.01367663
v -0.19867677 -0.03274241 -0.02004111
v -0.17919141 0.01528512 -0.01652357
v -0.18493017 0.03066772 -0.02120040
v -0.19130802 0.02599345 -0.02077299
v -0.18541235 0.02033891 -0.01970244
v -0.18487966 0.03807321 -0.01423465
v -0.19113636 0.03528832 -0.01729743
v -0.20523745 -0.03802775 -0.01924444
v -0.21181905 -0.04270248 -0.01629818
v -0.20641754 -0.04566037 -0.01256020
v -0.21246573 -0.04597296 -0.00697347
v -0.20771903 -0.04523271 -0.00282764
v -0.21274433 -0.04142261 0.00055013
v -0.14156484 0.04485199 -0.00950262
v -0.14268422 0.04773924 -0.00827573
v -0.14376676 0.05687707 -0.01006812
v -0.14478555 0.05054911 -0.00801006
v -0.14709708 0.05395334 -0.00879826
v -0.14259795 0.06116226 -0.01468590
v -0.14365170 0.06236604 -0.01933291
v -0.14616386 0.05990253 -0.01278801
v -0.18126520 0.01435294 -0.00472887
v -0.17909978 0.01702831 0.00020800
v -0.18298790 0.01947505 0.00167223
v -0.18698403 0.02305167 0.00293679
v -0.19104275 0.02715622 0.00346054
v -0.18647593 0.03204158 0.00138317
v -0.18214174 0.03590370 -0.00148522
v -0.17817942 0.03808023 -0.00413547
v -0.18036961 0.03922862 -0.00905532
v -0.20051292 -0.00550029 -0.01125048
v -0.20712215 -0.01014523 -0.00824179
v -0.20032910 -0.01312022 -0.00282558
v -0.20734442 -0.01337610 0.00146789
v -0.20195389 -0.01252336 0.00700012
v -0.20811474 -0.00943039 0.00975957
v -0.21383106 -0.00507381 0.01151879
v -0.21891806 -0.00009483 0.01168491
v -0.21368158 0.00504609 0.01144548
v -0.20796455 0.00967102 0.00945250
v -0.20157426 0.01294285 0.00589183
v -0.19994536 0.01330137 -0.00377768
v -0.20695719 0.01377840 0.00066241
v -0.20018087 0.00600917 -0.01153957
v -0.20656075 0.01047898 -0.00822016
v -0.21679911 -0.03650793 0.00237559
v -0.22014364 -0.03141149 0.00202207
v -0.21660277 -0.02706417 0.00131469
v -0.21211480 -0.02333726 -0.00078276
v -0.20709291 -0.02119464 -0.00436390
v -0.20577845 -0.02166751 -0.01287129
v -0.21132723 -0.02123328 -0.00872058
v -0.21092328 -0.02410473 -0.01648772
v -0.20502126 -0.02793706 -0.01883058
v -0.14691273 0.06199931 -0.02496677
v -0.15180651 0.05958205 -0.02959066
v -0.15751469 0.05469128 -0.03234539
v -0.16211406 0.04927056 -0.03167676
v -0.15764004 0.04457436 -0.02851752
v -0.16214856 0.04205744 -0.02465790
v -0.15788850 0.04091886 -0.02015953
v -0.15348834 0.04167153 -0.01576589
v -0.15018198 0.04386666 -0.01182560
v -0.14612379 0.04186501 -0.01324894
v -0.14472261 0.04504602 -0.00976061
v -0.20701728 0.00054278 -0.01231134
v -0.21098854 -0.03301478 -0.01988420
v -0.19150525 0.01664210 -0.01592790
v -0.18549809 0.01403814 -0.01110930
v -0.19777197 0.03177021 -0.01848404
v -0.20400756 0.02672619 -0.01872883
v -0.19810143 0.02132934 -0.01818778
v -0.18595728 0.03799182 -0.00471582
v -0.19089881 0.03890345 -0.00834342
v -0.19681317 0.03794082 -0.01154562
v -0.20303428 0.03560448 -0.01442640
v -0.21707341 -0.03825612 -0.01845405
v -0.22319484 -0.04289098 -0.01489341
v -0.21749417 -0.04529007 -0.01082338
v -0.22154501 -0.04476027 -0.00441666
v -0.21685454 -0.04363917 -0.00221778
v -0.22030386 -0.03977101 0.00064995
v -0.14752176 0.04712645 -0.00908884
v -0.14979520 0.05732142 -0.01089111
v -0.15050081 0.05015628 -0.00880941
v -0.15386627 0.05370354 -0.00978711
v -0.14890918 0.06198291 -0.01672147
v -0.15275511 0.06249063 -0.02099540
v -0.15356747 0.06009431 -0.01387082
v -0.19138581 0.01462965 -0.00620895
v -0.18678332 0.01607418 -0.00186776
v -0.19137096 0.01885626 0.00125331
v -0.19572186 0.02263236 0.00351298
v -0.20030817 0.02683366 0.00414017
v -0.19559293 0.03113243 0.00305630
v -0.19085483 0.03519064 -0.00004479
v -0.21358242 -0.00501225 -0.01175902
v -0.22048473 -0.00967605 -0.00867238
v -0.21357957 -0.01241316 -0.00378809
v -0.21975509 -0.01242987 0.00101016
v -0.21365002 -0.01183758 0.00545768
v -0.21921257 -0.00866847 0.00846804
v -0.22367298 -0.00453117 0.01008677
v -0.22728128 -0.00018214 0.00999954
v -0.22332796 0.00421334 0.01015971
v -0.21878967 0.00864873 0.00862035
v -0.21307378 0.01198434 0.00526263
v -0.21280458 0.01257764 -0.00404271
v -0.21886245 0.01277064 0.00070627
v -0.21328827 0.00651326 -0.01150627
v -0.21973506 0.01060505 -0.00825816
v -0.22255360 -0.02745041 0.00058602
v -0.22273940 -0.03540148 0.00179579
v -0.22467435 -0.03131893 0.00145520
v -0.21994579 -0.02410225 -0.00128049
v -0.21623093 -0.02183985 -0.00452154
v -0.21632569 -0.02194308 -0.01240459
v -0.22081741 -0.02171604 -0.00739158
v -0.22239777 -0.02442825 -0.01607252
v -0.21650961 -0.02823870 -0.01867863
v -0.15793965 0.06212203 -0.02550741
v -0.16276995 0.05974367 -0.03013641
v -0.16655025 0.04515037 -0.02915968
v -0.16692138 0.05464557 -0.03260251
v -0.17149633 0.04931014 -0.03206573
v -0.17151135 0.04236557 -0.02503713
v -0.16622329 0.04175028 -0.02074434
v -0.16223466 0.04258395 -0.01712635
v -0.15823460 0.04422351 -0.01376814
v -0.15415540 0.04668240 -0.01063455
v -0.22057817 0.00152133 -0.01310715
v -0.22264025 -0.03358361 -0.01902549
v -0.20362053 0.01710846 -0.01366044
v -0.19720780 0.01503405 -0.01012359
v -0.20931297 0.03174010 -0.01665531
v -0.21499497 0.02633787 -0.01675920
v -0.20955339 0.02138094 -0.01610635
v -0.19591838 0.03736214 -0.00267295
v -0.20171767 0.03813585 -0.00609041
v -0.20798340 0.03792969 -0.00911464
v -0.21447060 0.03558909 -0.01268371
v -0.22853333 -0.03908371 -0.01772426
v -0.23447799 -0.04324637 -0.01437758
v -0.22971323 -0.04545015 -0.01009208
v -0.22715709 -0.04469798 -0.00416448
v -0.22623565 -0.04157693 -0.00071553
v -0.22334262 -0.04167819 -0.00071820
v -0.22491091 -0.03857849 0.00092706
v -0.15797031 0.05003134 -0.01043147
v -0.16154909 0.05345442 -0.01127287
v -0.15772730 0.05704404 -0.01182880
v -0.15794017 0.06168792 -0.01749654
v -0.16264656 0.06223746 -0.02137010
v -0.16181696 0.05943168 -0.01463418
v -0.20161343 0.01559012 -0.00474009
v -0.19621146 0.01657833 -0.00152841
v -0.20056245 0.01938312 0.00185524
v -0.20468151 0.02319828 0.00377074
v -0.20862714 0.02709210 0.00398433
v -0.20501383 0.03065250 0.00320202
v -0.20078391 0.03433796 0.00117592
v -0.22802737 -0.00406854 -0.01188237
v -0.23497554 -0.00843556 -0.00818253
v -0.22712240 -0.01166163 -0.00337542
v -0.23099344 -0.01103635 0.00228555
v -0.22480023 -0.01043988 0.00497464
v -0.22818687 -0.00749162 0.00779955
v -0.23031985 0.00369745 0.00907476
v -0.23065611 -0.00383964 0.00912505
v -0.23299902 0.00013221 0.00937830
v -0.22729790 0.00730887 0.00794453
v -0.22381093 0.01080321 0.00512208
v -0.22617084 0.01259549 -0.00316760
v -0.22963134 0.01185222 0.00234108
v -0.22762451 0.00748326 -0.01126939
v -0.23422032 0.01142825 -0.00700316
v -0.22439289 -0.02487135 -0.00122979
v -0.22284292 -0.02288991 -0.00343377
v -0.22643413 -0.02768613 0.00030474
v -0.22690683 -0.03540061 0.00148425
v -0.22910401 -0.03186074 0.00127699
v -0.22549339 -0.02305305 -0.00360229
v -0.22642127 -0.02199675 -0.00753664
v -0.22939137 -0.02256220 -0.01224361
v -0.23419314 -0.02550004 -0.01561260
v -0.22832929 -0.02914029 -0.01835350
v -0.16708634 0.06196572 -0.02556471
v -0.17155158 0.05944711 -0.03038259
v -0.17669312 0.05428811 -0.03252251
v -0.18146467 0.04937832 -0.03161730
v -0.17659584 0.04517600 -0.02929678
v -0.18122407 0.04259222 -0.02548457
v -0.17645163 0.04154133 -0.02139612
v -0.16880805 0.04353958 -0.01710337
v -0.16532636 0.04498294 -0.01487684
v -0.16183707 0.04715334 -0.01244943
v -0.23503920 0.00222972 -0.01234832
v -0.23373654 -0.03477837 -0.01874310
v -0.21438074 0.01727989 -0.01143203
v -0.20774997 0.01542182 -0.00773031
v -0.22025523 0.03100011 -0.01560465
v -0.22536350 0.02525624 -0.01610832
v -0.22025675 0.02072443 -0.01463150
v -0.20608307 0.03629715 -0.00143981
v -0.21133929 0.03712954 -0.00370029
v -0.22035009 0.03738007 -0.00900999
v -0.22532317 0.03438462 -0.01294538
v -0.23941308 -0.03972700 -0.01672112
v -0.24437230 -0.04247556 -0.01316562
v -0.23997196 -0.04502599 -0.01043379
v -0.23539218 -0.04547934 -0.00622876
v -0.23203647 -0.04316292 -0.00196056
v -0.22923463 -0.03946123 0.00045947
v -0.16468843 0.05629437 -0.01303540
v -0.16449880 0.05011621 -0.01197333
v -0.16688267 0.05301519 -0.01258145
v -0.16556508 0.06080706 -0.01764267
v -0.16927224 0.06142356 -0.02034804
v -0.16737046 0.05820054 -0.01510986
v -0.21081223 0.01654817 -0.00193261
v -0.20548081 0.01748601 -0.00031122
v -0.20876097 0.02048679 0.00268323
v -0.21189452 0.03039928 0.00311378
v -0.21164963 0.02383519 0.00378800
v -0.21431691 0.02725773 0.00378572
v -0.20928865 0.03351066 0.00155062
v -0.24097511 -0.00345583 -0.01119894
v -0.24676081 -0.00760974 -0.00788793
v -0.24155885 -0.01095167 -0.00347533
v -0.23727742 -0.01095073 0.00220568
v -0.23535114 -0.00897192 0.00585709
v -0.23217246 -0.00893534 0.00597356
v -0.23343015 -0.00671584 0.00780849
v -0.23283702 0.00669798 0.00775923
v -0.23101660 0.00923514 0.00614240
v -0.23543215 0.00401886 0.00877941
v -0.23552702 -0.00379394 0.00890843
v -0.23836317 0.00026326 0.00934956
v -0.23446207 0.00923681 0.00595987
v -0.23586442 0.01164154 0.00234546
v -0.24069705 0.00792302 -0.01004550
v -0.24017036 0.01266609 -0.00233289
v -0.24560640 0.01104274 -0.00584735
v -0.22844686 -0.02471421 -0.00190518
v -0.23186329 -0.02796178 -0.00005924
v -0.23213142 -0.03651841 0.00119046
v -0.23502651 -0.03269342 0.00089399
v -0.23113490 -0.02294541 -0.00511377
v -0.23471564 -0.02259990 -0.00879729
v -0.23945089 -0.03004116 -0.01744812
v -0.23945617 -0.02368002 -0.01206807
v -0.24430266 -0.02650366 -0.01436407
v -0.17654550 0.06154692 -0.02610232
v -0.18163214 0.05872344 -0.02992366
v -0.18562863 0.04545040 -0.02890778
v -0.18623301 0.05386561 -0.03144416
v -0.18993472 0.04910618 -0.03039787
v -0.18911076 0.04325032 -0.02531062
v -0.18482334 0.04187495 -0.02215285
v -0.17317021 0.04334286 -0.01749386
v -0.18032724 0.04241595 -0.01898718
v -0.17675615 0.04450629 -0.01626093
v -0.17180765 0.04576588 -0.01509950
v -0.16952079 0.04589327 -0.01478214
v -0.16710993 0.04753922 -0.01342916
v -0.24624484 0.00226491 -0.01132482
v -0.24410436 -0.03525732 -0.01742631
v -0.22553882 0.01714057 -0.01072571
v -0.22024288 0.01549823 -0.00634638
v -0.23036661 0.02043372 -0.01420846
v -0.23025987 0.03011623 -0.01521751
v -0.23491529 0.02501892 -0.01583205
v -0.21263944 0.03493504 -0.00007863
v -0.21583128 0.03499572 -0.00032334
v -0.21703585 0.03708729 -0.00392277
v -0.22202156 0.03613400 -0.00257184
v -0.22570619 0.03749637 -0.00621245
v -0.23003214 0.03646627 -0.00983088
v -0.23460835 0.03364239 -0.01249145
v -0.24801887 -0.03906444 -0.01479230
v -0.25142822 -0.04068665 -0.01156251
v -0.24850219 -0.04350912 -0.00953427
v -0.24442346 -0.04477728 -0.00665198
v -0.23974719 -0.04379371 -0.00316939
v -0.23567632 -0.04072764 -0.00039326
v -0.16883352 0.05542274 -0.01375607
v -0.16867671 0.05008671 -0.01295926
v -0.17044527 0.05261726 -0.01334726
v -0.16980672 0.05941974 -0.01681575
v -0.17195812 0.05932764 -0.01719975
v -0.17333490 0.06132422 -0.02093544
v -0.17060887 0.05739034 -0.01524817
v -0.21678704 0.01664082 -0.00152681
v -0.21562135 0.01889842 0.00161625
v -0.21230748 0.01888626 0.00157482
v -0.21408498 0.02124704 0.00297515
v -0.21435624 0.03283943 0.00173257
v -0.21677631 0.03064782 0.00271574
v -0.21664838 0.02401074 0.00369635
v -0.21956500 0.02773450 0.00340465
v -0.25146774 -0.00316375 -0.01009834
v -0.25617564 -0.00655141 -0.00682398
v -0.25182607 -0.00975050 -0.00378179
v -0.24707178 -0.01119754 0.00052651
v -0.24228447 -0.01007793 0.00447540
v -0.23849112 -0.00747905 0.00728751
v -0.23785347 0.00737259 0.00730584
v -0.24129715 0.00446154 0.00862156
v -0.24186507 -0.00430900 0.00884405
v -0.24451017 0.00025425 0.00927373
v -0.24075159 0.01012028 0.00490012
v -0.24476204 0.01186547 0.00148881
v -0.25053665 0.00732990 -0.00877422
v -0.24944580 0.01224847 -0.00208560
v -0.25406787 0.01032018 -0.00497419
v -0.23507523 -0.02495799 -0.00277612
v -0.23808575 -0.03784290 0.00025396
v -0.24001587 -0.03337755 0.00007738
v -0.23789521 -0.02826046 -0.00090627
v -0.23881951 -0.02357923 -0.00592568
v -0.24352322 -0.02346892 -0.00900171
v -0.24796369 -0.03079378 -0.01566034
v -0.24807323 -0.02491932 -0.01149246
v -0.25133934 -0.02825094 -0.01298242
v -0.17682265 0.06025432 -0.01920234
v -0.18057507 0.06143564 -0.02281974
v -0.18561127 0.06074896 -0.02627389
v -0.19055799 0.05756287 -0.02875740
v -0.19294427 0.04573468 -0.02754378
v -0.19404360 0.05313955 -0.02939352
v -0.19628110 0.04910462 -0.02820477
v -0.19532194 0.04436019 -0.02437806
v -0.19201532 0.04270383 -0.02240933
v -0.18768848 0.04228416 -0.01973895
v -0.18308955 0.04356417 -0.01740486
v -0.17425381 0.04706352 -0.01448693
v -0.17952231 0.04600566 -0.01517862
v -0.17679773 0.04915597 -0.01387623
v -0.17221221 0.04983611 -0.01354810
v -0.17045536 0.04787479 -0.01387068
v -0.25542507 0.00230253 -0.00999204
v -0.25084644 -0.03519921 -0.01475076
v -0.23507577 0.01745070 -0.01053500
v -0.23036492 0.01570497 -0.00670999
v -0.22571718 0.01598721 -0.00286871
v -0.22190308 0.01786297 0.00042427
v -0.23914308 0.02081031 -0.01367753
v -0.23884643 0.02954250 -0.01416819
v -0.24245175 0.02526375 -0.01410489
v -0.21922266 0.03374443 0.00056496
v -0.22265178 0.03139050 0.00188063
v -0.22586220 0.03440943 -0.00071373
v -0.22956795 0.03631479 -0.00380230
v -0.23402274 0.03708219 -0.00674955
v -0.23855514 0.03571185 -0.00942435
v -0.24226598 0.03233384 -0.01139263
v -0.25323827 -0.03771312 -0.01256172
v -0.25534477 -0.03724258 -0.01088212
v -0.25461441 -0.04019037 -0.00901808
v -0.25195868 -0.04276398 -0.00659166
v -0.24779481 -0.04329679 -0.00385089
v -0.24271676 -0.04173621 -0.00160293
v -0.17224762 0.05520279 -0.01435715
v -0.17433786 0.05245726 -0.01375961
v -0.17426115 0.05790631 -0.01623648
v -0.21907899 0.02080410 0.00261104
v -0.22246027 0.02391436 0.00339697
v -0.22564029 0.02763562 0.00292272
v -0.25965876 -0.00235039 -0.00853310
v -0.26325917 -0.00482526 -0.00508068
v -0.26016148 -0.00829944 -0.00278506
v -0.25579503 -0.01043931 0.00023304
v -0.25080558 -0.01022482 0.00393055
v -0.24597153 -0.00813907 0.00688220
v -0.24438715 0.00783259 0.00692112
v -0.24702018 0.00509630 0.00814935
v -0.24803862 -0.00494874 0.00840546
v -0.24928710 0.00009113 0.00881955
v -0.24834699 0.01030080 0.00449010
v -0.25294224 0.01177711 0.00150387
v -0.25858944 0.00664569 -0.00715493
v -0.25754000 0.01145141 -0.00169547
v -0.26170314 0.00884389 -0.00398893
v -0.24170199 -0.02538838 -0.00368469
v -0.24294582 -0.03713347 -0.00050577
v -0.24341351 -0.03339429 -0.00044355
v -0.24273222 -0.03007014 -0.00116766
v -0.24651405 -0.02441188 -0.00642255
v -0.25129366 -0.02497962 -0.00889077
v -0.25321565 -0.03201883 -0.01323768
v -0.25442031 -0.02784600 -0.01063263
v -0.25522605 -0.03155817 -0.01153149
v -0.17676258 0.05560065 -0.01494196
v -0.17959455 0.05830088 -0.01720083
v -0.18337101 0.06003645 -0.01984396
v -0.18852800 0.06063312 -0.02264065
v -0.19387230 0.05939697 -0.02528196
v -0.19721907 0.05555721 -0.02681003
v -0.19761354 0.04669586 -0.02574786
v -0.19860649 0.05174337 -0.02693045
v -0.19933865 0.04904190 -0.02599776
v -0.19918191 0.04673086 -0.02416170
v -0.19767076 0.04448241 -0.02223372
v -0.19472953 0.04324100 -0.02016681
v -0.19039116 0.04334599 -0.01818011
v -0.18555754 0.04476984 -0.01637229
v -0.18198591 0.04808962 -0.01441361
v -0.17935503 0.05222199 -0.01400220
v -0.26219345 0.00216993 -0.00772203
v -0.25457508 -0.03474414 -0.01229646
v -0.24303460 0.01890406 -0.01021721
v -0.23930892 0.01634098 -0.00682537
v -0.23469990 0.01567611 -0.00331453
v -0.23002285 0.01733186 -0.00041123
v -0.22583377 0.02005277 0.00209807
v -0.24532307 0.02276997 -0.01197118
v -0.24487683 0.02854634 -0.01221018
v -0.24676662 0.02593212 -0.01149939
v -0.22897223 0.03171724 0.00098446
v -0.23296229 0.03474228 -0.00199181
v -0.23762066 0.03613806 -0.00454040
v -0.24223020 0.03604896 -0.00671442
v -0.24576402 0.03311077 -0.00875987
v -0.24727938 0.02905662 -0.01016347
v -0.25702197 -0.03391356 -0.00964760
v -0.25719523 -0.03769824 -0.00706846
v -0.25487603 -0.04078233 -0.00439682
v -0.25080790 -0.04156515 -0.00260415
v -0.24611423 -0.04033107 -0.00131018
v -0.22910348 0.02294723 0.00279107
v -0.23164613 0.02725539 0.00240867
v -0.26501835 -0.00106861 -0.00588186
v -0.26740185 -0.00102239 -0.00340100
v -0.26663250 -0.00505728 -0.00158692
v -0.26389173 -0.00852247 0.00095411
v -0.25912106 -0.00969012 0.00357230
v -0.25342244 -0.00834901 0.00633198
v -0.25111171 0.00878295 0.00598342
v -0.25210279 0.00454512 0.00789791
v -0.25293606 -0.00310507 0.00824480
v -0.25271442 0.00044139 0.00857917
v -0.25614613 0.01052992 0.00394871
v -0.26096651 0.01138041 0.00117360
v -0.26445517 0.00515170 -0.00520996
v -0.26525840 0.00915990 -0.00133838
v -0.26690259 0.00525823 -0.00310068
v -0.24488855 -0.02701034 -0.00291096
v -0.24946574 -0.02567460 -0.00497205
v -0.24942407 -0.03953823 -0.00154039
v -0.24593451 -0.03663642 -0.00052254
v -0.24890238 -0.03308863 -0.00063501
v -0.24548838 -0.03007925 -0.00130659
v -0.24836076 -0.02757846 -0.00304194
v -0.25425106 -0.02637373 -0.00620364
v -0.25708624 -0.02955962 -0.00809675
v -0.18206004 0.05561000 -0.01545010
v -0.18573286 0.05833688 -0.01789490
v -0.19093600 0.05945540 -0.01997075
v -0.19642111 0.05928128 -0.02184238
v -0.19985631 0.05582032 -0.02412262
v -0.20037603 0.05174687 -0.02527204
v -0.20139510 0.04927993 -0.02299573
v -0.20040097 0.04631199 -0.02030790
v -0.19762535 0.04477047 -0.01843385
v -0.19359720 0.04450029 -0.01724937
v -0.18885470 0.04590063 -0.01582602
v -0.18426883 0.05189367 -0.01444503
v -0.26636830 0.00207757 -0.00485037
v -0.24791882 0.02327325 -0.00995570
v -0.24698523 0.01919637 -0.00736280
v -0.24348906 0.01649628 -0.00383382
v -0.23882836 0.01688784 -0.00108231
v -0.23374387 0.01912526 0.00098548
v -0.24946546 0.02687482 -0.00796773
v -0.23664441 0.03357439 -0.00123065
v -0.24124923 0.03507090 -0.00314278
v -0.24564627 0.03495091 -0.00479610
v -0.24882854 0.03157017 -0.00627087
v -0.25805552 -0.03338265 -0.00550000
v -0.25682706 -0.03761813 -0.00311551
v -0.25342781 -0.03996539 -0.00233008
v -0.23427380 0.03080256 0.00094427
v -0.23498619 0.02389619 0.00232731
v -0.23541051 0.02735145 0.00222476
v -0.26915967 0.00217485 -0.00116698
v -0.26923728 -0.00246420 0.00114258
v -0.26709142 -0.00655709 0.00383829
v -0.26279595 -0.00769872 0.00602482
v -0.25680006 -0.00633258 0.00737898
v -0.25476623 0.00780861 0.00649474
v -0.25993610 0.00959103 0.00518913
v -0.25534468 0.00440909 0.00807385
v -0.25928145 0.00723467 0.00689511
v -0.26084196 -0.00508268 0.00766500
v -0.25605405 -0.00246555 0.00854538
v -0.25996210 0.00116514 0.00928604
v -0.26470050 0.01018929 0.00373144
v -0.26862922 0.00703838 0.00119908
v -0.25237424 -0.02706624 -0.00410696
v -0.25627139 -0.02892912 -0.00458868
v -0.25568434 -0.03763011 -0.00187724
v -0.25266695 -0.03705527 -0.00092889
v -0.25576758 -0.03314143 -0.00155376
v -0.25194865 -0.02933064 -0.00222333
v -0.25489354 -0.02900378 -0.00321656
v -0.18865603 0.05713998 -0.01707744
v -0.19398621 0.05820870 -0.01830357
v -0.19905460 0.05750114 -0.01936832
v -0.20164650 0.05344739 -0.02121564
v -0.20163550 0.04995648 -0.01887462
v -0.19998460 0.04703926 -0.01751277
v -0.19680163 0.04582512 -0.01675988
v -0.19257090 0.04651932 -0.01592330
v -0.18936834 0.04895887 -0.01494536
v -0.18692698 0.04870389 -0.01483632
v -0.18681506 0.05449148 -0.01555289
v -0.18764698 0.05173215 -0.01488796
v -0.25011546 0.02247313 -0.00508551
v -0.24745971 0.01845823 -0.00164835
v -0.24292875 0.01845738 0.00027837
v -0.23787877 0.02060484 0.00155609
v -0.25056563 0.02766907 -0.00364230
v -0.23754939 0.03065831 0.00101393
v -0.24086290 0.03310350 -0.00094060
v -0.24435318 0.03393592 -0.00215663
v -0.24840081 0.03250832 -0.00277095
v -0.25698102 -0.03301685 -0.00297855
v -0.24191801 0.02165426 0.00186534
v -0.23799910 0.02442275 0.00247983
v -0.24149599 0.02765343 0.00234090
v -0.27019143 0.00218214 0.00369587
v -0.26900401 -0.00296100 0.00606925
v -0.26568765 -0.00569748 0.00709779
v -0.26386848 0.00862275 0.00637690
v -0.26793292 0.00701530 0.00576323
v -0.26342423 0.00558770 0.00857462
v -0.26610276 0.00618399 0.00809451
v -0.26671869 -0.00300637 0.00855567
v -0.26412838 -0.00276099 0.00912652
v -0.26646111 0.00153903 0.00953842
v -0.18932516 0.05437483 -0.01559865
v -0.19214604 0.05648359 -0.01686108
v -0.19726198 0.05684944 -0.01731929
v -0.20061726 0.05439178 -0.01772100
v -0.20065695 0.05067312 -0.01637515
v -0.19885326 0.04772462 -0.01604784
v -0.19603944 0.04823643 -0.01534795
v -0.19232082 0.05187886 -0.01498247
v -0.24984267 0.02265253 -0.00070655
v -0.24645075 0.02049876 0.00121983
v -0.24950722 0.02802477 -0.00013942
v -0.24445528 0.03146802 0.00054749
v -0.24709395 0.03215640 -0.00043296
v -0.24859276 0.02305075 0.00182270
v -0.24537948 0.02363292 0.00270925
v -0.24787813 0.02789067 0.00209396
v -0.26852211 0.00181508 0.00794805
v -0.19603497 0.05495437 -0.01597649
v -0.19918701 0.05477503 -0.01613555
v -0.19872084 0.05145096 -0.01512024
v 0.01346979 -0.04232673 -0.01811984
v -0.00955653 -0.05379088 -0.00878682
v -0.01632669 -0.03536487 0.01899513
v 0.01418692 -0.02551507 -0.02902146
v -0.00546339 -0.04498618 -0.02778000
v -0.02231991 -0.05898692 -0.01735375
v -0.02391512 -0.04917561 0.00676020
v -0.01153734 -0.01598556 0.02751357
v -0.03240047 -0.02740057 0.02055900
v 0.01646956 -0.01009832 -0.03212830
v -0.00938362 -0.01664803 -0.03939118
v -0.01599231 -0.05133507 -0.03241932
v -0.01402858 -0.02923939 -0.04058200
v -0.03387953 -0.06450478 -0.02747651
v -0.03497215 -0.05829986 -0.00432313
v -0.03826341 -0.04098124 0.01165184
v -0.00781953 0.00352251 0.02756229
v -0.02749032 -0.01004832 0.02571117
v -0.04698131 -0.02283262 0.02146649
v 0.01837992 0.00480379 -0.03246515
v -0.00636435 -0.00361535 -0.03820302
v -0.02496295 -0.00693323 -0.04335393
v -0.01809249 -0.03696400 -0.04290765
v -0.02642914 -0.05619802 -0.03967337
v -0.02638882 -0.01592442 -0.04562478
v -0.04398734 -0.06933620 -0.03521391
v -0.04632810 -0.06555759 -0.01514787
v -0.04664675 -0.05234251 0.00246152
v -0.05156010 -0.03673114 0.01418365
v -0.00482860 0.02358612 0.02202334
v 0.00025365 0.03708733 0.00370471
v -0.02263803 0.00851751 0.02487538
v -0.04239983 -0.00492083 0.02444646
v -0.06092217 -0.02030828 0.02085338
v 0.01926747 0.02152850 -0.02928467
v -0.00149166 0.00881597 -0.03690599
v -0.02329043 0.00382587 -0.04239942
v -0.04436204 -0.00203104 -0.03845501
v -0.02746626 -0.04270972 -0.04814637
v -0.02837875 -0.02259559 -0.04705234
v -0.03928828 -0.06139891 -0.04651102
v -0.04246195 -0.00953046 -0.04240858
v -0.05513503 -0.07150092 -0.02321452
v -0.05459405 -0.07484636 -0.04383365
v -0.05732050 -0.06098465 -0.00741582
v -0.05764666 -0.04787640 0.00695814
v -0.06472511 -0.03471462 0.01554828
v -0.01813674 0.02776086 0.01877967
v -0.01249828 0.04213785 0.00227523
v 0.00350860 0.03557185 -0.01870305
v -0.03707117 0.01384630 0.02241209
v -0.05689144 -0.00201560 0.02239989
v -0.07458669 -0.01909556 0.01981102
v 0.00255374 0.02349253 -0.03177162
v -0.01791957 0.01719179 -0.04256094
v -0.04270346 0.00941466 -0.03879494
v -0.06044286 -0.00351585 -0.03228839
v -0.03660553 -0.02807487 -0.05056558
v -0.04185087 -0.04969688 -0.05434588
v -0.04363131 -0.01413861 -0.04446401
v -0.05122527 -0.06595831 -0.05383122
v -0.05447147 -0.00993664 -0.03840884
v -0.06396578 -0.07784178 -0.03147332
v -0.06702242 -0.06646962 -0.01620385
v -0.06733203 -0.07859006 -0.05155416
v -0.06610474 -0.05638741 -0.00069478
v -0.06832695 -0.04554034 0.01014612
v -0.07754795 -0.03417146 0.01577076
v -0.03221306 0.03282027 0.01559204
v -0.00942063 0.04268300 -0.01957427
v -0.02752563 0.04782982 0.00019782
v -0.05168322 0.01733196 0.01963891
v -0.07077179 0.00002534 0.02044671
v -0.08840901 -0.01884270 0.01922004
v -0.01160619 0.03236494 -0.03622797
v -0.03637638 0.02338354 -0.04297945
v -0.06020745 0.01545030 -0.03600459
v -0.07465338 -0.00825161 -0.02930514
v -0.06920144 0.00628121 -0.03074339
v -0.05066139 -0.01851354 -0.04610163
v -0.05011967 -0.03576021 -0.05515686
v -0.05485144 -0.05436892 -0.05902908
v -0.06539073 -0.06839821 -0.05925781
v -0.06452394 -0.01437711 -0.03677934
v -0.07380115 -0.08204256 -0.03903802
v -0.07455432 -0.07203948 -0.02363325
v -0.07437230 -0.06140258 -0.00882799
v -0.08358514 -0.07771776 -0.05449435
v -0.07392570 -0.05289332 0.00497277
v -0.07849986 -0.04467954 0.01100502
v -0.09064042 -0.03529218 0.01490025
v -0.04675009 0.03651058 0.01221451
v -0.02595458 0.05042868 -0.02190882
v -0.04332260 0.05179276 -0.00253026
v -0.06590286 0.02017237 0.01662799
v -0.08427537 0.00187368 0.01897792
v -0.10257098 -0.01932345 0.01835386
v -0.02936214 0.04003224 -0.03899972
v -0.05344650 0.02862438 -0.04234600
v -0.07392516 0.02266665 -0.03592837
v -0.08799872 -0.01569024 -0.02822904
v -0.08008324 0.00050979 -0.02816619
v -0.07999197 0.01424681 -0.03164672
v -0.06156206 -0.02645121 -0.04766688
v -0.06426242 -0.04356408 -0.05667186
v -0.07054183 -0.05723163 -0.06025251
v -0.08475333 -0.06777458 -0.06023490
v -0.07423246 -0.02127738 -0.03548209
v -0.08574441 -0.08204193 -0.04367821
v -0.08130589 -0.07598089 -0.02966437
v -0.08001960 -0.06412110 -0.01749814
v -0.08092654 -0.05797863 -0.00138223
v -0.09886650 -0.07658169 -0.05292418
v -0.07961235 -0.05047866 0.00726391
v -0.08949154 -0.04631900 0.00925380
v -0.10533240 -0.03789357 0.01244300
v -0.06044224 0.03917470 0.00851924
v -0.04264319 0.05517168 -0.02362633
v -0.05766159 0.05402639 -0.00515744
v -0.07890862 0.02272743 0.01360890
v -0.09797949 0.00327465 0.01706967
v -0.11617300 -0.01936584 0.01552824
v -0.04660570 0.04472864 -0.03973232
v -0.06797934 0.03404610 -0.04119779
v -0.08623955 0.02846397 -0.03588590
v -0.09711099 -0.02608058 -0.02887362
v -0.09999301 -0.00970494 -0.02580617
v -0.08666039 0.00756063 -0.02905803
v -0.09187567 0.00013549 -0.02710300
v -0.09169919 0.02020822 -0.03306126
v -0.07249949 -0.03580926 -0.04606399
v -0.07476666 -0.04987299 -0.05480821
v -0.08866185 -0.05715219 -0.05624933
v -0.10173002 -0.06873687 -0.05771394
v -0.08206326 -0.03025402 -0.03504410
v -0.09872800 -0.08091909 -0.04447434
v -0.08920295 -0.07735778 -0.03320951
v -0.08548486 -0.06343135 -0.02771070
v -0.08552555 -0.05811292 -0.02456015
v -0.08752486 -0.06030236 -0.01006740
v -0.08638671 -0.05346373 0.00388974
v -0.10999650 -0.07715883 -0.05192328
v -0.10294175 -0.05012887 0.00333497
v -0.12064656 -0.03963204 0.01072280
v -0.07324459 0.04175855 0.00530189
v -0.05741126 0.05760887 -0.02432093
v -0.07052064 0.05540411 -0.00793371
v -0.09177992 0.02551901 0.01061904
v -0.11257169 0.00487150 0.01449886
v -0.13064406 -0.02194191 0.01190048
v -0.06139477 0.04850241 -0.03875721
v -0.08098626 0.03906867 -0.03965960
v -0.09789572 0.03304187 -0.03671581
v -0.10989627 -0.02077142 -0.02596830
v -0.10237929 -0.03743251 -0.02835413
v -0.11189112 -0.00490946 -0.02722787
v -0.09756893 0.01271708 -0.03079851
v -0.10381383 0.00437766 -0.02859726
v -0.10326075 0.02477823 -0.03410223
v -0.08159503 -0.04094148 -0.03907268
v -0.08213943 -0.04806599 -0.04364799
v -0.09268516 -0.05152956 -0.04413391
v -0.10633538 -0.05803962 -0.05515537
v -0.11367756 -0.07218219 -0.05612925
v -0.08851468 -0.03796596 -0.03283020
v -0.10989144 -0.08058817 -0.04503077
v -0.10060430 -0.07763782 -0.03462624
v -0.09258216 -0.06559308 -0.02857983
v -0.08541780 -0.05148234 -0.03171586
v -0.08720675 -0.04691494 -0.03033904
v -0.09227523 -0.05482235 -0.02008331
v -0.09559527 -0.05664028 -0.00367167
v -0.11771347 -0.07657434 -0.05231399
v -0.11429063 -0.05252255 -0.00887208
v -0.13336095 -0.03937393 0.00928902
v -0.12496367 -0.05017079 -0.00480477
v -0.08550828 0.04469184 0.00180522
v -0.07055631 0.05916670 -0.02487392
v -0.08261499 0.05757690 -0.01062213
v -0.10485568 0.02945091 0.00604772
v -0.12938269 0.00522171 0.01234674
v -0.14518440 -0.02520870 0.00900959
v -0.13465172 -0.01064608 0.00898545
v -0.07459258 0.05187985 -0.03721136
v -0.09334338 0.04352900 -0.03963165
v -0.10866022 0.03501756 -0.03557217
v -0.12081975 -0.01448211 -0.02657841
v -0.11551836 -0.03347484 -0.02518003
v -0.10403162 -0.04748364 -0.02332564
v -0.12288675 -0.00104551 -0.02781768
v -0.10950065 0.01676123 -0.03214918
v -0.11590692 0.00802977 -0.02979384
v -0.11417886 0.02691445 -0.03299233
v -0.09416879 -0.05475455 -0.03234878
v -0.10856178 -0.05275923 -0.04303693
v -0.12143442 -0.05685960 -0.05574806
v -0.12330705 -0.06703758 -0.05787796
v -0.09276804 -0.04600223 -0.02745474
v -0.11926103 -0.08008476 -0.04521931
v -0.11107904 -0.07869631 -0.03623427
v -0.10440920 -0.06837361 -0.02917590
v -0.10235381 -0.05462802 -0.01467710
v -0.12626427 -0.07380808 -0.05321297
v -0.11712474 -0.04584039 -0.02030875
v -0.13630316 -0.04879341 -0.00379384
v -0.14597610 -0.03836984 0.00770812
v -0.12778177 -0.04606257 -0.01886857
v -0.09699628 0.04900024 -0.00386225
v -0.08381751 0.06126210 -0.02615592
v -0.09481332 0.06085795 -0.01395933
v -0.12117729 0.03169203 0.00187545
v -0.14657386 0.00442569 0.01207503
v -0.13030752 0.01716787 0.00259392
v -0.16039763 -0.02722908 0.00777788
v -0.14909005 -0.01857636 0.00209981
v -0.14373905 -0.01270608 0.00497519
v -0.14278185 -0.01575728 0.00239606
v -0.08820749 0.05527670 -0.03700841
v -0.10574708 0.04536434 -0.03836847
v -0.11791733 0.03508295 -0.03058640
v -0.12934050 -0.00895632 -0.02606602
v -0.13162341 -0.02067143 -0.02594938
v -0.12847674 -0.03300534 -0.02528751
v -0.13388505 0.00145802 -0.02660245
v -0.12154984 0.01887531 -0.03112252
v -0.12792644 0.00996231 -0.02882811
v -0.12513668 0.02859081 -0.02915614
v -0.10755846 -0.05795828 -0.03092626
v -0.12192982 -0.05263974 -0.04204125
v -0.13437553 -0.05474906 -0.05395791
v -0.13465726 -0.06294221 -0.05733678
v -0.12801111 -0.07773328 -0.04507775
v -0.11903455 -0.07840146 -0.03617576
v -0.11489985 -0.07323009 -0.03084224
v -0.13534426 -0.06963034 -0.05398134
v -0.14741500 -0.04735326 -0.00350242
v -0.13810454 -0.04562781 -0.01738514
v -0.15958071 -0.03933729 0.00662505
v -0.10519096 0.05256536 -0.00798543
v -0.09853560 0.06328314 -0.02727382
v -0.10445737 0.06190643 -0.01532238
v -0.13695681 0.03047295 0.00242892
v -0.11459764 0.04139864 -0.00842503
v -0.14990607 -0.00910402 0.00848732
v -0.16209162 0.00381854 0.01316338
v -0.15072414 0.01389736 0.00298864
v -0.13975158 0.01600746 -0.00142752
v -0.14157048 0.01445166 -0.00026241
v -0.17401583 -0.02867873 0.00589121
v -0.16181856 -0.01897667 0.00118796
v -0.15408271 -0.01802381 -0.00789173
v -0.15100658 -0.01518650 -0.00435359
v -0.15028677 -0.01694624 -0.00666771
v -0.10297116 0.05674679 -0.03599610
v -0.11575225 0.04472676 -0.03380544
v -0.12460479 0.03457509 -0.02370031
v -0.13804329 -0.00649801 -0.02458916
v -0.13669986 -0.01343102 -0.02437720
v -0.14322138 -0.02198641 -0.02352624
v -0.14062339 -0.03314486 -0.02413134
v -0.14425822 0.00342166 -0.02277070
v -0.13463769 0.02006133 -0.02753342
v -0.13940065 0.01066503 -0.02471853
v -0.13199741 0.03216846 -0.02407980
v -0.12216354 -0.05908931 -0.02982863
v -0.13469686 -0.05154451 -0.04182198
v -0.14474505 -0.05513501 -0.05140243
v -0.14470795 -0.06084038 -0.05583733
v -0.13610745 -0.07495130 -0.04510533
v -0.12773055 -0.07612941 -0.03513291
v -0.12470243 -0.06929802 -0.02871287
v -0.14476132 -0.06654444 -0.05501216
v -0.14886537 -0.04453473 -0.01610514
v -0.15995112 -0.04703322 -0.00439381
v -0.17396603 -0.04047183 0.00423209
v -0.11432120 0.05301699 -0.00783880
v -0.10981732 0.06269434 -0.02636657
v -0.11439711 0.06162573 -0.01492806
v -0.14346233 0.01841695 0.00071941
v -0.15197995 0.03044343 0.00386096
v -0.13756353 0.03853313 -0.00727705
v -0.12426415 0.03847354 -0.01088467
v -0.11858324 0.04051648 -0.01212018
v -0.15551708 -0.01384659 -0.00127633
v -0.16306060 -0.00826701 0.01068351
v -0.17603463 0.00251274 0.01287519
v -0.16475058 0.01338388 0.00569996
v -0.15806106 0.01307523 -0.00741596
v -0.14908925 0.01144482 -0.00833116
v -0.15222941 0.01247012 -0.00867877
v -0.18353730 -0.02976921 0.00533925
v -0.17460456 -0.02011851 0.00053403
v -0.16302922 -0.01822448 -0.00877284
v -0.15527076 -0.02264386 -0.01805806
v -0.15326795 -0.01611126 -0.01409684
v -0.15226347 -0.01980825 -0.01706981
v -0.11382116 0.05575080 -0.03326677
v -0.12220260 0.04509798 -0.03167706
v -0.12466764 0.03706708 -0.02411060
v -0.12513783 0.03626295 -0.01709471
v -0.14785812 -0.00555066 -0.02109901
v -0.14578977 -0.01469074 -0.02088261
v -0.15115105 -0.03350274 -0.02131090
v -0.15143350 0.00735612 -0.01714105
v -0.14616984 0.02203808 -0.02315649
v -0.14750747 0.01019724 -0.01775243
v -0.13122135 0.03616275 -0.01776789
v -0.14432019 0.03103669 -0.02273637
v -0.13586130 -0.05734899 -0.03040873
v -0.14553415 -0.05336350 -0.04165032
v -0.15375208 -0.05765894 -0.04890123
v -0.15512395 -0.06102556 -0.05237992
v -0.14303487 -0.07360926 -0.04505583
v -0.13747626 -0.07341919 -0.03454811
v -0.13762468 -0.06706658 -0.02855592
v -0.15542596 -0.06568583 -0.05368374
v -0.14642537 -0.07003666 -0.05197620
v -0.16063374 -0.04421633 -0.01659036
v -0.17501253 -0.04717182 -0.00609237
v -0.18369467 -0.04011876 0.00385013
v -0.11955348 0.04312923 -0.01008345
v -0.12334665 0.05344407 -0.00758931
v -0.11749104 0.06210983 -0.02528719
v -0.12325296 0.06149289 -0.01429590
v -0.15063501 0.01246136 -0.00770970
v -0.15490311 0.01908585 0.00274957
v -0.16414072 0.03017406 0.00337029
v -0.15202099 0.03834051 -0.00424523
v -0.14241038 0.03698084 -0.01719068
v -0.16572279 -0.01344717 0.00079434
v -0.15784058 -0.01257655 -0.01120382
v -0.17720595 -0.00858969 0.01077318
v -0.18555102 0.00188562 0.01301949
v -0.17768741 0.01188231 0.00752596
v -0.16810817 0.01373855 -0.00528954
v -0.15896408 0.00644600 -0.01567331
v -0.19101709 -0.03074841 0.00537040
v -0.18366677 -0.02150303 0.00136600
v -0.17596838 -0.01866838 -0.00887199
v -0.16365283 -0.02311059 -0.01856916
v -0.12019300 0.05576968 -0.03205365
v -0.12880843 0.04614175 -0.03133142
v -0.13005039 0.03852071 -0.02413970
v -0.12428633 0.03734616 -0.01631619
v -0.15741178 -0.00364964 -0.01637703
v -0.16232649 -0.03365870 -0.02148432
v -0.15026602 0.01327899 -0.01776633
v -0.15784827 0.02264172 -0.02327200
v -0.15611601 0.03200680 -0.02197784
v -0.14699739 -0.05873808 -0.03239674
v -0.15381119 -0.05695309 -0.04179252
v -0.15801733 -0.05981256 -0.04264408
v -0.16063320 -0.06293430 -0.04398643
v -0.14815137 -0.07362750 -0.04556769
v -0.14787447 -0.07299060 -0.03747731
v -0.14885259 -0.07155781 -0.03354630
v -0.14924016 -0.06577358 -0.03036550
v -0.16204422 -0.06797533 -0.04538745
v -0.15457936 -0.06872574 -0.05285994
v -0.17707693 -0.04404648 -0.01838181
v -0.18610426 -0.04601648 -0.00214085
v -0.19031633 -0.04086717 0.00344695
v -0.12555607 0.04433820 -0.00900015
v -0.13178417 0.05369744 -0.00783348
v -0.12461972 0.06211936 -0.02418226
v -0.13181538 0.06066987 -0.01332017
v -0.15819035 0.01279300 -0.00697974
v -0.16591635 0.01954548 0.00291543
v -0.17168050 0.02949863 0.00291757
v -0.16450363 0.03802733 -0.00272194
v -0.15402023 0.03798174 -0.01476708
v -0.16781187 -0.01170266 -0.00989051
v -0.18048156 -0.01385593 0.00164079
v -0.18658734 -0.00812994 0.01177239
v -0.19342330 0.00138549 0.01378539
v -0.18647485 0.01035922 0.00974236
v -0.18126877 0.01424454 -0.00211027
v -0.16916388 0.00762649 -0.01383542
v -0.19904271 -0.03177765 0.00523290
v -0.19007805 -0.02217372 0.00155153
v -0.18609032 -0.01931232 -0.00444562
v -0.17743339 -0.02271512 -0.01865092
v -0.12692106 0.05643835 -0.03127671
v -0.13834244 0.04724376 -0.03119195
v -0.13928890 0.03930265 -0.02366366
v -0.12841084 0.03859845 -0.01579279
v -0.16878740 -0.00256112 -0.01548582
v -0.17750520 -0.03265684 -0.02263700
v -0.15938589 0.01387024 -0.01781207
v -0.17222329 0.02387110 -0.02335059
v -0.17097804 0.03390020 -0.02096451
v -0.15481326 -0.06046799 -0.03552648
v -0.15770307 -0.06468603 -0.03503685
v -0.15612646 -0.07365768 -0.04601160
v -0.15641079 -0.07263836 -0.03701579
v -0.15880849 -0.06971439 -0.03573150
v -0.16075194 -0.07199721 -0.04629636
v -0.19200280 -0.04297037 -0.01721214
v -0.19499114 -0.04729491 -0.00717388
v -0.19825503 -0.04255104 0.00214732
v -0.13340628 0.04590237 -0.00853412
v -0.13882667 0.05360406 -0.00823680
v -0.13398850 0.06242988 -0.02180412
v -0.13857793 0.05937810 -0.01216427
v -0.16936130 0.01349421 -0.00601105
v -0.17331129 0.02045676 0.00311145
v -0.17886400 0.02900367 0.00270871
v -0.17249428 0.03681362 -0.00149841
v -0.16739229 0.03897433 -0.01247956
v -0.18412738 -0.01208633 -0.00980969
v -0.19079661 -0.01292532 0.00613989
v -0.19333201 -0.00840963 0.01214826
v -0.20284777 0.00064005 0.01345252
v -0.19323187 0.01008351 0.01054224
v -0.19058490 0.01364411 0.00426024
v -0.18431434 0.00961536 -0.01163904
v -0.20856947 -0.03210640 0.00396363
v -0.19812664 -0.02236611 0.00086627
v -0.19501502 -0.01966295 -0.00825798
v -0.19204886 -0.02356599 -0.01715192
v -0.13687446 0.05799483 -0.03007794
v -0.14728824 0.04857732 -0.03083767
v -0.14825133 0.04070401 -0.02339781
v -0.13682770 0.04016926 -0.01436931
v -0.18487912 -0.00122802 -0.01551496
v -0.19167387 -0.03268926 -0.02025313
v -0.17255634 0.01438209 -0.01753128
v -0.18516497 0.02534052 -0.02131292
v -0.18489549 0.03502099 -0.01841333
v -0.20577156 -0.04263914 -0.01675604
v -0.20713314 -0.04658451 -0.00750745
v -0.20830152 -0.04205289 0.00085625
v -0.14031485 0.04729677 -0.00819500
v -0.14428273 0.05376822 -0.00857430
v -0.14081267 0.06198359 -0.01727852
v -0.14341638 0.05942613 -0.01218524
v -0.17747578 0.01515729 -0.00218538
v -0.17948475 0.02019152 0.00234810
v -0.18678815 0.02768259 0.00291636
v -0.17865908 0.03605242 -0.00135711
v -0.17651609 0.03914241 -0.00720477
v -0.20039553 -0.01053501 -0.00801306
v -0.20106134 -0.01361577 0.00239120
v -0.20247450 -0.00938964 0.01061452
v -0.21379270 0.00003052 0.01233990
v -0.20251983 0.01016821 0.00984299
v -0.20065221 0.01413044 0.00119399
v -0.19992587 0.01051689 -0.00836415
v -0.21673750 -0.03166053 0.00260282
v -0.20776131 -0.02298512 -0.00035861
v -0.20639688 -0.02090463 -0.00862852
v -0.20529816 -0.02398776 -0.01646308
v -0.14678460 0.05937672 -0.02934408
v -0.15749502 0.04906151 -0.03148235
v -0.15781152 0.04166676 -0.02438459
v -0.14948692 0.04150530 -0.01466940
v -0.14350436 0.04309742 -0.01133773
v -0.20037971 0.00025417 -0.01230118
v -0.20497039 -0.03287194 -0.01986439
v -0.18542210 0.01613742 -0.01621565
v -0.19804824 0.02672970 -0.01957485
v -0.18542817 0.03901995 -0.00930642
v -0.19735801 0.03557682 -0.01547518
v -0.21735906 -0.04273394 -0.01552794
v -0.21724426 -0.04541397 -0.00597534
v -0.21676728 -0.04064512 0.00057001
v -0.14495551 0.04754832 -0.00856886
v -0.15020191 0.05387111 -0.00922849
v -0.14782370 0.06254656 -0.02052096
v -0.14945295 0.06015249 -0.01340636
v -0.18617258 0.01445644 -0.00602383
v -0.18701550 0.01893816 0.00124333
v -0.19559679 0.02686482 0.00407682
v -0.18627584 0.03560713 -0.00108093
v -0.21364555 -0.00992303 -0.00848870
v -0.21353674 -0.01287433 0.00108062
v -0.21377036 -0.00919602 0.00903922
v -0.22338840 -0.00016983 0.01077837
v -0.21349311 0.00916042 0.00906063
v -0.21282095 0.01320366 0.00049845
v -0.21298671 0.01049743 -0.00839250
v -0.22266429 -0.03130086 0.00162658
v -0.21639177 -0.02366748 -0.00116784
v -0.21612927 -0.02142093 -0.00835570
v -0.21632820 -0.02428002 -0.01622853
v -0.15770021 0.05972629 -0.02990927
v -0.16663242 0.04935282 -0.03194797
v -0.16647801 0.04234789 -0.02496046
v -0.15807438 0.04210335 -0.01657555
v -0.15049196 0.04675857 -0.00974133
v -0.21349803 0.00095358 -0.01277880
v -0.21679080 -0.03315993 -0.01948392
v -0.19783545 0.01710956 -0.01470396
v -0.20967141 0.02664193 -0.01757481
v -0.19626903 0.03862252 -0.00709528
v -0.20868909 0.03561040 -0.01330032
v -0.22902238 -0.04316620 -0.01476632
v -0.22460604 -0.04350247 -0.00243906
v -0.22291285 -0.03899917 0.00082103
v -0.15781116 0.05359008 -0.01048314
v -0.15793848 0.06240415 -0.02130099
v -0.15783263 0.05983540 -0.01427070
v -0.19660548 0.01511651 -0.00553813
v -0.19596013 0.01904409 0.00158483
v -0.20473901 0.02696126 0.00405971
v -0.19576022 0.03481020 0.00083845
v -0.22773233 -0.00919786 -0.00851070
v -0.22583432 -0.01170803 0.00127472
v -0.22411224 -0.00811143 0.00801467
v -0.23043223 -0.00002217 0.00955560
v -0.22339958 0.00801247 0.00820019
v -0.22471431 0.01232852 0.00117669
v -0.22711355 0.01095873 -0.00774390
v -0.22253028 -0.02453259 -0.00123904
v -0.22670022 -0.03149734 0.00136337
v -0.22394854 -0.02219784 -0.00559934
v -0.22871975 -0.02490315 -0.01595476
v -0.16714588 0.05968818 -0.03026565
v -0.17662096 0.04931362 -0.03195803
v -0.17656688 0.04231611 -0.02535666
v -0.16580799 0.04300725 -0.01741563
v -0.15816870 0.04689649 -0.01166444
v -0.22801119 0.00204354 -0.01281801
v -0.22828076 -0.03419360 -0.01892835
v -0.20898047 0.01723248 -0.01244009
v -0.22030601 0.02572672 -0.01630716
v -0.20699626 0.03775584 -0.00495167
v -0.22010378 0.03501114 -0.01273401
v -0.23968622 -0.04295932 -0.01386072
v -0.23098979 -0.04529707 -0.00542860
v -0.22685050 -0.03887692 0.00075540
v -0.16455397 0.05325489 -0.01200924
v -0.16639683 0.06189970 -0.02116870
v -0.16501031 0.05883601 -0.01495617
v -0.20643309 0.01590369 -0.00354664
v -0.20491191 0.01989432 0.00224031
v -0.21172392 0.02718486 0.00391875
v -0.20545774 0.03390664 0.00133503
v -0.24129349 -0.00812899 -0.00823953
v -0.23403186 -0.01016216 0.00408876
v -0.23120025 -0.00698828 0.00778185
v -0.23041417 0.00685394 0.00782887
v -0.23551092 0.00022053 0.00934026
v -0.23270326 0.01081437 0.00419547
v -0.24034739 0.01145454 -0.00637708
v -0.22617576 -0.02483071 -0.00149811
v -0.23197845 -0.03225857 0.00117602
v -0.23031593 -0.02222272 -0.00842169
v -0.23954639 -0.02593374 -0.01504947
v -0.17660639 0.05910844 -0.03026985
v -0.18589380 0.04923213 -0.03115176
v -0.18532062 0.04286922 -0.02549168
v -0.17660880 0.04275723 -0.01842946
v -0.17079448 0.04448502 -0.01615665
v -0.16480993 0.04735068 -0.01304188
v -0.24089500 0.00230812 -0.01191965
v -0.23928451 -0.03516027 -0.01829298
v -0.22014999 0.01706023 -0.01099505
v -0.23029161 0.02512638 -0.01602289
v -0.21415848 0.03620189 -0.00199409
v -0.22122780 0.03741601 -0.00544641
v -0.23017456 0.03396535 -0.01283517
v -0.24825051 -0.04180579 -0.01235506
v -0.24004510 -0.04529929 -0.00655786
v -0.23229701 -0.04008480 0.00012992
v -0.16872410 0.05277847 -0.01300398
v -0.17105055 0.06065420 -0.01878078
v -0.16912767 0.05769259 -0.01510544
v -0.21385181 0.01753916 -0.00000706
v -0.21175807 0.02097550 0.00291498
v -0.21207627 0.03306876 0.00171768
v -0.21677963 0.02748417 0.00360422
v -0.25174579 -0.00713823 -0.00744697
v -0.24204174 -0.01130473 0.00103655
v -0.23564807 -0.00699083 0.00754867
v -0.23518298 0.00700984 0.00756145
v -0.24156618 0.00028115 0.00934254
v -0.24029813 0.01186072 0.00162313
v -0.24990285 0.01079445 -0.00543058
v -0.23155402 -0.02472538 -0.00227746
v -0.23762977 -0.03307960 0.00048977
v -0.23919923 -0.02306778 -0.00895362
v -0.24814635 -0.02720670 -0.01372915
v -0.17673924 0.06155845 -0.02234388
v -0.18628102 0.05819225 -0.02952285
v -0.19350860 0.04901779 -0.02941499
v -0.19252816 0.04375209 -0.02494624
v -0.18402002 0.04231035 -0.01943963
v -0.17679468 0.04657058 -0.01477643
v -0.17214677 0.04755546 -0.01418549
v -0.16889630 0.04778683 -0.01366581
v -0.25106281 0.00221499 -0.01066983
v -0.24789959 -0.03524518 -0.01615096
v -0.23049027 0.01725645 -0.01061842
v -0.22106230 0.01610068 -0.00239366
v -0.23906055 0.02501023 -0.01521612
v -0.21656790 0.03319001 0.00125921
v -0.22246795 0.03422673 -0.00008646
v -0.22987309 0.03731536 -0.00660611
v -0.23867073 0.03313470 -0.01197137
v -0.25383720 -0.03926751 -0.01099647
v -0.24836621 -0.04404722 -0.00655219
v -0.23899501 -0.04133180 -0.00105330
v -0.17225639 0.05251962 -0.01357189
v -0.17220864 0.05753634 -0.01567274
v -0.21635923 0.02108703 0.00283518
v -0.22261343 0.02780069 0.00314163
v -0.26001389 -0.00586176 -0.00607828
v -0.25159809 -0.01090568 0.00024605
v -0.24219597 -0.00787961 0.00706221
v -0.24105441 0.00766490 0.00714102
v -0.24699247 0.00018942 0.00904749
v -0.24894656 0.01186171 0.00141169
v -0.25801716 0.00974942 -0.00450441
v -0.23832759 -0.02519955 -0.00317784
v -0.24183439 -0.03358852 -0.00041212
v -0.24749019 -0.02408189 -0.00898062
v -0.25373205 -0.02960824 -0.01220339
v -0.17679531 0.05820600 -0.01676712
v -0.18448018 0.06107190 -0.02286212
v -0.19427427 0.05671314 -0.02779260
v -0.19813317 0.04912742 -0.02702119
v -0.19748407 0.04528948 -0.02405065
v -0.19131097 0.04260107 -0.02008617
v -0.18238074 0.04534095 -0.01581704
v -0.17676651 0.05237456 -0.01380203
v -0.25919465 0.00230682 -0.00895344
v -0.25306525 -0.03500803 -0.01342360
v -0.23927048 0.01798103 -0.01042141
v -0.23024208 0.01585589 -0.00313899
v -0.22230255 0.02050133 0.00235449
v -0.24498591 0.02560323 -0.01279571
v -0.22926843 0.03455450 -0.00134830
v -0.23819044 0.03674097 -0.00675733
v -0.24523723 0.03108080 -0.01071923
v -0.25580907 -0.03436407 -0.01114855
v -0.25499985 -0.04076633 -0.00667634
v -0.24691532 -0.04180314 -0.00219378
v -0.22877187 0.02741481 0.00265431
v -0.26578572 -0.00329863 -0.00403686
v -0.25990417 -0.00973389 0.00052665
v -0.24952287 -0.00833163 0.00658608
v -0.24759480 0.00822339 0.00651705
v -0.25114944 0.00020034 0.00861042
v -0.25694989 0.01165744 0.00143924
v -0.26483524 0.00742827 -0.00340072
v -0.24545941 -0.02541547 -0.00442693
v -0.24588060 -0.03888698 -0.00108880
v -0.24574675 -0.03320447 -0.00055995
v -0.24500262 -0.02821779 -0.00225417
v -0.25477088 -0.02666292 -0.00845025
v -0.18254068 0.05827737 -0.01745805
v -0.19257984 0.06009325 -0.02228124
v -0.19925326 0.05394010 -0.02589288
v -0.20035833 0.04907333 -0.02479166
v -0.19779960 0.04434195 -0.02018532
v -0.18940688 0.04443780 -0.01680439
v -0.18192611 0.05204281 -0.01418749
v -0.26452929 0.00207324 -0.00634749
v -0.24615445 0.02063838 -0.01003096
v -0.23915407 0.01579582 -0.00353171
v -0.22957725 0.01963860 0.00153762
v -0.24817756 0.02631817 -0.00995935
v -0.23702502 0.03499521 -0.00268297
v -0.24595160 0.03456592 -0.00656520
v -0.25783681 -0.03360176 -0.00765329
v -0.25423166 -0.04043614 -0.00289137
v -0.23366019 0.02720688 0.00216101
v -0.26788581 0.00213618 -0.00317193
v -0.26720256 -0.00623445 0.00120177
v -0.25806757 -0.00826027 0.00601392
v -0.25529283 0.00927887 0.00542142
v -0.25494817 0.00631700 0.00720687
v -0.25623562 -0.00463046 0.00779804
v -0.25575489 0.00085771 0.00884865
v -0.26516766 0.01031822 0.00124128
v -0.25328565 -0.02661777 -0.00487791
v -0.25288502 -0.03943237 -0.00192221
v -0.25263870 -0.03294354 -0.00096216
v -0.25183671 -0.02766531 -0.00358634
v -0.18957460 0.05850253 -0.01828506
v -0.19981277 0.05718481 -0.02152705
v -0.20184096 0.04958241 -0.02072704
v -0.19726977 0.04524652 -0.01745448
v -0.18906060 0.04722201 -0.01538488
v -0.18618142 0.05172799 -0.01476431
v -0.24748475 0.01833261 -0.00433798
v -0.23829782 0.01868010 0.00048222
v -0.25033013 0.02734644 -0.00572907
v -0.23698220 0.03238104 -0.00022697
v -0.24503025 0.03468063 -0.00339770
v -0.25763262 -0.03311493 -0.00380493
v -0.23796246 0.02242040 0.00200375
v -0.23789146 0.02752638 0.00221234
v -0.27000286 0.00221343 0.00120257
v -0.26658162 -0.00621890 0.00595313
v -0.26427706 0.00946947 0.00534695
v -0.26345372 0.00769551 0.00714948
v -0.26463255 -0.00503753 0.00789727
v -0.26401716 0.00139473 0.00960996
v -0.25674891 -0.03308091 -0.00214608
v -0.18869787 0.05597336 -0.01641521
v -0.19809240 0.05723380 -0.01806674
v -0.20125535 0.05032028 -0.01746825
v -0.19629666 0.04646902 -0.01625339
v -0.18950174 0.05186452 -0.01495170
v -0.24703449 0.01935118 0.00008506
v -0.25034478 0.02791838 -0.00180016
v -0.24412456 0.03318227 -0.00115455
v -0.24577573 0.02143548 0.00194501
v -0.24522177 0.02777581 0.00238158
v -0.26970542 0.00199885 0.00607614
v -0.26747328 0.00168579 0.00900369
v -0.19658250 0.05642400 -0.01680521
v -0.19986821 0.05112441 -0.01554483
v -0.19606608 0.05165616 -0.01502225
v -0.24911874 0.02795280 0.00123198
f 2152 627 721
f 5 722 721
f 721 722 2152
f 725 10 2153
f 2153 10 724
f 2 723 724
f 724 723 2153
f 723 627 2153
f 2153 627 719
f 15 725 719
f 719 725 2153
f 18 729 720
f 720 729 2154
f 729 19 2154
f 2154 19 728
f 728 705 2154
f 2154 705 727
f 15 720 727
f 727 720 2154
f 722 5 2155
f 2155 5 731
f 11 730 731
f 731 730 2155
f 733 5 2156
f 2156 5 721
f 627 723 721
f 721 723 2156
f 723 2 2156
f 2156 2 732
f 3 733 732
f 732 733 2156
f 724 10 2157
f 2157 10 736
f 9 735 736
f 736 735 2157
f 735 1 2157
f 2157 1 734
f 734 2 2157
f 2157 2 724
f 727 705 2158
f 2158 705 738
f 14 737 738
f 738 737 2158
f 737 10 2158
f 2158 10 725
f 15 727 725
f 725 727 2158
f 55 741 726
f 726 741 2159
f 741 54 2159
f 2159 54 740
f 19 729 740
f 740 729 2159
f 729 18 2159
f 2159 18 726
f 19 744 728
f 728 744 2160
f 744 39 2160
f 2160 39 743
f 31 742 743
f 743 742 2160
f 742 705 2160
f 2160 705 728
f 730 11 2161
f 2161 11 745
f 745 16 2161
f 2161 16 746
f 12 748 749
f 749 748 2162
f 748 11 2162
f 2162 11 731
f 5 747 731
f 731 747 2162
f 747 6 2162
f 2162 6 749
f 4 750 751
f 751 750 2163
f 750 3 2163
f 2163 3 732
f 2 734 732
f 732 734 2163
f 734 1 2163
f 2163 1 751
f 753 8 2164
f 2164 8 752
f 6 747 752
f 752 747 2164
f 5 733 747
f 747 733 2164
f 3 753 733
f 733 753 2164
f 30 755 756
f 756 755 2165
f 755 23 2165
f 2165 23 754
f 1 735 754
f 754 735 2165
f 735 9 2165
f 2165 9 756
f 758 9 2166
f 2166 9 736
f 10 737 736
f 736 737 2166
f 737 14 2166
f 2166 14 757
f 13 758 757
f 757 758 2166
f 705 742 738
f 738 742 2167
f 742 31 2167
f 2167 31 760
f 706 759 760
f 760 759 2167
f 759 14 2167
f 2167 14 738
f 764 54 2168
f 2168 54 741
f 741 55 2168
f 2168 55 739
f 61 763 739
f 739 763 2168
f 62 764 763
f 763 764 2168
f 54 766 740
f 740 766 2169
f 766 583 2169
f 2169 583 765
f 39 744 765
f 765 744 2169
f 744 19 2169
f 2169 19 740
f 700 768 769
f 769 768 2170
f 768 31 2170
f 2170 31 743
f 39 767 743
f 743 767 2170
f 767 671 2170
f 2170 671 769
f 16 770 746
f 746 770 2171
f 770 20 2171
f 2171 20 771
f 748 12 2172
f 2172 12 773
f 17 772 773
f 773 772 2172
f 16 745 772
f 772 745 2172
f 11 748 745
f 745 748 2172
f 776 26 2173
f 2173 26 775
f 33 774 775
f 775 774 2173
f 774 12 2173
f 2173 12 749
f 6 776 749
f 749 776 2173
f 8 753 778
f 778 753 2174
f 753 3 2174
f 2174 3 750
f 750 4 2174
f 2174 4 777
f 7 778 777
f 777 778 2174
f 23 780 754
f 754 780 2175
f 22 779 780
f 780 779 2175
f 779 4 2175
f 2175 4 751
f 1 754 751
f 751 754 2175
f 26 776 782
f 782 776 2176
f 776 6 2176
f 2176 6 752
f 8 781 752
f 752 781 2176
f 781 27 2176
f 2176 27 782
f 785 630 2177
f 2177 630 784
f 23 755 784
f 784 755 2177
f 755 30 2177
f 2177 30 783
f 628 785 783
f 783 785 2177
f 38 786 787
f 787 786 2178
f 786 30 2178
f 2178 30 756
f 9 758 756
f 756 758 2178
f 758 13 2178
f 2178 13 787
f 759 706 2179
f 2179 706 789
f 32 788 789
f 789 788 2179
f 788 13 2179
f 2179 13 757
f 14 759 757
f 757 759 2179
f 31 768 760
f 760 768 2180
f 768 700 2180
f 2180 700 791
f 707 790 791
f 791 790 2180
f 790 706 2180
f 2180 706 760
f 793 62 2181
f 2181 62 763
f 61 761 763
f 763 761 2181
f 761 48 2181
f 2181 48 792
f 47 793 792
f 792 793 2181
f 48 762 792
f 792 762 2182
f 762 41 2182
f 2182 41 795
f 40 794 795
f 795 794 2182
f 794 47 2182
f 2182 47 792
f 764 62 2183
f 2183 62 798
f 79 797 798
f 798 797 2183
f 797 583 2183
f 2183 583 766
f 54 764 766
f 766 764 2183
f 671 767 800
f 800 767 2184
f 767 39 2184
f 2184 39 765
f 583 799 765
f 765 799 2184
f 799 672 2184
f 2184 672 800
f 699 802 803
f 803 802 2185
f 802 700 2185
f 2185 700 769
f 671 801 769
f 769 801 2185
f 801 682 2185
f 2185 682 803
f 20 804 771
f 771 804 2186
f 804 24 2186
f 17 806 772
f 772 806 2187
f 806 21 2187
f 2187 21 805
f 20 770 805
f 805 770 2187
f 770 16 2187
f 2187 16 772
f 774 33 2188
f 2188 33 808
f 808 42 2188
f 2188 42 807
f 807 17 2188
f 2188 17 773
f 12 774 773
f 773 774 2188
f 654 810 811
f 811 810 2189
f 810 33 2189
f 2189 33 775
f 26 809 775
f 775 809 2189
f 809 653 2189
f 2189 653 811
f 779 22 2190
f 2190 22 813
f 29 812 813
f 813 812 2190
f 812 7 2190
f 2190 7 777
f 4 779 777
f 777 779 2190
f 28 814 815
f 815 814 2191
f 814 27 2191
f 2191 27 781
f 781 8 2191
f 2191 8 778
f 778 7 2191
f 2191 7 815
f 817 22 2192
f 2192 22 780
f 23 784 780
f 780 784 2192
f 784 630 2192
f 2192 630 816
f 631 817 816
f 816 817 2192
f 653 809 819
f 819 809 2193
f 809 26 2193
f 2193 26 782
f 27 818 782
f 782 818 2193
f 818 655 2193
f 2193 655 819
f 629 820 821
f 821 820 2194
f 820 628 2194
f 2194 628 783
f 30 786 783
f 783 786 2194
f 786 38 2194
f 2194 38 821
f 630 785 824
f 824 785 2195
f 785 628 2195
f 2195 628 823
f 46 822 823
f 823 822 2195
f 822 37 2195
f 2195 37 824
f 60 825 826
f 826 825 2196
f 825 38 2196
f 2196 38 787
f 13 788 787
f 787 788 2196
f 788 32 2196
f 2196 32 826
f 828 32 2197
f 2197 32 789
f 706 790 789
f 789 790 2197
f 790 707 2197
f 2197 707 827
f 701 828 827
f 827 828 2197
f 708 829 830
f 830 829 2198
f 829 707 2198
f 2198 707 791
f 700 802 791
f 791 802 2198
f 802 699 2198
f 2198 699 830
f 832 79 2199
f 2199 79 798
f 62 793 798
f 798 793 2199
f 793 47 2199
f 2199 47 831
f 70 832 831
f 831 832 2199
f 834 70 2200
f 2200 70 831
f 47 794 831
f 831 794 2200
f 794 40 2200
f 2200 40 833
f 65 834 833
f 833 834 2200
f 41 796 795
f 795 796 2201
f 796 24 2201
f 2201 24 836
f 25 835 836
f 836 835 2201
f 835 40 2201
f 2201 40 795
f 838 672 2202
f 2202 672 799
f 799 583 2202
f 2202 583 797
f 797 79 2202
f 2202 79 837
f 673 838 837
f 837 838 2202
f 682 801 840
f 840 801 2203
f 801 671 2203
f 2203 671 800
f 672 839 800
f 800 839 2203
f 683 840 839
f 839 840 2203
f 843 699 2204
f 2204 699 803
f 682 842 803
f 803 842 2204
f 842 685 2204
f 2204 685 841
f 697 843 841
f 841 843 2204
f 844 25 2205
f 2205 25 836
f 24 804 836
f 836 804 2205
f 804 20 2205
f 2205 20 805
f 21 844 805
f 805 844 2205
f 42 846 807
f 807 846 2206
f 846 49 2206
f 2206 49 845
f 21 806 845
f 845 806 2206
f 806 17 2206
f 2206 17 807
f 808 33 2207
f 2207 33 810
f 654 848 810
f 810 848 2207
f 848 656 2207
f 2207 656 847
f 42 808 847
f 847 808 2207
f 851 654 2208
f 2208 654 811
f 653 850 811
f 811 850 2208
f 850 717 2208
f 2208 717 849
f 716 851 849
f 849 851 2208
f 57 852 853
f 853 852 2209
f 852 28 2209
f 2209 28 815
f 7 812 815
f 815 812 2209
f 812 29 2209
f 2209 29 853
f 855 29 2210
f 2210 29 813
f 22 817 813
f 813 817 2210
f 817 631 2210
f 2210 631 854
f 632 855 854
f 854 855 2210
f 718 856 857
f 857 856 2211
f 856 655 2211
f 2211 655 818
f 27 814 818
f 818 814 2211
f 814 28 2211
f 2211 28 857
f 34 858 859
f 859 858 2212
f 858 631 2212
f 2212 631 816
f 630 824 816
f 816 824 2212
f 824 37 2212
f 2212 37 859
f 655 856 819
f 819 856 2213
f 856 718 2213
f 2213 718 860
f 717 850 860
f 860 850 2213
f 850 653 2213
f 2213 653 819
f 52 861 862
f 862 861 2214
f 861 46 2214
f 2214 46 823
f 628 820 823
f 823 820 2214
f 820 629 2214
f 2214 629 862
f 634 863 864
f 864 863 2215
f 863 629 2215
f 2215 629 821
f 38 825 821
f 821 825 2215
f 825 60 2215
f 2215 60 864
f 822 46 2216
f 2216 46 867
f 45 866 867
f 867 866 2216
f 866 36 2216
f 2216 36 865
f 37 822 865
f 865 822 2216
f 703 868 869
f 869 868 2217
f 868 60 2217
f 2217 60 826
f 32 828 826
f 826 828 2217
f 828 701 2217
f 2217 701 869
f 702 870 871
f 871 870 2218
f 870 701 2218
f 2218 701 827
f 707 829 827
f 827 829 2218
f 829 708 2218
f 2218 708 871
f 709 872 873
f 873 872 2219
f 872 708 2219
f 2219 708 830
f 699 843 830
f 830 843 2219
f 843 697 2219
f 2219 697 873
f 875 673 2220
f 2220 673 837
f 79 832 837
f 837 832 2220
f 832 70 2220
f 2220 70 874
f 664 875 874
f 874 875 2220
f 877 65 2221
f 2221 65 833
f 40 835 833
f 833 835 2221
f 835 25 2221
f 2221 25 876
f 56 877 876
f 876 877 2221
f 70 834 874
f 874 834 2222
f 834 65 2222
f 2222 65 879
f 662 878 879
f 879 878 2222
f 878 664 2222
f 2222 664 874
f 881 683 2223
f 2223 683 839
f 672 838 839
f 839 838 2223
f 838 673 2223
f 2223 673 880
f 684 881 880
f 880 881 2223
f 842 682 2224
f 2224 682 840
f 840 683 2224
f 2224 683 883
f 686 882 883
f 883 882 2224
f 882 685 2224
f 2224 685 842
f 669 885 886
f 886 885 2225
f 885 697 2225
f 2225 697 841
f 685 884 841
f 841 884 2225
f 884 688 2225
f 2225 688 886
f 49 887 845
f 845 887 2226
f 887 56 2226
f 2226 56 876
f 25 844 876
f 876 844 2226
f 844 21 2226
f 2226 21 845
f 49 846 889
f 889 846 2227
f 846 42 2227
f 2227 42 847
f 656 888 847
f 847 888 2227
f 888 657 2227
f 2227 657 889
f 848 654 2228
f 2228 654 892
f 618 891 892
f 892 891 2228
f 891 619 2228
f 2228 619 890
f 656 848 890
f 890 848 2228
f 895 716 2229
f 2229 716 849
f 717 894 849
f 849 894 2229
f 894 652 2229
f 2229 652 893
f 603 895 893
f 893 895 2229
f 654 851 892
f 892 851 2230
f 851 716 2230
f 2230 716 897
f 715 896 897
f 897 896 2230
f 896 618 2230
f 2230 618 892
f 852 57 2231
f 2231 57 899
f 649 898 899
f 899 898 2231
f 898 718 2231
f 2231 718 857
f 28 852 857
f 857 852 2231
f 633 900 901
f 901 900 2232
f 900 57 2232
f 2232 57 853
f 29 855 853
f 853 855 2232
f 855 632 2232
f 2232 632 901
f 903 632 2233
f 2233 632 854
f 631 858 854
f 854 858 2233
f 858 34 2233
f 2233 34 902
f 43 903 902
f 902 903 2233
f 37 865 859
f 859 865 2234
f 865 36 2234
f 2234 36 905
f 35 904 905
f 905 904 2234
f 904 34 2234
f 2234 34 859
f 898 649 2235
f 2235 649 906
f 652 894 906
f 906 894 2235
f 894 717 2235
f 2235 717 860
f 718 898 860
f 860 898 2235
f 53 907 908
f 908 907 2236
f 907 45 2236
f 2236 45 867
f 46 861 867
f 867 861 2236
f 861 52 2236
f 2236 52 908
f 69 909 910
f 910 909 2237
f 909 52 2237
f 2237 52 862
f 629 863 862
f 862 863 2237
f 863 634 2237
f 2237 634 910
f 912 665 2238
f 2238 665 911
f 911 634 2238
f 2238 634 864
f 60 868 864
f 864 868 2238
f 703 912 868
f 868 912 2238
f 59 914 915
f 915 914 2239
f 51 913 914
f 914 913 2239
f 36 866 913
f 913 866 2239
f 866 45 2239
f 2239 45 915
f 704 916 917
f 917 916 2240
f 916 703 2240
f 2240 703 869
f 701 870 869
f 869 870 2240
f 870 702 2240
f 2240 702 917
f 698 918 919
f 919 918 2241
f 918 702 2241
f 2241 702 871
f 708 872 871
f 871 872 2241
f 872 709 2241
f 2241 709 919
f 697 885 873
f 873 885 2242
f 885 669 2242
f 2242 669 921
f 710 920 921
f 921 920 2242
f 920 709 2242
f 2242 709 873
f 923 684 2243
f 2243 684 880
f 673 875 880
f 880 875 2243
f 875 664 2243
f 2243 664 922
f 663 923 922
f 922 923 2243
f 65 877 879
f 879 877 2244
f 877 56 2244
f 2244 56 925
f 660 924 925
f 925 924 2244
f 924 662 2244
f 2244 662 879
f 664 878 922
f 922 878 2245
f 878 662 2245
f 2245 662 927
f 661 926 927
f 927 926 2245
f 926 663 2245
f 2245 663 922
f 881 684 2246
f 2246 684 929
f 687 928 929
f 929 928 2246
f 928 686 2246
f 2246 686 883
f 683 881 883
f 883 881 2246
f 688 884 931
f 931 884 2247
f 685 882 884
f 884 882 2247
f 882 686 2247
f 2247 686 930
f 689 931 930
f 930 931 2247
f 668 933 934
f 934 933 2248
f 933 669 2248
f 2248 669 886
f 688 932 886
f 886 932 2248
f 932 691 2248
f 2248 691 934
f 935 660 2249
f 2249 660 925
f 56 887 925
f 925 887 2249
f 887 49 2249
f 2249 49 889
f 657 935 889
f 889 935 2249
f 657 888 937
f 937 888 2250
f 888 656 2250
f 2250 656 890
f 619 936 890
f 890 936 2250
f 936 658 2250
f 2250 658 937
f 612 939 940
f 940 939 2251
f 939 613 2251
f 2251 613 938
f 619 891 938
f 938 891 2251
f 891 618 2251
f 2251 618 940
f 943 603 2252
f 2252 603 893
f 652 942 893
f 893 942 2252
f 942 651 2252
f 2252 651 941
f 605 943 941
f 941 943 2252
f 603 945 895
f 895 945 2253
f 602 944 945
f 945 944 2253
f 944 715 2253
f 2253 715 897
f 716 895 897
f 897 895 2253
f 947 612 2254
f 2254 612 940
f 618 896 940
f 940 896 2254
f 896 715 2254
f 2254 715 946
f 714 947 946
f 946 947 2254
f 650 948 949
f 949 948 2255
f 948 649 2255
f 2255 649 899
f 57 900 899
f 899 900 2255
f 900 633 2255
f 2255 633 949
f 951 633 2256
f 2256 633 901
f 632 903 901
f 901 903 2256
f 903 43 2256
f 2256 43 950
f 63 951 950
f 950 951 2256
f 44 952 953
f 953 952 2257
f 952 43 2257
f 2257 43 902
f 34 904 902
f 902 904 2257
f 904 35 2257
f 2257 35 953
f 913 51 2258
f 2258 51 955
f 50 954 955
f 955 954 2258
f 954 35 2258
f 2258 35 905
f 36 913 905
f 905 913 2258
f 651 942 956
f 956 942 2259
f 942 652 2259
f 2259 652 906
f 649 948 906
f 906 948 2259
f 948 650 2259
f 2259 650 956
f 64 957 958
f 958 957 2260
f 957 59 2260
f 2260 59 915
f 45 907 915
f 915 907 2260
f 907 53 2260
f 2260 53 958
f 909 69 2261
f 2261 69 960
f 68 959 960
f 960 959 2261
f 959 53 2261
f 2261 53 908
f 52 909 908
f 908 909 2261
f 640 961 962
f 962 961 2262
f 961 69 2262
f 2262 69 910
f 634 911 910
f 910 911 2262
f 911 665 2262
f 2262 665 962
f 964 666 2263
f 2263 666 963
f 665 912 963
f 963 912 2263
f 912 703 2263
f 2263 703 916
f 916 704 2263
f 2263 704 964
f 967 76 2264
f 2264 76 966
f 67 965 966
f 966 965 2264
f 965 51 2264
f 2264 51 914
f 914 59 2264
f 2264 59 967
f 968 704 2265
f 2265 704 917
f 702 918 917
f 917 918 2265
f 918 698 2265
f 2265 698 968
f 970 698 2266
f 2266 698 919
f 709 920 919
f 919 920 2266
f 920 710 2266
f 2266 710 969
f 670 970 969
f 969 970 2266
f 669 933 921
f 921 933 2267
f 933 668 2267
f 2267 668 972
f 642 971 972
f 972 971 2267
f 971 710 2267
f 2267 710 921
f 974 687 2268
f 2268 687 929
f 684 923 929
f 929 923 2268
f 923 663 2268
f 2268 663 973
f 681 974 973
f 973 974 2268
f 662 924 927
f 927 924 2269
f 924 660 2269
f 2269 660 976
f 659 975 976
f 976 975 2269
f 975 661 2269
f 2269 661 927
f 978 681 2270
f 2270 681 973
f 663 926 973
f 973 926 2270
f 926 661 2270
f 2270 661 977
f 680 978 977
f 977 978 2270
f 980 689 2271
f 2271 689 930
f 686 928 930
f 930 928 2271
f 928 687 2271
f 2271 687 979
f 690 980 979
f 979 980 2271
f 691 932 982
f 982 932 2272
f 932 688 2272
f 2272 688 931
f 931 689 2272
f 2272 689 981
f 692 982 981
f 981 982 2272
f 667 984 985
f 985 984 2273
f 984 668 2273
f 2273 668 934
f 691 983 934
f 934 983 2273
f 983 694 2273
f 2273 694 985
f 986 659 2274
f 2274 659 976
f 660 935 976
f 976 935 2274
f 935 657 2274
f 2274 657 937
f 658 986 937
f 937 986 2274
f 658 936 988
f 988 936 2275
f 936 619 2275
f 2275 619 938
f 613 987 938
f 938 987 2275
f 987 614 2275
f 2275 614 988
f 991 589 2276
f 2276 589 990
f 613 939 990
f 990 939 2276
f 939 612 2276
f 2276 612 989
f 591 991 989
f 989 991 2276
f 604 993 994
f 994 993 2277
f 993 605 2277
f 2277 605 941
f 651 992 941
f 941 992 2277
f 992 648 2277
f 2277 648 994
f 997 610 2278
f 2278 610 996
f 603 943 996
f 996 943 2278
f 943 605 2278
f 2278 605 995
f 609 997 995
f 995 997 2278
f 999 714 2279
f 2279 714 946
f 715 944 946
f 946 944 2279
f 944 602 2279
f 2279 602 998
f 611 999 998
f 998 999 2279
f 610 1000 996
f 996 1000 2280
f 1000 611 2280
f 2280 611 998
f 998 602 2280
f 2280 602 945
f 945 603 2280
f 2280 603 996
f 1002 591 2281
f 2281 591 989
f 612 947 989
f 989 947 2281
f 947 714 2281
f 2281 714 1001
f 713 1002 1001
f 1001 1002 2281
f 647 1003 1004
f 1004 1003 2282
f 1003 650 2282
f 2282 650 949
f 633 951 949
f 949 951 2282
f 63 1004 951
f 951 1004 2282
f 1005 63 2283
f 2283 63 950
f 43 952 950
f 950 952 2283
f 952 44 2283
f 2283 44 1005
f 954 50 2284
f 2284 50 1007
f 58 1006 1007
f 1007 1006 2284
f 1006 44 2284
f 2284 44 953
f 35 954 953
f 953 954 2284
f 965 67 2285
f 2285 67 1009
f 66 1008 1009
f 1009 1008 2285
f 1008 50 2285
f 2285 50 955
f 51 965 955
f 955 965 2285
f 648 992 1010
f 1010 992 2286
f 992 651 2286
f 2286 651 956
f 650 1003 956
f 956 1003 2286
f 1003 647 2286
f 2286 647 1010
f 81 1011 1012
f 1012 1011 2287
f 1011 76 2287
f 2287 76 967
f 59 957 967
f 967 957 2287
f 957 64 2287
f 2287 64 1012
f 82 1013 1014
f 1014 1013 2288
f 1013 64 2288
f 2288 64 958
f 53 959 958
f 958 959 2288
f 959 68 2288
f 2288 68 1014
f 69 1017 960
f 960 1017 2289
f 1017 78 2289
f 2289 78 1016
f 77 1015 1016
f 1016 1015 2289
f 1015 68 2289
f 2289 68 960
f 961 640 2290
f 2290 640 1019
f 636 1018 1019
f 1019 1018 2290
f 1018 78 2290
f 2290 78 1017
f 69 961 1017
f 1017 961 2290
f 1021 646 2291
f 2291 646 1020
f 1020 640 2291
f 2291 640 962
f 962 665 2291
f 2291 665 963
f 666 1021 963
f 963 1021 2291
f 698 970 968
f 968 970 2292
f 970 670 2292
f 2292 670 1022
f 666 964 1022
f 1022 964 2292
f 964 704 2292
f 2292 704 968
f 76 1025 966
f 966 1025 2293
f 80 1024 1025
f 1025 1024 2293
f 1024 75 2293
f 2293 75 1023
f 1023 67 2293
f 2293 67 966
f 1027 670 2294
f 2294 670 969
f 710 971 969
f 969 971 2294
f 971 642 2294
f 2294 642 1026
f 641 1027 1026
f 1026 1027 2294
f 1029 642 2295
f 2295 642 972
f 668 984 972
f 972 984 2295
f 984 667 2295
f 2295 667 1028
f 643 1029 1028
f 1028 1029 2295
f 1031 690 2296
f 2296 690 979
f 687 974 979
f 979 974 2296
f 974 681 2296
f 2296 681 1030
f 679 1031 1030
f 1030 1031 2296
f 1033 680 2297
f 2297 680 977
f 661 975 977
f 977 975 2297
f 975 659 2297
f 2297 659 1032
f 615 1033 1032
f 1032 1033 2297
f 681 978 1030
f 1030 978 2298
f 978 680 2298
f 2298 680 1035
f 678 1034 1035
f 1035 1034 2298
f 1034 679 2298
f 2298 679 1030
f 1037 692 2299
f 2299 692 981
f 689 980 981
f 981 980 2299
f 980 690 2299
f 2299 690 1036
f 693 1037 1036
f 1036 1037 2299
f 694 983 1039
f 1039 983 2300
f 983 691 2300
f 2300 691 982
f 982 692 2300
f 2300 692 1038
f 695 1039 1038
f 1038 1039 2300
f 1042 667 2301
f 2301 667 985
f 694 1041 985
f 985 1041 2301
f 1041 156 2301
f 2301 156 1040
f 116 1042 1040
f 1040 1042 2301
f 1043 615 2302
f 2302 615 1032
f 659 986 1032
f 1032 986 2302
f 986 658 2302
f 2302 658 988
f 614 1043 988
f 988 1043 2302
f 614 987 1045
f 1045 987 2303
f 987 613 2303
f 2303 613 990
f 589 1044 990
f 990 1044 2303
f 1044 585 2303
f 2303 585 1045
f 1048 588 2304
f 2304 588 1047
f 589 991 1047
f 1047 991 2304
f 991 591 2304
f 2304 591 1046
f 590 1048 1046
f 1046 1048 2304
f 608 1049 1050
f 1050 1049 2305
f 1049 609 2305
f 2305 609 995
f 605 993 995
f 995 993 2305
f 993 604 2305
f 2305 604 1050
f 606 1052 1053
f 1053 1052 2306
f 1052 604 2306
f 2306 604 994
f 648 1051 994
f 994 1051 2306
f 1051 645 2306
f 2306 645 1053
f 595 1055 1056
f 1056 1055 2307
f 1055 601 2307
f 2307 601 1054
f 610 997 1054
f 1054 997 2307
f 997 609 2307
f 2307 609 1056
f 1058 713 2308
f 2308 713 1001
f 714 999 1001
f 1001 999 2308
f 999 611 2308
f 2308 611 1057
f 593 1058 1057
f 1057 1058 2308
f 1059 593 2309
f 2309 593 1057
f 611 1000 1057
f 1057 1000 2309
f 1000 610 2309
f 2309 610 1054
f 601 1059 1054
f 1054 1059 2309
f 1061 590 2310
f 2310 590 1046
f 591 1002 1046
f 1046 1002 2310
f 1002 713 2310
f 2310 713 1060
f 712 1061 1060
f 1060 1061 2310
f 635 1063 1064
f 1064 1063 2311
f 1063 647 2311
f 2311 647 1004
f 63 1062 1004
f 1004 1062 2311
f 1062 71 2311
f 2311 71 1064
f 72 1065 1066
f 1066 1065 2312
f 71 1062 1065
f 1065 1062 2312
f 63 1005 1062
f 1062 1005 2312
f 44 1066 1005
f 1005 1066 2312
f 83 1067 1068
f 1068 1067 2313
f 1067 72 2313
f 2313 72 1066
f 44 1006 1066
f 1066 1006 2313
f 1006 58 2313
f 2313 58 1068
f 1008 66 2314
f 2314 66 1070
f 73 1069 1070
f 1070 1069 2314
f 1069 58 2314
f 2314 58 1007
f 50 1008 1007
f 1007 1008 2314
f 67 1023 1009
f 1009 1023 2315
f 1023 75 2315
f 2315 75 1072
f 74 1071 1072
f 1072 1071 2315
f 1071 66 2315
f 2315 66 1009
f 645 1051 1073
f 1073 1051 2316
f 1051 648 2316
f 2316 648 1010
f 647 1063 1010
f 1010 1063 2316
f 1063 635 2316
f 2316 635 1073
f 1011 81 2317
f 2317 81 1075
f 88 1074 1075
f 1075 1074 2317
f 1074 80 2317
f 2317 80 1025
f 76 1011 1025
f 1025 1011 2317
f 95 1076 1077
f 1077 1076 2318
f 1076 81 2318
f 2318 81 1012
f 64 1013 1012
f 1012 1013 2318
f 1013 82 2318
f 2318 82 1077
f 89 1078 1079
f 1079 1078 2319
f 1078 82 2319
f 2319 82 1014
f 68 1015 1014
f 1014 1015 2319
f 1015 77 2319
f 2319 77 1079
f 77 1016 1081
f 1081 1016 2320
f 1016 78 2320
f 2320 78 1080
f 71 1065 1080
f 1080 1065 2320
f 1065 72 2320
f 2320 72 1081
f 71 1080 1064
f 1064 1080 2321
f 78 1018 1080
f 1080 1018 2321
f 1018 636 2321
f 2321 636 1082
f 1082 635 2321
f 2321 635 1064
f 646 1084 1020
f 1020 1084 2322
f 1084 644 2322
f 2322 644 1083
f 636 1019 1083
f 1083 1019 2322
f 640 1020 1019
f 1019 1020 2322
f 670 1027 1022
f 1022 1027 2323
f 1027 641 2323
f 2323 641 1085
f 646 1021 1085
f 1085 1021 2323
f 1021 666 2323
f 2323 666 1022
f 1024 80 2324
f 2324 80 1087
f 87 1086 1087
f 1087 1086 2324
f 1086 74 2324
f 2324 74 1072
f 1072 75 2324
f 2324 75 1024
f 642 1090 1026
f 1026 1090 2325
f 1090 639 2325
f 2325 639 1089
f 637 1088 1089
f 1089 1088 2325
f 1088 641 2325
f 2325 641 1026
f 113 1091 1092
f 1092 1091 2326
f 1091 643 2326
f 2326 643 1028
f 667 1042 1028
f 1028 1042 2326
f 1042 116 2326
f 2326 116 1092
f 1094 639 2327
f 2327 639 1090
f 642 1029 1090
f 1090 1029 2327
f 1029 643 2327
f 2327 643 1093
f 638 1094 1093
f 1093 1094 2327
f 1096 693 2328
f 2328 693 1036
f 690 1031 1036
f 1036 1031 2328
f 1031 679 2328
f 2328 679 1095
f 677 1096 1095
f 1095 1096 2328
f 680 1033 1035
f 1035 1033 2329
f 1033 615 2329
f 2329 615 1098
f 586 1097 1098
f 1098 1097 2329
f 1097 678 2329
f 2329 678 1035
f 679 1034 1095
f 1095 1034 2330
f 1034 678 2330
f 2330 678 1100
f 676 1099 1100
f 1100 1099 2330
f 1099 677 2330
f 2330 677 1095
f 1102 695 2331
f 2331 695 1038
f 692 1037 1038
f 1038 1037 2331
f 1037 693 2331
f 2331 693 1101
f 696 1102 1101
f 1101 1102 2331
f 694 1039 1105
f 1105 1039 2332
f 695 1104 1039
f 1039 1104 2332
f 193 1103 1104
f 1104 1103 2332
f 158 1105 1103
f 1103 1105 2332
f 156 1108 1040
f 1040 1108 2333
f 155 1107 1108
f 1108 1107 2333
f 115 1106 1107
f 1107 1106 2333
f 1106 116 2333
f 2333 116 1040
f 1110 156 2334
f 2334 156 1041
f 694 1105 1041
f 1041 1105 2334
f 1105 158 2334
f 2334 158 1109
f 157 1110 1109
f 1109 1110 2334
f 1111 586 2335
f 2335 586 1098
f 615 1043 1098
f 1098 1043 2335
f 1043 614 2335
f 2335 614 1045
f 585 1111 1045
f 1045 1111 2335
f 585 1044 1113
f 1113 1044 2336
f 1044 589 2336
f 2336 589 1047
f 588 1112 1047
f 1047 1112 2336
f 1112 584 2336
f 2336 584 1113
f 588 1048 1116
f 1116 1048 2337
f 1048 590 2337
f 2337 590 1115
f 625 1114 1115
f 1115 1114 2337
f 1114 623 2337
f 2337 623 1116
f 609 1049 1056
f 1056 1049 2338
f 608 1118 1049
f 1049 1118 2338
f 594 1117 1118
f 1118 1117 2338
f 1117 595 2338
f 2338 595 1056
f 617 1119 1120
f 1120 1119 2339
f 608 1050 1119
f 1119 1050 2339
f 604 1052 1050
f 1050 1052 2339
f 1052 606 2339
f 2339 606 1120
f 637 1122 1123
f 1123 1122 2340
f 1122 606 2340
f 2340 606 1053
f 645 1121 1053
f 1053 1121 2340
f 1121 644 2340
f 2340 644 1123
f 1126 600 2341
f 2341 600 1125
f 601 1055 1125
f 1125 1055 2341
f 1055 595 2341
f 2341 595 1124
f 596 1126 1124
f 1124 1126 2341
f 592 1127 1128
f 1128 1127 2342
f 1127 712 2342
f 2342 712 1060
f 713 1058 1060
f 1060 1058 2342
f 1058 593 2342
f 2342 593 1128
f 1129 592 2343
f 2343 592 1128
f 593 1059 1128
f 1128 1059 2343
f 1059 601 2343
f 2343 601 1125
f 600 1129 1125
f 1125 1129 2343
f 1131 625 2344
f 2344 625 1115
f 590 1061 1115
f 1115 1061 2344
f 1061 712 2344
f 2344 712 1130
f 711 1131 1130
f 1130 1131 2344
f 1067 83 2345
f 2345 83 1132
f 89 1079 1132
f 1132 1079 2345
f 1079 77 2345
f 2345 77 1081
f 72 1067 1081
f 1081 1067 2345
f 96 1133 1134
f 1134 1133 2346
f 1133 83 2346
f 2346 83 1068
f 58 1069 1068
f 1068 1069 2346
f 1069 73 2346
f 2346 73 1134
f 1137 84 2347
f 2347 84 1136
f 85 1135 1136
f 1136 1135 2347
f 1135 73 2347
f 2347 73 1070
f 66 1137 1070
f 1070 1137 2347
f 1139 86 2348
f 2348 86 1138
f 84 1137 1138
f 1138 1137 2348
f 66 1071 1137
f 1137 1071 2348
f 1071 74 2348
f 2348 74 1139
f 635 1082 1073
f 1073 1082 2349
f 1082 636 2349
f 2349 636 1083
f 644 1121 1083
f 1083 1121 2349
f 1121 645 2349
f 2349 645 1073
f 1074 88 2350
f 2350 88 1141
f 90 1140 1141
f 1141 1140 2350
f 1140 87 2350
f 2350 87 1087
f 80 1074 1087
f 1087 1074 2350
f 1076 95 2351
f 2351 95 1143
f 1143 102 2351
f 2351 102 1142
f 1142 88 2351
f 2351 88 1075
f 81 1076 1075
f 1075 1076 2351
f 103 1144 1145
f 1145 1144 2352
f 1144 95 2352
f 2352 95 1077
f 82 1078 1077
f 1077 1078 2352
f 1078 89 2352
f 2352 89 1145
f 641 1088 1085
f 1085 1088 2353
f 1088 637 2353
f 2353 637 1123
f 644 1084 1123
f 1123 1084 2353
f 1084 646 2353
f 2353 646 1085
f 1147 94 2354
f 2354 94 1146
f 86 1139 1146
f 1146 1139 2354
f 74 1086 1139
f 1139 1086 2354
f 87 1147 1086
f 1086 1147 2354
f 639 1148 1089
f 1089 1148 2355
f 1148 617 2355
f 2355 617 1120
f 606 1122 1120
f 1120 1122 2355
f 1122 637 2355
f 2355 637 1089
f 1150 638 2356
f 2356 638 1093
f 643 1091 1093
f 1093 1091 2356
f 1091 113 2356
f 2356 113 1149
f 130 1150 1149
f 1149 1150 2356
f 116 1106 1092
f 1092 1106 2357
f 1106 115 2357
f 2357 115 1152
f 114 1151 1152
f 1152 1151 2357
f 1151 113 2357
f 2357 113 1092
f 616 1153 1154
f 1154 1153 2358
f 1153 617 2358
f 2358 617 1148
f 639 1094 1148
f 1148 1094 2358
f 1094 638 2358
f 2358 638 1154
f 1156 696 2359
f 2359 696 1101
f 693 1096 1101
f 1101 1096 2359
f 1096 677 2359
f 2359 677 1155
f 675 1156 1155
f 1155 1156 2359
f 678 1097 1100
f 1100 1097 2360
f 1097 586 2360
f 2360 586 1158
f 587 1157 1158
f 1158 1157 2360
f 1157 676 2360
f 2360 676 1100
f 677 1099 1155
f 1155 1099 2361
f 1099 676 2361
f 2361 676 1160
f 674 1159 1160
f 1160 1159 2361
f 1159 675 2361
f 2361 675 1155
f 1163 222 2362
f 2362 222 1162
f 195 1161 1162
f 1162 1161 2362
f 695 1102 1161
f 1161 1102 2362
f 696 1163 1102
f 1102 1163 2362
f 1103 193 2363
f 2363 193 1166
f 192 1165 1166
f 1166 1165 2363
f 1165 172 2363
f 2363 172 1164
f 158 1103 1164
f 1164 1103 2363
f 1168 193 2364
f 2364 193 1104
f 695 1161 1104
f 1104 1161 2364
f 1161 195 2364
f 2364 195 1167
f 194 1168 1167
f 1167 1168 2364
f 205 1170 1171
f 1171 1170 2365
f 1170 154 2365
f 2365 154 1169
f 115 1107 1169
f 1169 1107 2365
f 1107 155 2365
f 2365 155 1171
f 148 1173 1174
f 1174 1173 2366
f 1173 155 2366
f 2366 155 1108
f 156 1172 1108
f 1108 1172 2366
f 1172 147 2366
f 2366 147 1174
f 158 1177 1109
f 1109 1177 2367
f 1177 145 2367
f 2367 145 1176
f 146 1175 1176
f 1176 1175 2367
f 1175 157 2367
f 2367 157 1109
f 1110 157 2368
f 2368 157 1175
f 146 1178 1175
f 1175 1178 2368
f 147 1172 1178
f 1178 1172 2368
f 156 1110 1172
f 1172 1110 2368
f 1179 587 2369
f 2369 587 1158
f 586 1111 1158
f 1158 1111 2369
f 1111 585 2369
f 2369 585 1113
f 584 1179 1113
f 1113 1179 2369
f 584 1112 1181
f 1181 1112 2370
f 1112 588 2370
f 2370 588 1116
f 623 1180 1116
f 1116 1180 2370
f 1180 622 2370
f 2370 622 1181
f 1184 174 2371
f 2371 174 1183
f 623 1114 1183
f 1183 1114 2371
f 1114 625 2371
f 2371 625 1182
f 177 1184 1182
f 1182 1184 2371
f 597 1185 1186
f 1186 1185 2372
f 1185 596 2372
f 2372 596 1124
f 595 1117 1124
f 1124 1117 2372
f 1117 594 2372
f 2372 594 1186
f 1189 594 2373
f 2373 594 1118
f 608 1188 1118
f 1118 1188 2373
f 1188 607 2373
f 2373 607 1187
f 599 1189 1187
f 1187 1189 2373
f 608 1119 1188
f 1188 1119 2374
f 1119 617 2374
f 2374 617 1153
f 1153 616 2374
f 2374 616 1190
f 607 1188 1190
f 1190 1188 2374
f 600 1126 1193
f 1193 1126 2375
f 1126 596 2375
f 2375 596 1192
f 620 1191 1192
f 1192 1191 2375
f 1191 626 2375
f 2375 626 1193
f 1195 711 2376
f 2376 711 1130
f 712 1127 1130
f 1130 1127 2376
f 1127 592 2376
f 2376 592 1194
f 621 1195 1194
f 1194 1195 2376
f 592 1129 1194
f 1194 1129 2377
f 1129 600 2377
f 2377 600 1193
f 626 1196 1193
f 1193 1196 2377
f 1196 621 2377
f 2377 621 1194
f 1198 177 2378
f 2378 177 1182
f 625 1131 1182
f 1182 1131 2378
f 1131 711 2378
f 2378 711 1197
f 138 1198 1197
f 1197 1198 2378
f 1133 96 2379
f 2379 96 1199
f 103 1145 1199
f 1199 1145 2379
f 1145 89 2379
f 2379 89 1132
f 83 1133 1132
f 1132 1133 2379
f 126 1200 1201
f 1201 1200 2380
f 1200 96 2380
f 2380 96 1134
f 73 1135 1134
f 1134 1135 2380
f 1135 85 2380
f 2380 85 1201
f 1204 91 2381
f 2381 91 1203
f 92 1202 1203
f 1203 1202 2381
f 1202 85 2381
f 2381 85 1136
f 84 1204 1136
f 1136 1204 2381
f 1206 93 2382
f 2382 93 1205
f 91 1204 1205
f 1205 1204 2382
f 1204 84 2382
f 2382 84 1138
f 86 1206 1138
f 1138 1206 2382
f 101 1207 1208
f 1208 1207 2383
f 94 1147 1207
f 1207 1147 2383
f 1147 87 2383
f 2383 87 1140
f 1140 90 2383
f 2383 90 1208
f 1142 102 2384
f 2384 102 1210
f 112 1209 1210
f 1210 1209 2384
f 1209 90 2384
f 2384 90 1141
f 88 1142 1141
f 1141 1142 2384
f 95 1144 1143
f 1143 1144 2385
f 1144 103 2385
f 2385 103 1211
f 112 1210 1211
f 1211 1210 2385
f 1210 102 2385
f 2385 102 1143
f 93 1206 1213
f 1213 1206 2386
f 1206 86 2386
f 2386 86 1146
f 94 1212 1146
f 1146 1212 2386
f 1212 100 2386
f 2386 100 1213
f 113 1151 1149
f 1149 1151 2387
f 1151 114 2387
f 2387 114 1215
f 131 1214 1215
f 1215 1214 2387
f 1214 130 2387
f 2387 130 1149
f 1217 616 2388
f 2388 616 1154
f 638 1150 1154
f 1154 1150 2388
f 1150 130 2388
f 2388 130 1216
f 104 1217 1216
f 1216 1217 2388
f 1169 154 2389
f 2389 154 1219
f 153 1218 1219
f 1219 1218 2389
f 1218 114 2389
f 2389 114 1152
f 115 1169 1152
f 1152 1169 2389
f 696 1156 1222
f 1222 1156 2390
f 1156 675 2390
f 2390 675 1221
f 225 1220 1221
f 1221 1220 2390
f 224 1222 1220
f 1220 1222 2390
f 676 1157 1160
f 1160 1157 2391
f 1157 587 2391
f 2391 587 1224
f 624 1223 1224
f 1224 1223 2391
f 1223 674 2391
f 2391 674 1160
f 675 1159 1221
f 1221 1159 2392
f 1159 674 2392
f 2392 674 1226
f 228 1225 1226
f 1226 1225 2392
f 1225 225 2392
f 2392 225 1221
f 222 1229 1162
f 1162 1229 2393
f 1229 221 2393
f 2393 221 1228
f 206 1227 1228
f 1228 1227 2393
f 1227 195 2393
f 2393 195 1162
f 224 1231 1222
f 1222 1231 2394
f 1231 223 2394
f 2394 223 1230
f 222 1163 1230
f 1230 1163 2394
f 1163 696 2394
f 2394 696 1222
f 158 1164 1177
f 1177 1164 2395
f 1164 172 2395
f 2395 172 1233
f 162 1232 1233
f 1233 1232 2395
f 1232 145 2395
f 2395 145 1177
f 239 1235 1236
f 1236 1235 2396
f 1235 220 2396
f 2396 220 1234
f 172 1165 1234
f 1234 1165 2396
f 1165 192 2396
f 2396 192 1236
f 185 1238 1239
f 1239 1238 2397
f 1238 192 2397
f 2397 192 1166
f 193 1237 1166
f 1166 1237 2397
f 1237 184 2397
f 2397 184 1239
f 195 1242 1167
f 1167 1242 2398
f 182 1241 1242
f 1242 1241 2398
f 183 1240 1241
f 1241 1240 2398
f 1240 194 2398
f 2398 194 1167
f 1168 194 2399
f 2399 194 1240
f 183 1243 1240
f 1240 1243 2399
f 184 1237 1243
f 1243 1237 2399
f 193 1168 1237
f 1237 1168 2399
f 260 1245 1246
f 1246 1245 2400
f 1245 219 2400
f 2400 219 1244
f 154 1170 1244
f 1244 1170 2400
f 1170 205 2400
f 2400 205 1246
f 203 1247 1248
f 1248 1247 2401
f 1247 205 2401
f 2401 205 1171
f 155 1173 1171
f 1171 1173 2401
f 1173 148 2401
f 2401 148 1248
f 125 1250 1251
f 1251 1250 2402
f 1250 148 2402
f 2402 148 1174
f 147 1249 1174
f 1174 1249 2402
f 1249 124 2402
f 2402 124 1251
f 1254 123 2403
f 2403 123 1253
f 146 1176 1253
f 1253 1176 2403
f 1176 145 2403
f 2403 145 1252
f 122 1254 1252
f 1252 1254 2403
f 124 1249 1255
f 1255 1249 2404
f 1249 147 2404
f 2404 147 1178
f 146 1253 1178
f 1178 1253 2404
f 1253 123 2404
f 2404 123 1255
f 1256 624 2405
f 2405 624 1224
f 587 1179 1224
f 1224 1179 2405
f 1179 584 2405
f 2405 584 1181
f 622 1256 1181
f 1181 1256 2405
f 1258 175 2406
f 2406 175 1257
f 622 1180 1257
f 1257 1180 2406
f 1180 623 2406
f 2406 623 1183
f 174 1258 1183
f 1183 1258 2406
f 179 1260 1261
f 1261 1260 2407
f 1260 178 2407
f 2407 178 1259
f 174 1184 1259
f 1259 1184 2407
f 1184 177 2407
f 2407 177 1261
f 596 1185 1192
f 1192 1185 2408
f 1185 597 2408
f 2408 597 1263
f 1263 598 2408
f 2408 598 1262
f 1262 620 2408
f 2408 620 1192
f 594 1189 1186
f 1186 1189 2409
f 1189 599 2409
f 2409 599 1264
f 598 1263 1264
f 1264 1263 2409
f 1263 597 2409
f 2409 597 1186
f 121 1266 1267
f 1267 1266 2410
f 1266 599 2410
f 2410 599 1187
f 607 1265 1187
f 1187 1265 2410
f 1265 105 2410
f 2410 105 1267
f 105 1265 1268
f 1268 1265 2411
f 1265 607 2411
f 2411 607 1190
f 616 1217 1190
f 1190 1217 2411
f 1217 104 2411
f 2411 104 1268
f 1271 140 2412
f 2412 140 1270
f 626 1191 1270
f 1270 1191 2412
f 1191 620 2412
f 2412 620 1269
f 119 1271 1269
f 1269 1271 2412
f 711 1195 1197
f 1197 1195 2413
f 1195 621 2413
f 2413 621 1273
f 137 1272 1273
f 1273 1272 2413
f 1272 138 2413
f 2413 138 1197
f 1274 137 2414
f 2414 137 1273
f 621 1196 1273
f 1273 1196 2414
f 1196 626 2414
f 2414 626 1270
f 140 1274 1270
f 1270 1274 2414
f 180 1275 1276
f 1276 1275 2415
f 1275 179 2415
f 2415 179 1261
f 177 1198 1261
f 1261 1198 2415
f 1198 138 2415
f 2415 138 1276
f 126 1278 1200
f 1200 1278 2416
f 1278 133 2416
f 2416 133 1277
f 103 1199 1277
f 1277 1199 2416
f 1199 96 2416
f 2416 96 1200
f 151 1279 1280
f 1280 1279 2417
f 1279 126 2417
f 2417 126 1201
f 85 1202 1201
f 1201 1202 2417
f 1202 92 2417
f 2417 92 1280
f 98 1282 1283
f 1283 1282 2418
f 1282 92 2418
f 2418 92 1203
f 91 1281 1203
f 1203 1281 2418
f 1281 97 2418
f 2418 97 1283
f 93 1285 1205
f 1205 1285 2419
f 1285 99 2419
f 2419 99 1284
f 97 1281 1284
f 1284 1281 2419
f 1281 91 2419
f 2419 91 1205
f 152 1286 1287
f 1287 1286 2420
f 100 1212 1286
f 1286 1212 2420
f 1212 94 2420
f 2420 94 1207
f 1207 101 2420
f 2420 101 1287
f 135 1288 1289
f 1289 1288 2421
f 1288 101 2421
f 2421 101 1208
f 90 1209 1208
f 1208 1209 2421
f 1209 112 2421
f 2421 112 1289
f 1277 133 2422
f 2422 133 1290
f 135 1289 1290
f 1290 1289 2422
f 1289 112 2422
f 2422 112 1211
f 103 1277 1211
f 1211 1277 2422
f 1285 93 2423
f 2423 93 1213
f 100 1292 1213
f 1213 1292 2423
f 1292 111 2423
f 2423 111 1291
f 99 1285 1291
f 1291 1285 2423
f 130 1214 1216
f 1216 1214 2424
f 1214 131 2424
f 2424 131 1294
f 107 1293 1294
f 1294 1293 2424
f 1293 104 2424
f 2424 104 1216
f 1218 153 2425
f 2425 153 1296
f 171 1295 1296
f 1296 1295 2425
f 1295 131 2425
f 2425 131 1215
f 114 1218 1215
f 1215 1218 2425
f 1244 219 2426
f 2426 219 1298
f 1298 218 2426
f 2426 218 1297
f 1297 153 2426
f 2426 153 1219
f 154 1244 1219
f 1219 1244 2426
f 240 1300 1301
f 1301 1300 2427
f 224 1220 1300
f 1300 1220 2427
f 1220 225 2427
f 2427 225 1299
f 226 1301 1299
f 1299 1301 2427
f 674 1223 1226
f 1226 1223 2428
f 1223 624 2428
f 2428 624 1303
f 207 1302 1303
f 1303 1302 2428
f 1302 228 2428
f 2428 228 1226
f 1225 228 2429
f 2429 228 1305
f 227 1304 1305
f 1305 1304 2429
f 1304 226 2429
f 2429 226 1299
f 225 1225 1299
f 1299 1225 2429
f 195 1227 1242
f 1242 1227 2430
f 1227 206 2430
f 2430 206 1307
f 201 1306 1307
f 1307 1306 2430
f 1306 182 2430
f 2430 182 1242
f 1310 261 2431
f 2431 261 1309
f 250 1308 1309
f 1309 1308 2431
f 1308 206 2431
f 2431 206 1228
f 221 1310 1228
f 1228 1310 2431
f 1313 213 2432
f 2432 213 1312
f 221 1229 1312
f 1312 1229 2432
f 1229 222 2432
f 2432 222 1311
f 212 1313 1311
f 1311 1313 2432
f 1230 223 2433
f 2433 223 1315
f 211 1314 1315
f 1315 1314 2433
f 1314 212 2433
f 2433 212 1311
f 222 1230 1311
f 1311 1230 2433
f 224 1317 1231
f 1231 1317 2434
f 210 1316 1317
f 1317 1316 2434
f 1316 211 2434
f 2434 211 1315
f 1315 223 2434
f 2434 223 1231
f 1319 122 2435
f 2435 122 1252
f 145 1232 1252
f 1252 1232 2435
f 1232 162 2435
f 2435 162 1318
f 132 1319 1318
f 1318 1319 2435
f 220 1321 1234
f 1234 1321 2436
f 215 1320 1321
f 1321 1320 2436
f 1320 162 2436
f 2436 162 1233
f 172 1234 1233
f 1233 1234 2436
f 289 1323 1324
f 1324 1323 2437
f 1323 273 2437
f 2437 273 1322
f 220 1235 1322
f 1322 1235 2437
f 1235 239 2437
f 2437 239 1324
f 232 1325 1326
f 1326 1325 2438
f 1325 239 2438
f 2438 239 1236
f 192 1238 1236
f 1236 1238 2438
f 1238 185 2438
f 2438 185 1326
f 1329 144 2439
f 2439 144 1328
f 1328 185 2439
f 2439 185 1239
f 184 1327 1239
f 1239 1327 2439
f 143 1329 1327
f 1327 1329 2439
f 1332 142 2440
f 2440 142 1331
f 183 1241 1331
f 1331 1241 2440
f 1241 182 2440
f 2440 182 1330
f 141 1332 1330
f 1330 1332 2440
f 1333 143 2441
f 2441 143 1327
f 1327 184 2441
f 2441 184 1243
f 1243 183 2441
f 2441 183 1331
f 142 1333 1331
f 1331 1333 2441
f 260 1336 1245
f 1245 1336 2442
f 1336 272 2442
f 2442 272 1335
f 238 1334 1335
f 1335 1334 2442
f 1334 219 2442
f 2442 219 1245
f 258 1337 1338
f 1338 1337 2443
f 1337 260 2443
f 2443 260 1246
f 205 1247 1246
f 1246 1247 2443
f 1247 203 2443
f 2443 203 1338
f 1340 203 2444
f 2444 203 1248
f 148 1250 1248
f 1248 1250 2444
f 1250 125 2444
f 2444 125 1339
f 163 1340 1339
f 1339 1340 2444
f 1343 125 2445
f 2445 125 1251
f 124 1342 1251
f 1251 1342 2445
f 105 1341 1342
f 1342 1341 2445
f 1341 106 2445
f 2445 106 1343
f 1346 123 2446
f 2446 123 1254
f 1254 122 2446
f 2446 122 1345
f 118 1344 1345
f 1345 1344 2446
f 121 1346 1344
f 1344 1346 2446
f 1342 124 2447
f 2447 124 1255
f 123 1346 1255
f 1255 1346 2447
f 1346 121 2447
f 2447 121 1267
f 105 1342 1267
f 1267 1342 2447
f 624 1256 1303
f 1303 1256 2448
f 1256 622 2448
f 2448 622 1257
f 175 1347 1257
f 1257 1347 2448
f 1347 207 2448
f 2448 207 1303
f 176 1349 1350
f 1350 1349 2449
f 175 1258 1349
f 1349 1258 2449
f 174 1348 1258
f 1258 1348 2449
f 1348 173 2449
f 2449 173 1350
f 178 1352 1259
f 1259 1352 2450
f 1352 198 2450
f 2450 198 1351
f 173 1348 1351
f 1351 1348 2450
f 1348 174 2450
f 2450 174 1259
f 1260 179 2451
f 2451 179 1354
f 211 1316 1354
f 1354 1316 2451
f 1316 210 2451
f 2451 210 1353
f 178 1260 1353
f 1353 1260 2451
f 119 1269 1356
f 1356 1269 2452
f 1269 620 2452
f 2452 620 1262
f 598 1355 1262
f 1262 1355 2452
f 1355 118 2452
f 2452 118 1356
f 1266 121 2453
f 2453 121 1344
f 118 1355 1344
f 1344 1355 2453
f 1355 598 2453
f 2453 598 1264
f 599 1266 1264
f 1264 1266 2453
f 1293 107 2454
f 2454 107 1357
f 106 1341 1357
f 1357 1341 2454
f 1341 105 2454
f 2454 105 1268
f 104 1293 1268
f 1268 1293 2454
f 143 1333 1359
f 1359 1333 2455
f 1333 142 2455
f 2455 142 1358
f 140 1271 1358
f 1358 1271 2455
f 119 1359 1271
f 1271 1359 2455
f 1362 139 2456
f 2456 139 1361
f 138 1272 1361
f 1361 1272 2456
f 1272 137 2456
f 2456 137 1360
f 136 1362 1360
f 1360 1362 2456
f 142 1332 1358
f 1358 1332 2457
f 1332 141 2457
f 2457 141 1363
f 137 1274 1363
f 1363 1274 2457
f 1274 140 2457
f 2457 140 1358
f 1275 180 2458
f 2458 180 1364
f 212 1314 1364
f 1364 1314 2458
f 1314 211 2458
f 2458 211 1354
f 179 1275 1354
f 1354 1275 2458
f 1366 181 2459
f 2459 181 1365
f 1365 180 2459
f 2459 180 1276
f 138 1361 1276
f 1276 1361 2459
f 139 1366 1361
f 1361 1366 2459
f 1279 151 2460
f 2460 151 1368
f 164 1367 1368
f 1368 1367 2460
f 1367 133 2460
f 2460 133 1278
f 126 1279 1278
f 1278 1279 2460
f 165 1369 1370
f 1370 1369 2461
f 1369 151 2461
f 2461 151 1280
f 92 1282 1280
f 1280 1282 2461
f 1282 98 2461
f 2461 98 1370
f 109 1372 1373
f 1373 1372 2462
f 1372 98 2462
f 2462 98 1283
f 97 1371 1283
f 1283 1371 2462
f 1371 108 2462
f 2462 108 1373
f 1284 99 2463
f 2463 99 1375
f 110 1374 1375
f 1375 1374 2463
f 1374 108 2463
f 2463 108 1371
f 97 1284 1371
f 1371 1284 2463
f 152 1378 1286
f 1286 1378 2464
f 1378 169 2464
f 2464 169 1377
f 1377 129 2464
f 2464 129 1376
f 100 1286 1376
f 1376 1286 2464
f 1288 135 2465
f 2465 135 1380
f 170 1379 1380
f 1380 1379 2465
f 1379 152 2465
f 2465 152 1287
f 101 1288 1287
f 1287 1288 2465
f 1367 164 2466
f 2466 164 1381
f 1381 170 2466
f 2466 170 1380
f 135 1290 1380
f 1380 1290 2466
f 133 1367 1290
f 1290 1367 2466
f 1375 99 2467
f 2467 99 1291
f 111 1383 1291
f 1291 1383 2467
f 1383 127 2467
f 2467 127 1382
f 110 1375 1382
f 1382 1375 2467
f 100 1376 1292
f 1292 1376 2468
f 129 1385 1376
f 1376 1385 2468
f 1385 128 2468
f 2468 128 1384
f 111 1292 1384
f 1384 1292 2468
f 1295 171 2469
f 2469 171 1387
f 150 1386 1387
f 1387 1386 2469
f 1386 107 2469
f 2469 107 1294
f 131 1295 1294
f 1294 1295 2469
f 218 1389 1297
f 1297 1389 2470
f 236 1388 1389
f 1389 1388 2470
f 1388 171 2470
f 2470 171 1296
f 153 1297 1296
f 1296 1297 2470
f 1298 219 2471
f 2471 219 1334
f 238 1391 1334
f 1334 1391 2471
f 1391 237 2471
f 2471 237 1390
f 218 1298 1390
f 1390 1298 2471
f 224 1300 1317
f 1317 1300 2472
f 1300 240 2472
f 2472 240 1393
f 230 1392 1393
f 1393 1392 2472
f 1392 210 2472
f 2472 210 1317
f 1396 251 2473
f 2473 251 1395
f 240 1301 1395
f 1395 1301 2473
f 1301 226 2473
f 2473 226 1394
f 241 1396 1394
f 1394 1396 2473
f 1302 207 2474
f 2474 207 1398
f 208 1397 1398
f 1398 1397 2474
f 1397 227 2474
f 2474 227 1305
f 228 1302 1305
f 1305 1302 2474
f 1304 227 2475
f 2475 227 1400
f 242 1399 1400
f 1400 1399 2475
f 1399 241 2475
f 2475 241 1394
f 226 1304 1394
f 1394 1304 2475
f 1402 141 2476
f 2476 141 1330
f 182 1306 1330
f 1330 1306 2476
f 1306 201 2476
f 2476 201 1401
f 159 1402 1401
f 1401 1402 2476
f 1308 250 2477
f 2477 250 1404
f 244 1403 1404
f 1404 1403 2477
f 1403 201 2477
f 2477 201 1307
f 206 1308 1307
f 1307 1308 2477
f 1407 320 2478
f 2478 320 1406
f 305 1405 1406
f 1406 1405 2478
f 1405 250 2478
f 2478 250 1309
f 261 1407 1309
f 1309 1407 2478
f 1409 252 2479
f 2479 252 1408
f 261 1310 1408
f 1408 1310 2479
f 1310 221 2479
f 2479 221 1312
f 213 1409 1312
f 1312 1409 2479
f 181 1410 1365
f 1365 1410 2480
f 213 1313 1410
f 1410 1313 2480
f 1313 212 2480
f 2480 212 1364
f 180 1365 1364
f 1364 1365 2480
f 1320 215 2481
f 2481 215 1412
f 186 1411 1412
f 1412 1411 2481
f 1411 132 2481
f 2481 132 1318
f 162 1320 1318
f 1318 1320 2481
f 122 1319 1345
f 1345 1319 2482
f 1319 132 2482
f 2482 132 1414
f 117 1413 1414
f 1414 1413 2482
f 118 1345 1413
f 1413 1345 2482
f 1322 273 2483
f 2483 273 1416
f 264 1415 1416
f 1416 1415 2483
f 1415 215 2483
f 2483 215 1321
f 220 1322 1321
f 1321 1322 2483
f 1323 289 2484
f 2484 289 1419
f 304 1418 1419
f 1419 1418 2484
f 288 1417 1418
f 1418 1417 2484
f 1417 273 2484
f 2484 273 1323
f 279 1420 1421
f 1421 1420 2485
f 1420 289 2485
f 2485 289 1324
f 239 1325 1324
f 1324 1325 2485
f 1325 232 2485
f 2485 232 1421
f 1423 232 2486
f 2486 232 1326
f 185 1328 1326
f 1326 1328 2486
f 144 1422 1328
f 1328 1422 2486
f 1422 202 2486
f 2486 202 1423
f 144 1329 1425
f 1425 1329 2487
f 1329 143 2487
f 2487 143 1359
f 119 1424 1359
f 1359 1424 2487
f 1424 120 2487
f 2487 120 1425
f 272 1428 1335
f 1335 1428 2488
f 1428 285 2488
f 2488 285 1427
f 249 1426 1427
f 1427 1426 2488
f 1426 238 2488
f 2488 238 1335
f 1337 258 2489
f 2489 258 1430
f 1430 265 2489
f 2489 265 1429
f 272 1336 1429
f 1429 1336 2489
f 260 1337 1336
f 1336 1337 2489
f 1432 258 2490
f 2490 258 1338
f 203 1340 1338
f 1338 1340 2490
f 1340 163 2490
f 2490 163 1431
f 235 1432 1431
f 1431 1432 2490
f 1434 149 2491
f 2491 149 1433
f 163 1339 1433
f 1433 1339 2491
f 125 1343 1339
f 1339 1343 2491
f 1343 106 2491
f 2491 106 1434
f 1435 208 2492
f 2492 208 1398
f 207 1347 1398
f 1398 1347 2492
f 1347 175 2492
f 2492 175 1349
f 176 1435 1349
f 1349 1435 2492
f 1438 197 2493
f 2493 197 1437
f 176 1350 1437
f 1437 1350 2493
f 1350 173 2493
f 2493 173 1436
f 196 1438 1436
f 1436 1438 2493
f 198 1440 1351
f 1351 1440 2494
f 1440 209 2494
f 2494 209 1439
f 196 1436 1439
f 1439 1436 2494
f 1436 173 2494
f 2494 173 1351
f 1352 178 2495
f 2495 178 1353
f 210 1392 1353
f 1353 1392 2495
f 1392 230 2495
f 2495 230 1441
f 198 1352 1441
f 1441 1352 2495
f 120 1424 1442
f 1442 1424 2496
f 1424 119 2496
f 2496 119 1356
f 118 1413 1356
f 1356 1413 2496
f 1413 117 2496
f 2496 117 1442
f 1386 150 2497
f 2497 150 1443
f 149 1434 1443
f 1443 1434 2497
f 1434 106 2497
f 2497 106 1357
f 107 1386 1357
f 1357 1386 2497
f 1363 141 2498
f 2498 141 1402
f 159 1444 1402
f 1402 1444 2498
f 1444 136 2498
f 2498 136 1360
f 137 1363 1360
f 1360 1363 2498
f 199 1446 1447
f 1447 1446 2499
f 1446 200 2499
f 2499 200 1445
f 139 1362 1445
f 1445 1362 2499
f 1362 136 2499
f 2499 136 1447
f 1449 231 2500
f 2500 231 1448
f 181 1366 1448
f 1448 1366 2500
f 1366 139 2500
f 2500 139 1445
f 200 1449 1445
f 1445 1449 2500
f 187 1450 1451
f 1451 1450 2501
f 1450 164 2501
f 2501 164 1368
f 151 1369 1368
f 1368 1369 2501
f 1369 165 2501
f 2501 165 1451
f 1453 167 2502
f 2502 167 1452
f 1452 165 2502
f 2502 165 1370
f 98 1372 1370
f 1370 1372 2502
f 1372 109 2502
f 2502 109 1453
f 1455 166 2503
f 2503 166 1454
f 1454 167 2503
f 2503 167 1453
f 1453 109 2503
f 2503 109 1373
f 108 1455 1373
f 1373 1455 2503
f 1457 168 2504
f 2504 168 1456
f 166 1455 1456
f 1456 1455 2504
f 1455 108 2504
f 2504 108 1374
f 110 1457 1374
f 1374 1457 2504
f 1377 169 2505
f 2505 169 1459
f 190 1458 1459
f 1459 1458 2505
f 1458 128 2505
f 2505 128 1385
f 1385 129 2505
f 2505 129 1377
f 152 1461 1378
f 1378 1461 2506
f 191 1460 1461
f 1461 1460 2506
f 1460 190 2506
f 2506 190 1459
f 169 1378 1459
f 1459 1378 2506
f 1379 170 2507
f 2507 170 1463
f 188 1462 1463
f 1463 1462 2507
f 1462 191 2507
f 2507 191 1461
f 152 1379 1461
f 1461 1379 2507
f 164 1450 1381
f 1381 1450 2508
f 1450 187 2508
f 2508 187 1464
f 188 1463 1464
f 1464 1463 2508
f 1463 170 2508
f 2508 170 1381
f 189 1465 1466
f 1466 1465 2509
f 168 1457 1465
f 1465 1457 2509
f 1457 110 2509
f 2509 110 1382
f 127 1466 1382
f 1382 1466 2509
f 1383 111 2510
f 2510 111 1384
f 128 1468 1384
f 1384 1468 2510
f 134 1467 1468
f 1468 1467 2510
f 127 1383 1467
f 1467 1383 2510
f 236 1470 1388
f 1388 1470 2511
f 1470 217 2511
f 2511 217 1469
f 150 1387 1469
f 1469 1387 2511
f 1387 171 2511
f 2511 171 1388
f 1389 218 2512
f 2512 218 1390
f 237 1472 1390
f 1390 1472 2512
f 1472 248 2512
f 2512 248 1471
f 236 1389 1471
f 1471 1389 2512
f 238 1426 1391
f 1391 1426 2513
f 1426 249 2513
f 2513 249 1473
f 248 1472 1473
f 1473 1472 2513
f 1472 237 2513
f 2513 237 1391
f 240 1395 1393
f 1393 1395 2514
f 1395 251 2514
f 2514 251 1475
f 243 1474 1475
f 1475 1474 2514
f 1474 230 2514
f 2514 230 1393
f 1478 321 2515
f 2515 321 1477
f 336 1476 1477
f 1477 1476 2515
f 1476 251 2515
f 2515 251 1396
f 1396 241 2515
f 2515 241 1478
f 1397 208 2516
f 2516 208 1480
f 229 1479 1480
f 1480 1479 2516
f 1479 242 2516
f 2516 242 1400
f 227 1397 1400
f 1400 1397 2516
f 322 1481 1482
f 1482 1481 2517
f 1481 321 2517
f 2517 321 1478
f 241 1399 1478
f 1478 1399 2517
f 242 1482 1399
f 1399 1482 2517
f 1403 244 2518
f 2518 244 1484
f 214 1483 1484
f 1484 1483 2518
f 1483 159 2518
f 2518 159 1401
f 201 1403 1401
f 1401 1403 2518
f 1405 305 2519
f 2519 305 1486
f 294 1485 1486
f 1486 1485 2519
f 1485 244 2519
f 2519 244 1404
f 250 1405 1404
f 1404 1405 2519
f 1406 320 2520
f 2520 320 1489
f 335 1488 1489
f 1489 1488 2520
f 319 1487 1488
f 1488 1487 2520
f 1487 305 2520
f 2520 305 1406
f 308 1490 1491
f 1491 1490 2521
f 1490 320 2521
f 2521 320 1407
f 1407 261 2521
f 2521 261 1408
f 1408 252 2521
f 2521 252 1491
f 1492 252 2522
f 2522 252 1409
f 213 1410 1409
f 1409 1410 2522
f 1410 181 2522
f 2522 181 1448
f 231 1492 1448
f 1448 1492 2522
f 1411 186 2523
f 2523 186 1494
f 160 1493 1494
f 1494 1493 2523
f 1493 117 2523
f 2523 117 1414
f 132 1411 1414
f 1414 1411 2523
f 1415 264 2524
f 2524 264 1496
f 245 1495 1496
f 1496 1495 2524
f 1495 186 2524
f 2524 186 1412
f 215 1415 1412
f 1412 1415 2524
f 273 1417 1416
f 1416 1417 2525
f 1417 288 2525
f 2525 288 1498
f 1498 284 2525
f 2525 284 1497
f 1497 264 2525
f 2525 264 1416
f 1418 304 2526
f 2526 304 1501
f 1501 314 2526
f 2526 314 1500
f 299 1499 1500
f 1500 1499 2526
f 1499 288 2526
f 2526 288 1418
f 1420 279 2527
f 2527 279 1503
f 1503 295 2527
f 2527 295 1502
f 1502 304 2527
f 2527 304 1419
f 289 1420 1419
f 1419 1420 2527
f 1505 279 2528
f 2528 279 1421
f 232 1423 1421
f 1421 1423 2528
f 1423 202 2528
f 2528 202 1504
f 255 1505 1504
f 1504 1505 2528
f 202 1422 1507
f 1507 1422 2529
f 1422 144 2529
f 2529 144 1425
f 120 1506 1425
f 1425 1506 2529
f 1506 161 2529
f 2529 161 1507
f 1510 300 2530
f 2530 300 1509
f 271 1508 1509
f 1509 1508 2530
f 1508 249 2530
f 2530 249 1427
f 285 1510 1427
f 1427 1510 2530
f 266 1511 1512
f 1512 1511 2531
f 285 1428 1511
f 1511 1428 2531
f 1428 272 2531
f 2531 272 1429
f 1429 265 2531
f 2531 265 1512
f 1432 235 2532
f 2532 235 1513
f 266 1512 1513
f 1513 1512 2532
f 1512 265 2532
f 2532 265 1430
f 258 1432 1430
f 1430 1432 2532
f 1515 216 2533
f 2533 216 1514
f 235 1431 1514
f 1514 1431 2533
f 1431 163 2533
f 2533 163 1433
f 149 1515 1433
f 1433 1515 2533
f 1516 229 2534
f 2534 229 1480
f 208 1435 1480
f 1480 1435 2534
f 1435 176 2534
f 2534 176 1437
f 197 1516 1437
f 1437 1516 2534
f 1519 274 2535
f 2535 274 1518
f 275 1517 1518
f 1518 1517 2535
f 1517 197 2535
f 2535 197 1438
f 196 1519 1438
f 1438 1519 2535
f 1521 292 2536
f 2536 292 1520
f 274 1519 1520
f 1520 1519 2536
f 1519 196 2536
f 2536 196 1439
f 209 1521 1439
f 1439 1521 2536
f 1440 198 2537
f 2537 198 1441
f 230 1474 1441
f 1441 1474 2537
f 1474 243 2537
f 2537 243 1522
f 209 1440 1522
f 1522 1440 2537
f 1493 160 2538
f 2538 160 1523
f 161 1506 1523
f 1523 1506 2538
f 1506 120 2538
f 2538 120 1442
f 117 1493 1442
f 1442 1493 2538
f 217 1524 1469
f 1469 1524 2539
f 1524 216 2539
f 2539 216 1515
f 1515 149 2539
f 2539 149 1443
f 150 1469 1443
f 1443 1469 2539
f 214 1525 1483
f 1483 1525 2540
f 1525 199 2540
f 2540 199 1447
f 136 1444 1447
f 1447 1444 2540
f 1444 159 2540
f 2540 159 1483
f 1528 253 2541
f 2541 253 1527
f 254 1526 1527
f 1527 1526 2541
f 200 1446 1526
f 1526 1446 2541
f 1446 199 2541
f 2541 199 1528
f 276 1529 1530
f 1530 1529 2542
f 231 1449 1529
f 1529 1449 2542
f 200 1526 1449
f 1449 1526 2542
f 1526 254 2542
f 2542 254 1530
f 167 1454 1452
f 1452 1454 2543
f 166 1531 1454
f 1454 1531 2543
f 1531 187 2543
f 2543 187 1451
f 165 1452 1451
f 1451 1452 2543
f 168 1532 1456
f 1456 1532 2544
f 1532 188 2544
f 2544 188 1464
f 187 1531 1464
f 1464 1531 2544
f 1531 166 2544
f 2544 166 1456
f 1458 190 2545
f 2545 190 1534
f 1534 204 2545
f 2545 204 1533
f 1533 134 2545
f 2545 134 1468
f 128 1458 1468
f 1468 1458 2545
f 1460 191 2546
f 2546 191 1536
f 189 1535 1536
f 1536 1535 2546
f 204 1534 1535
f 1535 1534 2546
f 190 1460 1534
f 1534 1460 2546
f 1532 168 2547
f 2547 168 1465
f 1465 189 2547
f 2547 189 1536
f 191 1462 1536
f 1536 1462 2547
f 1462 188 2547
f 2547 188 1532
f 1533 204 2548
f 2548 204 1535
f 1535 189 2548
f 2548 189 1466
f 1466 127 2548
f 2548 127 1467
f 1467 134 2548
f 2548 134 1533
f 269 1538 1539
f 1539 1538 2549
f 1538 247 2549
f 2549 247 1537
f 217 1470 1537
f 1537 1470 2549
f 236 1539 1470
f 1470 1539 2549
f 270 1540 1541
f 1541 1540 2550
f 1540 269 2550
f 2550 269 1539
f 236 1471 1539
f 1539 1471 2550
f 1471 248 2550
f 2550 248 1541
f 1508 271 2551
f 2551 271 1542
f 1542 270 2551
f 2551 270 1541
f 248 1473 1541
f 1541 1473 2551
f 249 1508 1473
f 1473 1508 2551
f 1476 336 2552
f 2552 336 1544
f 324 1543 1544
f 1544 1543 2552
f 1543 243 2552
f 2552 243 1475
f 251 1476 1475
f 1475 1476 2552
f 354 1546 1547
f 1547 1546 2553
f 1546 336 2553
f 2553 336 1477
f 321 1545 1477
f 1477 1545 2553
f 1545 337 2553
f 2553 337 1547
f 306 1548 1549
f 1549 1548 2554
f 1548 322 2554
f 2554 322 1482
f 242 1479 1482
f 1482 1479 2554
f 1479 229 2554
f 2554 229 1549
f 322 1551 1481
f 1481 1551 2555
f 1551 338 2555
f 2555 338 1550
f 1550 337 2555
f 2555 337 1545
f 321 1481 1545
f 1545 1481 2555
f 1485 294 2556
f 2556 294 1553
f 262 1552 1553
f 1553 1552 2556
f 1552 214 2556
f 2556 214 1484
f 244 1485 1484
f 1484 1485 2556
f 305 1487 1486
f 1486 1487 2557
f 1487 319 2557
f 2557 319 1555
f 1555 313 2557
f 2557 313 1554
f 1554 294 2557
f 2557 294 1486
f 335 1558 1488
f 1488 1558 2558
f 1558 345 2558
f 2558 345 1557
f 329 1556 1557
f 1557 1556 2558
f 1556 319 2558
f 2558 319 1488
f 1490 308 2559
f 2559 308 1560
f 325 1559 1560
f 1560 1559 2559
f 1559 335 2559
f 2559 335 1489
f 320 1490 1489
f 1489 1490 2559
f 1561 308 2560
f 2560 308 1491
f 252 1492 1491
f 1491 1492 2560
f 1492 231 2560
f 2560 231 1529
f 276 1561 1529
f 1529 1561 2560
f 1495 245 2561
f 2561 245 1563
f 233 1562 1563
f 1563 1562 2561
f 1562 160 2561
f 2561 160 1494
f 186 1495 1494
f 1494 1495 2561
f 264 1497 1496
f 1496 1497 2562
f 1497 284 2562
f 2562 284 1565
f 283 1564 1565
f 1565 1564 2562
f 1564 245 2562
f 2562 245 1496
f 1565 284 2563
f 2563 284 1498
f 288 1499 1498
f 1498 1499 2563
f 1499 299 2563
f 2563 299 1566
f 283 1565 1566
f 1566 1565 2563
f 1569 330 2564
f 2564 330 1568
f 317 1567 1568
f 1568 1567 2564
f 1567 299 2564
f 2564 299 1500
f 314 1569 1500
f 1500 1569 2564
f 296 1570 1571
f 1571 1570 2565
f 1570 314 2565
f 2565 314 1501
f 304 1502 1501
f 1501 1502 2565
f 1502 295 2565
f 2565 295 1571
f 1505 255 2566
f 2566 255 1572
f 296 1571 1572
f 1572 1571 2566
f 1571 295 2566
f 2566 295 1503
f 279 1505 1503
f 1503 1505 2566
f 255 1504 1574
f 1574 1504 2567
f 1504 202 2567
f 2567 202 1507
f 161 1573 1507
f 1507 1573 2567
f 1573 234 2567
f 2567 234 1574
f 1577 332 2568
f 2568 332 1576
f 1576 303 2568
f 2568 303 1575
f 1575 271 2568
f 2568 271 1509
f 300 1577 1509
f 1509 1577 2568
f 1579 286 2569
f 2569 286 1578
f 300 1510 1578
f 1578 1510 2569
f 1510 285 2569
f 2569 285 1511
f 266 1579 1511
f 1511 1579 2569
f 286 1579 1581
f 1581 1579 2570
f 1579 266 2570
f 2570 266 1513
f 235 1580 1513
f 1513 1580 2570
f 1580 259 2570
f 2570 259 1581
f 246 1582 1583
f 1583 1582 2571
f 259 1580 1582
f 1582 1580 2571
f 235 1514 1580
f 1580 1514 2571
f 1514 216 2571
f 2571 216 1583
f 1517 275 2572
f 2572 275 1584
f 306 1549 1584
f 1584 1549 2572
f 229 1516 1549
f 1549 1516 2572
f 197 1517 1516
f 1516 1517 2572
f 1587 291 2573
f 2573 291 1586
f 275 1518 1586
f 1586 1518 2573
f 1518 274 2573
f 2573 274 1585
f 290 1587 1585
f 1585 1587 2573
f 292 1589 1520
f 1520 1589 2574
f 1589 307 2574
f 2574 307 1588
f 290 1585 1588
f 1588 1585 2574
f 1585 274 2574
f 2574 274 1520
f 1543 324 2575
f 2575 324 1590
f 292 1521 1590
f 1590 1521 2575
f 1521 209 2575
f 2575 209 1522
f 243 1543 1522
f 1522 1543 2575
f 1562 233 2576
f 2576 233 1591
f 234 1573 1591
f 1591 1573 2576
f 1573 161 2576
f 2576 161 1523
f 160 1562 1523
f 1523 1562 2576
f 247 1592 1537
f 1537 1592 2577
f 1592 246 2577
f 2577 246 1583
f 216 1524 1583
f 1583 1524 2577
f 1524 217 2577
f 2577 217 1537
f 262 1593 1552
f 1552 1593 2578
f 1593 253 2578
f 2578 253 1528
f 199 1525 1528
f 1528 1525 2578
f 214 1552 1525
f 1525 1552 2578
f 1596 277 2579
f 2579 277 1595
f 278 1594 1595
f 1595 1594 2579
f 1594 254 2579
f 2579 254 1527
f 253 1596 1527
f 1527 1596 2579
f 1598 309 2580
f 2580 309 1597
f 276 1530 1597
f 1597 1530 2580
f 254 1594 1530
f 1530 1594 2580
f 1594 278 2580
f 2580 278 1598
f 301 1600 1601
f 1601 1600 2581
f 1600 268 2581
f 2581 268 1599
f 247 1538 1599
f 1599 1538 2581
f 1538 269 2581
f 2581 269 1601
f 302 1602 1603
f 1603 1602 2582
f 1602 301 2582
f 2582 301 1601
f 269 1540 1601
f 1601 1540 2582
f 1540 270 2582
f 2582 270 1603
f 303 1604 1575
f 1575 1604 2583
f 1604 302 2583
f 2583 302 1603
f 270 1542 1603
f 1603 1542 2583
f 1542 271 2583
f 2583 271 1575
f 336 1546 1544
f 1544 1546 2584
f 1546 354 2584
f 2584 354 1606
f 344 1605 1606
f 1606 1605 2584
f 1605 324 2584
f 2584 324 1544
f 359 1608 1609
f 1609 1608 2585
f 1608 354 2585
f 2585 354 1547
f 1547 337 2585
f 2585 337 1607
f 355 1609 1607
f 1607 1609 2585
f 306 1611 1548
f 1548 1611 2586
f 1611 339 2586
f 2586 339 1610
f 338 1551 1610
f 1610 1551 2586
f 1551 322 2586
f 2586 322 1548
f 1550 338 2587
f 2587 338 1610
f 339 1612 1610
f 1610 1612 2587
f 1612 355 2587
f 2587 355 1607
f 337 1550 1607
f 1607 1550 2587
f 294 1554 1553
f 1553 1554 2588
f 313 1614 1554
f 1554 1614 2588
f 1614 312 2588
f 2588 312 1613
f 262 1553 1613
f 1613 1553 2588
f 1614 313 2589
f 2589 313 1555
f 319 1556 1555
f 1555 1556 2589
f 1556 329 2589
f 2589 329 1615
f 312 1614 1615
f 1615 1614 2589
f 1618 360 2590
f 2590 360 1617
f 348 1616 1617
f 1617 1616 2590
f 1616 329 2590
f 2590 329 1557
f 345 1618 1557
f 1557 1618 2590
f 326 1619 1620
f 1620 1619 2591
f 1619 345 2591
f 2591 345 1558
f 335 1559 1558
f 1558 1559 2591
f 1559 325 2591
f 2591 325 1620
f 1561 276 2592
f 2592 276 1621
f 1621 326 2592
f 2592 326 1620
f 1620 325 2592
f 2592 325 1560
f 308 1561 1560
f 1560 1561 2592
f 1624 263 2593
f 2593 263 1623
f 256 1622 1623
f 1623 1622 2593
f 1622 233 2593
f 2593 233 1563
f 245 1624 1563
f 1563 1624 2593
f 1626 298 2594
f 2594 298 1625
f 263 1624 1625
f 1625 1624 2594
f 245 1564 1624
f 1624 1564 2594
f 1564 283 2594
f 2594 283 1626
f 1567 317 2595
f 2595 317 1627
f 298 1626 1627
f 1627 1626 2595
f 1626 283 2595
f 2595 283 1566
f 299 1567 1566
f 1566 1567 2595
f 1630 362 2596
f 2596 362 1629
f 1629 352 2596
f 2596 352 1628
f 1628 317 2596
f 2596 317 1568
f 330 1630 1568
f 1568 1630 2596
f 1632 315 2597
f 2597 315 1631
f 330 1569 1631
f 1631 1569 2597
f 314 1570 1569
f 1569 1570 2597
f 296 1632 1570
f 1570 1632 2597
f 315 1632 1634
f 1634 1632 2598
f 1632 296 2598
f 2598 296 1572
f 255 1633 1572
f 1572 1633 2598
f 280 1634 1633
f 1633 1634 2598
f 1636 280 2599
f 2599 280 1633
f 255 1574 1633
f 1633 1574 2599
f 1574 234 2599
f 2599 234 1635
f 257 1636 1635
f 1635 1636 2599
f 388 1638 1639
f 1639 1638 2600
f 1638 368 2600
f 2600 368 1637
f 303 1576 1637
f 1637 1576 2600
f 1576 332 2600
f 2600 332 1639
f 1641 318 2601
f 2601 318 1640
f 332 1577 1640
f 1640 1577 2601
f 1577 300 2601
f 2601 300 1578
f 286 1641 1578
f 1578 1641 2601
f 318 1641 1643
f 1643 1641 2602
f 1641 286 2602
f 2602 286 1581
f 259 1642 1581
f 1581 1642 2602
f 1642 287 2602
f 2602 287 1643
f 267 1644 1645
f 1645 1644 2603
f 1644 287 2603
f 2603 287 1642
f 1642 259 2603
f 2603 259 1582
f 1582 246 2603
f 2603 246 1645
f 1647 323 2604
f 2604 323 1646
f 306 1584 1646
f 1646 1584 2604
f 1584 275 2604
f 2604 275 1586
f 291 1647 1586
f 1586 1647 2604
f 1650 341 2605
f 2605 341 1649
f 340 1648 1649
f 1649 1648 2605
f 291 1587 1648
f 1648 1587 2605
f 1587 290 2605
f 2605 290 1650
f 1652 357 2606
f 2606 357 1651
f 341 1650 1651
f 1651 1650 2606
f 1650 290 2606
f 2606 290 1588
f 307 1652 1588
f 1588 1652 2606
f 1589 292 2607
f 2607 292 1655
f 343 1654 1655
f 1655 1654 2607
f 1654 342 2607
f 2607 342 1653
f 307 1589 1653
f 1653 1589 2607
f 324 1605 1590
f 1590 1605 2608
f 344 1656 1605
f 1605 1656 2608
f 1656 343 2608
f 2608 343 1655
f 292 1590 1655
f 1655 1590 2608
f 1622 256 2609
f 2609 256 1657
f 1657 257 2609
f 2609 257 1635
f 234 1591 1635
f 1635 1591 2609
f 233 1622 1591
f 1591 1622 2609
f 268 1658 1599
f 1599 1658 2610
f 1658 267 2610
f 2610 267 1645
f 246 1592 1645
f 1645 1592 2610
f 1592 247 2610
f 2610 247 1599
f 1660 293 2611
f 2611 293 1659
f 277 1596 1659
f 1659 1596 2611
f 1596 253 2611
f 2611 253 1593
f 262 1660 1593
f 1593 1660 2611
f 310 1662 1663
f 1663 1662 2612
f 1662 311 2612
f 2612 311 1661
f 278 1595 1661
f 1661 1595 2612
f 1595 277 2612
f 2612 277 1663
f 346 1664 1665
f 1665 1664 2613
f 1664 326 2613
f 2613 326 1621
f 276 1597 1621
f 1621 1597 2613
f 1597 309 2613
f 2613 309 1665
f 347 1666 1667
f 1667 1666 2614
f 1666 309 2614
f 2614 309 1598
f 278 1661 1598
f 1598 1661 2614
f 311 1667 1661
f 1661 1667 2614
f 366 1669 1670
f 1670 1669 2615
f 1669 334 2615
f 2615 334 1668
f 268 1600 1668
f 1668 1600 2615
f 1600 301 2615
f 2615 301 1670
f 367 1671 1672
f 1672 1671 2616
f 1671 366 2616
f 2616 366 1670
f 301 1602 1670
f 1670 1602 2616
f 1602 302 2616
f 2616 302 1672
f 368 1673 1637
f 1637 1673 2617
f 1673 367 2617
f 2617 367 1672
f 302 1604 1672
f 1672 1604 2617
f 1604 303 2617
f 2617 303 1637
f 1656 344 2618
f 2618 344 1606
f 354 1608 1606
f 1606 1608 2618
f 1608 359 2618
f 2618 359 1674
f 343 1656 1674
f 1674 1656 2618
f 358 1676 1677
f 1677 1676 2619
f 1676 359 2619
f 2619 359 1609
f 355 1675 1609
f 1609 1675 2619
f 1675 369 2619
f 2619 369 1677
f 306 1646 1611
f 1611 1646 2620
f 1646 323 2620
f 2620 323 1679
f 356 1678 1679
f 1679 1678 2620
f 1678 339 2620
f 2620 339 1611
f 1612 339 2621
f 2621 339 1678
f 356 1680 1678
f 1678 1680 2621
f 1680 369 2621
f 2621 369 1675
f 355 1612 1675
f 1675 1612 2621
f 1682 328 2622
f 2622 328 1681
f 293 1660 1681
f 1681 1660 2622
f 262 1613 1660
f 1660 1613 2622
f 312 1682 1613
f 1613 1682 2622
f 1616 348 2623
f 2623 348 1683
f 328 1682 1683
f 1683 1682 2623
f 1682 312 2623
f 2623 312 1615
f 329 1616 1615
f 1615 1616 2623
f 384 1685 1686
f 1686 1685 2624
f 1685 374 2624
f 2624 374 1684
f 1684 348 2624
f 2624 348 1617
f 360 1686 1617
f 1617 1686 2624
f 1664 346 2625
f 2625 346 1687
f 360 1618 1687
f 1687 1618 2625
f 1618 345 2625
f 2625 345 1619
f 1619 326 2625
f 2625 326 1664
f 1690 297 2626
f 2626 297 1689
f 281 1688 1689
f 1689 1688 2626
f 1688 256 2626
f 2626 256 1623
f 263 1690 1623
f 1623 1690 2626
f 331 1691 1692
f 1692 1691 2627
f 297 1690 1691
f 1691 1690 2627
f 1690 263 2627
f 2627 263 1625
f 298 1692 1625
f 1625 1692 2627
f 352 1693 1628
f 1628 1693 2628
f 1693 331 2628
f 2628 331 1692
f 298 1627 1692
f 1692 1627 2628
f 1627 317 2628
f 2628 317 1628
f 1696 420 2629
f 2629 420 1695
f 408 1694 1695
f 1695 1694 2629
f 1694 352 2629
f 2629 352 1629
f 362 1696 1629
f 1629 1696 2629
f 1698 349 2630
f 2630 349 1697
f 362 1630 1697
f 1697 1630 2630
f 1630 330 2630
f 2630 330 1631
f 315 1698 1631
f 1631 1698 2630
f 349 1698 1700
f 1700 1698 2631
f 1698 315 2631
f 2631 315 1634
f 1634 280 2631
f 2631 280 1699
f 316 1700 1699
f 1699 1700 2631
f 1702 316 2632
f 2632 316 1699
f 280 1636 1699
f 1699 1636 2632
f 1636 257 2632
f 2632 257 1701
f 282 1702 1701
f 1701 1702 2632
f 1705 382 2633
f 2633 382 1704
f 368 1638 1704
f 1704 1638 2633
f 1638 388 2633
f 2633 388 1703
f 1703 409 2633
f 2633 409 1705
f 1707 378 2634
f 2634 378 1706
f 1706 388 2634
f 2634 388 1639
f 332 1640 1639
f 1639 1640 2634
f 318 1707 1640
f 1640 1707 2634
f 378 1707 1709
f 1709 1707 2635
f 1707 318 2635
f 2635 318 1643
f 287 1708 1643
f 1643 1708 2635
f 353 1709 1708
f 1708 1709 2635
f 333 1710 1711
f 1711 1710 2636
f 353 1708 1710
f 1710 1708 2636
f 1708 287 2636
f 2636 287 1644
f 1644 267 2636
f 2636 267 1711
f 1713 370 2637
f 2637 370 1712
f 1712 323 2637
f 2637 323 1647
f 1647 291 2637
f 2637 291 1648
f 1648 340 2637
f 2637 340 1713
f 397 1715 1716
f 1716 1715 2638
f 1715 340 2638
f 2638 340 1649
f 341 1714 1649
f 1649 1714 2638
f 1714 396 2638
f 2638 396 1716
f 357 1718 1651
f 1651 1718 2639
f 1718 417 2639
f 2639 417 1717
f 396 1714 1717
f 1717 1714 2639
f 1714 341 2639
f 2639 341 1651
f 1720 383 2640
f 2640 383 1719
f 357 1652 1719
f 1719 1652 2640
f 1652 307 2640
f 2640 307 1653
f 342 1720 1653
f 1653 1720 2640
f 1654 343 2641
f 2641 343 1674
f 359 1676 1674
f 1674 1676 2641
f 1676 358 2641
f 2641 358 1721
f 342 1654 1721
f 1721 1654 2641
f 1688 281 2642
f 2642 281 1722
f 1722 282 2642
f 2642 282 1701
f 257 1657 1701
f 1701 1657 2642
f 256 1688 1657
f 1657 1688 2642
f 334 1723 1668
f 1668 1723 2643
f 1723 333 2643
f 2643 333 1711
f 267 1658 1711
f 1711 1658 2643
f 1658 268 2643
f 2643 268 1668
f 1725 327 2644
f 2644 327 1724
f 1724 310 2644
f 2644 310 1663
f 277 1659 1663
f 1663 1659 2644
f 1659 293 2644
f 2644 293 1725
f 372 1727 1728
f 1728 1727 2645
f 1727 373 2645
f 2645 373 1726
f 311 1662 1726
f 1726 1662 2645
f 1662 310 2645
f 2645 310 1728
f 371 1729 1730
f 1730 1729 2646
f 1729 346 2646
f 2646 346 1665
f 309 1666 1665
f 1665 1666 2646
f 1666 347 2646
f 2646 347 1730
f 399 1731 1732
f 1732 1731 2647
f 1731 347 2647
f 2647 347 1667
f 1667 311 2647
f 2647 311 1726
f 373 1732 1726
f 1726 1732 2647
f 393 1734 1735
f 1735 1734 2648
f 1734 365 2648
f 2648 365 1733
f 334 1669 1733
f 1733 1669 2648
f 1669 366 2648
f 2648 366 1735
f 1671 367 2649
f 2649 367 1738
f 381 1737 1738
f 1738 1737 2649
f 380 1736 1737
f 1737 1736 2649
f 366 1671 1736
f 1736 1671 2649
f 1673 368 2650
f 2650 368 1704
f 382 1739 1704
f 1704 1739 2650
f 1739 381 2650
f 2650 381 1738
f 367 1673 1738
f 1738 1673 2650
f 1742 416 2651
f 2651 416 1741
f 398 1740 1741
f 1741 1740 2651
f 1740 358 2651
f 2651 358 1677
f 369 1742 1677
f 1677 1742 2651
f 1744 395 2652
f 2652 395 1743
f 356 1679 1743
f 1743 1679 2652
f 1679 323 2652
f 2652 323 1712
f 370 1744 1712
f 1712 1744 2652
f 395 1745 1743
f 1743 1745 2653
f 1745 416 2653
f 2653 416 1742
f 369 1680 1742
f 1742 1680 2653
f 1680 356 2653
f 2653 356 1743
f 361 1746 1747
f 1747 1746 2654
f 1746 327 2654
f 2654 327 1725
f 293 1681 1725
f 1725 1681 2654
f 1681 328 2654
f 2654 328 1747
f 374 1748 1684
f 1684 1748 2655
f 1748 361 2655
f 2655 361 1747
f 328 1683 1747
f 1747 1683 2655
f 348 1684 1683
f 1683 1684 2655
f 460 1750 1751
f 1751 1750 2656
f 1750 444 2656
f 2656 444 1749
f 374 1685 1749
f 1749 1685 2656
f 1685 384 2656
f 2656 384 1751
f 1729 371 2657
f 2657 371 1752
f 1752 384 2657
f 2657 384 1686
f 1686 360 2657
f 2657 360 1687
f 346 1729 1687
f 1687 1729 2657
f 1755 363 2658
f 2658 363 1754
f 350 1753 1754
f 1754 1753 2658
f 1753 281 2658
f 2658 281 1689
f 297 1755 1689
f 1689 1755 2658
f 1757 387 2659
f 2659 387 1756
f 363 1755 1756
f 1756 1755 2659
f 1755 297 2659
f 2659 297 1691
f 331 1757 1691
f 1691 1757 2659
f 408 1758 1694
f 1694 1758 2660
f 387 1757 1758
f 1758 1757 2660
f 331 1693 1757
f 1757 1693 2660
f 1693 352 2660
f 2660 352 1694
f 1761 428 2661
f 2661 428 1760
f 408 1695 1760
f 1760 1695 2661
f 1695 420 2661
f 2661 420 1759
f 445 1761 1759
f 1759 1761 2661
f 402 1762 1763
f 1763 1762 2662
f 420 1696 1762
f 1762 1696 2662
f 1696 362 2662
f 2662 362 1697
f 349 1763 1697
f 1697 1763 2662
f 1765 402 2663
f 2663 402 1763
f 349 1700 1763
f 1763 1700 2663
f 1700 316 2663
f 2663 316 1764
f 375 1765 1764
f 1764 1765 2663
f 1767 375 2664
f 2664 375 1764
f 316 1702 1764
f 1764 1702 2664
f 1702 282 2664
f 2664 282 1766
f 1766 351 2664
f 2664 351 1767
f 378 1769 1706
f 1706 1769 2665
f 1769 389 2665
f 2665 389 1768
f 409 1703 1768
f 1768 1703 2665
f 1703 388 2665
f 2665 388 1706
f 394 1771 1772
f 1772 1771 2666
f 1771 382 2666
f 2666 382 1705
f 409 1770 1705
f 1705 1770 2666
f 1770 410 2666
f 2666 410 1772
f 1709 353 2667
f 2667 353 1774
f 1774 390 2667
f 2667 390 1773
f 389 1769 1773
f 1773 1769 2667
f 1769 378 2667
f 2667 378 1709
f 364 1776 1777
f 1777 1776 2668
f 1776 379 2668
f 2668 379 1775
f 1775 353 2668
f 2668 353 1710
f 1710 333 2668
f 2668 333 1777
f 435 1778 1779
f 1779 1778 2669
f 1778 370 2669
f 2669 370 1713
f 340 1715 1713
f 1713 1715 2669
f 397 1779 1715
f 1715 1779 2669
f 1782 436 2670
f 2670 436 1781
f 437 1780 1781
f 1781 1780 2670
f 397 1716 1780
f 1780 1716 2670
f 1716 396 2670
f 2670 396 1782
f 1784 458 2671
f 2671 458 1783
f 436 1782 1783
f 1783 1782 2671
f 1782 396 2671
f 2671 396 1717
f 417 1784 1717
f 1717 1784 2671
f 1718 357 2672
f 2672 357 1719
f 383 1786 1719
f 1719 1786 2672
f 1786 459 2672
f 2672 459 1785
f 417 1718 1785
f 1785 1718 2672
f 1740 398 2673
f 2673 398 1787
f 383 1720 1787
f 1787 1720 2673
f 1720 342 2673
f 2673 342 1721
f 358 1740 1721
f 1721 1740 2673
f 1753 350 2674
f 2674 350 1788
f 1788 351 2674
f 2674 351 1766
f 1766 282 2674
f 2674 282 1722
f 281 1753 1722
f 1722 1753 2674
f 365 1789 1733
f 1733 1789 2675
f 1789 364 2675
f 2675 364 1777
f 333 1723 1777
f 1777 1723 2675
f 1723 334 2675
f 2675 334 1733
f 385 1790 1791
f 1791 1790 2676
f 372 1728 1790
f 1790 1728 2676
f 1728 310 2676
f 2676 310 1724
f 327 1791 1724
f 1724 1791 2676
f 400 1793 1794
f 1794 1793 2677
f 1793 401 2677
f 2677 401 1792
f 373 1727 1792
f 1792 1727 2677
f 1727 372 2677
f 2677 372 1794
f 1796 438 2678
f 2678 438 1795
f 1795 371 2678
f 2678 371 1730
f 347 1731 1730
f 1730 1731 2678
f 399 1796 1731
f 1731 1796 2678
f 1798 439 2679
f 2679 439 1797
f 399 1732 1797
f 1797 1732 2679
f 1732 373 2679
f 2679 373 1792
f 401 1798 1792
f 1792 1798 2679
f 433 1800 1801
f 1801 1800 2680
f 1800 392 2680
f 2680 392 1799
f 365 1734 1799
f 1799 1734 2680
f 1734 393 2680
f 2680 393 1801
f 1803 415 2681
f 2681 415 1802
f 1802 393 2681
f 2681 393 1735
f 366 1736 1735
f 1735 1736 2681
f 1736 380 2681
f 2681 380 1803
f 1737 381 2682
f 2682 381 1739
f 382 1771 1739
f 1739 1771 2682
f 1771 394 2682
f 2682 394 1804
f 380 1737 1804
f 1804 1737 2682
f 484 1806 1807
f 1807 1806 2683
f 1806 398 2683
f 2683 398 1741
f 416 1805 1741
f 1741 1805 2683
f 1805 500 2683
f 2683 500 1807
f 1744 370 2684
f 2684 370 1778
f 435 1809 1778
f 1778 1809 2684
f 1809 478 2684
f 2684 478 1808
f 395 1744 1808
f 1808 1744 2684
f 1745 395 2685
f 2685 395 1808
f 478 1810 1808
f 1808 1810 2685
f 1810 500 2685
f 2685 500 1805
f 416 1745 1805
f 1805 1745 2685
f 419 1811 1812
f 1812 1811 2686
f 385 1791 1811
f 1811 1791 2686
f 327 1746 1791
f 1791 1746 2686
f 1746 361 2686
f 2686 361 1812
f 444 1813 1749
f 1749 1813 2687
f 1813 419 2687
f 2687 419 1812
f 361 1748 1812
f 1812 1748 2687
f 1748 374 2687
f 2687 374 1749
f 1816 468 2688
f 2688 468 1815
f 444 1750 1815
f 1815 1750 2688
f 1750 460 2688
f 2688 460 1814
f 485 1816 1814
f 1814 1816 2688
f 438 1817 1795
f 1795 1817 2689
f 1817 460 2689
f 2689 460 1751
f 384 1752 1751
f 1751 1752 2689
f 1752 371 2689
f 2689 371 1795
f 1820 386 2690
f 2690 386 1819
f 376 1818 1819
f 1819 1818 2690
f 1818 350 2690
f 2690 350 1754
f 363 1820 1754
f 1754 1820 2690
f 387 1823 1756
f 1756 1823 2691
f 1823 407 2691
f 2691 407 1822
f 406 1821 1822
f 1822 1821 2691
f 1821 363 2691
f 2691 363 1756
f 1823 387 2692
f 2692 387 1758
f 1758 408 2692
f 2692 408 1760
f 1760 428 2692
f 2692 428 1824
f 407 1823 1824
f 1824 1823 2692
f 1762 402 2693
f 2693 402 1826
f 1826 421 2693
f 2693 421 1825
f 1825 445 2693
f 2693 445 1759
f 420 1762 1759
f 1759 1762 2693
f 1829 427 2694
f 2694 427 1828
f 428 1761 1828
f 1828 1761 2694
f 1761 445 2694
f 2694 445 1827
f 446 1829 1827
f 1827 1829 2694
f 1765 375 2695
f 2695 375 1831
f 422 1830 1831
f 1831 1830 2695
f 1830 421 2695
f 2695 421 1826
f 402 1765 1826
f 1826 1765 2695
f 1834 403 2696
f 2696 403 1833
f 375 1767 1833
f 1833 1767 2696
f 1767 351 2696
f 2696 351 1832
f 377 1834 1832
f 1832 1834 2696
f 390 1835 1773
f 1773 1835 2697
f 1835 410 2697
f 2697 410 1770
f 409 1768 1770
f 1770 1768 2697
f 1768 389 2697
f 2697 389 1773
f 434 1837 1838
f 1838 1837 2698
f 1837 394 2698
f 2698 394 1772
f 410 1836 1772
f 1772 1836 2698
f 429 1838 1836
f 1836 1838 2698
f 411 1839 1840
f 1840 1839 2699
f 1839 390 2699
f 2699 390 1774
f 353 1775 1774
f 1774 1775 2699
f 1775 379 2699
f 2699 379 1840
f 1843 412 2700
f 2700 412 1842
f 379 1776 1842
f 1842 1776 2700
f 1776 364 2700
f 2700 364 1841
f 391 1843 1841
f 1841 1843 2700
f 1845 479 2701
f 2701 479 1844
f 435 1779 1844
f 1844 1779 2701
f 1779 397 2701
f 2701 397 1780
f 437 1845 1780
f 1780 1845 2701
f 481 1847 1848
f 1848 1847 2702
f 1847 437 2702
f 2702 437 1781
f 1781 436 2702
f 2702 436 1846
f 1846 480 2702
f 2702 480 1848
f 1850 505 2703
f 2703 505 1849
f 480 1846 1849
f 1849 1846 2703
f 1846 436 2703
f 2703 436 1783
f 458 1850 1783
f 1783 1850 2703
f 1853 506 2704
f 2704 506 1852
f 458 1784 1852
f 1852 1784 2704
f 1784 417 2704
f 2704 417 1851
f 482 1853 1851
f 1851 1853 2704
f 1785 459 2705
f 2705 459 1855
f 483 1854 1855
f 1855 1854 2705
f 1854 482 2705
f 2705 482 1851
f 417 1785 1851
f 1851 1785 2705
f 1786 383 2706
f 2706 383 1787
f 398 1806 1787
f 1787 1806 2706
f 1806 484 2706
f 2706 484 1856
f 459 1786 1856
f 1856 1786 2706
f 376 1857 1818
f 1818 1857 2707
f 1857 377 2707
f 2707 377 1832
f 351 1788 1832
f 1832 1788 2707
f 350 1818 1788
f 1788 1818 2707
f 392 1858 1799
f 1799 1858 2708
f 1858 391 2708
f 2708 391 1841
f 364 1789 1841
f 1841 1789 2708
f 1789 365 2708
f 2708 365 1799
f 1860 418 2709
f 2709 418 1859
f 400 1794 1859
f 1859 1794 2709
f 1794 372 2709
f 2709 372 1790
f 385 1860 1790
f 1790 1860 2709
f 1863 441 2710
f 2710 441 1862
f 401 1793 1862
f 1862 1793 2710
f 1793 400 2710
f 2710 400 1861
f 440 1863 1861
f 1861 1863 2710
f 1796 399 2711
f 2711 399 1866
f 462 1865 1866
f 1866 1865 2711
f 1865 461 2711
f 2711 461 1864
f 438 1796 1864
f 1864 1796 2711
f 487 1867 1868
f 1868 1867 2712
f 1867 462 2712
f 2712 462 1866
f 399 1797 1866
f 1866 1797 2712
f 1797 439 2712
f 2712 439 1868
f 1870 488 2713
f 2713 488 1869
f 439 1798 1869
f 1869 1798 2713
f 1798 401 2713
f 2713 401 1862
f 441 1870 1862
f 1862 1870 2713
f 456 1872 1873
f 1873 1872 2714
f 1872 414 2714
f 2714 414 1871
f 392 1800 1871
f 1871 1800 2714
f 1800 433 2714
f 2714 433 1873
f 393 1802 1801
f 1801 1802 2715
f 415 1875 1802
f 1802 1875 2715
f 1875 457 2715
f 2715 457 1874
f 433 1801 1874
f 1874 1801 2715
f 1837 434 2716
f 2716 434 1876
f 415 1803 1876
f 1876 1803 2716
f 1803 380 2716
f 2716 380 1804
f 394 1837 1804
f 1804 1837 2716
f 508 1878 1879
f 1879 1878 2717
f 1878 484 2717
f 2717 484 1807
f 500 1877 1807
f 1807 1877 2717
f 1877 525 2717
f 2717 525 1879
f 435 1882 1809
f 1809 1882 2718
f 1882 502 2718
f 2718 502 1881
f 501 1880 1881
f 1881 1880 2718
f 1880 478 2718
f 2718 478 1809
f 478 1880 1810
f 1810 1880 2719
f 1880 501 2719
f 2719 501 1883
f 525 1877 1883
f 1883 1877 2719
f 1877 500 2719
f 2719 500 1810
f 419 1886 1811
f 1811 1886 2720
f 1886 443 2720
f 2720 443 1885
f 442 1884 1885
f 1885 1884 2720
f 1884 385 2720
f 2720 385 1811
f 419 1813 1886
f 1886 1813 2721
f 1813 444 2721
f 2721 444 1815
f 468 1887 1815
f 1815 1887 2721
f 1887 443 2721
f 2721 443 1886
f 438 1864 1817
f 1817 1864 2722
f 1864 461 2722
f 2722 461 1888
f 485 1814 1888
f 1888 1814 2722
f 460 1817 1814
f 1814 1817 2722
f 1891 467 2723
f 2723 467 1890
f 468 1816 1890
f 1890 1816 2723
f 1816 485 2723
f 2723 485 1889
f 486 1891 1889
f 1889 1891 2723
f 1894 425 2724
f 2724 425 1893
f 404 1892 1893
f 1893 1892 2724
f 1892 376 2724
f 2724 376 1819
f 386 1894 1819
f 1819 1894 2724
f 1896 426 2725
f 2725 426 1895
f 386 1820 1895
f 1895 1820 2725
f 363 1821 1820
f 1820 1821 2725
f 406 1896 1821
f 1821 1896 2725
f 1822 407 2726
f 2726 407 1824
f 428 1828 1824
f 1824 1828 2726
f 1828 427 2726
f 2726 427 1897
f 406 1822 1897
f 1897 1822 2726
f 1830 422 2727
f 2727 422 1898
f 1898 446 2727
f 2727 446 1827
f 445 1825 1827
f 1827 1825 2727
f 1825 421 2727
f 2727 421 1830
f 452 1900 1901
f 1901 1900 2728
f 1900 427 2728
f 2728 427 1829
f 1829 446 2728
f 2728 446 1899
f 469 1901 1899
f 1899 1901 2728
f 1903 447 2729
f 2729 447 1902
f 1902 422 2729
f 2729 422 1831
f 375 1833 1831
f 1831 1833 2729
f 403 1903 1833
f 1833 1903 2729
f 1906 448 2730
f 2730 448 1905
f 403 1834 1905
f 1905 1834 2730
f 1834 377 2730
f 2730 377 1904
f 405 1906 1904
f 1904 1906 2730
f 411 1907 1839
f 1839 1907 2731
f 1907 429 2731
f 2731 429 1836
f 410 1835 1836
f 1836 1835 2731
f 1835 390 2731
f 2731 390 1839
f 474 1909 1910
f 1910 1909 2732
f 477 1908 1909
f 1909 1908 2732
f 1908 434 2732
f 2732 434 1838
f 1838 429 2732
f 2732 429 1910
f 1840 379 2733
f 2733 379 1842
f 412 1912 1842
f 1842 1912 2733
f 1912 453 2733
f 2733 453 1911
f 411 1840 1911
f 1911 1840 2733
f 1915 430 2734
f 2734 430 1914
f 412 1843 1914
f 1914 1843 2734
f 1843 391 2734
f 2734 391 1913
f 413 1915 1913
f 1913 1915 2734
f 1917 527 2735
f 2735 527 1916
f 502 1882 1916
f 1916 1882 2735
f 1882 435 2735
f 2735 435 1844
f 479 1917 1844
f 1844 1917 2735
f 1919 528 2736
f 2736 528 1918
f 479 1845 1918
f 1918 1845 2736
f 1845 437 2736
f 2736 437 1847
f 1847 481 2736
f 2736 481 1919
f 504 1921 1922
f 1922 1921 2737
f 1921 481 2737
f 2737 481 1848
f 480 1920 1848
f 1848 1920 2737
f 1920 503 2737
f 2737 503 1922
f 505 1924 1849
f 1849 1924 2738
f 1924 531 2738
f 2738 531 1923
f 1923 503 2738
f 2738 503 1920
f 480 1849 1920
f 1920 1849 2738
f 1850 458 2739
f 2739 458 1852
f 506 1926 1852
f 1852 1926 2739
f 1926 547 2739
f 2739 547 1925
f 505 1850 1925
f 1925 1850 2739
f 1929 532 2740
f 2740 532 1928
f 506 1853 1928
f 1928 1853 2740
f 1853 482 2740
f 2740 482 1927
f 507 1929 1927
f 1927 1929 2740
f 1854 483 2741
f 2741 483 1931
f 508 1930 1931
f 1931 1930 2741
f 1930 507 2741
f 2741 507 1927
f 482 1854 1927
f 1927 1854 2741
f 1855 459 2742
f 2742 459 1856
f 484 1878 1856
f 1856 1878 2742
f 1878 508 2742
f 2742 508 1931
f 483 1855 1931
f 1931 1855 2742
f 1932 405 2743
f 2743 405 1904
f 377 1857 1904
f 1904 1857 2743
f 1857 376 2743
f 2743 376 1892
f 404 1932 1892
f 1892 1932 2743
f 1858 392 2744
f 2744 392 1871
f 414 1933 1871
f 1871 1933 2744
f 1933 413 2744
f 2744 413 1913
f 391 1858 1913
f 1913 1858 2744
f 1935 465 2745
f 2745 465 1934
f 1934 440 2745
f 2745 440 1861
f 400 1859 1861
f 1861 1859 2745
f 418 1935 1859
f 1859 1935 2745
f 466 1936 1937
f 1937 1936 2746
f 1936 418 2746
f 2746 418 1860
f 385 1884 1860
f 1860 1884 2746
f 1884 442 2746
f 2746 442 1937
f 1940 464 2747
f 2747 464 1939
f 441 1863 1939
f 1939 1863 2747
f 1863 440 2747
f 2747 440 1938
f 463 1940 1938
f 1938 1940 2747
f 1865 462 2748
f 2748 462 1941
f 1941 486 2748
f 2748 486 1889
f 485 1888 1889
f 1889 1888 2748
f 1888 461 2748
f 2748 461 1865
f 487 1943 1867
f 1867 1943 2749
f 1943 509 2749
f 2749 509 1942
f 486 1941 1942
f 1942 1941 2749
f 462 1867 1941
f 1941 1867 2749
f 1868 439 2750
f 2750 439 1869
f 488 1945 1869
f 1869 1945 2750
f 1945 533 2750
f 2750 533 1944
f 487 1868 1944
f 1944 1868 2750
f 1947 510 2751
f 2751 510 1946
f 488 1870 1946
f 1946 1870 2751
f 1870 441 2751
f 2751 441 1939
f 464 1947 1939
f 1939 1947 2751
f 455 1949 1950
f 1950 1949 2752
f 432 1948 1949
f 1949 1948 2752
f 414 1872 1948
f 1948 1872 2752
f 1872 456 2752
f 2752 456 1950
f 1873 433 2753
f 2753 433 1874
f 457 1952 1874
f 1874 1952 2753
f 1952 476 2753
f 2753 476 1951
f 456 1873 1951
f 1951 1873 2753
f 1875 415 2754
f 2754 415 1876
f 434 1908 1876
f 1876 1908 2754
f 1908 477 2754
f 2754 477 1953
f 457 1875 1953
f 1953 1875 2754
f 507 1930 1955
f 1955 1930 2755
f 1930 508 2755
f 2755 508 1879
f 525 1954 1879
f 1879 1954 2755
f 1954 526 2755
f 2755 526 1955
f 502 1956 1881
f 1881 1956 2756
f 1956 526 2756
f 2756 526 1954
f 525 1883 1954
f 1954 1883 2756
f 1883 501 2756
f 2756 501 1881
f 1885 443 2757
f 2757 443 1887
f 1887 468 2757
f 2757 468 1890
f 467 1957 1890
f 1890 1957 2757
f 1957 442 2757
f 2757 442 1885
f 492 1958 1959
f 1959 1958 2758
f 1958 467 2758
f 2758 467 1891
f 1891 486 2758
f 2758 486 1942
f 509 1959 1942
f 1942 1959 2758
f 425 1962 1893
f 1893 1962 2759
f 1962 451 2759
f 2759 451 1961
f 1961 423 2759
f 2759 423 1960
f 404 1893 1960
f 1960 1893 2759
f 1894 386 2760
f 2760 386 1895
f 426 1964 1895
f 1895 1964 2760
f 1964 473 2760
f 2760 473 1963
f 425 1894 1963
f 1963 1894 2760
f 1900 452 2761
f 2761 452 1965
f 426 1896 1965
f 1965 1896 2761
f 1896 406 2761
f 2761 406 1897
f 427 1900 1897
f 1897 1900 2761
f 447 1966 1902
f 1902 1966 2762
f 1966 469 2762
f 2762 469 1899
f 1899 446 2762
f 2762 446 1898
f 422 1902 1898
f 1898 1902 2762
f 495 1968 1969
f 1969 1968 2763
f 1968 452 2763
f 2763 452 1901
f 1901 469 2763
f 2763 469 1967
f 514 1969 1967
f 1967 1969 2763
f 1903 403 2764
f 2764 403 1905
f 448 1971 1905
f 1905 1971 2764
f 1971 493 2764
f 2764 493 1970
f 447 1903 1970
f 1970 1903 2764
f 1974 470 2765
f 2765 470 1973
f 448 1906 1973
f 1973 1906 2765
f 1906 405 2765
f 2765 405 1972
f 424 1974 1972
f 1972 1974 2765
f 1907 411 2766
f 2766 411 1911
f 453 1975 1911
f 1911 1975 2766
f 1975 474 2766
f 2766 474 1910
f 429 1907 1910
f 1910 1907 2766
f 1978 519 2767
f 2767 519 1977
f 1977 524 2767
f 2767 524 1976
f 477 1909 1976
f 1976 1909 2767
f 474 1978 1909
f 1909 1978 2767
f 1912 412 2768
f 2768 412 1914
f 430 1980 1914
f 1914 1980 2768
f 1980 475 2768
f 2768 475 1979
f 453 1912 1979
f 1979 1912 2768
f 1983 454 2769
f 2769 454 1982
f 430 1915 1982
f 1982 1915 2769
f 1915 413 2769
f 2769 413 1981
f 431 1983 1981
f 1981 1983 2769
f 527 1985 1916
f 1916 1985 2770
f 1985 543 2770
f 2770 543 1984
f 526 1956 1984
f 1984 1956 2770
f 1956 502 2770
f 2770 502 1916
f 1917 479 2771
f 2771 479 1918
f 528 1987 1918
f 1918 1987 2771
f 1987 557 2771
f 2771 557 1986
f 527 1917 1986
f 1986 1917 2771
f 1989 544 2772
f 2772 544 1988
f 528 1919 1988
f 1988 1919 2772
f 481 1921 1919
f 1919 1921 2772
f 1921 504 2772
f 2772 504 1989
f 1992 530 2773
f 2773 530 1991
f 1991 504 2773
f 2773 504 1922
f 503 1990 1922
f 1922 1990 2773
f 1990 529 2773
f 2773 529 1992
f 531 1994 1923
f 1923 1994 2774
f 1994 546 2774
f 2774 546 1993
f 529 1990 1993
f 1993 1990 2774
f 1990 503 2774
f 2774 503 1923
f 1924 505 2775
f 2775 505 1925
f 547 1996 1925
f 1925 1996 2775
f 1996 558 2775
f 2775 558 1995
f 531 1924 1995
f 1995 1924 2775
f 1926 506 2776
f 2776 506 1928
f 532 1998 1928
f 1928 1998 2776
f 1998 559 2776
f 2776 559 1997
f 547 1926 1997
f 1997 1926 2776
f 532 1929 1999
f 1999 1929 2777
f 1929 507 2777
f 2777 507 1955
f 526 1984 1955
f 1955 1984 2777
f 1984 543 2777
f 2777 543 1999
f 2000 424 2778
f 2778 424 1972
f 405 1932 1972
f 1972 1932 2778
f 1932 404 2778
f 2778 404 1960
f 423 2000 1960
f 1960 2000 2778
f 1933 414 2779
f 2779 414 1948
f 1948 432 2779
f 2779 432 2001
f 2001 431 2779
f 2779 431 1981
f 413 1933 1981
f 1981 1933 2779
f 465 2003 1934
f 1934 2003 2780
f 2003 491 2780
f 2780 491 2002
f 2002 463 2780
f 2780 463 1938
f 1938 440 2780
f 2780 440 1934
f 1935 418 2781
f 2781 418 1936
f 466 2005 1936
f 1936 2005 2781
f 2005 513 2781
f 2781 513 2004
f 465 1935 2004
f 2004 1935 2781
f 1958 492 2782
f 2782 492 2006
f 466 1937 2006
f 2006 1937 2782
f 442 1957 1937
f 1937 1957 2782
f 467 1958 1957
f 1957 1958 2782
f 2009 490 2783
f 2783 490 2008
f 464 1940 2008
f 2008 1940 2783
f 463 2007 1940
f 1940 2007 2783
f 2007 489 2783
f 2783 489 2009
f 1943 487 2784
f 2784 487 1944
f 533 2011 1944
f 1944 2011 2784
f 2011 548 2784
f 2784 548 2010
f 509 1943 2010
f 2010 1943 2784
f 1945 488 2785
f 2785 488 1946
f 510 2013 1946
f 1946 2013 2785
f 2013 549 2785
f 2785 549 2012
f 533 1945 2012
f 2012 1945 2785
f 2015 511 2786
f 2786 511 2014
f 510 1947 2014
f 2014 1947 2786
f 1947 464 2786
f 2786 464 2008
f 490 2015 2008
f 2008 2015 2786
f 1949 455 2787
f 2787 455 2016
f 454 1983 2016
f 2016 1983 2787
f 1983 431 2787
f 2787 431 2001
f 2001 432 2787
f 2787 432 1949
f 1950 456 2788
f 2788 456 1951
f 476 2018 1951
f 1951 2018 2788
f 2018 498 2788
f 2788 498 2017
f 2017 455 2788
f 2788 455 1950
f 1952 457 2789
f 2789 457 1953
f 477 2020 1953
f 1953 2020 2789
f 2020 499 2789
f 2789 499 2019
f 476 1952 2019
f 2019 1952 2789
f 535 2021 2022
f 2022 2021 2790
f 2021 492 2790
f 2790 492 1959
f 1959 509 2790
f 2790 509 2010
f 548 2022 2010
f 2010 2022 2790
f 451 2025 1961
f 1961 2025 2791
f 2025 472 2791
f 2791 472 2024
f 2024 449 2791
f 2791 449 2023
f 2023 423 2791
f 2791 423 1961
f 1962 425 2792
f 2792 425 1963
f 473 2027 1963
f 1963 2027 2792
f 2027 494 2792
f 2792 494 2026
f 451 1962 2026
f 2026 1962 2792
f 1964 426 2793
f 2793 426 1965
f 452 1968 1965
f 1965 1968 2793
f 1968 495 2793
f 2793 495 2028
f 473 1964 2028
f 2028 1964 2793
f 1966 447 2794
f 2794 447 1970
f 493 2029 1970
f 1970 2029 2794
f 2029 514 2794
f 2794 514 1967
f 469 1966 1967
f 1967 1966 2794
f 2032 540 2795
f 2795 540 2031
f 495 1969 2031
f 2031 1969 2795
f 514 2030 1969
f 1969 2030 2795
f 2030 553 2795
f 2795 553 2032
f 1971 448 2796
f 2796 448 1973
f 470 2034 1973
f 1973 2034 2796
f 2034 515 2796
f 2796 515 2033
f 493 1971 2033
f 2033 1971 2796
f 2037 471 2797
f 2797 471 2036
f 470 1974 2036
f 2036 1974 2797
f 1974 424 2797
f 2797 424 2035
f 450 2037 2035
f 2035 2037 2797
f 1975 453 2798
f 2798 453 1979
f 475 2039 1979
f 1979 2039 2798
f 2039 496 2798
f 2798 496 2038
f 474 1975 2038
f 2038 1975 2798
f 477 1976 2020
f 2020 1976 2799
f 524 2041 1976
f 1976 2041 2799
f 2041 523 2799
f 2799 523 2040
f 499 2020 2040
f 2040 2020 2799
f 520 2042 2043
f 2043 2042 2800
f 523 2041 2042
f 2042 2041 2800
f 2041 524 2800
f 2800 524 1977
f 1977 519 2800
f 2800 519 2043
f 496 2044 2038
f 2038 2044 2801
f 2044 520 2801
f 2801 520 2043
f 519 1978 2043
f 2043 1978 2801
f 474 2038 1978
f 1978 2038 2801
f 1980 430 2802
f 2802 430 1982
f 454 2046 1982
f 1982 2046 2802
f 2046 497 2802
f 2802 497 2045
f 475 1980 2045
f 2045 1980 2802
f 1985 527 2803
f 2803 527 1986
f 557 2048 1986
f 1986 2048 2803
f 2048 565 2803
f 2803 565 2047
f 543 1985 2047
f 2047 1985 2803
f 1987 528 2804
f 2804 528 1988
f 544 2050 1988
f 1988 2050 2804
f 2050 566 2804
f 2804 566 2049
f 557 1987 2049
f 2049 1987 2804
f 2052 545 2805
f 2805 545 2051
f 544 1989 2051
f 2051 1989 2805
f 1989 504 2805
f 2805 504 1991
f 530 2052 1991
f 1991 2052 2805
f 1993 546 2806
f 2806 546 2053
f 545 2052 2053
f 2053 2052 2806
f 2052 530 2806
f 2806 530 1992
f 1992 529 2806
f 2806 529 1993
f 1994 531 2807
f 2807 531 1995
f 558 2055 1995
f 1995 2055 2807
f 567 2054 2055
f 2055 2054 2807
f 2054 546 2807
f 2807 546 1994
f 1996 547 2808
f 2808 547 1997
f 559 2057 1997
f 1997 2057 2808
f 2057 569 2808
f 2808 569 2056
f 558 1996 2056
f 2056 1996 2808
f 559 1998 2058
f 2058 1998 2809
f 1998 532 2809
f 2809 532 1999
f 543 2047 1999
f 1999 2047 2809
f 565 2058 2047
f 2047 2058 2809
f 2059 450 2810
f 2810 450 2035
f 424 2000 2035
f 2035 2000 2810
f 2000 423 2810
f 2810 423 2023
f 2023 449 2810
f 2810 449 2059
f 491 2061 2002
f 2002 2061 2811
f 2061 512 2811
f 2811 512 2060
f 2060 489 2811
f 2811 489 2007
f 2007 463 2811
f 2811 463 2002
f 2003 465 2812
f 2812 465 2004
f 513 2063 2004
f 2004 2063 2812
f 2063 534 2812
f 2812 534 2062
f 491 2003 2062
f 2062 2003 2812
f 2005 466 2813
f 2813 466 2006
f 492 2021 2006
f 2006 2021 2813
f 2021 535 2813
f 2813 535 2064
f 513 2005 2064
f 2064 2005 2813
f 2060 512 2814
f 2814 512 2065
f 511 2015 2065
f 2065 2015 2814
f 2015 490 2814
f 2814 490 2009
f 489 2060 2009
f 2009 2060 2814
f 2011 533 2815
f 2815 533 2012
f 549 2067 2012
f 2012 2067 2815
f 2067 560 2815
f 2815 560 2066
f 548 2011 2066
f 2066 2011 2815
f 2013 510 2816
f 2816 510 2014
f 511 2069 2014
f 2014 2069 2816
f 2069 551 2816
f 2816 551 2068
f 549 2013 2068
f 2068 2013 2816
f 455 2017 2016
f 2016 2017 2817
f 498 2070 2017
f 2017 2070 2817
f 497 2046 2070
f 2070 2046 2817
f 2046 454 2817
f 2817 454 2016
f 2018 476 2818
f 2818 476 2019
f 499 2072 2019
f 2019 2072 2818
f 2072 522 2818
f 2818 522 2071
f 498 2018 2071
f 2071 2018 2818
f 2075 564 2819
f 2819 564 2074
f 535 2022 2074
f 2074 2022 2819
f 548 2073 2022
f 2022 2073 2819
f 2073 570 2819
f 2819 570 2075
f 472 2076 2024
f 2024 2076 2820
f 471 2037 2076
f 2076 2037 2820
f 2037 450 2820
f 2820 450 2059
f 2059 449 2820
f 2820 449 2024
f 2025 451 2821
f 2821 451 2026
f 494 2078 2026
f 2026 2078 2821
f 2078 516 2821
f 2821 516 2077
f 472 2025 2077
f 2077 2025 2821
f 2027 473 2822
f 2822 473 2028
f 495 2080 2028
f 2028 2080 2822
f 2080 518 2822
f 2822 518 2079
f 494 2027 2079
f 2079 2027 2822
f 2029 493 2823
f 2823 493 2033
f 515 2082 2033
f 2033 2082 2823
f 2082 536 2823
f 2823 536 2081
f 514 2029 2081
f 2081 2029 2823
f 536 2084 2081
f 2081 2084 2824
f 2084 554 2824
f 2824 554 2083
f 553 2030 2083
f 2083 2030 2824
f 2030 514 2824
f 2824 514 2081
f 2080 495 2825
f 2825 495 2031
f 540 2086 2031
f 2031 2086 2825
f 2086 539 2825
f 2825 539 2085
f 518 2080 2085
f 2085 2080 2825
f 539 2086 2087
f 2087 2086 2826
f 2086 540 2826
f 2826 540 2032
f 2032 553 2826
f 2826 553 2083
f 554 2087 2083
f 2083 2087 2826
f 2034 470 2827
f 2827 470 2036
f 471 2089 2036
f 2036 2089 2827
f 2089 517 2827
f 2827 517 2088
f 515 2034 2088
f 2088 2034 2827
f 2039 475 2828
f 2828 475 2045
f 497 2091 2045
f 2045 2091 2828
f 2091 521 2828
f 2828 521 2090
f 496 2039 2090
f 2090 2039 2828
f 2072 499 2829
f 2829 499 2040
f 523 2093 2040
f 2040 2093 2829
f 542 2092 2093
f 2093 2092 2829
f 522 2072 2092
f 2092 2072 2829
f 2095 541 2830
f 2830 541 2094
f 2094 542 2830
f 2830 542 2093
f 2093 523 2830
f 2830 523 2042
f 520 2095 2042
f 2042 2095 2830
f 2044 496 2831
f 2831 496 2090
f 521 2096 2090
f 2090 2096 2831
f 541 2095 2096
f 2096 2095 2831
f 520 2044 2095
f 2095 2044 2831
f 2048 557 2832
f 2832 557 2049
f 566 2098 2049
f 2049 2098 2832
f 2098 574 2832
f 2832 574 2097
f 565 2048 2097
f 2097 2048 2832
f 2050 544 2833
f 2833 544 2051
f 545 2100 2051
f 2051 2100 2833
f 2100 568 2833
f 2833 568 2099
f 566 2050 2099
f 2099 2050 2833
f 568 2100 2101
f 2101 2100 2834
f 2100 545 2834
f 2834 545 2053
f 546 2054 2053
f 2053 2054 2834
f 2054 567 2834
f 2834 567 2101
f 2055 558 2835
f 2835 558 2056
f 569 2103 2056
f 2056 2103 2835
f 2103 575 2835
f 2835 575 2102
f 567 2055 2102
f 2102 2055 2835
f 559 2106 2057
f 2057 2106 2836
f 578 2105 2106
f 2106 2105 2836
f 2105 577 2836
f 2836 577 2104
f 569 2057 2104
f 2104 2057 2836
f 2108 578 2837
f 2837 578 2106
f 559 2058 2106
f 2106 2058 2837
f 565 2107 2058
f 2058 2107 2837
f 2107 579 2837
f 2837 579 2108
f 2061 491 2838
f 2838 491 2062
f 534 2110 2062
f 2062 2110 2838
f 2110 550 2838
f 2838 550 2109
f 512 2061 2109
f 2109 2061 2838
f 2063 513 2839
f 2839 513 2064
f 535 2112 2064
f 2064 2112 2839
f 2112 552 2839
f 2839 552 2111
f 534 2063 2111
f 2111 2063 2839
f 551 2069 2113
f 2113 2069 2840
f 2069 511 2840
f 2840 511 2065
f 2065 512 2840
f 2840 512 2109
f 550 2113 2109
f 2109 2113 2840
f 560 2115 2066
f 2066 2115 2841
f 2115 571 2841
f 2841 571 2114
f 2114 570 2841
f 2841 570 2073
f 548 2066 2073
f 2073 2066 2841
f 2067 549 2842
f 2842 549 2068
f 551 2117 2068
f 2068 2117 2842
f 2117 562 2842
f 2842 562 2116
f 560 2067 2116
f 2116 2067 2842
f 2070 498 2843
f 2843 498 2071
f 522 2118 2071
f 2071 2118 2843
f 2118 521 2843
f 2843 521 2091
f 2091 497 2843
f 2843 497 2070
f 535 2074 2112
f 2112 2074 2844
f 564 2120 2074
f 2074 2120 2844
f 2120 563 2844
f 2844 563 2119
f 552 2112 2119
f 2119 2112 2844
f 563 2120 2121
f 2121 2120 2845
f 2120 564 2845
f 2845 564 2075
f 2075 570 2845
f 2845 570 2114
f 571 2121 2114
f 2114 2121 2845
f 2122 517 2846
f 2846 517 2089
f 2089 471 2846
f 2846 471 2076
f 2076 472 2846
f 2846 472 2077
f 516 2122 2077
f 2077 2122 2846
f 2078 494 2847
f 2847 494 2079
f 518 2124 2079
f 2079 2124 2847
f 2124 537 2847
f 2847 537 2123
f 516 2078 2123
f 2123 2078 2847
f 2082 515 2848
f 2848 515 2088
f 2088 517 2848
f 2848 517 2126
f 2126 538 2848
f 2848 538 2125
f 536 2082 2125
f 2125 2082 2848
f 2084 536 2849
f 2849 536 2125
f 538 2128 2125
f 2125 2128 2849
f 556 2127 2128
f 2128 2127 2849
f 554 2084 2127
f 2127 2084 2849
f 2124 518 2850
f 2850 518 2085
f 539 2130 2085
f 2085 2130 2850
f 555 2129 2130
f 2130 2129 2850
f 537 2124 2129
f 2129 2124 2850
f 2131 555 2851
f 2851 555 2130
f 2130 539 2851
f 2851 539 2087
f 2087 554 2851
f 2851 554 2127
f 2127 556 2851
f 2851 556 2131
f 2118 522 2852
f 2852 522 2092
f 2092 542 2852
f 2852 542 2094
f 2094 541 2852
f 2852 541 2096
f 521 2118 2096
f 2096 2118 2852
f 574 2133 2097
f 2097 2133 2853
f 580 2132 2133
f 2133 2132 2853
f 579 2107 2132
f 2132 2107 2853
f 565 2097 2107
f 2107 2097 2853
f 2098 566 2854
f 2854 566 2099
f 568 2135 2099
f 2099 2135 2854
f 2135 576 2854
f 2854 576 2134
f 574 2098 2134
f 2134 2098 2854
f 576 2135 2136
f 2136 2135 2855
f 2135 568 2855
f 2855 568 2101
f 567 2102 2101
f 2101 2102 2855
f 2102 575 2855
f 2855 575 2136
f 2103 569 2856
f 2856 569 2104
f 577 2138 2104
f 2104 2138 2856
f 581 2137 2138
f 2138 2137 2856
f 575 2103 2137
f 2137 2103 2856
f 577 2105 2139
f 2139 2105 2857
f 2105 578 2857
f 2857 578 2108
f 2108 579 2857
f 2857 579 2132
f 580 2139 2132
f 2132 2139 2857
f 2110 534 2858
f 2858 534 2111
f 552 2141 2111
f 2111 2141 2858
f 2141 561 2858
f 2858 561 2140
f 550 2110 2140
f 2140 2110 2858
f 562 2117 2142
f 2142 2117 2859
f 2117 551 2859
f 2859 551 2113
f 2113 550 2859
f 2859 550 2140
f 561 2142 2140
f 2140 2142 2859
f 2115 560 2860
f 2860 560 2116
f 562 2144 2116
f 2116 2144 2860
f 573 2143 2144
f 2144 2143 2860
f 571 2115 2143
f 2143 2115 2860
f 2141 552 2861
f 2861 552 2119
f 563 2146 2119
f 2119 2146 2861
f 572 2145 2146
f 2146 2145 2861
f 561 2141 2145
f 2145 2141 2861
f 2147 572 2862
f 2862 572 2146
f 2146 563 2862
f 2862 563 2121
f 571 2143 2121
f 2121 2143 2862
f 2143 573 2862
f 2862 573 2147
f 2148 538 2863
f 2863 538 2126
f 517 2122 2126
f 2126 2122 2863
f 2122 516 2863
f 2863 516 2123
f 537 2148 2123
f 2123 2148 2863
f 2131 556 2864
f 2864 556 2128
f 538 2148 2128
f 2128 2148 2864
f 2148 537 2864
f 2864 537 2129
f 2129 555 2864
f 2864 555 2131
f 2133 574 2865
f 2865 574 2134
f 576 2150 2134
f 2134 2150 2865
f 582 2149 2150
f 2150 2149 2865
f 580 2133 2149
f 2149 2133 2865
f 2151 582 2866
f 2866 582 2150
f 2150 576 2866
f 2866 576 2136
f 575 2137 2136
f 2136 2137 2866
f 2137 581 2866
f 2866 581 2151
f 2151 581 2867
f 2867 581 2138
f 2138 577 2867
f 2867 577 2139
f 580 2149 2139
f 2139 2149 2867
f 2149 582 2867
f 2867 582 2151
f 2147 573 2868
f 2868 573 2144
f 562 2142 2144
f 2144 2142 2868
f 561 2145 2142
f 2142 2145 2868
f 2145 572 2868
f 2868 572 2147

