# https://github.com/mikedh/trimesh
v 0.00001795 0.02441183 0.07617712
v -0.00000190 -0.08727330 0.28164357
v -0.00000064 -0.05552810 0.28979212
v 0.00000059 -0.02428279 0.29088193
v 0.00000360 0.05150897 0.22343689
v 0.00000358 0.05076633 0.17469186
v 0.00000371 0.05407551 0.19685692
v 0.00000247 0.03298653 0.13811392
v 0.00000191 0.02587963 0.11798525
v 0.00000426 0.02315680 0.09650302
v 0.00000323 0.04298773 0.15548116
v -0.00000420 -0.14622333 0.11593956
v -0.00000402 -0.14156750 0.11272460
v -0.00000398 -0.14023134 0.11159903
v -0.00000409 -0.14310958 0.10679835
v -0.00000380 -0.13554539 0.07717389
v -0.00000343 -0.12604301 0.06840485
v -0.00000417 -0.14509240 0.19553822
v -0.00000407 -0.14247951 0.21871608
v -0.00000391 -0.13818475 0.23356873
v -0.00000411 -0.14352550 0.18675369
v -0.00000355 -0.12903797 0.25017101
v -0.00000381 -0.13613404 0.11724037
v -0.00000377 -0.13497493 0.11110133
v -0.00000373 -0.13406479 0.12993425
v -0.00000359 -0.13044493 0.10187286
v -0.00000273 -0.10878935 0.14179379
v -0.00000306 -0.11693724 0.09289449
v -0.00000166 -0.08185516 0.14086074
v -0.00000211 -0.09296955 0.08872265
v -0.00000122 -0.07073716 0.12702614
v -0.00000117 -0.06919389 0.07839864
v -0.00000426 -0.14754348 0.13247699
v -0.00000465 -0.15737249 0.13602501
v -0.00000418 -0.14543538 0.12782484
v -0.00000390 -0.13824240 0.09818858
v 0.00000000 -0.03979302 0.09350878
v -0.00000046 -0.05123705 0.07314736
v -0.00000405 -0.14208784 0.10165888
v -0.00000422 -0.14663209 0.12106985
v -0.00000409 -0.14310696 0.17983633
v -0.00000437 -0.15026370 0.16598755
v -0.00000382 -0.13614405 0.09309953
v -0.00000484 -0.16205624 0.14011019
v -0.00000444 -0.15209254 0.13413566
v -0.00000460 -0.15616000 0.15705818
v -0.00000386 -0.13703174 0.08626777
v -0.00000483 -0.16197135 0.14828712
v -0.00000416 -0.14482485 0.20621616
v -0.00000419 -0.14562920 0.17342502
v -0.00000275 -0.10051180 0.06501943
v -0.00000249 -0.11187399 0.06631809
v -0.00000292 -0.11303376 0.26680487
v -0.00003278 -0.09038864 0.05772513
v -0.00014739 -0.07710477 0.02933043
v -0.00007598 -0.08349646 0.04478502
v -0.00023152 -0.07126449 0.01138300
v 0.00000305 0.03771274 0.25534528
v 0.00000190 0.00872700 0.28213269
v 0.00007578 0.03316812 0.05764407
v -0.00036053 -0.07083559 -0.00716692
v 0.07728507 -0.05454447 0.18298632
v 0.06260171 -0.04474955 0.12862521
v 0.06251107 -0.04131220 0.13378543
v 0.06561782 -0.03682179 0.14222556
v 0.07348172 -0.02770274 0.16034323
v 0.07580402 -0.03036856 0.17027169
v 0.06988328 -0.02948548 0.14988858
v 0.06148954 -0.04267514 0.12201500
v 0.06019919 -0.04335383 0.11182648
v 0.02425731 0.01961926 0.07458103
v 0.05003687 -0.00044729 0.06848353
v 0.05481055 -0.01165959 0.06651157
v 0.05598133 -0.02332030 0.08150810
v 0.05829374 -0.04821761 0.10170537
v 0.05829299 -0.03519842 0.09295541
v 0.03497484 0.01425501 0.07283759
v 0.01257041 0.02301402 0.07572538
v 0.04368980 0.00734784 0.07079315
v 0.07841296 -0.05657096 0.19834870
v 0.07696505 -0.06047754 0.21362013
v 0.07297184 -0.06689385 0.22883981
v 0.06492537 -0.07424990 0.24351043
v 0.05347850 -0.08071210 0.25754219
v 0.03886523 -0.08521883 0.27010244
v 0.02063061 -0.08706045 0.27869183
v 0.07813061 -0.04403069 0.18592948
v 0.07804614 -0.03958098 0.18386930
v 0.02291497 -0.05596868 0.28589791
v 0.04358103 -0.05644773 0.27674788
v 0.02521253 -0.02523121 0.28676909
v 0.05997664 -0.05505538 0.26260346
v 0.04745314 -0.02615066 0.27621609
v 0.07107658 -0.05169373 0.24683267
v 0.06488638 -0.02662370 0.26122028
v 0.07968950 -0.04394373 0.19816285
v 0.07738422 -0.04797640 0.23101133
v 0.07482345 -0.02783875 0.24572057
v 0.02380183 0.04969225 0.22061497
v 0.07990578 -0.04503943 0.21530443
v 0.07956601 -0.03586607 0.19542187
v 0.05899379 -0.02945669 0.10736567
v 0.07911978 -0.02910096 0.23000699
v 0.04384947 0.04135257 0.21452600
v 0.01851159 0.04790867 0.17370015
v 0.02121646 0.05118772 0.19494420
v 0.01276181 0.03126744 0.13810366
v 0.01113469 0.02472936 0.11781025
v 0.01123864 0.02188025 0.09610975
v 0.08062590 -0.03123547 0.21361870
v 0.07413965 -0.02167173 0.17582387
v 0.06137037 -0.03013294 0.12495059
v 0.05401941 -0.01625547 0.10104716
v 0.03342609 0.04020426 0.17099446
v 0.03897840 0.04319885 0.19057626
v 0.05789723 0.02859387 0.20762211
v 0.01541230 0.04047833 0.15525514
v 0.02104547 0.02176334 0.11687928
v 0.02325506 0.02704787 0.13703853
v 0.02147508 0.01883043 0.09494591
v 0.07085930 -0.02128262 0.16413492
v 0.07344197 -0.00891488 0.18357831
v 0.07113366 0.00335768 0.19169885
v 0.05548010 -0.01245924 0.12176949
v 0.04785051 -0.00648092 0.09543955
v 0.04491290 0.02877003 0.16684479
v 0.05228591 0.03082481 0.18568033
v 0.06653745 0.01595343 0.19999033
v 0.02752027 0.03413051 0.15379351
v 0.03144948 0.02130087 0.13422817
v 0.02930671 0.01761278 0.11531246
v 0.03034661 0.01410671 0.09347653
v 0.06070762 0.00386575 0.15718704
v 0.06652657 0.00437113 0.17382711
v 0.06989262 -0.00847474 0.16808802
v 0.06605568 -0.01053417 0.15397841
v 0.06771158 -0.02339577 0.15188366
v 0.06426995 -0.02682877 0.13983011
v 0.06063226 -0.01206783 0.13934571
v 0.05329743 0.01610358 0.16189033
v 0.06077221 0.01739761 0.18008512
v 0.03704624 0.02506189 0.15022945
v 0.03571081 0.01259494 0.11504275
v 0.03622381 0.01597673 0.13065934
v 0.04389338 0.01332894 0.14096409
v 0.04166789 0.00656868 0.11738491
v 0.04269188 0.00136313 0.09327227
v 0.03726345 0.00817834 0.09287369
v 0.04852802 -0.00117234 0.11972618
v 0.05345388 0.00169334 0.14010680
v 0.00488959 -0.14091473 0.11309057
v 0.00526686 -0.14558125 0.11664623
v 0.01603390 -0.13492425 0.11219186
v 0.01767661 -0.13723216 0.11340195
v 0.02188311 -0.12960278 0.11107022
v 0.02244815 -0.13081916 0.11095327
v 0.01964501 -0.13132848 0.11122745
v 0.02040855 -0.13229340 0.10975790
v 0.01048019 -0.13840253 0.11188787
v 0.01142347 -0.14059957 0.10735351
v 0.01724291 -0.12993272 0.07687777
v 0.01676014 -0.12068616 0.07007122
v 0.01618608 -0.13797224 0.14864331
v 0.01857805 -0.13606660 0.15201432
v 0.02172891 -0.13490533 0.14112157
v 0.02672019 -0.13420506 0.14583260
v 0.03662379 -0.13116685 0.12891990
v 0.04247106 -0.12885054 0.13313323
v 0.04106787 -0.12701520 0.12156266
v 0.04745566 -0.12315806 0.12509412
v 0.04336735 -0.11828618 0.10407132
v 0.05058309 -0.10797409 0.10194212
v 0.03532076 -0.11751911 0.08885461
v 0.03787869 -0.10972993 0.08340377
v 0.01336340 -0.14189217 0.21800846
v 0.02599194 -0.13932656 0.21640629
v 0.02128189 -0.14360290 0.19513637
v 0.01003120 -0.14488668 0.19525784
v 0.02899098 -0.13427083 0.22976106
v 0.01503547 -0.13743107 0.23250979
v 0.03315090 -0.13948048 0.19463128
v 0.00911078 -0.14084912 0.18571824
v 0.01277527 -0.13355337 0.18140298
v 0.02109376 -0.12988349 0.17844993
v 0.01944084 -0.13364290 0.18436092
v 0.01679900 -0.12875986 0.17463344
v 0.01919951 -0.12960886 0.16706091
v 0.02188202 -0.12842031 0.17315263
v 0.02810686 -0.12964267 0.16402835
v 0.02891312 -0.13030374 0.17191714
v 0.04172703 -0.12542162 0.16253787
v 0.03712052 -0.12888959 0.17245418
v 0.05071677 -0.11768308 0.16817969
v 0.04279484 -0.12468513 0.17462009
v 0.05792645 -0.11371563 0.18124360
v 0.04506449 -0.12261789 0.17632395
v 0.02798530 -0.13293389 0.18126804
v 0.02907204 -0.13365701 0.18537754
v 0.03805529 -0.13170663 0.18089849
v 0.03981615 -0.13148398 0.18417984
v 0.04374500 -0.12626402 0.17806536
v 0.04580754 -0.12657451 0.18127471
v 0.06046288 -0.11315617 0.15454680
v 0.06431674 -0.10504923 0.16513795
v 0.06607152 -0.09940713 0.18752831
v 0.02501010 -0.13016218 0.16000098
v 0.03607016 -0.12851850 0.15620321
v 0.05478314 -0.11987767 0.14582819
v 0.06539330 -0.10353957 0.14730936
v 0.07044258 -0.09063882 0.16061705
v 0.05991382 -0.11181259 0.13791353
v 0.07063125 -0.08683771 0.19112974
v 0.03778839 -0.13384425 0.21261090
v 0.04129342 -0.12798515 0.22419494
v 0.04824489 -0.12696091 0.20675617
v 0.05182405 -0.12006694 0.21684939
v 0.05611328 -0.11917922 0.19965428
v 0.06001638 -0.11133302 0.20773286
v 0.03218154 -0.12468571 0.24426764
v 0.01659889 -0.12810170 0.24843985
v 0.04538969 -0.11787805 0.23672003
v 0.05598357 -0.10913949 0.22717100
v 0.06427128 -0.09969420 0.21588832
v 0.06443083 -0.10350905 0.19776934
v 0.04377662 -0.13366837 0.19214457
v 0.05115256 -0.12683024 0.18779081
v 0.04347375 -0.12225812 0.11325163
v 0.05001226 -0.11632486 0.11542195
v 0.06886067 -0.09138684 0.20375162
v 0.00529599 -0.13549789 0.11718744
v 0.01696012 -0.12981169 0.11458451
v 0.02108440 -0.12497754 0.11136895
v 0.01858490 -0.12769712 0.11074024
v 0.00931360 -0.13332382 0.11128384
v 0.00801808 -0.13304310 0.12870866
v 0.02237179 -0.12205673 0.11949271
v 0.02307211 -0.11788774 0.10931474
v 0.01914929 -0.12257282 0.10475796
v 0.01015097 -0.12913331 0.10218626
v 0.01315950 -0.11190687 0.13997775
v 0.02898570 -0.10584549 0.12266165
v 0.02912470 -0.10602741 0.10610658
v 0.02213427 -0.11524307 0.09695977
v 0.01206705 -0.11763531 0.09358662
v 0.03250237 -0.08113239 0.12115866
v 0.01436338 -0.09575093 0.09007937
v 0.02698512 -0.06333825 0.11099118
v 0.01554203 -0.07250819 0.08262271
v 0.00483194 -0.14642184 0.13395280
v 0.00540913 -0.15527866 0.13751858
v 0.00511071 -0.14517665 0.12827426
v 0.01182205 -0.14137879 0.12768573
v 0.01042344 -0.14199263 0.13395530
v 0.01641471 -0.13954080 0.14499992
v 0.01281939 -0.14367058 0.13650912
v 0.01769024 -0.13606383 0.14150900
v 0.01044578 -0.14320399 0.11593252
v 0.00924750 -0.13906508 0.11314768
v 0.00977030 -0.13394991 0.11669153
v 0.01450207 -0.13008041 0.12625593
v 0.01911196 -0.11952063 0.13500577
v 0.02233170 -0.08300291 0.13713115
v 0.02020586 -0.06025573 0.11979347
v 0.02967730 -0.12030788 0.08334428
v 0.03103521 -0.11244713 0.07787663
v 0.01825737 -0.13470639 0.10881191
v 0.01723197 -0.13374984 0.11143678
v 0.01593444 -0.12985216 0.11090988
v 0.01633961 -0.12578074 0.10408586
v 0.01821081 -0.12099233 0.09713870
v 0.02077565 -0.09974366 0.09225804
v 0.02010897 -0.07788511 0.08594745
v 0.02280965 -0.13634553 0.11859685
v 0.02202380 -0.13195171 0.11163765
v 0.02117568 -0.13045843 0.11121303
v 0.02090160 -0.12583164 0.11216229
v 0.02331022 -0.11844547 0.11233014
v 0.02755147 -0.10795601 0.11106640
v 0.03413287 -0.09023793 0.10661536
v 0.02765422 -0.06213391 0.09615082
v 0.01289471 -0.13640409 0.09821862
v 0.02101514 -0.13253085 0.10219234
v 0.02389654 -0.13056320 0.10460275
v 0.02745217 -0.12985351 0.10917300
v 0.02777112 -0.13143723 0.11219639
v 0.02631069 -0.13361685 0.11551100
v 0.04423984 -0.10823553 0.09070319
v 0.04029993 -0.11668370 0.09562713
v 0.02616475 -0.12938967 0.10680717
v 0.02192202 -0.13099829 0.11040002
v 0.02138966 -0.12978331 0.11103469
v 0.02027930 -0.12565812 0.11084479
v 0.02169030 -0.11957068 0.10647577
v 0.02680553 -0.10983305 0.09986168
v 0.02784874 -0.09174989 0.09451419
v 0.02344518 -0.06942565 0.08686262
v 0.00389027 -0.14405832 0.14367253
v 0.00284383 -0.15273708 0.14398485
v 0.00503283 -0.13839908 0.14208597
v 0.00899188 -0.13779208 0.14387697
v 0.00592582 -0.14561542 0.13812441
v 0.00808439 -0.14240367 0.13755018
v 0.01030720 -0.14267907 0.13869315
v 0.00413378 -0.15372001 0.14032060
v 0.02582190 -0.11026546 0.13177902
v 0.01952018 -0.12586198 0.12337691
v 0.01360572 -0.13210907 0.11585814
v 0.01284983 -0.13698776 0.11272770
v 0.01448472 -0.14009002 0.11449915
v 0.01827958 -0.13902960 0.12230092
v 0.03005925 -0.13378574 0.13519305
v 0.03521556 -0.13254270 0.13999933
v 0.04658347 -0.12566471 0.15187234
v 0.05225213 -0.12005197 0.15902597
v 0.05696563 -0.11283989 0.16715199
v 0.06176111 -0.10830475 0.18421143
v 0.05414327 -0.12029861 0.18293506
v 0.06041981 -0.11227804 0.19204444
v 0.02029900 -0.13423141 0.11241585
v 0.01904581 -0.13242639 0.11154968
v 0.01959057 -0.12755523 0.11321360
v 0.02316631 -0.11978083 0.11561137
v 0.02864505 -0.10516654 0.11452097
v 0.01606626 -0.11892121 0.09452468
v 0.01367528 -0.12779273 0.10276896
v 0.01273198 -0.13165702 0.11109561
v 0.01412362 -0.13623741 0.11169356
v 0.01540159 -0.13763103 0.10785919
v 0.01739693 -0.13451857 0.09974211
v 0.02371798 -0.12486914 0.07915741
v 0.02397864 -0.11631716 0.07331532
v 0.01757746 -0.04478178 0.09244782
v 0.01534003 -0.05639945 0.07850319
v 0.01997786 -0.13041237 0.18136698
v 0.02801637 -0.13220381 0.18426901
v 0.03910828 -0.13064550 0.18316537
v 0.04490272 -0.12568556 0.18028957
v 0.04441699 -0.12360640 0.17269510
v 0.03790535 -0.12870267 0.17047149
v 0.02908059 -0.13028787 0.16994172
v 0.02125916 -0.12925741 0.17063159
v 0.01555999 -0.12973537 0.17825562
v 0.01019238 -0.06979873 0.08032054
v 0.00841065 -0.09370739 0.08917671
v 0.00725726 -0.11713152 0.09319896
v 0.00586689 -0.13019118 0.10204148
v 0.00512835 -0.13464883 0.11119682
v 0.00516608 -0.13990826 0.11186570
v 0.00582722 -0.14279078 0.10692829
v 0.00718426 -0.13782598 0.09790391
v 0.00938478 -0.13417490 0.07663471
v 0.00906051 -0.12445888 0.06857270
v 0.04820426 -0.12295142 0.17956322
v 0.04753558 -0.12210238 0.17809099
v 0.05547691 -0.11332129 0.17496651
v 0.06057235 -0.10847413 0.17596978
v 0.06608951 -0.10000079 0.17675704
v 0.03053853 -0.13628718 0.18936330
v 0.04115148 -0.13215481 0.18753940
v 0.04792118 -0.12663807 0.18457764
v 0.05066582 -0.12167199 0.18072349
v 0.05030244 -0.11948155 0.17768437
v 0.04779015 -0.12028367 0.17515475
v 0.01935208 -0.13922058 0.18853205
v 0.07099812 -0.08698823 0.17770249
v 0.05379081 -0.11804414 0.13053101
v 0.04855491 -0.12507291 0.13867754
v 0.04072668 -0.12962296 0.14547354
v 0.03126371 -0.13153872 0.15099329
v 0.02172137 -0.13303058 0.15594345
v 0.01209814 -0.13962204 0.10244602
v 0.00655288 -0.14152766 0.10166436
v 0.00566793 -0.14629932 0.12187773
v 0.01093660 -0.14426552 0.12030989
v 0.01626889 -0.14088051 0.11759192
v 0.01984538 -0.13760635 0.11534137
v 0.02261731 -0.13437249 0.11352378
v 0.02402996 -0.13181518 0.11179203
v 0.02401943 -0.13059662 0.11028343
v 0.02327211 -0.13077186 0.10909253
v 0.02186891 -0.13201595 0.10775059
v 0.01965562 -0.13432942 0.10594827
v 0.01649210 -0.13700673 0.10411233
v 0.00636126 -0.14009416 0.17881638
v 0.01387833 -0.13668959 0.16190881
v 0.01600888 -0.13188319 0.16497570
v 0.00740536 -0.14663490 0.16274434
v 0.01221679 -0.14156546 0.15708417
v 0.00875118 -0.14391575 0.14600188
v 0.01049905 -0.14663828 0.14046663
v 0.01228771 -0.14773573 0.13834399
v 0.01479476 -0.14445539 0.14681035
v 0.01167796 -0.14640952 0.15075499
v 0.00789689 -0.13543646 0.09279042
v 0.01418523 -0.13370088 0.09249026
v 0.01897935 -0.13165312 0.09395796
v 0.02333051 -0.12956608 0.09679800
v 0.02697247 -0.12787433 0.10025686
v 0.02998221 -0.12719215 0.10389477
v 0.03187781 -0.12795584 0.10781354
v 0.03218257 -0.12960033 0.11256665
v 0.03051305 -0.13187432 0.11756867
v 0.02676754 -0.13424392 0.12219638
v 0.02172560 -0.13605396 0.12672156
v 0.01660460 -0.13707881 0.13131219
v 0.01465764 -0.13851065 0.13465434
v 0.01607323 -0.14269770 0.13694495
v 0.01482641 -0.14815098 0.13987309
v 0.00764198 -0.15845305 0.14110988
v 0.00360898 -0.15102253 0.13572389
v 0.00406424 -0.14969594 0.13892454
v 0.00302027 -0.14899311 0.14380544
v 0.00738494 -0.15284288 0.15502900
v 0.01168331 -0.15324912 0.14144546
v 0.00995870 -0.15174170 0.13910419
v 0.00839649 -0.15046548 0.14084285
v 0.00602901 -0.15040583 0.14511806
v 0.00870968 -0.13595228 0.08586389
v 0.01599294 -0.13267115 0.08505827
v 0.02168744 -0.12872634 0.08618659
v 0.02690874 -0.12505788 0.08950609
v 0.03165901 -0.12291879 0.09413368
v 0.03530487 -0.12303504 0.09980994
v 0.03777562 -0.12400314 0.10589725
v 0.03767758 -0.12633780 0.11277765
v 0.03572617 -0.12946426 0.11961633
v 0.03162742 -0.13239333 0.12571734
v 0.02583386 -0.13402115 0.13086098
v 0.02004135 -0.13480534 0.13533109
v 0.01701858 -0.13676952 0.13805419
v 0.01766613 -0.14119758 0.14056033
v 0.01586761 -0.14694348 0.14368397
v 0.01244195 -0.15223480 0.14605194
v 0.00808044 -0.15837321 0.14776546
v 0.01168971 -0.14475812 0.20575184
v 0.02343726 -0.14293418 0.20487016
v 0.03545555 -0.13821439 0.20270163
v 0.04640969 -0.13218414 0.19859737
v 0.05409277 -0.12475284 0.19282943
v 0.05746944 -0.11781079 0.18691164
v 0.02230717 -0.12967050 0.16818029
v 0.02919675 -0.12970865 0.16728300
v 0.03922211 -0.12714766 0.16728395
v 0.04696993 -0.12118371 0.17004639
v 0.05129271 -0.11697202 0.17467433
v 0.05417043 -0.11684506 0.17889208
v 0.00741603 -0.14109825 0.17038673
v 0.01496779 -0.12950451 0.17168337
v 0.01348167 -0.12967657 0.17549688
v 0.00973697 -0.13389865 0.17718929
v 0.01049724 -0.13369370 0.17131394
v 0.01418347 -0.09838269 0.06689709
v 0.07061476 -0.05649743 0.14458054
v 0.07246022 -0.05823993 0.15558308
v 0.07378936 -0.05733438 0.16830212
v 0.06573949 -0.04946700 0.13074607
v 0.06891131 -0.05542133 0.13516170
v 0.03463110 -0.08826501 0.07596499
v 0.04781638 -0.07939522 0.08629817
v 0.06444934 -0.05759170 0.11638093
v 0.06881676 -0.07695824 0.13351214
v 0.06531045 -0.05330394 0.12403351
v 0.07039922 -0.06682494 0.13997853
v 0.01306622 -0.08843886 0.05935514
v 0.04565222 -0.06652094 0.07851928
v 0.05192443 -0.09331321 0.09179342
v 0.03767134 -0.09920383 0.07875770
v 0.01518660 -0.10819474 0.06806630
v 0.03222053 -0.07750085 0.06817967
v 0.05669176 -0.04179582 0.03615755
v 0.05214493 -0.04977840 0.05113810
v 0.04844739 -0.05864872 0.06591809
v 0.06235692 -0.06269623 0.10790372
v 0.06595905 -0.08623512 0.12555212
v 0.07393701 -0.07193894 0.16604418
v 0.07520646 -0.07199245 0.19511312
v 0.06229588 -0.09369170 0.11733574
v 0.06539598 -0.07594309 0.11544579
v 0.06748987 -0.06876008 0.12352902
v 0.06829534 -0.06150493 0.13024288
v 0.05857586 -0.06815289 0.09990025
v 0.05533611 -0.05418437 0.09279829
v 0.05695511 -0.04306671 0.08130062
v 0.05739742 -0.03258959 0.06758273
v 0.05988667 -0.02361189 0.05278492
v 0.06197203 -0.08233702 0.10719103
v 0.03488234 -0.10808540 0.25798386
v 0.01797093 -0.11181374 0.26469749
v 0.04889455 -0.10180862 0.24809295
v 0.05965499 -0.09343734 0.23635560
v 0.06835440 -0.08448469 0.22344142
v 0.06165147 -0.10289465 0.12820035
v 0.06599114 -0.09461486 0.13686377
v 0.06982969 -0.08351013 0.14565629
v 0.07221431 -0.07054501 0.15196484
v 0.07301994 -0.07660960 0.20938200
v 0.02997429 -0.10203349 0.07440728
v 0.02753282 -0.09231484 0.07200283
v 0.02512756 -0.08256467 0.06397665
v 0.04186419 -0.06471474 0.06076831
v 0.03920575 -0.07207138 0.07291985
v 0.04159875 -0.08402218 0.08070534
v 0.04520934 -0.09657848 0.08444303
v 0.02240618 -0.10513686 0.07074410
v 0.02064212 -0.09580537 0.06891519
v 0.01861671 -0.08614763 0.06087458
v 0.00832778 -0.11073038 0.06671661
v 0.00787085 -0.09991397 0.06564850
v 0.00731739 -0.08988996 0.05827600
v 0.07497053 -0.07102421 0.18059546
v 0.00877973 -0.07640294 0.02996063
v 0.00764976 -0.08271098 0.04542467
v 0.04663801 -0.05710293 0.04556260
v 0.05177783 -0.04978355 0.02973157
v 0.01345791 -0.08106174 0.04685247
v 0.01961368 -0.07838801 0.04890132
v 0.02663079 -0.07456281 0.05206060
v 0.03433106 -0.06994457 0.05630410
v 0.01582008 -0.07445819 0.03141719
v 0.02300890 -0.07190220 0.03390339
v 0.03093778 -0.06844589 0.03703043
v 0.03922758 -0.06350219 0.04094189
v 0.01073730 -0.07102372 0.01209301
v 0.02003874 -0.06997046 0.01371357
v 0.02858643 -0.06706141 0.01603884
v 0.03685097 -0.06252666 0.01960763
v 0.04480009 -0.05680600 0.02424958
v 0.05950187 -0.03306046 0.04373252
v 0.05596921 -0.04173676 0.05805397
v 0.05359120 -0.05136142 0.07257932
v 0.05123276 -0.06049416 0.08516431
v 0.05351370 -0.07382502 0.09269947
v 0.05743267 -0.08817335 0.09930938
v 0.05771568 -0.10035455 0.10954529
v 0.05640175 -0.10976024 0.12075454
v 0.01730650 -0.12707770 0.17434996
v 0.02204637 -0.12757934 0.17788762
v 0.02284655 -0.12745372 0.17387170
v 0.02888818 -0.12922447 0.17258602
v 0.03650569 -0.12775757 0.17296356
v 0.04179793 -0.12380435 0.17480570
v 0.04341443 -0.12197951 0.17629427
v 0.02786499 -0.13038879 0.18064445
v 0.03690721 -0.12952945 0.18043178
v 0.04226926 -0.12473785 0.17784911
v 0.01964080 -0.12766430 0.17611367
v 0.02166158 -0.12708903 0.17806512
v 0.02343028 -0.12730997 0.17297560
v 0.02795688 -0.12784240 0.17120844
v 0.03588721 -0.12406829 0.16935319
v 0.04211941 -0.12038120 0.17211920
v 0.04420689 -0.11850240 0.17651206
v 0.02607493 -0.12889073 0.18243343
v 0.03658356 -0.12578841 0.18611723
v 0.04360156 -0.12052991 0.18112713
v 0.01839143 -0.12018235 0.17522043
v 0.01931544 -0.12269614 0.18114239
v 0.02265894 -0.12280374 0.16918474
v 0.02834986 -0.12404374 0.16794592
v 0.02611066 -0.12529448 0.18721014
v 0.02127115 -0.12723938 0.17657179
v 0.02139870 -0.12678838 0.17822057
v 0.02219818 -0.12737960 0.17647058
v 0.02115057 -0.12622495 0.17885607
v 0.02378923 -0.12717820 0.17309195
v 0.02408709 -0.12667166 0.17232698
v 0.02533983 -0.12735153 0.17172021
v 0.02565693 -0.12691741 0.17118186
v 0.02223286 -0.12744958 0.17960852
v 0.02199212 -0.12715744 0.18008810
v 0.01929518 -0.11296872 0.18418163
v 0.04380365 -0.11393082 0.18271500
v 0.02204848 -0.11565262 0.16886026
v 0.04180392 -0.11522129 0.17099649
v 0.04378079 -0.11241588 0.17680198
v 0.03766086 -0.11342330 0.16766340
v 0.01886926 -0.11242638 0.17463058
v 0.03918017 -0.11143621 0.18848842
v 0.03848292 -0.10516797 0.17650050
v 0.02642401 -0.10974961 0.18974108
v 0.02620552 -0.10394171 0.17543024
v 0.02842654 -0.11308698 0.16608948
v 0.01779939 -0.12901113 0.17624933
v 0.01782421 -0.12792251 0.17335719
v 0.01897096 -0.12709882 0.17623955
v 0.02018307 -0.12688885 0.17684609
v 0.02140336 -0.12699117 0.17406350
v 0.01971817 -0.12711421 0.17400724
v 0.07729458 -0.03353030 0.17767030
v 0.07686585 -0.02481620 0.18514723
v 0.07671042 -0.01200947 0.19762522
v 0.07482261 -0.00097826 0.20990545
v 0.07025689 0.00851279 0.22108442
v 0.06250317 0.01844800 0.23193270
v 0.04819893 0.02852724 0.24279100
v 0.02662728 0.03559168 0.25164241
v 0.07769263 -0.03649728 0.18118232
v 0.07858129 -0.02961731 0.19124383
v 0.07924571 -0.01991051 0.20754915
v 0.07737910 -0.01250174 0.22352582
v 0.07364167 -0.00673817 0.23773533
v 0.06523717 -0.00095860 0.25160843
v 0.04968014 0.00368205 0.26613730
v 0.02764565 0.00708104 0.27762932
v 0.02122768 -0.12694526 0.17713791
v 0.02169011 -0.12667504 0.17746013
v 0.07633900 -0.05175446 0.17018718
v 0.07294254 -0.04983493 0.14355522
v 0.07075340 -0.04835766 0.14591414
v 0.07156783 -0.05148843 0.14930648
v 0.07741008 -0.04409881 0.14496511
v 0.07459830 -0.04223878 0.14813226
v 0.07436484 -0.05109337 0.15540308
v 0.07357190 -0.04423534 0.16442651
v 0.07749490 -0.04678073 0.17056984
v 0.07031480 -0.03773248 0.15898198
v 0.07179125 -0.03545030 0.16291171
v 0.07047297 -0.05015476 0.13221425
v 0.06802206 -0.04432062 0.13385063
v 0.07490573 -0.04498274 0.13254207
v 0.09069243 -0.03000183 0.17748433
v 0.08582903 -0.02985132 0.18249065
v 0.09026186 -0.02573287 0.17270952
v 0.08428019 -0.02551827 0.17656344
v 0.08796360 -0.02377268 0.16474146
v 0.08258157 -0.02302552 0.16678196
v 0.08524761 -0.02578549 0.15365297
v 0.08022902 -0.02499530 0.15519446
v 0.07915328 -0.03633551 0.13667232
v 0.07283182 -0.03613778 0.13729244
v 0.08641985 -0.02842631 0.17523652
v 0.07658128 -0.03658799 0.14948577
v 0.07930112 -0.03360808 0.15265065
v 0.07900993 -0.03813077 0.14652222
v 0.08224259 -0.03358616 0.15026230
v 0.08433130 -0.03107193 0.15640002
v 0.08144867 -0.03302466 0.15734237
v 0.07735933 -0.03702703 0.16443044
v 0.08444789 -0.02958119 0.16676635
v 0.07529745 -0.04476517 0.17105001
v 0.07362500 -0.04470970 0.16843373
v 0.07108788 -0.04949902 0.15514559
v 0.06959649 -0.04967689 0.15128642
v 0.06622173 -0.04678456 0.14935428
v 0.06770918 -0.03911095 0.14944118
v 0.07220564 -0.03368168 0.15282696
v 0.07490480 -0.03207215 0.15654320
v 0.08714474 -0.02632400 0.17142981
v 0.08549610 -0.02586347 0.16496760
v 0.08249023 -0.02955426 0.14441866
v 0.07649567 -0.02895417 0.14539415
v 0.07182900 -0.05115074 0.13738233
v 0.07612657 -0.04481165 0.13918251
v 0.07924987 -0.03789147 0.14262348
v 0.08201267 -0.03195621 0.14792818
v 0.08427729 -0.02850789 0.15528709
v 0.06715923 -0.04216439 0.15625602
v 0.06387742 -0.04674338 0.15572280
v 0.08318370 -0.03431555 0.16406924
v 0.07830537 -0.04266669 0.17664844
v 0.08129697 -0.04606876 0.17678255
v 0.07971097 -0.05044523 0.17877620
v 0.07741845 -0.03283963 0.15916735
v 0.07239007 -0.04718397 0.16132504
v 0.08278130 -0.03559617 0.17179209
v 0.08411813 -0.03271599 0.17318255
v 0.07962458 -0.03832002 0.17094499
v 0.08552534 -0.03597308 0.18503779
v 0.08966149 -0.03541721 0.18034369
v 0.08582381 -0.03377758 0.17877597
v 0.08327374 -0.03919104 0.17896003
v 0.08640966 -0.04175151 0.18046516
v 0.08282295 -0.04341780 0.18421453
v 0.07368856 -0.05042197 0.16154903
v 0.02255810 -0.12728018 0.17404896
v 0.02312759 -0.12691258 0.17402810
v 0.02222255 -0.12575852 0.17326993
v 0.02098254 -0.12560659 0.17684788
v 0.02083930 -0.12512148 0.17788345
v 0.02969276 0.02693078 0.05655664
v 0.06248692 0.00339932 0.05175984
v 0.06741554 -0.00753470 0.04688653
v 0.06915656 -0.02834201 0.03036878
v 0.06967171 -0.01779722 0.03885287
v 0.04282742 0.02098051 0.05608892
v 0.01563545 0.03113286 0.05716181
v 0.05415482 0.01308832 0.05460399
v 0.08135840 0.01121653 0.04155114
v 0.07082566 0.02464278 0.04218957
v 0.05625685 0.03495601 0.04056698
v 0.03909750 0.04165603 0.03886312
v 0.02045423 0.04592843 0.03796080
v 0.06589752 -0.03796838 0.02226830
v 0.06073026 -0.04640552 0.01424563
v 0.05360653 -0.05436855 0.00651121
v 0.04469497 -0.06112315 0.00099972
v 0.03481775 -0.06659278 -0.00228408
v 0.02436287 -0.07085384 -0.00414276
v 0.01281181 -0.07185058 -0.00589684
v -0.07728624 -0.05453836 0.18298632
v -0.06260207 -0.04474459 0.12862521
v -0.06251118 -0.04130725 0.13378543
v -0.06561757 -0.03681659 0.14222556
v -0.07348076 -0.02769693 0.16034323
v -0.07580328 -0.03036255 0.17027169
v -0.06988245 -0.02947996 0.14988858
v -0.06148975 -0.04267031 0.12201500
v -0.06019969 -0.04334929 0.11182648
v -0.02423525 0.01966644 0.07457614
v -0.05005126 -0.00035807 0.06847423
v -0.05486714 -0.01155254 0.06649667
v -0.05599957 -0.02328755 0.08150470
v -0.05829584 -0.04821260 0.10170525
v -0.05830040 -0.03518651 0.09295440
v -0.03496340 0.01431995 0.07283092
v -0.01254133 0.02303901 0.07572275
v -0.04369070 0.00742429 0.07078528
v -0.07841429 -0.05656476 0.19834870
v -0.07696670 -0.06047145 0.21362013
v -0.07297401 -0.06688807 0.22883981
v -0.06492812 -0.07424476 0.24351043
v -0.05348176 -0.08070787 0.25754219
v -0.03886885 -0.08521576 0.27010244
v -0.02063438 -0.08705881 0.27869183
v -0.07813095 -0.04402450 0.18592948
v -0.07804613 -0.03957480 0.18386930
v -0.02291630 -0.05596686 0.28589791
v -0.04358238 -0.05644428 0.27674788
v -0.02521142 -0.02522921 0.28676909
v -0.05997788 -0.05505063 0.26260346
v -0.04745209 -0.02614691 0.27621609
v -0.07107755 -0.05168809 0.24683267
v -0.06488537 -0.02661856 0.26122028
v -0.07968983 -0.04393742 0.19816285
v -0.07738489 -0.04797028 0.23101133
v -0.07482254 -0.02783283 0.24572057
v -0.02379477 0.04969413 0.22061497
v -0.07990621 -0.04503312 0.21530443
v -0.07956570 -0.03585977 0.19542187
v -0.05899489 -0.02945075 0.10736543
v -0.07911895 -0.02909470 0.23000699
v -0.04384306 0.04135605 0.21452600
v -0.01850466 0.04791013 0.17370015
v -0.02120927 0.05118940 0.19494420
v -0.01275693 0.03126834 0.13810366
v -0.01113106 0.02473059 0.11781025
v -0.01123180 0.02188625 0.09610903
v -0.08062524 -0.03122909 0.21361870
v -0.07413821 -0.02166586 0.17582387
v -0.06136970 -0.03012819 0.12495047
v -0.05402332 -0.01624343 0.10104609
v -0.03341975 0.04020691 0.17099446
v -0.03897184 0.04320193 0.19057626
v -0.05789183 0.02859846 0.20762211
v -0.01540597 0.04047955 0.15525514
v -0.02104226 0.02176533 0.11687928
v -0.02325042 0.02704950 0.13703853
v -0.02147021 0.01884082 0.09494489
v -0.07085782 -0.02127701 0.16413492
v -0.07343953 -0.00890907 0.18357831
v -0.07113024 0.00336332 0.19169885
v -0.05547845 -0.01245510 0.12176949
v -0.04785501 -0.00646429 0.09543800
v -0.04490748 0.02877359 0.16684479
v -0.05228032 0.03082896 0.18568033
v -0.06653306 0.01595869 0.19999033
v -0.02751441 0.03413269 0.15379351
v -0.03144527 0.02130304 0.13422817
v -0.02930399 0.01761452 0.11531246
v -0.03034419 0.01411915 0.09347522
v -0.06070417 0.00387054 0.15718704
v -0.06652308 0.00437639 0.17382711
v -0.06989014 -0.00846922 0.16808802
v -0.06605335 -0.01052894 0.15397841
v -0.06771029 -0.02339041 0.15188366
v -0.06426891 -0.02682369 0.13983011
v -0.06063007 -0.01206304 0.13934588
v -0.05329300 0.01610780 0.16189033
v -0.06076769 0.01740242 0.18008512
v -0.03704112 0.02506482 0.15022951
v -0.03570831 0.01259701 0.11504275
v -0.03622008 0.01597914 0.13065934
v -0.04388942 0.01333219 0.14096397
v -0.04166556 0.00657117 0.11738491
v -0.04269416 0.00137900 0.09327066
v -0.03726331 0.00819231 0.09287238
v -0.04852585 -0.00116921 0.11972618
v -0.05345068 0.00169746 0.14010662
v -0.00489758 -0.14091434 0.11309057
v -0.00527522 -0.14558083 0.11664623
v -0.01604142 -0.13492298 0.11219186
v -0.01768431 -0.13723076 0.11340195
v -0.02189021 -0.12960105 0.11107022
v -0.02245534 -0.13081738 0.11095327
v -0.01965225 -0.13132693 0.11122745
v -0.02041586 -0.13229180 0.10975790
v -0.01048800 -0.13840169 0.11188787
v -0.01143145 -0.14059867 0.10735351
v -0.01725006 -0.12993135 0.07687777
v -0.01676656 -0.12068484 0.07007122
v -0.01619385 -0.13797096 0.14864331
v -0.01858566 -0.13606513 0.15201432
v -0.02173643 -0.13490361 0.14112157
v -0.02672766 -0.13420295 0.14583260
v -0.03663100 -0.13116394 0.12891990
v -0.04247811 -0.12884718 0.13313323
v -0.04107476 -0.12701196 0.12156266
v -0.04746225 -0.12315431 0.12509412
v -0.04337355 -0.11828275 0.10407132
v -0.05058849 -0.10797008 0.10194212
v -0.03532692 -0.11751631 0.08885461
v -0.03788425 -0.10972694 0.08340377
v -0.01337150 -0.14189111 0.21800846
v -0.02599984 -0.13932450 0.21640629
v -0.02129011 -0.14360121 0.19513637
v -0.01003953 -0.14488589 0.19525784
v -0.02899848 -0.13426853 0.22976106
v -0.01504322 -0.13742987 0.23250979
v -0.03315880 -0.13947785 0.19463128
v -0.00911878 -0.14084840 0.18571824
v -0.01278270 -0.13355236 0.18140298
v -0.02110090 -0.12988182 0.17844993
v -0.01944828 -0.13364137 0.18436092
v -0.01680605 -0.12875854 0.17463344
v -0.01920662 -0.12960734 0.16706091
v -0.02188904 -0.12841858 0.17315263
v -0.02811398 -0.12964045 0.16402835
v -0.02892029 -0.13030145 0.17191714
v -0.04173381 -0.12541831 0.16253787
v -0.03712757 -0.12888666 0.17245418
v -0.05072294 -0.11767907 0.16817969
v -0.04280156 -0.12468174 0.17462009
v -0.05793231 -0.11371104 0.18124360
v -0.04507105 -0.12261433 0.17632395
v -0.02799268 -0.13293167 0.18126804
v -0.02907948 -0.13365472 0.18537754
v -0.03806257 -0.13170362 0.18089849
v -0.03982342 -0.13148082 0.18417984
v -0.04375184 -0.12626057 0.17806536
v -0.04581441 -0.12657088 0.18127471
v -0.06046868 -0.11315139 0.15454680
v -0.06432191 -0.10504414 0.16513795
v -0.06607624 -0.09940190 0.18752831
v -0.02501725 -0.13016020 0.16000098
v -0.03607718 -0.12851563 0.15620321
v -0.05478948 -0.11987333 0.14582831
v -0.06539834 -0.10353440 0.14730936
v -0.07044660 -0.09063325 0.16061705
v -0.05991951 -0.11180784 0.13791353
v -0.07063498 -0.08683212 0.19112974
v -0.03779585 -0.13384126 0.21261090
v -0.04130042 -0.12798189 0.22419494
v -0.04825180 -0.12695709 0.20675617
v -0.05183041 -0.12006285 0.21684939
v -0.05611957 -0.11917478 0.19965428
v -0.06002206 -0.11132827 0.20773286
v -0.03218829 -0.12468316 0.24426764
v -0.01660591 -0.12810039 0.24843985
v -0.04539589 -0.11787446 0.23672003
v -0.05598908 -0.10913507 0.22717100
v -0.06427603 -0.09968912 0.21588832
v -0.06443589 -0.10350395 0.19776934
v -0.04378406 -0.13366489 0.19214457
v -0.05115945 -0.12682619 0.18779081
v -0.04348027 -0.12225467 0.11325163
v -0.05001830 -0.11632090 0.11542195
v -0.06886476 -0.09138138 0.20375162
v -0.00530355 -0.13549747 0.11718744
v -0.01696723 -0.12981034 0.11458451
v -0.02109114 -0.12497587 0.11136895
v -0.01859185 -0.12769565 0.11074024
v -0.00932101 -0.13332308 0.11128384
v -0.00802545 -0.13304246 0.12870866
v -0.02237829 -0.12205496 0.11949271
v -0.02307828 -0.11788591 0.10931474
v -0.01915584 -0.12257129 0.10475796
v -0.01015805 -0.12913251 0.10218626
v -0.01316521 -0.11190582 0.13997775
v -0.02899092 -0.10584320 0.12266165
v -0.02912993 -0.10602511 0.10610658
v -0.02214025 -0.11524132 0.09695977
v -0.01207322 -0.11763434 0.09358662
v -0.03250563 -0.08112982 0.12115866
v -0.01436782 -0.09574981 0.09007937
v -0.02698698 -0.06333612 0.11099118
v -0.01554463 -0.07250696 0.08262271
v -0.00484037 -0.14642145 0.13395280
v -0.00541827 -0.15527822 0.13751858
v -0.00511904 -0.14517625 0.12827426
v -0.01183008 -0.14137786 0.12768573
v -0.01043152 -0.14199181 0.13395530
v -0.01642260 -0.13953950 0.14499992
v -0.01282761 -0.14366956 0.13650912
v -0.01769785 -0.13606243 0.14150900
v -0.01045395 -0.14320316 0.11593252
v -0.00925534 -0.13906435 0.11314768
v -0.00977774 -0.13394914 0.11669153
v -0.01450921 -0.13007926 0.12625593
v -0.01911826 -0.11951911 0.13500577
v -0.02233511 -0.08300114 0.13713115
v -0.02020747 -0.06025413 0.11979347
v -0.02968368 -0.12030553 0.08334428
v -0.03104098 -0.11244470 0.07787663
v -0.01826489 -0.13470495 0.10881191
v -0.01723941 -0.13374848 0.11143678
v -0.01594157 -0.12985091 0.11090988
v -0.01634642 -0.12577945 0.10408586
v -0.01821725 -0.12099088 0.09713870
v -0.02078040 -0.09974202 0.09225804
v -0.02011199 -0.07788352 0.08594745
v -0.02281729 -0.13634372 0.11859685
v -0.02203108 -0.13194996 0.11163765
v -0.02118284 -0.13045676 0.11121303
v -0.02090840 -0.12582998 0.11216229
v -0.02331643 -0.11844361 0.11233014
v -0.02755685 -0.10795383 0.11106640
v -0.03413685 -0.09023524 0.10661536
v -0.02765598 -0.06213172 0.09615082
v -0.01290236 -0.13640306 0.09821862
v -0.02102248 -0.13252919 0.10219234
v -0.02390373 -0.13056130 0.10460275
v -0.02745929 -0.12985134 0.10917300
v -0.02777837 -0.13143503 0.11219639
v -0.02631811 -0.13361477 0.11551100
v -0.04424526 -0.10823203 0.09070319
v -0.04030602 -0.11668052 0.09562713
v -0.02617184 -0.12938759 0.10680717
v -0.02192923 -0.13099656 0.11040002
v -0.02139678 -0.12978161 0.11103469
v -0.02028608 -0.12565653 0.11084479
v -0.02169660 -0.11956896 0.10647577
v -0.02681107 -0.10983093 0.09986168
v -0.02785285 -0.09174768 0.09451419
v -0.02344753 -0.06942379 0.08686262
v -0.00389852 -0.14405801 0.14367253
v -0.00285276 -0.15273686 0.14398485
v -0.00504062 -0.13839868 0.14208597
v -0.00899964 -0.13779137 0.14387697
v -0.00593419 -0.14561496 0.13812441
v -0.00809250 -0.14240303 0.13755018
v -0.01031533 -0.14267825 0.13869315
v -0.00414280 -0.15371968 0.14032060
v -0.02582747 -0.11026342 0.13177902
v -0.01952698 -0.12586043 0.12337691
v -0.01361302 -0.13210799 0.11585814
v -0.01285751 -0.13698674 0.11272770
v -0.01449264 -0.14008889 0.11449915
v -0.01828743 -0.13902815 0.12230092
v -0.03006668 -0.13378335 0.13519305
v -0.03522289 -0.13253990 0.13999933
v -0.04659027 -0.12566103 0.15187234
v -0.05225849 -0.12004783 0.15902597
v -0.05697141 -0.11283537 0.16715199
v -0.06176654 -0.10829986 0.18421143
v -0.05414965 -0.12029432 0.18293506
v -0.06042556 -0.11227326 0.19204444
v -0.02030646 -0.13422980 0.11241585
v -0.01905313 -0.13242489 0.11154968
v -0.01959751 -0.12755368 0.11321360
v -0.02317263 -0.11977900 0.11561137
v -0.02865021 -0.10516426 0.11452097
v -0.01607253 -0.11891994 0.09452468
v -0.01368225 -0.12779164 0.10276896
v -0.01273925 -0.13165601 0.11109561
v -0.01413126 -0.13623629 0.11169356
v -0.01540934 -0.13762981 0.10785919
v -0.01740443 -0.13451720 0.09974211
v -0.02372473 -0.12486726 0.07915741
v -0.02398471 -0.11631526 0.07331532
v -0.01757785 -0.04478039 0.09244782
v -0.01534135 -0.05639822 0.07850319
v -0.01998504 -0.13041079 0.18136698
v -0.02802369 -0.13220159 0.18426901
v -0.03911547 -0.13064240 0.18316537
v -0.04490952 -0.12568200 0.18028957
v -0.04442363 -0.12360289 0.17269510
v -0.03791238 -0.12869968 0.17047149
v -0.02908775 -0.13028558 0.16994172
v -0.02126624 -0.12925573 0.17063159
v -0.01556711 -0.12973413 0.17825562
v -0.01019477 -0.06979792 0.08032054
v -0.00841493 -0.09370673 0.08917671
v -0.00726339 -0.11713094 0.09319896
v -0.00587405 -0.13019072 0.10204148
v -0.00513586 -0.13464843 0.11119682
v -0.00517401 -0.13990786 0.11186570
v -0.00583538 -0.14279032 0.10692829
v -0.00719203 -0.13782542 0.09790391
v -0.00939227 -0.13417416 0.07663471
v -0.00906723 -0.12445817 0.06857270
v -0.04821085 -0.12294761 0.17956322
v -0.04754210 -0.12209861 0.17809099
v -0.05548274 -0.11331689 0.17496651
v -0.06057779 -0.10846933 0.17596978
v -0.06609428 -0.09999556 0.17675704
v -0.03054618 -0.13628476 0.18936330
v -0.04115880 -0.13215155 0.18753940
v -0.04792806 -0.12663427 0.18457764
v -0.05067230 -0.12166798 0.18072349
v -0.05030875 -0.11947757 0.17768437
v -0.04779653 -0.12027988 0.17515475
v -0.01935996 -0.13921905 0.18853205
v -0.07100186 -0.08698261 0.17770249
v -0.05379699 -0.11803988 0.13053101
v -0.04856165 -0.12506907 0.13867754
v -0.04073378 -0.12961974 0.14547366
v -0.03127096 -0.13153625 0.15099329
v -0.02172875 -0.13302887 0.15594345
v -0.01210604 -0.13962108 0.10244602
v -0.00656094 -0.14152713 0.10166436
v -0.00567635 -0.14629887 0.12187773
v -0.01094485 -0.14426466 0.12030989
v -0.01627688 -0.14087923 0.11759192
v -0.01985311 -0.13760478 0.11534137
v -0.02262478 -0.13437070 0.11352378
v -0.02403723 -0.13181327 0.11179203
v -0.02402661 -0.13059470 0.11028343
v -0.02327930 -0.13077003 0.10909253
v -0.02187621 -0.13201423 0.10775059
v -0.01966311 -0.13432785 0.10594827
v -0.01649980 -0.13700541 0.10411233
v -0.00636921 -0.14009366 0.17881638
v -0.01388600 -0.13668849 0.16190881
v -0.01601617 -0.13188193 0.16497570
v -0.00741381 -0.14663431 0.16274434
v -0.01222484 -0.14156449 0.15708417
v -0.00875942 -0.14391505 0.14600188
v -0.01050750 -0.14663744 0.14046663
v -0.01229625 -0.14773476 0.13834399
v -0.01480304 -0.14445421 0.14681035
v -0.01168640 -0.14640859 0.15075499
v -0.00790447 -0.13543584 0.09279042
v -0.01419268 -0.13369976 0.09249026
v -0.01898663 -0.13165161 0.09395796
v -0.02333762 -0.12956423 0.09679800
v -0.02697944 -0.12787220 0.10025686
v -0.02998913 -0.12718977 0.10389477
v -0.03188478 -0.12795332 0.10781354
v -0.03218966 -0.12959779 0.11256665
v -0.03052033 -0.13187191 0.11756867
v -0.02677501 -0.13424181 0.12219638
v -0.02173321 -0.13605224 0.12672156
v -0.01661229 -0.13707749 0.13131219
v -0.01466545 -0.13850949 0.13465434
v -0.01608136 -0.14269643 0.13694495
v -0.01483499 -0.14814981 0.13987309
v -0.00765136 -0.15845244 0.14110988
v -0.00361777 -0.15102224 0.13572389
v -0.00407294 -0.14969561 0.13892454
v -0.00302890 -0.14899287 0.14380544
v -0.00739388 -0.15284230 0.15502900
v -0.01169228 -0.15324819 0.14144546
v -0.00996755 -0.15174091 0.13910419
v -0.00840524 -0.15046481 0.14084285
v -0.00603775 -0.15040535 0.14511806
v -0.00871731 -0.13595160 0.08586389
v -0.01600031 -0.13266988 0.08505827
v -0.02169449 -0.12872462 0.08618659
v -0.02691551 -0.12505575 0.08950609
v -0.03166559 -0.12291628 0.09413368
v -0.03531146 -0.12303223 0.09980994
v -0.03778228 -0.12400014 0.10589725
v -0.03768442 -0.12633481 0.11277765
v -0.03573325 -0.12946143 0.11961633
v -0.03163473 -0.13239083 0.12571734
v -0.02584131 -0.13401911 0.13086098
v -0.02004886 -0.13480375 0.13533109
v -0.01702625 -0.13676818 0.13805419
v -0.01767415 -0.14119618 0.14056033
v -0.01587609 -0.14694223 0.14368397
v -0.01245085 -0.15223381 0.14605194
v -0.00808982 -0.15837257 0.14776546
v -0.01169803 -0.14475720 0.20575184
v -0.02344543 -0.14293231 0.20487016
v -0.03546335 -0.13821159 0.20270163
v -0.04641701 -0.13218046 0.19859737
v -0.05409951 -0.12474856 0.19282943
v -0.05747562 -0.11780624 0.18691164
v -0.02231429 -0.12966873 0.16818029
v -0.02920387 -0.12970634 0.16728300
v -0.03922902 -0.12714456 0.16728395
v -0.04697637 -0.12118000 0.17004639
v -0.05129882 -0.11696796 0.17467433
v -0.05417653 -0.11684077 0.17889208
v -0.00742405 -0.14109767 0.17038673
v -0.01497490 -0.12950331 0.17168337
v -0.01348879 -0.12967550 0.17549688
v -0.00974442 -0.13389787 0.17718929
v -0.01050468 -0.13369286 0.17131394
v -0.01419000 -0.09838154 0.06689692
v -0.07061608 -0.05649184 0.14458054
v -0.07246167 -0.05823419 0.15558308
v -0.07379075 -0.05732854 0.16830212
v -0.06574024 -0.04946180 0.13074607
v -0.06891254 -0.05541588 0.13516170
v -0.03463486 -0.08826282 0.07596499
v -0.04781969 -0.07939202 0.08629805
v -0.06445073 -0.05758663 0.11638093
v -0.06881968 -0.07695279 0.13351214
v -0.06531151 -0.05329877 0.12403351
v -0.07040136 -0.06681937 0.13997865
v -0.01311957 -0.08843149 0.05935442
v -0.04567034 -0.06650928 0.07851821
v -0.05192856 -0.09330921 0.09179342
v -0.03767570 -0.09920105 0.07875770
v -0.01519139 -0.10819367 0.06806630
v -0.03224813 -0.07749015 0.06817859
v -0.05698210 -0.04151055 0.03611627
v -0.05229684 -0.04964893 0.05112094
v -0.04850736 -0.05860481 0.06591362
v -0.06235871 -0.06269144 0.10790372
v -0.06596272 -0.08622989 0.12555212
v -0.07393956 -0.07193308 0.16604418
v -0.07520902 -0.07198650 0.19511312
v -0.06230014 -0.09368677 0.11733574
v -0.06539883 -0.07593791 0.11544579
v -0.06749214 -0.06875474 0.12352902
v -0.06829704 -0.06149952 0.13024288
v -0.05857814 -0.06814861 0.09990025
v -0.05534260 -0.05417695 0.09279776
v -0.05697897 -0.04304194 0.08129776
v -0.05746822 -0.03251592 0.06757069
v -0.06004024 -0.02341807 0.05275393
v -0.06197539 -0.08233212 0.10719103
v -0.03488777 -0.10808264 0.25798386
v -0.01797667 -0.11181233 0.26469749
v -0.04889948 -0.10180474 0.24809295
v -0.05965926 -0.09343262 0.23635560
v -0.06835796 -0.08447928 0.22344142
v -0.06165646 -0.10288978 0.12820035
v -0.06599547 -0.09460963 0.13686377
v -0.06983315 -0.08350461 0.14565629
v -0.07221674 -0.07053929 0.15196484
v -0.07302286 -0.07660382 0.20938200
v -0.02997879 -0.10203130 0.07440728
v -0.02753887 -0.09231256 0.07200271
v -0.02516707 -0.08255347 0.06397557
v -0.04194020 -0.06467022 0.06076360
v -0.03922924 -0.07205949 0.07291871
v -0.04160211 -0.08401955 0.08070534
v -0.04521363 -0.09657509 0.08444303
v -0.02241080 -0.10513527 0.07074410
v -0.02064840 -0.09580367 0.06891519
v -0.01866538 -0.08613781 0.06087369
v -0.00833272 -0.11072980 0.06671661
v -0.00787676 -0.09991336 0.06564850
v -0.00737755 -0.08988537 0.05827564
v -0.07497300 -0.07101828 0.18059546
v -0.00906827 -0.07637069 0.02995729
v -0.00779032 -0.08269868 0.04542342
v -0.04680923 -0.05697410 0.04554924
v -0.05211188 -0.04949360 0.02969339
v -0.01359630 -0.08104013 0.04685032
v -0.01974701 -0.07835682 0.04889804
v -0.02674987 -0.07452336 0.05205655
v -0.03442494 -0.06990229 0.05629969
v -0.01609973 -0.07440099 0.03141123
v -0.02327524 -0.07182071 0.03389496
v -0.03117904 -0.06834256 0.03701970
v -0.03943450 -0.06338249 0.04092950
v -0.01118367 -0.07095606 0.01208609
v -0.02048045 -0.06984513 0.01370069
v -0.02900678 -0.06688528 0.01602060
v -0.03723567 -0.06230594 0.01958472
v -0.04516175 -0.05654251 0.02421874
v -0.05973086 -0.03281099 0.04369348
v -0.05608537 -0.04162861 0.05803734
v -0.05363223 -0.05132517 0.07257521
v -0.05124363 -0.06048509 0.08516353
v -0.05351640 -0.07382138 0.09269935
v -0.05743650 -0.08816880 0.09930938
v -0.05772047 -0.10034997 0.10954529
v -0.05640728 -0.10975577 0.12075454
v -0.01731341 -0.12707633 0.17434996
v -0.02205332 -0.12757759 0.17788762
v -0.02285349 -0.12745192 0.17387170
v -0.02889527 -0.12922219 0.17258602
v -0.03651265 -0.12775468 0.17296356
v -0.04180458 -0.12380104 0.17480570
v -0.04342093 -0.12197607 0.17629427
v -0.02787217 -0.13038658 0.18064445
v -0.03691431 -0.12952653 0.18043178
v -0.04227599 -0.12473449 0.17784911
v -0.01964776 -0.12766275 0.17611367
v -0.02166850 -0.12708731 0.17806512
v -0.02343721 -0.12730812 0.17297560
v -0.02796385 -0.12784018 0.17120844
v -0.03589388 -0.12406545 0.16935319
v -0.04212579 -0.12037786 0.17211920
v -0.04421312 -0.11849890 0.17651206
v -0.02608199 -0.12888866 0.18243343
v -0.03659038 -0.12578552 0.18611723
v -0.04360796 -0.12052645 0.18112713
v -0.01839780 -0.12018089 0.17522043
v -0.01932201 -0.12269460 0.18114239
v -0.02266552 -0.12280195 0.16918474
v -0.02835653 -0.12404149 0.16794592
v -0.02611743 -0.12529241 0.18721014
v -0.02127807 -0.12723770 0.17657179
v -0.02140559 -0.12678668 0.17822057
v -0.02220512 -0.12737784 0.17647058
v -0.02115742 -0.12622328 0.17885607
v -0.02379615 -0.12717632 0.17309195
v -0.02409397 -0.12666975 0.17232698
v -0.02534676 -0.12734951 0.17172021
v -0.02566383 -0.12691538 0.17118186
v -0.02223981 -0.12744782 0.17960852
v -0.02199904 -0.12715570 0.18008810
v -0.01930098 -0.11296719 0.18418163
v -0.04380952 -0.11392735 0.18271500
v -0.02205449 -0.11565087 0.16886026
v -0.04180989 -0.11521798 0.17099649
v -0.04378653 -0.11241240 0.17680198
v -0.03766669 -0.11342032 0.16766340
v -0.01887501 -0.11242489 0.17463058
v -0.03918585 -0.11143311 0.18848842
v -0.03848810 -0.10516493 0.17650050
v -0.02642956 -0.10974753 0.18974108
v -0.02621060 -0.10393963 0.17543024
v -0.02843235 -0.11308473 0.16608948
v -0.01780646 -0.12900971 0.17624933
v -0.01783119 -0.12792109 0.17335719
v -0.01897787 -0.12709731 0.17623955
v -0.02018997 -0.12688725 0.17684609
v -0.02141026 -0.12698947 0.17406350
v -0.01972508 -0.12711265 0.17400724
v -0.07729409 -0.03352418 0.17767030
v -0.07686466 -0.02481012 0.18514723
v -0.07670823 -0.01200340 0.19762522
v -0.07481956 -0.00097234 0.20990545
v -0.07025308 0.00851835 0.22108442
v -0.06249858 0.01845295 0.23193270
v -0.04819355 0.02853106 0.24279100
v -0.02662135 0.03559378 0.25164241
v -0.07769237 -0.03649112 0.18118232
v -0.07858049 -0.02961110 0.19124383
v -0.07924416 -0.01990424 0.20754915
v -0.07737696 -0.01249561 0.22352582
v -0.07363908 -0.00673234 0.23773533
v -0.06523413 -0.00095345 0.25160843
v -0.04967674 0.00368599 0.26613730
v -0.02764198 0.00708323 0.27762932
v -0.02123459 -0.12694358 0.17713791
v -0.02169700 -0.12667333 0.17746013
v -0.07633995 -0.05174842 0.17018718
v -0.07294333 -0.04982917 0.14355522
v -0.07075407 -0.04835206 0.14591414
v -0.07156875 -0.05148277 0.14930648
v -0.07741041 -0.04409269 0.14496511
v -0.07459848 -0.04223288 0.14813226
v -0.07436572 -0.05108748 0.15540308
v -0.07357226 -0.04422951 0.16442651
v -0.07749546 -0.04677459 0.17056984
v -0.07031464 -0.03772692 0.15898198
v -0.07179091 -0.03544463 0.16291171
v -0.07047377 -0.05014919 0.13221425
v -0.06802241 -0.04431525 0.13385063
v -0.07490613 -0.04497681 0.13254207
v -0.09069166 -0.02999464 0.17748433
v -0.08582825 -0.02984452 0.18249065
v -0.09026075 -0.02572574 0.17270952
v -0.08427905 -0.02551159 0.17656344
v -0.08796233 -0.02376572 0.16474146
v -0.08258025 -0.02301898 0.16678196
v -0.08524650 -0.02577874 0.15365297
v -0.08022784 -0.02498895 0.15519446
v -0.07915299 -0.03632925 0.13667232
v -0.07283153 -0.03613202 0.13729244
v -0.08641895 -0.02841947 0.17523652
v -0.07658102 -0.03658193 0.14948577
v -0.07930061 -0.03360181 0.15265065
v -0.07900980 -0.03812451 0.14652222
v -0.08224210 -0.03357965 0.15026230
v -0.08433060 -0.03106526 0.15640002
v -0.08144813 -0.03301821 0.15734237
v -0.07735912 -0.03702090 0.16443044
v -0.08444707 -0.02957450 0.16676635
v -0.07529785 -0.04475920 0.17105001
v -0.07362539 -0.04470388 0.16843373
v -0.07108864 -0.04949338 0.15514559
v -0.06959727 -0.04967138 0.15128642
v -0.06622227 -0.04677932 0.14935428
v -0.06770911 -0.03910558 0.14944118
v -0.07220515 -0.03367595 0.15282696
v -0.07490418 -0.03206622 0.15654320
v -0.08714368 -0.02631710 0.17142981
v -0.08549499 -0.02585671 0.16496760
v -0.08248940 -0.02954773 0.14441866
v -0.07649481 -0.02894812 0.14539415
v -0.07182988 -0.05114505 0.13738233
v -0.07612696 -0.04480563 0.13918251
v -0.07924972 -0.03788520 0.14262348
v -0.08201204 -0.03194971 0.14792818
v -0.08427639 -0.02850122 0.15528709
v -0.06715941 -0.04215907 0.15625602
v -0.06387796 -0.04673833 0.15572280
v -0.08318327 -0.03430896 0.16406924
v -0.07830560 -0.04266050 0.17664844
v -0.08129747 -0.04606232 0.17678255
v -0.07971181 -0.05043893 0.17877620
v -0.07741790 -0.03283351 0.15916735
v -0.07239065 -0.04717825 0.16132504
v -0.08278097 -0.03558961 0.17179209
v -0.08411757 -0.03270932 0.17318255
v -0.07962448 -0.03831371 0.17094499
v -0.08552505 -0.03596631 0.18503779
v -0.08966115 -0.03541012 0.18034369
v -0.08582334 -0.03377079 0.17877597
v -0.08327370 -0.03918445 0.17896003
v -0.08640981 -0.04174467 0.18046516
v -0.08282324 -0.04341125 0.18421453
v -0.07368940 -0.05041615 0.16154903
v -0.02256503 -0.12727839 0.17404896
v -0.02313449 -0.12691075 0.17402810
v -0.02222935 -0.12575676 0.17326993
v -0.02098934 -0.12560493 0.17684788
v -0.02084606 -0.12511982 0.17788345
v -0.02960346 0.02708953 0.05653715
v -0.06263767 0.00373299 0.05170435
v -0.06766607 -0.00713259 0.04681960
v -0.06960076 -0.02782154 0.03028908
v -0.07002518 -0.01732577 0.03877681
v -0.04280858 0.02119798 0.05605769
v -0.01549996 0.03121787 0.05715293
v -0.05421676 0.01335939 0.05456096
v -0.08167047 0.01182377 0.04144686
v -0.07097217 0.02519541 0.04209277
v -0.05622126 0.03544275 0.04048362
v -0.03887567 0.04203920 0.03880188
v -0.02007912 0.04614462 0.03792951
v -0.06641525 -0.03741950 0.02218965
v -0.06128961 -0.04588079 0.01417339
v -0.05420368 -0.05387918 0.00644791
v -0.04532302 -0.06069343 0.00094825
v -0.03547565 -0.06624999 -0.00232291
v -0.02505676 -0.07060896 -0.00416943
v -0.01352940 -0.07171770 -0.00591055
v -0.00000428 -0.14783080 0.17005676
v -0.00000448 -0.15304545 0.16163594
v -0.00000413 -0.14403862 0.17656368
v -0.00000473 -0.15939910 0.15260631
v -0.00000409 -0.14301803 0.18321270
v -0.00000417 -0.14526569 0.12422520
v -0.00000420 -0.14615320 0.13075691
v -0.00000487 -0.16297603 0.14385587
v -0.00000414 -0.14436235 0.19082254
v -0.00000425 -0.14730156 0.11840314
v -0.00000434 -0.14958424 0.13344151
v -0.00000475 -0.15986537 0.13749021
v -0.00000418 -0.14527642 0.20070106
v -0.00000412 -0.14414186 0.11397994
v -0.00000455 -0.15479772 0.13497871
v -0.00000412 -0.14380157 0.21214765
v -0.00000390 -0.13851051 0.11349463
v -0.00000400 -0.14070690 0.22587401
v -0.00000377 -0.13522020 0.12308961
v -0.00000375 -0.13431540 0.24171537
v -0.00000298 -0.11877067 0.06703514
v -0.00000367 -0.13217904 0.07217985
v -0.00000214 -0.09394634 0.14303881
v -0.00000336 -0.12471611 0.13695949
v -0.00000328 -0.12219824 0.25868934
v -0.00000195 -0.10580937 0.06554067
v -0.00000385 -0.13687121 0.08195359
v -0.00000134 -0.07377067 0.13622773
v -0.00000245 -0.10121072 0.27485865
v -0.00001807 -0.09503590 0.06295776
v -0.00000384 -0.13652076 0.08995563
v -0.00000067 -0.05678947 0.11540264
v -0.00000128 -0.07170640 0.28654307
v -0.00005210 -0.08675873 0.05140311
v -0.00000384 -0.13671720 0.09585577
v -0.00000009 -0.04198871 0.08067852
v -0.00000002 -0.03971248 0.29087454
v -0.00010915 -0.08039545 0.03744015
v -0.00000398 -0.14016353 0.10006100
v -0.00000082 -0.06024846 0.07412475
v 0.00000123 -0.00811519 0.28844184
v -0.00018841 -0.07406173 0.02061003
v -0.00000410 -0.14326379 0.10395151
v -0.00000162 -0.08042799 0.08413106
v 0.00000254 0.02474253 0.27039391
v -0.00028913 -0.06992044 0.00200862
v -0.00000406 -0.14218687 0.10955793
v -0.00000261 -0.10558439 0.09090847
v 0.00000339 0.04624837 0.23900384
v 0.00000874 0.02310545 0.08616579
v 0.00003833 0.02773332 0.06669664
v -0.00000387 -0.13764149 0.11259145
v -0.00000338 -0.12519008 0.09690899
v 0.00000370 0.05381744 0.20934945
v 0.00000262 0.02406371 0.10714930
v 0.00013766 0.04020532 0.04826379
v -0.00000370 -0.13319991 0.10700524
v 0.00000366 0.05285128 0.18546861
v 0.00000345 0.04748961 0.16459507
v 0.00000289 0.03785085 0.14695585
v 0.00000204 0.02880018 0.12848186
v 0.00450484 -0.14914687 0.16510040
v 0.00758584 -0.14396003 0.16646785
v 0.00424438 -0.14451237 0.17275292
v 0.00423016 -0.15511874 0.15645844
v 0.00727402 -0.14960772 0.15894014
v 0.00630519 -0.14046328 0.17521721
v 0.00362751 -0.14228452 0.17954820
v 0.00973152 -0.14424409 0.15989619
v 0.01299281 -0.13916284 0.15969342
v 0.01060763 -0.13879386 0.16554314
v 0.00459670 -0.16098568 0.14814621
v 0.00777612 -0.15602927 0.15133566
v 0.00966694 -0.15006772 0.15310317
v 0.01169915 -0.14397736 0.15427083
v 0.00446477 -0.14286735 0.18647462
v 0.00711914 -0.14015314 0.18208653
v 0.00953450 -0.13393090 0.17440385
v 0.00806276 -0.13702897 0.17801088
v 0.00876721 -0.13698283 0.17093986
v 0.01748442 -0.13460544 0.15874881
v 0.01509665 -0.13853206 0.15462738
v 0.02013881 -0.13468294 0.15380830
v 0.01282204 -0.13290473 0.16809314
v 0.01486990 -0.13417974 0.16362840
v 0.00292194 -0.14654991 0.12146896
v 0.00545676 -0.14544797 0.12489754
v 0.00250794 -0.14552237 0.12801772
v 0.00480602 -0.14549861 0.13142878
v 0.00206401 -0.14734123 0.13285285
v 0.00455388 -0.16094174 0.14028531
v 0.00820409 -0.15925090 0.14415866
v 0.01051214 -0.15528249 0.14711744
v 0.01200023 -0.15013649 0.14843696
v 0.01374810 -0.14145527 0.15034479
v 0.01716730 -0.13717212 0.15035337
v 0.00511451 -0.14504916 0.19543284
v 0.00942150 -0.14343027 0.19040948
v 0.01082139 -0.13379492 0.17950982
v 0.01126311 -0.13702401 0.18311685
v 0.01370179 -0.12987800 0.17391640
v 0.01166565 -0.13124001 0.17624277
v 0.01239649 -0.13114995 0.17149323
v 0.02332361 -0.13138113 0.15800625
v 0.02009598 -0.13090021 0.16223651
v 0.02640891 -0.13214952 0.15345162
v 0.02258757 -0.13479549 0.14894158
v 0.02901162 -0.13304629 0.14840251
v 0.01649813 -0.12947062 0.16917735
v 0.01743374 -0.13017525 0.16606814
v 0.00256274 -0.14607270 0.11622030
v 0.00556812 -0.14656842 0.11924249
v 0.00810592 -0.14365749 0.12808806
v 0.00831432 -0.14539239 0.12150413
v 0.01114258 -0.14308148 0.12371141
v 0.00384861 -0.14869874 0.13500696
v 0.00224867 -0.15175206 0.13455766
v 0.01037208 -0.14116344 0.13130075
v 0.00775747 -0.14402329 0.13384336
v 0.00338433 -0.15672985 0.13631314
v 0.00669669 -0.15693249 0.13889652
v 0.00982832 -0.15589048 0.14154440
v 0.01232524 -0.15326649 0.14356703
v 0.01409061 -0.14958677 0.14497691
v 0.01529811 -0.14569411 0.14560598
v 0.01355240 -0.14525153 0.14822787
v 0.01552195 -0.14229590 0.14630955
v 0.01590972 -0.13866771 0.14691347
v 0.01895843 -0.13591937 0.14545459
v 0.02437041 -0.13483146 0.14347082
v 0.00597272 -0.14481709 0.20605808
v 0.01085252 -0.14523888 0.20040947
v 0.01543571 -0.14455833 0.19513720
v 0.01418691 -0.13998932 0.18734771
v 0.02018624 -0.14181942 0.19133431
v 0.01418002 -0.12964441 0.17699867
v 0.01441171 -0.13108778 0.17960078
v 0.01566863 -0.13361736 0.18296486
v 0.01914552 -0.13621081 0.18638426
v 0.01533742 -0.12909221 0.17495066
v 0.01652377 -0.12879566 0.17272025
v 0.01688149 -0.12818231 0.17372340
v 0.03043974 -0.12945146 0.15806764
v 0.03353891 -0.12985877 0.15356070
v 0.02307187 -0.12976142 0.16531390
v 0.02671640 -0.12970794 0.16202801
v 0.03099856 -0.13354813 0.14297390
v 0.03793293 -0.13125840 0.14262778
v 0.03609571 -0.13081244 0.14836150
v 0.01816419 -0.12909393 0.17080837
v 0.02093255 -0.12961151 0.16775888
v 0.02159610 -0.12955223 0.16918880
v 0.00247197 -0.14142186 0.11285156
v 0.00499918 -0.14361629 0.11437595
v 0.00796145 -0.14462257 0.11659640
v 0.01078511 -0.14417585 0.11790055
v 0.01381676 -0.14263119 0.11892670
v 0.01714000 -0.14019339 0.11996192
v 0.01536244 -0.14025069 0.12463278
v 0.00406364 -0.15360041 0.13652390
v 0.00509373 -0.14748279 0.13842469
v 0.00397672 -0.15030560 0.13725501
v 0.00624448 -0.14619539 0.13611716
v 0.01263129 -0.14004116 0.13379413
v 0.01445000 -0.13893025 0.12968177
v 0.01481936 -0.13744071 0.13335282
v 0.00930392 -0.14309921 0.13595563
v 0.00685737 -0.14384823 0.13780767
v 0.00781693 -0.15392599 0.13871664
v 0.01084748 -0.15259266 0.13993150
v 0.01339293 -0.15069726 0.14090866
v 0.01572796 -0.14776259 0.14159411
v 0.01718565 -0.14406713 0.14215106
v 0.01721663 -0.14040444 0.14280862
v 0.01721531 -0.13720186 0.14300317
v 0.01879432 -0.13539334 0.14153057
v 0.02608967 -0.13439762 0.13792568
v 0.03253891 -0.13340667 0.13751966
v 0.00681714 -0.14232214 0.21848100
v 0.01252675 -0.14356812 0.21156996
v 0.01750146 -0.14425318 0.20537513
v 0.02234871 -0.14372823 0.19982535
v 0.02491072 -0.13784198 0.18939728
v 0.03170373 -0.13812324 0.19165117
v 0.02723762 -0.14174758 0.19510418
v 0.01708346 -0.12886301 0.17541021
v 0.01672244 -0.12893373 0.17708343
v 0.01749872 -0.12996999 0.17956322
v 0.01987035 -0.13164524 0.18234044
v 0.02401527 -0.13343482 0.18522626
v 0.02973671 -0.13471507 0.18734306
v 0.02144243 -0.12886139 0.17217237
v 0.01957547 -0.12796671 0.17326742
v 0.01886691 -0.12735406 0.17397028
v 0.01821208 -0.12710661 0.17414349
v 0.01720771 -0.12763161 0.17438895
v 0.03875780 -0.12720332 0.15904671
v 0.03417296 -0.12850005 0.16303700
v 0.04150992 -0.12734604 0.15419275
v 0.04358561 -0.12770854 0.14857411
v 0.02493573 -0.12989824 0.16772848
v 0.02888434 -0.12966401 0.16578561
v 0.03909978 -0.13097198 0.13671297
v 0.04551677 -0.12714421 0.13572294
v 0.04493878 -0.12772253 0.14226502
v 0.02918411 -0.12977884 0.16864020
v 0.02489044 -0.12975271 0.17035466
v 0.00261504 -0.13603930 0.11720687
v 0.00485556 -0.13781055 0.11380488
v 0.00717363 -0.14011753 0.11320740
v 0.00984671 -0.14143920 0.11416453
v 0.01260474 -0.14158865 0.11514699
v 0.01541706 -0.14083596 0.11578268
v 0.01818286 -0.13926155 0.11639971
v 0.02120768 -0.13707533 0.11693746
v 0.02074633 -0.13770080 0.12036854
v 0.01987694 -0.13754540 0.12457114
v 0.01907968 -0.13664227 0.12898290
v 0.00263152 -0.15271302 0.13978308
v 0.00495305 -0.15363063 0.13843423
v 0.00419207 -0.14502147 0.14056307
v 0.00360314 -0.14655923 0.14380747
v 0.00294712 -0.14929200 0.14107877
v 0.01442468 -0.14331079 0.13628668
v 0.01193901 -0.14238035 0.13533622
v 0.01556705 -0.14031464 0.13570303
v 0.01617395 -0.13741407 0.13621837
v 0.01853176 -0.13562941 0.13314563
v 0.01783661 -0.13530971 0.13701099
v 0.01132682 -0.14355372 0.13732821
v 0.00935931 -0.14193224 0.13783997
v 0.00621811 -0.13994746 0.13933176
v 0.00406211 -0.14135459 0.14320093
v 0.00640771 -0.15260622 0.14064807
v 0.00891492 -0.15071881 0.13905817
v 0.01136439 -0.14978484 0.13884515
v 0.01357072 -0.14808424 0.13877970
v 0.01584450 -0.14542011 0.13841432
v 0.01732450 -0.14200257 0.13845724
v 0.01740316 -0.13865248 0.13912970
v 0.01744294 -0.13629291 0.13997275
v 0.02111386 -0.13461808 0.13773161
v 0.02282698 -0.13440795 0.13311762
v 0.02795061 -0.13384451 0.13304061
v 0.03358948 -0.13269355 0.13220400
v 0.03951050 -0.13019409 0.13088542
v 0.00763755 -0.13796103 0.23324746
v 0.01420870 -0.14001665 0.22503418
v 0.01975318 -0.14096856 0.21742314
v 0.02469052 -0.14136711 0.21036190
v 0.02951582 -0.14086156 0.20402759
v 0.03444742 -0.13948489 0.19841307
v 0.03601863 -0.13459333 0.18864042
v 0.04229498 -0.13306924 0.18957502
v 0.03877875 -0.13678035 0.19363052
v 0.01760761 -0.12696281 0.17525989
v 0.01839233 -0.12795778 0.17598373
v 0.01914715 -0.12923088 0.17717534
v 0.02055122 -0.13021589 0.17987782
v 0.02337687 -0.13118971 0.18311292
v 0.02840089 -0.13273210 0.18428761
v 0.03456513 -0.13332992 0.18528885
v 0.04033048 -0.13166346 0.18583030
v 0.02896118 -0.13053878 0.17112678
v 0.02500689 -0.12947572 0.17252618
v 0.02240050 -0.12795677 0.17346209
v 0.02123988 -0.12719971 0.17398494
v 0.02061387 -0.12701580 0.17395395
v 0.02046838 -0.12722351 0.17454368
v 0.01827561 -0.12761964 0.17512971
v 0.04741447 -0.12253395 0.16063386
v 0.04954357 -0.12320204 0.15534168
v 0.04020663 -0.12629486 0.16537052
v 0.03420435 -0.12896996 0.16695982
v 0.05166095 -0.12263225 0.14204985
v 0.05103632 -0.12312395 0.14908391
v 0.04527455 -0.12622233 0.12926203
v 0.05065371 -0.12073605 0.12756640
v 0.05151788 -0.12178978 0.13476795
v 0.03843187 -0.12793525 0.16891760
v 0.03354185 -0.13013946 0.16978008
v 0.00404962 -0.13415356 0.12969118
v 0.00643501 -0.13443108 0.12254608
v 0.00768920 -0.13474266 0.11697763
v 0.00899508 -0.13620640 0.11388814
v 0.01112503 -0.13798516 0.11295724
v 0.01351258 -0.13878182 0.11335772
v 0.01619157 -0.13867188 0.11393499
v 0.01868527 -0.13765899 0.11417991
v 0.02131807 -0.13594319 0.11441261
v 0.02443630 -0.13411324 0.11453122
v 0.02466214 -0.13496233 0.11700720
v 0.02464167 -0.13540231 0.12033278
v 0.02433136 -0.13523949 0.12448245
v 0.02369696 -0.13477999 0.12872809
v 0.00254295 -0.15111490 0.14374048
v 0.00317792 -0.15353480 0.14236969
v 0.00578055 -0.14289767 0.14670330
v 0.00749689 -0.14747687 0.14571637
v 0.00415511 -0.14938042 0.14562970
v 0.01285810 -0.14558588 0.13754398
v 0.01095961 -0.14722048 0.13854927
v 0.01071498 -0.14450394 0.13968521
v 0.01025564 -0.13899510 0.14114636
v 0.00697512 -0.13685276 0.14337856
v 0.00940093 -0.14037830 0.14559489
v 0.00450378 -0.15213429 0.14446145
v 0.00755064 -0.15067236 0.14309996
v 0.00962802 -0.14850279 0.14080828
v 0.02878638 -0.13340963 0.12840551
v 0.03406546 -0.13181168 0.12726349
v 0.03909857 -0.12922747 0.12534326
v 0.04427286 -0.12531081 0.12310618
v 0.00842108 -0.12876312 0.24965364
v 0.01581896 -0.13346462 0.24034601
v 0.02216237 -0.13623073 0.23144907
v 0.02740121 -0.13707594 0.22291237
v 0.03201593 -0.13687162 0.21479803
v 0.03651097 -0.13621433 0.20740014
v 0.04523278 -0.13344653 0.19514495
v 0.04119763 -0.13538722 0.20090359
v 0.04513389 -0.12950096 0.18620652
v 0.04943778 -0.12689586 0.18599886
v 0.04799477 -0.13032185 0.19013315
v 0.01986756 -0.12738936 0.17625302
v 0.01947739 -0.12684837 0.17662400
v 0.02053909 -0.12702933 0.17696542
v 0.02153115 -0.12896881 0.17804569
v 0.02373804 -0.13117445 0.17993289
v 0.02798114 -0.13283170 0.18264133
v 0.03359849 -0.13250257 0.18429083
v 0.03937267 -0.13097698 0.18318123
v 0.04349920 -0.12904801 0.18271834
v 0.04672710 -0.12669638 0.18293506
v 0.03749457 -0.12900614 0.17167360
v 0.03307481 -0.13022092 0.17180222
v 0.02894241 -0.12978499 0.17241699
v 0.02523491 -0.12838878 0.17316812
v 0.02313426 -0.12738559 0.17351276
v 0.02240113 -0.12720709 0.17372543
v 0.02192387 -0.12713467 0.17403466
v 0.02169942 -0.12719606 0.17497450
v 0.02095624 -0.12737053 0.17656189
v 0.05352748 -0.11542758 0.16761810
v 0.04723960 -0.12135214 0.16528994
v 0.05473632 -0.11639800 0.16295379
v 0.05668171 -0.11705688 0.15708190
v 0.05782385 -0.11678833 0.14999777
v 0.04864632 -0.11960540 0.16898054
v 0.04358882 -0.12437530 0.16832608
v 0.05685719 -0.11507707 0.13398987
v 0.05779654 -0.11605084 0.14210075
v 0.04902143 -0.11984670 0.12050980
v 0.05330721 -0.11306245 0.11771923
v 0.05536171 -0.11400034 0.12586600
v 0.04550141 -0.12260110 0.17134291
v 0.04153098 -0.12636562 0.17143339
v 0.00443122 -0.12565586 0.06837422
v 0.00442497 -0.11153669 0.06638831
v 0.00866786 -0.11745628 0.06727380
v 0.00430372 -0.13536297 0.07703608
v 0.00936475 -0.13048047 0.07188433
v 0.01113274 -0.08185430 0.13980395
v 0.01691967 -0.09768945 0.14073247
v 0.00759334 -0.10950034 0.14140588
v 0.01024164 -0.12573891 0.13499886
v 0.01156929 -0.13158106 0.12751037
v 0.01181895 -0.13233021 0.12105697
v 0.01173330 -0.13308440 0.11632138
v 0.01263451 -0.13458643 0.11352497
v 0.01445937 -0.13602651 0.11247188
v 0.01667712 -0.13633877 0.11265320
v 0.01904702 -0.13573125 0.11287385
v 0.02123170 -0.13442386 0.11285335
v 0.02353726 -0.13297837 0.11262256
v 0.02591918 -0.13176243 0.11199981
v 0.02737758 -0.13246159 0.11387390
v 0.02823580 -0.13293493 0.11645693
v 0.02894133 -0.13306579 0.11992222
v 0.02919303 -0.13315877 0.12406522
v 0.01020975 -0.14591429 0.14322096
v 0.03402491 -0.13099417 0.12279981
v 0.03824945 -0.12830775 0.12045020
v 0.04255906 -0.12465094 0.11754400
v 0.04667860 -0.11949259 0.11399001
v 0.00903808 -0.11270427 0.26629907
v 0.01717697 -0.12115090 0.25665659
v 0.02455785 -0.12684436 0.24680692
v 0.03061410 -0.13018697 0.23695010
v 0.03537965 -0.13140629 0.22726887
v 0.03935842 -0.13115359 0.21825582
v 0.04323300 -0.13051159 0.20991021
v 0.04725006 -0.12986565 0.20241576
v 0.05266084 -0.12608478 0.19006711
v 0.05077596 -0.12854140 0.19582552
v 0.04972714 -0.12397251 0.18266445
v 0.05235922 -0.12100384 0.18173021
v 0.05308003 -0.12333885 0.18532592
v 0.02120768 -0.12721701 0.17732841
v 0.02084679 -0.12687803 0.17704660
v 0.02090585 -0.12665825 0.17746526
v 0.02194656 -0.12729168 0.17800051
v 0.02411930 -0.12892899 0.17930716
v 0.02799339 -0.13161905 0.18078393
v 0.03303843 -0.13328660 0.18168777
v 0.03856991 -0.13119550 0.18219990
v 0.04277990 -0.12808676 0.18177301
v 0.04520349 -0.12606340 0.18047589
v 0.04733178 -0.12434023 0.18023151
v 0.04917648 -0.12241070 0.17993623
v 0.04358224 -0.12437757 0.17382842
v 0.04036543 -0.12688452 0.17346734
v 0.03672728 -0.12834530 0.17280191
v 0.03288321 -0.12903378 0.17245311
v 0.02864688 -0.12863657 0.17207152
v 0.02509571 -0.12772118 0.17217451
v 0.02361101 -0.12725953 0.17300171
v 0.02318710 -0.12716428 0.17368001
v 0.02297663 -0.12716899 0.17414480
v 0.02281086 -0.12709691 0.17477506
v 0.02180135 -0.12741247 0.17652422
v 0.05792209 -0.11123268 0.17541510
v 0.05332559 -0.11480303 0.17150694
v 0.05895389 -0.11009605 0.17157751
v 0.06064025 -0.10951918 0.16641492
v 0.06260026 -0.10899259 0.15958613
v 0.06278165 -0.10802891 0.14231890
v 0.06346218 -0.10846965 0.15134066
v 0.05336106 -0.11521652 0.17468685
v 0.04927196 -0.11844769 0.17226273
v 0.05917618 -0.10642022 0.12429076
v 0.06110491 -0.10738125 0.13325733
v 0.05054524 -0.11258440 0.10956532
v 0.05471106 -0.10383658 0.10586184
v 0.05712807 -0.10528954 0.11523670
v 0.04934614 -0.11874590 0.17486137
v 0.04631243 -0.12157636 0.17395431
v 0.00432362 -0.10031109 0.06520915
v 0.00808346 -0.10496369 0.06612307
v 0.01312489 -0.12271297 0.06909567
v 0.01176238 -0.10956571 0.06725782
v 0.01588648 -0.11435575 0.06875378
v 0.00406892 -0.13683033 0.08620900
v 0.00909413 -0.13578888 0.08153254
v 0.01376584 -0.13221860 0.07657140
v 0.01732926 -0.12627849 0.07280999
v 0.01045127 -0.06299173 0.12626189
v 0.02156687 -0.07181369 0.12864882
v 0.02697218 -0.09741538 0.13516611
v 0.02219483 -0.11518760 0.13437766
v 0.01711323 -0.11618386 0.13758868
v 0.01725320 -0.12556186 0.13156360
v 0.01717142 -0.12814199 0.12489647
v 0.01607277 -0.12965808 0.11925632
v 0.01535992 -0.13099168 0.11526543
v 0.01595338 -0.13257338 0.11282641
v 0.01758655 -0.13368519 0.11183470
v 0.01959861 -0.13365893 0.11192483
v 0.02131798 -0.13292718 0.11201137
v 0.02273209 -0.13193740 0.11173683
v 0.02420303 -0.13096676 0.11099297
v 0.02574314 -0.13030291 0.10978538
v 0.02771455 -0.13053868 0.11062139
v 0.02977091 -0.13076497 0.11236840
v 0.03153510 -0.13071637 0.11510879
v 0.03308893 -0.13065925 0.11866653
v 0.03686238 -0.12788796 0.11625332
v 0.04048617 -0.12446973 0.11290818
v 0.04376869 -0.12008398 0.10867172
v 0.04652792 -0.11419645 0.10316426
v 0.01049390 -0.08727896 0.28098029
v 0.01924053 -0.10041250 0.27222747
v 0.02660388 -0.11023498 0.26183981
v 0.03344841 -0.11726937 0.25119513
v 0.03914460 -0.12162297 0.24080998
v 0.04325633 -0.12357915 0.23044902
v 0.04671615 -0.12410605 0.22071666
v 0.04976728 -0.12371911 0.21167904
v 0.05517349 -0.12241419 0.19605321
v 0.05256915 -0.12307921 0.20329469
v 0.05584945 -0.11929861 0.18468469
v 0.05618255 -0.12104370 0.18982488
v 0.05080550 -0.12016268 0.17901975
v 0.05221893 -0.11814183 0.17815465
v 0.05450176 -0.11806672 0.18078762
v 0.02197972 -0.12702220 0.17775887
v 0.02168538 -0.12694352 0.17732769
v 0.02133172 -0.12673569 0.17763335
v 0.02148078 -0.12693292 0.17813259
v 0.02290095 -0.12801332 0.17940348
v 0.02728354 -0.12968843 0.18130952
v 0.03232109 -0.13086173 0.18110186
v 0.03738466 -0.13066623 0.18049353
v 0.04168907 -0.12907614 0.17947096
v 0.04445759 -0.12614942 0.17929918
v 0.04639735 -0.12368392 0.17900127
v 0.04800152 -0.12247172 0.17887002
v 0.04873333 -0.12079068 0.17766184
v 0.04638417 -0.12141678 0.17564195
v 0.04406756 -0.12300249 0.17557913
v 0.04212397 -0.12436134 0.17478842
v 0.03942105 -0.12594822 0.17376369
v 0.03638346 -0.12684444 0.17199796
v 0.03204470 -0.12717402 0.17058367
v 0.02459792 -0.12728972 0.17233628
v 0.02602011 -0.12750069 0.17138404
v 0.02347666 -0.12670628 0.17318255
v 0.02398053 -0.12702790 0.17296225
v 0.02175616 -0.12568918 0.17439765
v 0.02199926 -0.12668001 0.17660004
v 0.02280390 -0.12637619 0.17362374
v 0.05982672 -0.11140242 0.18268305
v 0.05712386 -0.11313103 0.17820114
v 0.06146128 -0.10784976 0.18018454
v 0.06334684 -0.10480804 0.17644185
v 0.06552256 -0.10201382 0.17099410
v 0.06763106 -0.09901151 0.16328984
v 0.06783204 -0.09804188 0.15304965
v 0.06391522 -0.09901769 0.13241643
v 0.06603810 -0.09890981 0.14235920
v 0.05607116 -0.11548984 0.17992359
v 0.05306651 -0.11650119 0.17688268
v 0.06020899 -0.09703660 0.11337811
v 0.06199682 -0.09839337 0.12283999
v 0.05207383 -0.10041526 0.09619993
v 0.05486559 -0.09098395 0.09553486
v 0.05797631 -0.09471160 0.10409409
v 0.04920305 -0.11953476 0.17641181
v 0.00391720 -0.09030167 0.05790269
v 0.00745516 -0.09452981 0.06347513
v 0.01104514 -0.09926665 0.06617343
v 0.01474298 -0.10296180 0.06747288
v 0.02039943 -0.11854216 0.07142985
v 0.01872598 -0.10669408 0.06922048
v 0.02328264 -0.11069559 0.07171661
v 0.00373903 -0.13600432 0.09303433
v 0.00828954 -0.13552763 0.08955723
v 0.01281975 -0.13439761 0.08534485
v 0.01672351 -0.13182797 0.08111662
v 0.02057475 -0.12744108 0.07771128
v 0.02420879 -0.12130170 0.07584804
v 0.01035318 -0.04029310 0.09320694
v 0.01843054 -0.04775766 0.10414463
v 0.02454639 -0.06081427 0.11449283
v 0.03001387 -0.07076652 0.11572009
v 0.02939403 -0.08026967 0.12896889
v 0.03175391 -0.09435729 0.12289882
v 0.02849023 -0.10724902 0.12752646
v 0.02314722 -0.11962629 0.12777418
v 0.02126032 -0.12379846 0.12152797
v 0.01926415 -0.12670263 0.11696678
v 0.01839107 -0.12862603 0.11387295
v 0.01891538 -0.13020649 0.11204058
v 0.02031749 -0.13132969 0.11133415
v 0.02157863 -0.13158334 0.11137635
v 0.02239398 -0.13124161 0.11125976
v 0.02296024 -0.13077364 0.11070579
v 0.02368558 -0.13056030 0.10966343
v 0.02459705 -0.13019839 0.10805064
v 0.02695116 -0.12942663 0.10791975
v 0.02950224 -0.12909185 0.10851139
v 0.03225642 -0.12867982 0.11007470
v 0.03489728 -0.12804386 0.11270529
v 0.03805910 -0.12496218 0.10926563
v 0.04061929 -0.12134335 0.10489959
v 0.04218437 -0.11715797 0.09965712
v 0.04237991 -0.11287811 0.09347159
v 0.04732051 -0.10792388 0.09539241
v 0.01165245 -0.05563893 0.28860015
v 0.02182015 -0.07187802 0.28315991
v 0.03013645 -0.08644664 0.27502185
v 0.03670483 -0.09749341 0.26451844
v 0.04238669 -0.10523931 0.25331098
v 0.04699686 -0.11044629 0.24251872
v 0.05099025 -0.11363323 0.23215419
v 0.05397902 -0.11528047 0.22206777
v 0.05628920 -0.11570461 0.21248728
v 0.05776360 -0.11554924 0.20363647
v 0.05898901 -0.11550920 0.18939108
v 0.05867991 -0.11547146 0.19587523
v 0.05803532 -0.11528715 0.18408495
v 0.02083311 -0.12533224 0.17829686
v 0.02125703 -0.12589060 0.17774862
v 0.02116831 -0.12620967 0.17812926
v 0.02131984 -0.12657562 0.17843205
v 0.02181136 -0.12708569 0.17898089
v 0.02329056 -0.12806294 0.18048042
v 0.03163004 -0.12804272 0.18517357
v 0.03716727 -0.12842189 0.18184870
v 0.04034082 -0.12716316 0.17912918
v 0.04280286 -0.12557474 0.17782265
v 0.04479591 -0.12393512 0.17691416
v 0.04672434 -0.12227194 0.17715043
v 0.04308823 -0.12233782 0.17570752
v 0.04396781 -0.12268626 0.17629689
v 0.03981761 -0.12182443 0.17045563
v 0.04188543 -0.12282879 0.17404646
v 0.03217484 -0.12356304 0.16771835
v 0.02888032 -0.12687935 0.17027217
v 0.02494572 -0.12678209 0.17157882
v 0.02556086 -0.12720855 0.17146915
v 0.02650735 -0.12638489 0.17021567
v 0.02203949 -0.12478876 0.17194051
v 0.02390069 -0.12587425 0.17115897
v 0.01981362 -0.12076724 0.17150348
v 0.01972464 -0.12388803 0.17687744
v 0.06143013 -0.10984219 0.18814105
v 0.06382173 -0.10431726 0.18584162
v 0.06626712 -0.09914365 0.18225902
v 0.06869075 -0.09400468 0.17702836
v 0.07102205 -0.08837536 0.17014796
v 0.06804237 -0.08943919 0.14138633
v 0.07045939 -0.08679340 0.15252393
v 0.06419969 -0.09016250 0.12140721
v 0.06590336 -0.09048640 0.13116664
v 0.05983483 -0.08529292 0.10319728
v 0.06240187 -0.08843107 0.11202729
v 0.04535198 -0.10281816 0.08748835
v 0.04870320 -0.09512160 0.08797747
v 0.05037269 -0.08618375 0.08870417
v 0.05068344 -0.07668764 0.08942342
v 0.05591878 -0.08098548 0.09564906
v 0.00411630 -0.08327403 0.04498279
v 0.00743576 -0.08608403 0.05200469
v 0.01029530 -0.08924983 0.05880570
v 0.01337385 -0.09328666 0.06463104
v 0.01737687 -0.09719791 0.06776154
v 0.02160755 -0.10031131 0.06984568
v 0.02753094 -0.11425316 0.07548457
v 0.02619526 -0.10358438 0.07243836
v 0.03077893 -0.10726347 0.07583874
v 0.00343331 -0.13817716 0.09812123
v 0.00752344 -0.13626449 0.09559733
v 0.01141112 -0.13461833 0.09254056
v 0.01511232 -0.13307451 0.08876663
v 0.01891302 -0.13076216 0.08531827
v 0.02281974 -0.12716996 0.08262068
v 0.02675011 -0.12244714 0.08106130
v 0.03063415 -0.11691147 0.08050674
v 0.00906827 -0.05243362 0.07469708
v 0.01654212 -0.04902780 0.08339065
v 0.02307784 -0.05227932 0.09321886
v 0.02786330 -0.06104403 0.10357171
v 0.03048054 -0.07482614 0.10176867
v 0.03404588 -0.08437407 0.11391813
v 0.03139977 -0.09884241 0.11203629
v 0.02882886 -0.10506714 0.11811131
v 0.02583473 -0.11510323 0.12145370
v 0.02293767 -0.12076403 0.11749798
v 0.02106903 -0.12435335 0.11463469
v 0.02042396 -0.12662251 0.11264378
v 0.02085775 -0.12837597 0.11151713
v 0.02166202 -0.12988989 0.11115891
v 0.02211021 -0.13058048 0.11101145
v 0.02231391 -0.13075732 0.11065418
v 0.02234530 -0.13100490 0.10990447
v 0.02266138 -0.13125362 0.10847801
v 0.02279861 -0.13146102 0.10631222
v 0.02511686 -0.12980088 0.10572249
v 0.02792076 -0.12841104 0.10543567
v 0.03110263 -0.12743885 0.10579425
v 0.03463472 -0.12632260 0.10696167
v 0.03679465 -0.12341657 0.10277158
v 0.03813667 -0.11986959 0.09754473
v 0.03794368 -0.11680910 0.09206134
v 0.03678481 -0.11405313 0.08620089
v 0.04110139 -0.10887595 0.08677727
v 0.01289517 -0.02453960 0.28966123
v 0.02393727 -0.04045111 0.28710884
v 0.03355151 -0.05635512 0.28188473
v 0.04121998 -0.07132848 0.27425653
v 0.04667233 -0.08327977 0.26416081
v 0.05101269 -0.09180246 0.25319916
v 0.05455867 -0.09782703 0.24241692
v 0.05767829 -0.10166946 0.23205656
v 0.06038255 -0.10433027 0.22173637
v 0.06224395 -0.10605009 0.21180826
v 0.06221210 -0.10826292 0.19483393
v 0.06267736 -0.10711741 0.20278293
v 0.02021575 -0.12442641 0.17865878
v 0.01829987 -0.12038131 0.17843741
v 0.02070311 -0.12551929 0.17972082
v 0.02147917 -0.12668440 0.17952508
v 0.02221224 -0.12738429 0.17986935
v 0.02311532 -0.12776462 0.18155795
v 0.02684821 -0.12790206 0.18448669
v 0.03166322 -0.12499929 0.18848079
v 0.04145453 -0.12314918 0.18349689
v 0.04264738 -0.12339740 0.17866558
v 0.04318886 -0.12287756 0.17687565
v 0.04374009 -0.12064441 0.17639488
v 0.04349704 -0.11914601 0.17427558
v 0.04202771 -0.11756888 0.17117149
v 0.04029709 -0.11448088 0.16945606
v 0.03718364 -0.11850952 0.16740519
v 0.03328706 -0.11267830 0.16618520
v 0.02860359 -0.11844467 0.16566402
v 0.02540582 -0.12303374 0.16786486
v 0.02202042 -0.11846766 0.16863769
v 0.02035506 -0.11393948 0.17110497
v 0.01799417 -0.11636187 0.17459100
v 0.06547695 -0.10086724 0.19269615
v 0.06836983 -0.09351385 0.18926376
v 0.07085715 -0.08642556 0.18457991
v 0.07309900 -0.07918516 0.17904657
v 0.07286946 -0.08041382 0.16379291
v 0.07452167 -0.07140582 0.17332822
v 0.06750759 -0.08181639 0.12965208
v 0.06932837 -0.08032978 0.13933450
v 0.07137541 -0.07710933 0.14917117
v 0.07315120 -0.07170243 0.15881878
v 0.06379554 -0.07924405 0.11129647
v 0.06585557 -0.08148562 0.12025219
v 0.05613159 -0.07099070 0.09618753
v 0.06064624 -0.07541421 0.10318834
v 0.03820800 -0.10474670 0.08083814
v 0.04149985 -0.09789250 0.08138740
v 0.04384272 -0.09029704 0.08242810
v 0.04481185 -0.08183342 0.08334398
v 0.04585172 -0.07258383 0.08311969
v 0.04859811 -0.06353430 0.08170635
v 0.05144776 -0.06692428 0.08949953
v 0.00463833 -0.07700148 0.02952415
v 0.00804802 -0.07945600 0.03817591
v 0.01063928 -0.08195982 0.04607496
v 0.01322700 -0.08439942 0.05310202
v 0.01574121 -0.08742317 0.05997992
v 0.01931745 -0.09084133 0.06613892
v 0.02404943 -0.09415038 0.07034892
v 0.02883650 -0.09713625 0.07336622
v 0.03446304 -0.11087612 0.08052337
v 0.03380867 -0.10057120 0.07645756
v 0.00299613 -0.14200321 0.10165197
v 0.00685235 -0.13972091 0.09981161
v 0.01028668 -0.13720048 0.09790784
v 0.01347535 -0.13487409 0.09569186
v 0.01669317 -0.13266481 0.09292895
v 0.02031729 -0.13009955 0.09005457
v 0.02431575 -0.12674673 0.08764654
v 0.02843657 -0.12281359 0.08622414
v 0.03253581 -0.11864727 0.08596033
v 0.00647710 -0.06913406 0.07892650
v 0.01201415 -0.06163128 0.07753235
v 0.02013277 -0.06133301 0.08271879
v 0.02566553 -0.06538688 0.09050709
v 0.02595683 -0.08024838 0.09130162
v 0.03122665 -0.08992412 0.09875840
v 0.03173978 -0.10051484 0.10555393
v 0.02833105 -0.10647516 0.10918432
v 0.02814658 -0.10634905 0.11217707
v 0.02612883 -0.11307038 0.11558598
v 0.02327987 -0.11903562 0.11387151
v 0.02168142 -0.12277644 0.11264509
v 0.02112576 -0.12524528 0.11177856
v 0.02148956 -0.12754351 0.11131269
v 0.02181994 -0.12954332 0.11103731
v 0.02168447 -0.13071314 0.11070484
v 0.02126643 -0.13149880 0.11011773
v 0.02100983 -0.13228489 0.10888666
v 0.02087102 -0.13306746 0.10688752
v 0.02031352 -0.13357009 0.10422570
v 0.02254682 -0.13149827 0.10341638
v 0.02524146 -0.12941616 0.10261649
v 0.02854140 -0.12734785 0.10207611
v 0.03242687 -0.12549302 0.10202187
v 0.03360258 -0.12279141 0.09690100
v 0.03371487 -0.12023884 0.09135360
v 0.01438703 0.00839420 0.28103274
v 0.02669469 -0.00926139 0.28435880
v 0.03669809 -0.02589672 0.28237385
v 0.04567976 -0.04125398 0.27748841
v 0.05248657 -0.05603402 0.27016991
v 0.05664375 -0.06844293 0.26077884
v 0.05951069 -0.07765386 0.25059742
v 0.06203930 -0.08428596 0.24028236
v 0.06446113 -0.08898215 0.23007387
v 0.06619286 -0.09234652 0.21988136
v 0.06707078 -0.09528912 0.20983881
v 0.06664742 -0.09781891 0.20073968
v 0.01830080 -0.11196187 0.17965990
v 0.01871759 -0.11707729 0.18363947
v 0.02151001 -0.12410765 0.18424708
v 0.02651597 -0.11793381 0.19116753
v 0.03311135 -0.10975122 0.19048423
v 0.03857528 -0.11926175 0.18924397
v 0.04241509 -0.11297762 0.18539554
v 0.04403811 -0.11698556 0.18228894
v 0.04429573 -0.11882463 0.17877406
v 0.04438567 -0.11568780 0.17668051
v 0.04291186 -0.11363045 0.17328447
v 0.04192099 -0.10854035 0.17670363
v 0.03795833 -0.10825376 0.17049068
v 0.03298251 -0.10300725 0.17613107
v 0.02725091 -0.10771796 0.16903704
v 0.02433590 -0.11448165 0.16733700
v 0.02116353 -0.10805428 0.17489642
v 0.06999446 -0.08845100 0.19753951
v 0.07302637 -0.07964656 0.19313151
v 0.07527994 -0.07112424 0.18787724
v 0.07370561 -0.06407145 0.16783077
v 0.07563562 -0.05753205 0.17545146
v 0.07632208 -0.06279996 0.18200499
v 0.06660354 -0.07242936 0.11958987
v 0.06826387 -0.07317150 0.12821645
v 0.06986379 -0.07188875 0.13696700
v 0.07132157 -0.06883802 0.14572245
v 0.07219110 -0.06418475 0.15422386
v 0.07262965 -0.05776967 0.16150635
v 0.06068032 -0.06535810 0.10384202
v 0.06423133 -0.06959188 0.11129713
v 0.05350054 -0.05730994 0.08883095
v 0.05628197 -0.06114818 0.09677190
v 0.03640073 -0.09375266 0.07749999
v 0.03818303 -0.08616083 0.07820302
v 0.03964839 -0.07782823 0.07766706
v 0.04250380 -0.06934666 0.07564068
v 0.04673516 -0.06239390 0.07262200
v 0.05124686 -0.05515095 0.06902617
v 0.05229767 -0.05557962 0.07925576
v 0.00547587 -0.07119815 0.01157349
v 0.00967811 -0.07338613 0.02121291
v 0.01240365 -0.07552326 0.03059855
v 0.01430887 -0.07766920 0.03973338
v 0.01641550 -0.07991573 0.04776272
v 0.01889687 -0.08199369 0.05492151
v 0.02175732 -0.08453161 0.06221879
v 0.02602181 -0.08729572 0.06891423
v 0.03108634 -0.09032805 0.07384312
v 0.00273365 -0.14309349 0.10683614
v 0.00624927 -0.14260716 0.10396498
v 0.00952619 -0.14068726 0.10190821
v 0.01239715 -0.13810114 0.10041219
v 0.01530200 -0.13544123 0.09876531
v 0.01805257 -0.13314315 0.09713036
v 0.02118848 -0.13063404 0.09529835
v 0.02506262 -0.12741350 0.09329611
v 0.02939947 -0.12371731 0.09165829
v 0.00913253 -0.08103907 0.08507013
v 0.00484272 -0.09316436 0.08885258
v 0.01290525 -0.07115629 0.08155197
v 0.01616266 -0.06421298 0.08000380
v 0.01814528 -0.07497933 0.08419400
v 0.02148405 -0.07388829 0.08561641
v 0.02061984 -0.08619205 0.08873862
v 0.02436219 -0.09491095 0.09281152
v 0.02790391 -0.10200232 0.09743470
v 0.02864868 -0.10762088 0.10274523
v 0.02584764 -0.11263615 0.11168665
v 0.02595088 -0.11230092 0.10774678
v 0.02329367 -0.11794255 0.11083716
v 0.02147790 -0.12193399 0.11074740
v 0.02078054 -0.12510316 0.11101210
v 0.02080211 -0.12798579 0.11132687
v 0.02066371 -0.13042941 0.11114055
v 0.02007724 -0.13209495 0.11051589
v 0.01940633 -0.13340904 0.10933453
v 0.01894140 -0.13467249 0.10743409
v 0.01818651 -0.13566347 0.10502380
v 0.01689424 -0.13589903 0.10208791
v 0.01929280 -0.13358161 0.10095352
v 0.02199526 -0.13123865 0.09972304
v 0.02526837 -0.12861870 0.09846705
v 0.02922048 -0.12567564 0.09733373
v 0.01387150 0.03730959 0.25444216
v 0.02772763 0.02293103 0.26658839
v 0.03940802 0.00542123 0.27266973
v 0.04911661 -0.01096304 0.27282149
v 0.05699044 -0.02621589 0.26898509
v 0.06291097 -0.04083228 0.26278645
v 0.06615453 -0.05355116 0.25474781
v 0.06813243 -0.06337764 0.24576694
v 0.06947797 -0.07060063 0.23628145
v 0.07059817 -0.07596383 0.22650415
v 0.07110691 -0.08022650 0.21649402
v 0.07096689 -0.08427063 0.20668751
v 0.02630183 -0.10416717 0.18302244
v 0.02172155 -0.11114390 0.18701893
v 0.03883995 -0.10586738 0.18283921
v 0.04397182 -0.11260332 0.18019420
v 0.07444095 -0.07382553 0.20226020
v 0.07809208 -0.05526969 0.19074959
v 0.07704447 -0.06406979 0.19695491
v 0.07793495 -0.05179239 0.17990392
v 0.07515929 -0.05395257 0.16998869
v 0.07815669 -0.05189390 0.17457050
v 0.06361837 -0.06011807 0.11212242
v 0.06628204 -0.06352966 0.11954087
v 0.06799284 -0.06508683 0.12711245
v 0.06936806 -0.06445081 0.13476163
v 0.07043609 -0.06179946 0.14252037
v 0.07170985 -0.05789826 0.14995486
v 0.07408807 -0.05053100 0.15910977
v 0.07353846 -0.05278396 0.16395193
v 0.07420353 -0.05366849 0.15563470
v 0.05689832 -0.05113740 0.09706533
v 0.05987209 -0.05561250 0.10506165
v 0.05553190 -0.04728075 0.07663047
v 0.05606511 -0.04820973 0.08748275
v 0.03304422 -0.08277577 0.07284170
v 0.03577715 -0.07475629 0.07047039
v 0.04001411 -0.06808935 0.06730413
v 0.04530526 -0.06181568 0.06318873
v 0.05018768 -0.05446123 0.05869442
v 0.05429019 -0.04593226 0.05430675
v 0.05474861 -0.04678494 0.06544888
v 0.00638117 -0.07119467 -0.00682339
v 0.01185753 -0.07044235 0.00292534
v 0.01553486 -0.07071037 0.01282445
v 0.01784732 -0.07178256 0.02278274
v 0.01931761 -0.07327235 0.03255805
v 0.02093572 -0.07487790 0.04190320
v 0.02303926 -0.07657673 0.05032587
v 0.02554488 -0.07827972 0.05819762
v 0.02866072 -0.08021011 0.06599402
v 0.00545854 -0.14179211 0.10977584
v 0.00246759 -0.14017164 0.11167771
v 0.01183384 -0.14049606 0.10463560
v 0.00891206 -0.14189747 0.10713059
v 0.01448239 -0.13836912 0.10323280
v 0.01142530 -0.09456365 0.08957428
v 0.01501286 -0.08344730 0.08663744
v 0.00780242 -0.10620556 0.09120685
v 0.00427510 -0.11696385 0.09299523
v 0.01732336 -0.09740419 0.09085399
v 0.02241583 -0.10903699 0.09447354
v 0.02462965 -0.11227868 0.09792072
v 0.02403870 -0.11524225 0.10332066
v 0.02253827 -0.11848086 0.10785979
v 0.02037022 -0.12281807 0.10921890
v 0.01955591 -0.12657472 0.11074919
v 0.01899348 -0.12968229 0.11147612
v 0.01850021 -0.13245646 0.11132628
v 0.01772160 -0.13444116 0.11018485
v 0.01694051 -0.13611489 0.10832196
v 0.01601252 -0.13753698 0.10593694
v 0.01234507 0.05120786 0.22270149
v 0.02516574 0.04451512 0.23568529
v 0.03812270 0.03276567 0.24764293
v 0.04926707 0.01707070 0.25591129
v 0.05834245 0.00163310 0.25888270
v 0.06566921 -0.01313298 0.25769573
v 0.07076465 -0.02723345 0.25341827
v 0.07360498 -0.03969820 0.24688119
v 0.07474319 -0.04977905 0.23889714
v 0.07533357 -0.05753981 0.23028499
v 0.07537497 -0.06343584 0.22123367
v 0.07497998 -0.06857759 0.21174353
v 0.07805829 -0.05816242 0.20604211
v 0.07882771 -0.04384158 0.19114858
v 0.07926719 -0.04977426 0.19877249
v 0.07795706 -0.04812590 0.18576115
v 0.08098267 -0.04715462 0.18209225
v 0.07949963 -0.04374410 0.18371695
v 0.07331004 -0.04923134 0.16160554
v 0.07460494 -0.04996182 0.16571718
v 0.07738148 -0.04954138 0.17017835
v 0.07921096 -0.04684508 0.17384166
v 0.08154540 -0.04890785 0.17778641
v 0.05935141 -0.04549041 0.10669011
v 0.06191381 -0.05078602 0.11400652
v 0.06500874 -0.05530380 0.12040550
v 0.06705224 -0.05776324 0.12659997
v 0.06846973 -0.05822919 0.13295251
v 0.06959182 -0.05650515 0.13926631
v 0.07141556 -0.05353264 0.14744562
v 0.07354896 -0.05097575 0.15206236
v 0.07329928 -0.05004289 0.15520650
v 0.07149561 -0.04891290 0.15819913
v 0.05786582 -0.03899632 0.08673668
v 0.05833046 -0.04161563 0.09767348
v 0.05703154 -0.03723603 0.06245750
v 0.05725891 -0.03786795 0.07464904
v 0.03273496 -0.07337791 0.06263548
v 0.03819735 -0.06737960 0.05847144
v 0.04412410 -0.06110151 0.05336249
v 0.04956866 -0.05356358 0.04823923
v 0.05410445 -0.04555270 0.04365197
v 0.05830316 -0.03743195 0.03974450
v 0.05729816 -0.03707171 0.05083597
v 0.00638431 0.02404004 0.07601810
v 0.00573053 0.02278868 0.09636778
v 0.01168899 0.02181367 0.08572030
v 0.01388611 0.02607917 0.06626630
v 0.00796846 0.03258668 0.05747992
v 0.01874630 -0.07187629 -0.00496674
v 0.02223124 -0.06947159 0.00457975
v 0.02435549 -0.06874551 0.01474485
v 0.02575960 -0.06931367 0.02522466
v 0.02687815 -0.07027429 0.03535113
v 0.02833946 -0.07126886 0.04486084
v 0.03040702 -0.07232507 0.05409157
v 0.00493042 -0.13729234 0.11272234
v 0.00265512 -0.13491583 0.11113554
v 0.01094928 -0.13988464 0.10998601
v 0.00808962 -0.13928959 0.11192948
v 0.01354553 -0.13915369 0.10758287
v 0.01324965 -0.10763625 0.09180504
v 0.00973405 -0.11737261 0.09340817
v 0.00630757 -0.12513370 0.09705824
v 0.00326326 -0.13042095 0.10196489
v 0.01422532 -0.11809108 0.09387678
v 0.01819224 -0.11098487 0.09306377
v 0.01743370 -0.12014298 0.09575194
v 0.01974561 -0.11852233 0.09679645
v 0.02063590 -0.11943835 0.10061127
v 0.02055501 -0.12098007 0.10536677
v 0.01829358 -0.12512692 0.10856956
v 0.01735030 -0.12880448 0.11076170
v 0.01649119 -0.13196896 0.11183065
v 0.01573740 -0.13501833 0.11153561
v 0.01473824 -0.13730397 0.10994631
v 0.01123283 0.05325070 0.19634610
v 0.02251084 0.05151945 0.20701045
v 0.03436354 0.04643449 0.21773475
v 0.04621072 0.03675817 0.22835070
v 0.05637446 0.02361323 0.23744971
v 0.06420024 0.00969646 0.24293131
v 0.07041477 -0.00379587 0.24467522
v 0.07473120 -0.01672413 0.24280351
v 0.07744115 -0.02842859 0.23795003
v 0.07871418 -0.03841655 0.23097593
v 0.07903855 -0.04637783 0.22315890
v 0.07871587 -0.05262463 0.21485776
v 0.08011993 -0.04424003 0.20670682
v 0.07812708 -0.04138870 0.18506175
v 0.07844167 -0.03808917 0.18863839
v 0.07974743 -0.03947474 0.19690448
v 0.08399247 -0.04434056 0.17905480
v 0.08597603 -0.04321299 0.18298274
v 0.08435789 -0.03979413 0.18505758
v 0.08114448 -0.03820353 0.18319207
v 0.07308502 -0.04546083 0.16270214
v 0.07565263 -0.04618660 0.16704708
v 0.07613188 -0.04638091 0.17148358
v 0.07614822 -0.04391035 0.17356569
v 0.07922924 -0.04485815 0.17760116
v 0.05856427 -0.03189543 0.09984499
v 0.05984060 -0.03645664 0.10974008
v 0.06087098 -0.04239344 0.11707038
v 0.06306796 -0.04833435 0.12253237
v 0.06549662 -0.05149233 0.12723809
v 0.06760902 -0.05281715 0.13205522
v 0.07101303 -0.05269426 0.14341944
v 0.06995535 -0.05312334 0.13642579
v 0.07222606 -0.05039022 0.14067918
v 0.07257975 -0.04907173 0.14516169
v 0.06952792 -0.05093959 0.14638370
v 0.07082560 -0.05019223 0.15037245
v 0.07035158 -0.04965770 0.15306205
v 0.06943758 -0.04520457 0.15908891
v 0.06555942 -0.04972309 0.15473706
v 0.06539650 -0.04472095 0.15597719
v 0.05692957 -0.02786062 0.07379591
v 0.05739096 -0.02905453 0.08753866
v 0.06011411 -0.02846667 0.04804313
v 0.05791808 -0.02773474 0.06022114
v 0.03656682 -0.06673798 0.04883617
v 0.04310201 -0.06047470 0.04316717
v 0.04895908 -0.05338687 0.03777012
v 0.05450532 -0.04590625 0.03286532
v 0.06038503 -0.03923427 0.02890474
v 0.06781759 -0.03327605 0.02628219
v 0.06307532 -0.03007880 0.03656682
v 0.01104521 0.02290119 0.10689694
v 0.00580059 0.02562264 0.11792374
v 0.01851423 0.02152891 0.07524800
v 0.01649614 0.02055575 0.09564364
v 0.02254274 0.01861667 0.08448648
v 0.01043416 0.04743193 0.03749949
v 0.01783278 0.03801935 0.04802099
v 0.02665930 0.02232704 0.06538874
v 0.02288394 0.02923665 0.05683756
v 0.02965885 -0.06895324 -0.00332353
v 0.03126332 -0.06560954 0.00662363
v 0.03272312 -0.06497004 0.01764685
v 0.03394696 -0.06561132 0.02859434
v 0.03510547 -0.06618560 0.03889614
v 0.00541413 -0.13283529 0.10718888
v 0.00978897 -0.13596823 0.11266559
v 0.00739154 -0.13411636 0.11127275
v 0.01239061 -0.13738396 0.11182708
v 0.01090567 -0.12464163 0.09726077
v 0.00810159 -0.12973784 0.10210329
v 0.01467327 -0.12432490 0.09793109
v 0.01201815 -0.12849814 0.10236824
v 0.01507975 -0.12694414 0.10344607
v 0.01752153 -0.12356798 0.09967822
v 0.01770581 -0.12426073 0.10442692
v 0.01569596 -0.12769287 0.10827869
v 0.01436693 -0.13077826 0.11102897
v 0.01332369 -0.13409857 0.11229461
v 0.00980921 0.05010483 0.17440349
v 0.01989558 0.04982371 0.18403345
v 0.03037639 0.04782338 0.19289869
v 0.04143466 0.04320623 0.20188028
v 0.05168712 0.03510737 0.21115655
v 0.06028679 0.02475211 0.21977764
v 0.06692248 0.01335293 0.22648484
v 0.07200844 0.00179960 0.23037964
v 0.07575030 -0.00960678 0.23070806
v 0.07852425 -0.02036940 0.22760803
v 0.08017012 -0.02994771 0.22201890
v 0.08053677 -0.03787647 0.21490687
v 0.08041520 -0.03349023 0.20399481
v 0.07791848 -0.03800033 0.18254834
v 0.07773539 -0.03402236 0.18507951
v 0.07917887 -0.03259488 0.19355398
v 0.08105507 -0.04119112 0.17807192
v 0.08478024 -0.04039108 0.18009621
v 0.08828790 -0.03861604 0.18090266
v 0.08941624 -0.03572014 0.18355662
v 0.08598614 -0.03266622 0.18408817
v 0.08174080 -0.03361957 0.18121451
v 0.07140501 -0.04139646 0.16143149
v 0.06925183 -0.03968265 0.15744072
v 0.07335585 -0.04502451 0.16798049
v 0.07442727 -0.04512404 0.16955703
v 0.07599278 -0.04155880 0.16789979
v 0.07929567 -0.03868092 0.16773397
v 0.07829978 -0.03979026 0.17392272
v 0.05459807 -0.01942945 0.09085041
v 0.05699891 -0.02250675 0.10438460
v 0.05986902 -0.02852559 0.11546516
v 0.06131827 -0.03708244 0.12266433
v 0.06205061 -0.04390505 0.12610716
v 0.06374539 -0.04689630 0.12923968
v 0.06782210 -0.04993835 0.13209826
v 0.07129314 -0.05105996 0.13418317
v 0.07377109 -0.04820541 0.13828403
v 0.07684786 -0.04436639 0.14213377
v 0.07569976 -0.04719830 0.14408976
v 0.07676580 -0.04355289 0.14721638
v 0.07318146 -0.04517532 0.14699680
v 0.06853011 -0.04781246 0.14682370
v 0.06741493 -0.04935599 0.15025681
v 0.06478729 -0.04636120 0.15202612
v 0.06665717 -0.03969880 0.15276891
v 0.06675979 -0.04333231 0.14909464
v 0.05846834 -0.01832030 0.05829400
v 0.05456463 -0.01779714 0.07486182
v 0.06980541 -0.02318716 0.03457370
v 0.06373136 -0.02046117 0.04556543
v 0.04194440 -0.06021197 0.03279200
v 0.04850634 -0.05344187 0.02683735
v 0.05544020 -0.04731825 0.02181679
v 0.06354772 -0.04231554 0.01827341
v 0.07695041 -0.02750267 0.02550438
v 0.00818835 0.04231049 0.15547329
v 0.01696833 0.04473620 0.16398901
v 0.00673521 0.03251630 0.13817012
v 0.01399150 0.03578652 0.14685160
v 0.01176014 0.02742286 0.12841469
v 0.01624729 0.02339181 0.11749524
v 0.02091240 0.01990746 0.10593945
v 0.03216777 0.01349733 0.08283567
v 0.02979450 0.01717281 0.07376420
v 0.02611666 0.01666329 0.09414101
v 0.02997937 0.04402911 0.03831953
v 0.03387419 0.03350274 0.04787084
v 0.03845528 0.01666972 0.06406772
v 0.03640292 0.02424818 0.05633938
v 0.03982877 -0.06399191 -0.00086048
v 0.03991278 -0.06037230 0.01012903
v 0.04079801 -0.05986505 0.02185464
v 0.00953250 -0.13139677 0.10746008
v 0.01106381 -0.13250728 0.11122161
v 0.01280305 -0.12967720 0.10780054
v 0.02628477 0.04461984 0.17258924
v 0.03634573 0.04208780 0.18047065
v 0.04636590 0.03737821 0.18821830
v 0.05533456 0.03048019 0.19618803
v 0.06278903 0.02220431 0.20389396
v 0.06850464 0.01319479 0.21067697
v 0.07274321 0.00379421 0.21560866
v 0.07612141 -0.00586751 0.21760827
v 0.07866652 -0.01582546 0.21590239
v 0.08017503 -0.02528488 0.21100575
v 0.07921936 -0.02476355 0.19871205
v 0.07751476 -0.03497395 0.17972356
v 0.07655676 -0.03065793 0.18038851
v 0.07782660 -0.02700400 0.18852383
v 0.08237485 -0.03738310 0.17582291
v 0.08123741 -0.03723976 0.17122597
v 0.08487066 -0.03667640 0.17929345
v 0.08795155 -0.03469875 0.17925769
v 0.09055526 -0.03243490 0.17932326
v 0.08981383 -0.02908973 0.18082827
v 0.08129143 -0.03018679 0.17677897
v 0.08523849 -0.02744457 0.18003148
v 0.07070055 -0.03618553 0.16085607
v 0.07195779 -0.04064239 0.16587335
v 0.06991086 -0.03546591 0.15084666
v 0.07085249 -0.03491181 0.15589732
v 0.07392927 -0.03561212 0.16398162
v 0.08082988 -0.03560315 0.16401273
v 0.08323271 -0.03480888 0.16785258
v 0.05005181 -0.00888957 0.08213878
v 0.05079478 -0.01097571 0.09791547
v 0.05422492 -0.01394347 0.11160028
v 0.05905507 -0.02019211 0.12303150
v 0.06189829 -0.03709610 0.13059092
v 0.06246686 -0.04314021 0.13055086
v 0.06421529 -0.04400378 0.13520640
v 0.06559411 -0.04711029 0.13292021
v 0.07159257 -0.04378879 0.13116187
v 0.07232703 -0.04839159 0.13186890
v 0.07590602 -0.04522520 0.13580400
v 0.07784420 -0.04136569 0.14053565
v 0.07898415 -0.03794435 0.14464980
v 0.07817798 -0.04094105 0.14571875
v 0.07831169 -0.03789616 0.14828426
v 0.07550229 -0.03929233 0.14865643
v 0.07076750 -0.04031873 0.14823693
v 0.06900900 -0.01273907 0.04318219
v 0.06031672 -0.00976056 0.05451226
v 0.07825478 -0.01662355 0.03405187
v 0.04836975 -0.05448578 0.01531738
v 0.05742046 -0.05043862 0.01021194
v 0.02179351 0.03774389 0.15471184
v 0.03029364 0.03732248 0.16209489
v 0.01828701 0.02942906 0.13777506
v 0.02517584 0.03057633 0.14563698
v 0.02183202 0.02403906 0.12741542
v 0.02541889 0.01984540 0.11608011
v 0.02938822 0.01569645 0.10460299
v 0.03972450 0.00702870 0.08154184
v 0.03960932 0.01093729 0.07183462
v 0.03409910 0.01130847 0.09303170
v 0.04882635 0.02725016 0.04843050
v 0.04796938 0.03883544 0.03952762
v 0.04828032 0.00932273 0.06193584
v 0.04879541 0.01717566 0.05552953
v 0.04932231 -0.05794040 0.00339171
v 0.03972002 0.03483280 0.16902751
v 0.04881450 0.03018752 0.17592555
v 0.05703333 0.02413468 0.18294793
v 0.06395892 0.01720370 0.18972176
v 0.06932303 0.00971955 0.19589335
v 0.07320721 0.00195426 0.20100695
v 0.07612260 -0.00634521 0.20382899
v 0.07807138 -0.01544971 0.20307499
v 0.07698364 -0.01835611 0.19100040
v 0.07675010 -0.03186476 0.17440289
v 0.07404132 -0.02769879 0.17259747
v 0.07563627 -0.02305092 0.18091255
v 0.08370646 -0.03395634 0.17250258
v 0.08439208 -0.03326219 0.17591780
v 0.08617702 -0.03075478 0.17752153
v 0.08889841 -0.02967046 0.17628413
v 0.09068940 -0.02780855 0.17518085
v 0.08898655 -0.02432668 0.17478234
v 0.08336408 -0.02396714 0.17219049
v 0.08011544 -0.02766971 0.16837519
v 0.07387567 -0.03256869 0.15480322
v 0.07326916 -0.03279333 0.15950781
v 0.07410944 -0.03418046 0.15021437
v 0.07615844 -0.03224593 0.15807551
v 0.07738602 -0.03390730 0.16135007
v 0.07896395 -0.03291812 0.15833455
v 0.08231515 -0.03358443 0.16055208
v 0.08439802 -0.03219067 0.16485208
v 0.08433464 -0.03132645 0.17074627
v 0.05235072 -0.00501104 0.06745416
v 0.04533175 -0.00023677 0.08066595
v 0.04519756 -0.00242857 0.09397268
v 0.04742970 -0.00381677 0.10804552
v 0.05180102 -0.00633222 0.12073201
v 0.06262083 -0.02827825 0.13309634
v 0.05778630 -0.01195300 0.13093585
v 0.06321599 -0.01967343 0.13926113
v 0.06340772 -0.03951789 0.13777024
v 0.06403250 -0.03263665 0.14124447
v 0.06927129 -0.03783971 0.14056450
v 0.07044998 -0.04039913 0.13492197
v 0.07637423 -0.03535251 0.13545817
v 0.07715282 -0.04089543 0.13411671
v 0.07985179 -0.03753961 0.13978511
v 0.08038125 -0.03456477 0.14504319
v 0.08223165 -0.03276222 0.14904600
v 0.08037869 -0.03553061 0.14805299
v 0.08133941 -0.03413220 0.15151840
v 0.07799014 -0.03459926 0.15075880
v 0.07639999 -0.00493965 0.04135698
v 0.06531869 -0.00212564 0.04972321
v 0.05549921 0.00084896 0.05907726
v 0.03263446 0.02983395 0.15235889
v 0.04084246 0.02695410 0.15828830
v 0.03383812 0.02321247 0.14231610
v 0.02765198 0.02427964 0.13582712
v 0.02994740 0.01941740 0.12529016
v 0.03609387 0.01031456 0.10433358
v 0.03271716 0.01518764 0.11486053
v 0.04714300 0.00356224 0.06968772
v 0.04008739 0.00488194 0.09296465
v 0.06390624 0.03020331 0.04154664
v 0.06185098 0.01846445 0.04826611
v 0.05877559 0.00853505 0.05332416
v 0.04923540 0.02237139 0.16447562
v 0.05712589 0.01690272 0.17092961
v 0.06385338 0.01076162 0.17704886
v 0.06887331 0.00403447 0.18262011
v 0.07252212 -0.00291665 0.18750519
v 0.07517029 -0.00982819 0.19108075
v 0.07397619 -0.01521684 0.17958158
v 0.07482140 -0.02894501 0.16546196
v 0.07115928 -0.02614335 0.16259021
v 0.07249407 -0.02097936 0.17014700
v 0.08486860 -0.02855449 0.17188793
v 0.08670496 -0.02695572 0.17295259
v 0.08886593 -0.02671391 0.17171925
v 0.08936856 -0.02421396 0.16941947
v 0.08642343 -0.02173970 0.16543800
v 0.08156437 -0.02338871 0.16088456
v 0.07708209 -0.02760553 0.15774053
v 0.07681766 -0.03247094 0.15422863
v 0.08059525 -0.03313255 0.15468746
v 0.08349247 -0.03235331 0.15676683
v 0.08468227 -0.03013352 0.16086048
v 0.04176282 0.00393569 0.10564160
v 0.04502817 0.00295144 0.11867893
v 0.05045704 0.00034582 0.13029617
v 0.05735498 -0.00464464 0.13963544
v 0.06606896 -0.02506038 0.14595658
v 0.06346341 -0.01154931 0.14682084
v 0.06722692 -0.01750457 0.15274602
v 0.06811217 -0.03280187 0.14545912
v 0.06803384 -0.02750275 0.15127617
v 0.07288232 -0.02973337 0.14766318
v 0.07482266 -0.03192482 0.14077002
v 0.07994541 -0.02792777 0.14379972
v 0.08096190 -0.03243101 0.14030343
v 0.08260168 -0.03160133 0.14656013
v 0.08328578 -0.03001745 0.15121239
v 0.08442344 -0.02971306 0.15587693
v 0.08360295 -0.03205795 0.15292984
v 0.08469025 0.00400705 0.04004815
v 0.07121273 0.00734547 0.04587224
v 0.04902400 0.01493227 0.15259767
v 0.04070425 0.01987152 0.14697397
v 0.03444979 0.01828964 0.13237548
v 0.03861573 0.01522387 0.13433141
v 0.03585259 0.01448108 0.12446839
v 0.03855971 0.00973330 0.11600381
v 0.07675468 0.01826102 0.04222915
v 0.06385515 0.00439863 0.16535574
v 0.05722687 0.01010602 0.15934008
v 0.07161125 -0.00853071 0.17576772
v 0.06846890 -0.00206142 0.17077476
v 0.07065407 -0.01482594 0.16586143
v 0.07165203 -0.02788944 0.15500265
v 0.06926177 -0.02218777 0.15794188
v 0.08465501 -0.02710658 0.16563326
v 0.08636878 -0.02578388 0.16911620
v 0.08709342 -0.02543968 0.16468734
v 0.08637951 -0.02448159 0.15921324
v 0.08318849 -0.02369995 0.15361816
v 0.07848964 -0.02713701 0.15027767
v 0.08473560 -0.02690548 0.16001850
v 0.04238986 0.00908627 0.12860346
v 0.04925289 0.00724737 0.14065558
v 0.05713153 0.00286123 0.14893025
v 0.06381205 -0.00305207 0.15545303
v 0.06813055 -0.00923340 0.16096753
v 0.08383595 -0.02727447 0.14865941
v 0.08465506 -0.02762443 0.15455407
v -0.00451349 -0.14914652 0.16510040
v -0.00759409 -0.14395944 0.16646785
v -0.00425267 -0.14451203 0.17275292
v -0.00423929 -0.15511841 0.15645844
v -0.00728271 -0.14960714 0.15894014
v -0.00631316 -0.14046277 0.17521721
v -0.00363563 -0.14228423 0.17954820
v -0.00973979 -0.14424332 0.15989619
v -0.01300068 -0.13916181 0.15969342
v -0.01061546 -0.13879303 0.16554314
v -0.00460629 -0.16098532 0.14814621
v -0.00778532 -0.15602866 0.15133566
v -0.00967567 -0.15006696 0.15310317
v -0.01170739 -0.14397644 0.15427083
v -0.00447294 -0.14286699 0.18647462
v -0.00712709 -0.14015258 0.18208653
v -0.00954195 -0.13393014 0.17440385
v -0.00807046 -0.13702833 0.17801088
v -0.00877491 -0.13698213 0.17093986
v -0.01749193 -0.13460406 0.15874881
v -0.01510446 -0.13853087 0.15462738
v -0.02014632 -0.13468135 0.15380830
v -0.01282941 -0.13290371 0.16809314
v -0.01487737 -0.13417857 0.16362840
v -0.00293037 -0.14654968 0.12146896
v -0.00546511 -0.14544754 0.12489754
v -0.00251629 -0.14552218 0.12801772
v -0.00481438 -0.14549822 0.13142878
v -0.00207252 -0.14734106 0.13285285
v -0.00456346 -0.16094138 0.14028531
v -0.00821354 -0.15925025 0.14415866
v -0.01052128 -0.15528165 0.14711744
v -0.01200896 -0.15013554 0.14843696
v -0.01375614 -0.14145418 0.15034479
v -0.01717501 -0.13717077 0.15035337
v -0.00512286 -0.14504876 0.19543284
v -0.00942971 -0.14342952 0.19040948
v -0.01082884 -0.13379407 0.17950982
v -0.01127081 -0.13702312 0.18311685
v -0.01370892 -0.12987692 0.17391640
v -0.01167290 -0.13123909 0.17624277
v -0.01240373 -0.13114897 0.17149323
v -0.02333086 -0.13137928 0.15800625
v -0.02010319 -0.13089861 0.16223651
v -0.02641621 -0.13214744 0.15345162
v -0.02259509 -0.13479370 0.14894158
v -0.02901900 -0.13304399 0.14840251
v -0.01650523 -0.12946931 0.16917735
v -0.01744089 -0.13017387 0.16606814
v -0.00257114 -0.14607250 0.11622030
v -0.00557656 -0.14656797 0.11924249
v -0.00811413 -0.14365685 0.12808806
v -0.00832267 -0.14539172 0.12150413
v -0.01115075 -0.14308060 0.12371141
v -0.00385722 -0.14869844 0.13500696
v -0.00225752 -0.15175188 0.13455766
v -0.01038010 -0.14116262 0.13130075
v -0.00776571 -0.14402268 0.13384336
v -0.00339358 -0.15672958 0.13631314
v -0.00670596 -0.15693196 0.13889652
v -0.00983750 -0.15588971 0.14154440
v -0.01233422 -0.15326552 0.14356703
v -0.01409929 -0.14958565 0.14497691
v -0.01530648 -0.14569290 0.14560598
v -0.01356075 -0.14525046 0.14822787
v -0.01553005 -0.14229468 0.14630955
v -0.01591754 -0.13866644 0.14691347
v -0.01896603 -0.13591786 0.14545459
v -0.02437792 -0.13482954 0.14347082
v -0.00598104 -0.14481661 0.20605808
v -0.01086088 -0.14523802 0.20040947
v -0.01544402 -0.14455711 0.19513720
v -0.01419485 -0.13998820 0.18734771
v -0.02019433 -0.14181783 0.19133431
v -0.01418714 -0.12964329 0.17699867
v -0.01441894 -0.13108664 0.17960078
v -0.01567606 -0.13361612 0.18296486
v -0.01915316 -0.13620929 0.18638426
v -0.01534449 -0.12909100 0.17495066
v -0.01653082 -0.12879435 0.17272025
v -0.01688849 -0.12818097 0.17372340
v -0.03044683 -0.12944904 0.15806764
v -0.03354602 -0.12985611 0.15356070
v -0.02307900 -0.12975958 0.16531390
v -0.02672352 -0.12970582 0.16202801
v -0.03100598 -0.13354567 0.14297390
v -0.03794016 -0.13125541 0.14262778
v -0.03610291 -0.13080958 0.14836150
v -0.01817126 -0.12909250 0.17080837
v -0.02093966 -0.12960986 0.16775888
v -0.02160321 -0.12955052 0.16918880
v -0.00248000 -0.14142168 0.11285156
v -0.00500738 -0.14361592 0.11437595
v -0.00796973 -0.14462196 0.11659640
v -0.01079335 -0.14417500 0.11790055
v -0.01382489 -0.14263010 0.11892670
v -0.01714793 -0.14019204 0.11996192
v -0.01537038 -0.14024946 0.12463278
v -0.00407264 -0.15360009 0.13652390
v -0.00510225 -0.14748238 0.13842469
v -0.00398545 -0.15030529 0.13725501
v -0.00625290 -0.14619489 0.13611716
v -0.01263922 -0.14004016 0.13379413
v -0.01445784 -0.13892912 0.12968177
v -0.01482708 -0.13743954 0.13335282
v -0.00931209 -0.14309848 0.13595563
v -0.00686560 -0.14384769 0.13780767
v -0.00782596 -0.15392536 0.13871664
v -0.01085640 -0.15259180 0.13993150
v -0.01340170 -0.15069621 0.14090866
v -0.01573649 -0.14776133 0.14159411
v -0.01719391 -0.14406577 0.14215106
v -0.01722458 -0.14040308 0.14280862
v -0.01722301 -0.13720051 0.14300317
v -0.01880188 -0.13539185 0.14153057
v -0.02609715 -0.13439555 0.13792568
v -0.03254631 -0.13340409 0.13751966
v -0.00682527 -0.14232161 0.21848100
v -0.01253498 -0.14356712 0.21156996
v -0.01750974 -0.14425180 0.20537513
v -0.02235694 -0.14372646 0.19982535
v -0.02491849 -0.13784001 0.18939728
v -0.03171152 -0.13812074 0.19165117
v -0.02724570 -0.14174542 0.19510418
v -0.01709052 -0.12886165 0.17541021
v -0.01672950 -0.12893241 0.17708343
v -0.01750586 -0.12996860 0.17956322
v -0.01987762 -0.13164366 0.18234044
v -0.02402269 -0.13343291 0.18522626
v -0.02974423 -0.13471271 0.18734306
v -0.02144949 -0.12885969 0.17217237
v -0.01958246 -0.12796516 0.17326742
v -0.01887385 -0.12735257 0.17397028
v -0.01821900 -0.12710517 0.17414349
v -0.01721467 -0.12763025 0.17438895
v -0.03876471 -0.12720025 0.15904671
v -0.03417998 -0.12849734 0.16303700
v -0.04151685 -0.12734276 0.15419275
v -0.04359256 -0.12770509 0.14857405
v -0.02494287 -0.12989627 0.16772848
v -0.02889146 -0.12966173 0.16578561
v -0.03910699 -0.13096889 0.13671297
v -0.04552367 -0.12714061 0.13572294
v -0.04494573 -0.12771897 0.14226502
v -0.02919124 -0.12977653 0.16864020
v -0.02489757 -0.12975075 0.17035466
v -0.00262265 -0.13603910 0.11720687
v -0.00486330 -0.13781015 0.11380488
v -0.00718156 -0.14011696 0.11320740
v -0.00985474 -0.14143843 0.11416453
v -0.01261278 -0.14158765 0.11514699
v -0.01542504 -0.14083474 0.11578268
v -0.01819072 -0.13926010 0.11639971
v -0.02121537 -0.13707365 0.11693746
v -0.02075407 -0.13769915 0.12036854
v -0.01988467 -0.13754383 0.12457114
v -0.01908734 -0.13664077 0.12898290
v -0.00264045 -0.15271281 0.13978308
v -0.00496205 -0.15363025 0.13843423
v -0.00420040 -0.14502114 0.14056307
v -0.00361159 -0.14655894 0.14380747
v -0.00295578 -0.14929176 0.14107877
v -0.01443287 -0.14330964 0.13628668
v -0.01194712 -0.14237941 0.13533622
v -0.01557500 -0.14031341 0.13570303
v -0.01618167 -0.13741279 0.13621837
v -0.01853934 -0.13562794 0.13314563
v -0.01784416 -0.13530830 0.13701099
v -0.01133503 -0.14355283 0.13732821
v -0.00936739 -0.14193149 0.13783997
v -0.00622603 -0.13994697 0.13933176
v -0.00407015 -0.14135427 0.14320093
v -0.00641664 -0.15260572 0.14064807
v -0.00892369 -0.15071811 0.13905817
v -0.01137308 -0.14978394 0.13884515
v -0.01357928 -0.14808317 0.13877970
v -0.01585286 -0.14541886 0.13841432
v -0.01733258 -0.14200120 0.13845724
v -0.01741098 -0.13865111 0.13912970
v -0.01745058 -0.13629152 0.13997275
v -0.02112136 -0.13461642 0.13773161
v -0.02283446 -0.13440614 0.13311762
v -0.02795805 -0.13384231 0.13304061
v -0.03359682 -0.13269090 0.13220400
v -0.03951765 -0.13019095 0.13088542
v -0.00764534 -0.13796042 0.23324746
v -0.01421665 -0.14001553 0.22503418
v -0.01976121 -0.14096700 0.21742314
v -0.02469858 -0.14136516 0.21036190
v -0.02952384 -0.14085922 0.20402759
v -0.03445532 -0.13948216 0.19841307
v -0.03602614 -0.13459048 0.18864042
v -0.04230236 -0.13306588 0.18957502
v -0.03878644 -0.13677728 0.19363052
v -0.01761452 -0.12696141 0.17525989
v -0.01839931 -0.12795632 0.17598373
v -0.01915423 -0.12922936 0.17717534
v -0.02055838 -0.13021426 0.17987782
v -0.02338411 -0.13118786 0.18311292
v -0.02840825 -0.13272985 0.18428761
v -0.03457254 -0.13332717 0.18528885
v -0.04033776 -0.13166027 0.18583030
v -0.02896837 -0.13053649 0.17112678
v -0.02501400 -0.12947373 0.17252618
v -0.02240748 -0.12795499 0.17346209
v -0.02124680 -0.12719803 0.17398494
v -0.02062078 -0.12701416 0.17395395
v -0.02047531 -0.12722189 0.17454368
v -0.01828257 -0.12761820 0.17512971
v -0.04742102 -0.12253020 0.16063386
v -0.04955017 -0.12319813 0.15534168
v -0.04021347 -0.12629167 0.16537052
v -0.03421141 -0.12896724 0.16695982
v -0.05166749 -0.12262816 0.14204997
v -0.05104291 -0.12311991 0.14908379
v -0.04528138 -0.12621875 0.12926203
v -0.05066011 -0.12073204 0.12756640
v -0.05152436 -0.12178570 0.13476795
v -0.03843885 -0.12793221 0.16891760
v -0.03354900 -0.13013681 0.16978008
v -0.00405707 -0.13415324 0.12969118
v -0.00644248 -0.13443057 0.12254608
v -0.00769670 -0.13474203 0.11697763
v -0.00900270 -0.13620568 0.11388814
v -0.01113278 -0.13798428 0.11295724
v -0.01352040 -0.13878075 0.11335772
v -0.01619939 -0.13867060 0.11393499
v -0.01869300 -0.13765752 0.11417991
v -0.02132566 -0.13594152 0.11441261
v -0.02444375 -0.13411131 0.11453122
v -0.02466966 -0.13496039 0.11700720
v -0.02464922 -0.13540036 0.12033278
v -0.02433891 -0.13523756 0.12448245
v -0.02370447 -0.13477811 0.12872809
v -0.00255176 -0.15111469 0.14374048
v -0.00318692 -0.15353455 0.14236969
v -0.00578871 -0.14289721 0.14670330
v -0.00750541 -0.14747627 0.14571637
v -0.00416378 -0.14938009 0.14562970
v -0.01286646 -0.14558487 0.13754398
v -0.01096811 -0.14721962 0.13854927
v -0.01072326 -0.14450309 0.13968521
v -0.01026348 -0.13899430 0.14114636
v -0.00698280 -0.13685221 0.14337856
v -0.00940889 -0.14037756 0.14559489
v -0.00451266 -0.15213393 0.14446145
v -0.00755941 -0.15067177 0.14309996
v -0.00963662 -0.14850203 0.14080828
v -0.02879378 -0.13340735 0.12840551
v -0.03407273 -0.13180899 0.12726349
v -0.03910564 -0.12922437 0.12534326
v -0.04427961 -0.12530732 0.12310618
v -0.00842816 -0.12876245 0.24965364
v -0.01582640 -0.13346336 0.24034601
v -0.02217003 -0.13622897 0.23144907
v -0.02740893 -0.13707377 0.22291237
v -0.03202363 -0.13686908 0.21479803
v -0.03651861 -0.13621144 0.20740014
v -0.04524020 -0.13344296 0.19514495
v -0.04120521 -0.13538396 0.20090359
v -0.04514099 -0.12949738 0.18620652
v -0.04944468 -0.12689194 0.18599886
v -0.04800194 -0.13031805 0.19013315
v -0.01987450 -0.12738778 0.17625302
v -0.01948429 -0.12684684 0.17662400
v -0.02054600 -0.12702771 0.17696542
v -0.02153821 -0.12896711 0.17804569
v -0.02374528 -0.13117257 0.17993289
v -0.02798851 -0.13282948 0.18264133
v -0.03360583 -0.13249992 0.18429083
v -0.03937989 -0.13097386 0.18318123
v -0.04350627 -0.12904457 0.18271834
v -0.04673398 -0.12669269 0.18293506
v -0.03750163 -0.12900317 0.17167360
v -0.03308197 -0.13021830 0.17180222
v -0.02894954 -0.12978270 0.17241699
v -0.02524192 -0.12838678 0.17316812
v -0.02314120 -0.12738376 0.17351276
v -0.02240806 -0.12720532 0.17372543
v -0.02193078 -0.12713294 0.17403466
v -0.02170634 -0.12719435 0.17497450
v -0.02096318 -0.12736887 0.17656189
v -0.05353346 -0.11542335 0.16761810
v -0.04724605 -0.12134840 0.16528994
v -0.05474239 -0.11639367 0.16295379
v -0.05668782 -0.11705239 0.15708190
v -0.05782994 -0.11678374 0.14999747
v -0.04865264 -0.11960155 0.16898054
v -0.04359551 -0.12437185 0.16832608
v -0.05686314 -0.11507258 0.13398987
v -0.05780256 -0.11604628 0.14210069
v -0.04902776 -0.11984281 0.12050980
v -0.05331300 -0.11305823 0.11771923
v -0.05536758 -0.11399595 0.12586600
v -0.04550797 -0.12259749 0.17134291
v -0.04153783 -0.12636233 0.17143339
v -0.00443804 -0.12565550 0.06837422
v -0.00442995 -0.11153638 0.06638831
v -0.00867377 -0.11745561 0.06727380
v -0.00431130 -0.13536263 0.07703608
v -0.00937195 -0.13047973 0.07188433
v -0.01113606 -0.08185342 0.13980395
v -0.01692424 -0.09768811 0.14073247
v -0.00759885 -0.10949975 0.14140588
v -0.01024844 -0.12573810 0.13499886
v -0.01157655 -0.13158016 0.12751037
v -0.01182626 -0.13232926 0.12105697
v -0.01174067 -0.13308347 0.11632138
v -0.01264199 -0.13458543 0.11352497
v -0.01446697 -0.13602537 0.11247188
v -0.01668475 -0.13633745 0.11265320
v -0.01905460 -0.13572974 0.11287385
v -0.02123918 -0.13442218 0.11285335
v -0.02354462 -0.13297650 0.11262256
v -0.02592646 -0.13176037 0.11199981
v -0.02738490 -0.13245942 0.11387390
v -0.02824316 -0.13293270 0.11645693
v -0.02894870 -0.13306348 0.11992222
v -0.02920041 -0.13315647 0.12406522
v -0.01021815 -0.14591349 0.14322096
v -0.03403212 -0.13099147 0.12279981
v -0.03825644 -0.12830472 0.12045020
v -0.04256576 -0.12464757 0.11754400
v -0.04668490 -0.11948889 0.11399001
v -0.00904389 -0.11270355 0.26629907
v -0.01718344 -0.12114954 0.25665659
v -0.02456477 -0.12684242 0.24680692
v -0.03062127 -0.13018454 0.23695010
v -0.03538692 -0.13140349 0.22726887
v -0.03936567 -0.13115048 0.21825582
v -0.04324019 -0.13050816 0.20991021
v -0.04725720 -0.12986191 0.20241576
v -0.05266768 -0.12608061 0.19006711
v -0.05078299 -0.12853738 0.19582552
v -0.04973380 -0.12396858 0.18266445
v -0.05236565 -0.12099970 0.18173021
v -0.05308665 -0.12333465 0.18532592
v -0.02121460 -0.12721533 0.17732841
v -0.02085368 -0.12687637 0.17704660
v -0.02091273 -0.12665660 0.17746526
v -0.02195349 -0.12728994 0.17800051
v -0.02412636 -0.12892709 0.17930716
v -0.02800066 -0.13161683 0.18078393
v -0.03304583 -0.13328398 0.18168777
v -0.03857714 -0.13119245 0.18219990
v -0.04278690 -0.12808338 0.18177301
v -0.04521032 -0.12605982 0.18047589
v -0.04733847 -0.12433648 0.18023151
v -0.04918303 -0.12240681 0.17993623
v -0.04358893 -0.12437411 0.17382842
v -0.04037232 -0.12688133 0.17346734
v -0.03673429 -0.12834239 0.17280191
v -0.03289027 -0.12903117 0.17245311
v -0.02865392 -0.12863431 0.17207152
v -0.02510267 -0.12771920 0.17217451
v -0.02361794 -0.12725766 0.17300171
v -0.02319402 -0.12716245 0.17368001
v -0.02298355 -0.12716717 0.17414480
v -0.02281778 -0.12709511 0.17477506
v -0.02180829 -0.12741074 0.17652422
v -0.05792775 -0.11122809 0.17541510
v -0.05333153 -0.11479881 0.17150694
v -0.05895946 -0.11009138 0.17157751
v -0.06064577 -0.10951438 0.16641492
v -0.06260573 -0.10898762 0.15958613
v -0.06278703 -0.10802395 0.14231902
v -0.06346761 -0.10846463 0.15134066
v -0.05336703 -0.11521230 0.17468685
v -0.04927819 -0.11844379 0.17226273
v -0.05918144 -0.10641554 0.12429076
v -0.06111024 -0.10737641 0.13325733
v -0.05055099 -0.11258040 0.10956532
v -0.05471612 -0.10383223 0.10586184
v -0.05713324 -0.10528502 0.11523670
v -0.04935239 -0.11874199 0.17486137
v -0.04631891 -0.12157269 0.17395431
v -0.00432912 -0.10031078 0.06520915
v -0.00808730 -0.10496320 0.06612307
v -0.01313148 -0.12271193 0.06909567
v -0.01176725 -0.10956487 0.06725782
v -0.01589218 -0.11435455 0.06875378
v -0.00407662 -0.13683001 0.08620900
v -0.00910175 -0.13578816 0.08153254
v -0.01377318 -0.13221752 0.07657140
v -0.01733613 -0.12627712 0.07280999
v -0.01045310 -0.06299090 0.12626189
v -0.02156940 -0.07181198 0.12864882
v -0.02697673 -0.09741325 0.13516611
v -0.02220079 -0.11518584 0.13437766
v -0.01711927 -0.11618250 0.13758868
v -0.01725998 -0.12556048 0.13156360
v -0.01717841 -0.12814062 0.12489647
v -0.01607987 -0.12965683 0.11925632
v -0.01536712 -0.13099046 0.11526543
v -0.01596072 -0.13257212 0.11282641
v -0.01759397 -0.13368380 0.11183470
v -0.01960603 -0.13365738 0.11192483
v -0.02132534 -0.13292550 0.11201137
v -0.02273937 -0.13193560 0.11173683
v -0.02421024 -0.13096483 0.11099297
v -0.02575030 -0.13030088 0.10978538
v -0.02772173 -0.13053648 0.11062139
v -0.02977810 -0.13076263 0.11236840
v -0.03154229 -0.13071386 0.11510879
v -0.03309611 -0.13065663 0.11866653
v -0.03686934 -0.12788505 0.11625332
v -0.04049287 -0.12446653 0.11290818
v -0.04377503 -0.12008050 0.10867172
v -0.04653382 -0.11419277 0.10316426
v -0.01049769 -0.08727812 0.28098029
v -0.01924537 -0.10041098 0.27222747
v -0.02660949 -0.11023288 0.26183981
v -0.03345457 -0.11726672 0.25119513
v -0.03915110 -0.12161987 0.24080998
v -0.04326298 -0.12357572 0.23044902
v -0.04672284 -0.12410236 0.22071666
v -0.04977394 -0.12371518 0.21167904
v -0.05518003 -0.12240982 0.19605321
v -0.05257575 -0.12307506 0.20329469
v -0.05585574 -0.11929419 0.18468469
v -0.05618899 -0.12103926 0.18982488
v -0.05081187 -0.12015866 0.17901975
v -0.05222513 -0.11813771 0.17815465
v -0.05450795 -0.11806240 0.18078762
v -0.02198663 -0.12702045 0.17775887
v -0.02169228 -0.12694180 0.17732769
v -0.02133860 -0.12673401 0.17763335
v -0.02148769 -0.12693122 0.17813259
v -0.02290793 -0.12801150 0.17940348
v -0.02729066 -0.12968627 0.18130952
v -0.03232831 -0.13085917 0.18110186
v -0.03739186 -0.13066326 0.18049353
v -0.04169613 -0.12907285 0.17947096
v -0.04446443 -0.12614590 0.17929918
v -0.04640399 -0.12368025 0.17900127
v -0.04800807 -0.12246792 0.17887002
v -0.04873974 -0.12078682 0.17766184
v -0.04639063 -0.12141312 0.17564195
v -0.04407415 -0.12299900 0.17557913
v -0.04213067 -0.12435800 0.17478842
v -0.03942787 -0.12594511 0.17376369
v -0.03639035 -0.12684156 0.17199796
v -0.03205162 -0.12717149 0.17058367
v -0.02460485 -0.12728776 0.17233628
v -0.02602706 -0.12749863 0.17138404
v -0.02348354 -0.12670441 0.17318255
v -0.02398744 -0.12702601 0.17296225
v -0.02176296 -0.12568745 0.17439765
v -0.02200614 -0.12667826 0.17660004
v -0.02281076 -0.12637438 0.17362374
v -0.05983240 -0.11139768 0.18268305
v -0.05712966 -0.11312651 0.17820114
v -0.06146667 -0.10784490 0.18018454
v -0.06335198 -0.10480304 0.17644185
v -0.06552749 -0.10200864 0.17099410
v -0.06763574 -0.09900616 0.16328984
v -0.06783665 -0.09803650 0.15304965
v -0.06391989 -0.09901263 0.13241643
v -0.06604277 -0.09890458 0.14235932
v -0.05607716 -0.11548540 0.17992359
v -0.05307259 -0.11649699 0.17688268
v -0.06021352 -0.09703183 0.11337811
v -0.06200145 -0.09838845 0.12283999
v -0.05207857 -0.10041117 0.09619993
v -0.05486959 -0.09097965 0.09553486
v -0.05798065 -0.09470701 0.10409409
v -0.04920936 -0.11953088 0.17641181
v -0.00398045 -0.09029907 0.05790246
v -0.00748774 -0.09452733 0.06347489
v -0.01105149 -0.09926576 0.06617332
v -0.01474669 -0.10296092 0.06747288
v -0.02040567 -0.11854055 0.07142985
v -0.01873068 -0.10669276 0.06922048
v -0.02328807 -0.11069382 0.07171661
v -0.00374666 -0.13600402 0.09303433
v -0.00829713 -0.13552697 0.08955723
v -0.01282726 -0.13439660 0.08534485
v -0.01673081 -0.13182664 0.08111662
v -0.02058171 -0.12743946 0.07771128
v -0.02421526 -0.12129978 0.07584804
v -0.01035322 -0.04029228 0.09320694
v -0.01843116 -0.04775620 0.10414463
v -0.02454804 -0.06081233 0.11449283
v -0.03001631 -0.07076415 0.11572009
v -0.02939722 -0.08026734 0.12896889
v -0.03175822 -0.09435477 0.12289882
v -0.02849556 -0.10724677 0.12752646
v -0.02315353 -0.11962446 0.12777418
v -0.02126696 -0.12379679 0.12152797
v -0.01927102 -0.12670111 0.11696678
v -0.01839809 -0.12862457 0.11387295
v -0.01892253 -0.13020499 0.11204058
v -0.02032472 -0.13132809 0.11133415
v -0.02158589 -0.13158164 0.11137635
v -0.02240121 -0.13123983 0.11125976
v -0.02296743 -0.13077180 0.11070579
v -0.02369275 -0.13055842 0.10966343
v -0.02460420 -0.13019644 0.10805064
v -0.02695825 -0.12942450 0.10791975
v -0.02950930 -0.12908951 0.10851139
v -0.03226344 -0.12867727 0.11007470
v -0.03490425 -0.12804111 0.11270529
v -0.03806584 -0.12495917 0.10926563
v -0.04062575 -0.12134013 0.10489959
v -0.04219050 -0.11715463 0.09965712
v -0.04238570 -0.11287475 0.09347159
v -0.04732591 -0.10792011 0.09539241
v -0.01165375 -0.05563800 0.28860015
v -0.02182273 -0.07187629 0.28315991
v -0.03014018 -0.08644425 0.27502185
v -0.03670942 -0.09749050 0.26451844
v -0.04239189 -0.10523595 0.25331098
v -0.04700248 -0.11044257 0.24251872
v -0.05099611 -0.11362920 0.23215419
v -0.05398501 -0.11527619 0.22206777
v -0.05629522 -0.11570016 0.21248728
v -0.05776961 -0.11554467 0.20363647
v -0.05899501 -0.11550454 0.18939108
v -0.05868592 -0.11546681 0.19587523
v -0.05804130 -0.11528256 0.18408495
v -0.02083988 -0.12533059 0.17829686
v -0.02126385 -0.12588892 0.17774862
v -0.02117516 -0.12620800 0.17812926
v -0.02132672 -0.12657394 0.17843205
v -0.02181827 -0.12708396 0.17898089
v -0.02329755 -0.12806109 0.18048042
v -0.03163703 -0.12804021 0.18517357
v -0.03717429 -0.12841896 0.18184870
v -0.04034773 -0.12715997 0.17912918
v -0.04280965 -0.12557136 0.17782265
v -0.04480257 -0.12393158 0.17691416
v -0.04673087 -0.12226825 0.17715043
v -0.04309476 -0.12233441 0.17570752
v -0.04397437 -0.12268277 0.17629689
v -0.03982410 -0.12182127 0.17045563
v -0.04189200 -0.12282548 0.17404646
v -0.03218146 -0.12356049 0.16771835
v -0.02888722 -0.12687707 0.17027217
v -0.02495261 -0.12678011 0.17157882
v -0.02556779 -0.12720652 0.17146915
v -0.02651421 -0.12638279 0.17021567
v -0.02204622 -0.12478702 0.17194051
v -0.02390751 -0.12587236 0.17115897
v -0.01982003 -0.12076567 0.17150348
v -0.01973130 -0.12388647 0.17687744
v -0.06143568 -0.10983733 0.18814105
v -0.06382683 -0.10431221 0.18584162
v -0.06627182 -0.09913841 0.18225902
v -0.06869504 -0.09399924 0.17702836
v -0.07102589 -0.08836975 0.17014796
v -0.06804629 -0.08943381 0.14138633
v -0.07046310 -0.08678782 0.15252393
v -0.06420367 -0.09015742 0.12140721
v -0.06590738 -0.09048119 0.13116664
v -0.05983842 -0.08528819 0.10319728
v -0.06240571 -0.08842612 0.11202729
v -0.04535687 -0.10281465 0.08748835
v -0.04870743 -0.09511789 0.08797747
v -0.05037575 -0.08618042 0.08870417
v -0.05068643 -0.07668424 0.08942342
v -0.05592168 -0.08098153 0.09564906
v -0.00425976 -0.08326726 0.04498219
v -0.00753344 -0.08607609 0.05200404
v -0.01035223 -0.08924367 0.05880517
v -0.01340478 -0.09328240 0.06463069
v -0.01738342 -0.09719646 0.06776154
v -0.02161113 -0.10031002 0.06984568
v -0.02753685 -0.11425098 0.07548457
v -0.02619982 -0.10358252 0.07243836
v -0.03078411 -0.10726110 0.07583874
v -0.00344111 -0.13817689 0.09812123
v -0.00753108 -0.13626390 0.09559733
v -0.01141864 -0.13461742 0.09254056
v -0.01511972 -0.13307332 0.08876663
v -0.01892023 -0.13076066 0.08531827
v -0.02282667 -0.12716815 0.08262068
v -0.02675667 -0.12244502 0.08106130
v -0.03064027 -0.11690905 0.08050674
v -0.00906929 -0.05243290 0.07469708
v -0.01654286 -0.04902649 0.08339065
v -0.02307882 -0.05227748 0.09321886
v -0.02786497 -0.06104182 0.10357171
v -0.03048331 -0.07482373 0.10176867
v -0.03404939 -0.08437138 0.11391813
v -0.03140443 -0.09883992 0.11203629
v -0.02883402 -0.10506485 0.11811131
v -0.02584068 -0.11510119 0.12145370
v -0.02294407 -0.12076221 0.11749798
v -0.02107571 -0.12435168 0.11463469
v -0.02043083 -0.12662088 0.11264378
v -0.02086475 -0.12837432 0.11151713
v -0.02166915 -0.12988818 0.11115891
v -0.02211739 -0.13057873 0.11101145
v -0.02232110 -0.13075553 0.11065418
v -0.02235251 -0.13100312 0.10990447
v -0.02266861 -0.13125183 0.10847801
v -0.02280586 -0.13145923 0.10631222
v -0.02512399 -0.12979890 0.10572249
v -0.02792777 -0.12840883 0.10543567
v -0.03110957 -0.12743640 0.10579425
v -0.03464155 -0.12631986 0.10696167
v -0.03680127 -0.12341364 0.10277158
v -0.03814301 -0.11986657 0.09754473
v -0.03794979 -0.11680609 0.09206134
v -0.03679070 -0.11405021 0.08620089
v -0.04110687 -0.10887270 0.08677727
v -0.01289400 -0.02453860 0.28966123
v -0.02393736 -0.04044922 0.28710884
v -0.03355286 -0.05635246 0.28188473
v -0.04122251 -0.07132522 0.27425653
v -0.04667580 -0.08327607 0.26416081
v -0.05101683 -0.09179842 0.25319916
v -0.05456329 -0.09782271 0.24241692
v -0.05768321 -0.10166490 0.23205656
v -0.06038767 -0.10432548 0.22173637
v -0.06224921 -0.10604515 0.21180826
v -0.06221753 -0.10825801 0.19483393
v -0.06268270 -0.10711245 0.20278293
v -0.02022245 -0.12442482 0.17865878
v -0.01830626 -0.12037987 0.17843741
v -0.02070990 -0.12551766 0.17972082
v -0.02148605 -0.12668270 0.17952508
v -0.02221919 -0.12738254 0.17986935
v -0.02312229 -0.12776278 0.18155795
v -0.02685519 -0.12789993 0.18448669
v -0.03166997 -0.12499679 0.18848079
v -0.04146114 -0.12314590 0.18349689
v -0.04265400 -0.12339402 0.17866558
v -0.04319544 -0.12287414 0.17687565
v -0.04374649 -0.12064095 0.17639488
v -0.04350332 -0.11914257 0.17427558
v -0.04203387 -0.11756556 0.17117149
v -0.04030300 -0.11447769 0.16945606
v -0.03718988 -0.11850657 0.16740519
v -0.03329283 -0.11267566 0.16618520
v -0.02860981 -0.11844241 0.16566402
v -0.02541241 -0.12303172 0.16786486
v -0.02202665 -0.11846592 0.16863769
v -0.02036093 -0.11393787 0.17110497
v -0.01800024 -0.11636044 0.17459100
v -0.06548178 -0.10086205 0.19269615
v -0.06837408 -0.09350844 0.18926376
v -0.07086085 -0.08641996 0.18457991
v -0.07310212 -0.07917938 0.17904657
v -0.07287268 -0.08040806 0.16379291
v -0.07452417 -0.07139992 0.17332822
v -0.06751090 -0.08181104 0.12965208
v -0.06933157 -0.08032430 0.13933450
v -0.07137837 -0.07710369 0.14917129
v -0.07315373 -0.07169664 0.15881878
v -0.06379866 -0.07923900 0.11129647
v -0.06585886 -0.08148040 0.12025219
v -0.05613409 -0.07098676 0.09618753
v -0.06064893 -0.07540964 0.10318834
v -0.03821299 -0.10474377 0.08083814
v -0.04150416 -0.09788940 0.08138740
v -0.04384591 -0.09029423 0.08242810
v -0.04481530 -0.08183045 0.08334398
v -0.04585912 -0.07257862 0.08311933
v -0.04861194 -0.06352419 0.08170551
v -0.05145271 -0.06691943 0.08949929
v -0.00492951 -0.07698415 0.02952236
v -0.00825852 -0.07943557 0.03817376
v -0.01077901 -0.08194271 0.04607317
v -0.01332368 -0.08438525 0.05310059
v -0.01579216 -0.08741459 0.05997908
v -0.01934607 -0.09083549 0.06613845
v -0.02405559 -0.09414840 0.07034874
v -0.02883994 -0.09713450 0.07336622
v -0.03446867 -0.11087339 0.08052337
v -0.03381310 -0.10056874 0.07645756
v -0.00300423 -0.14200297 0.10165197
v -0.00686027 -0.13972037 0.09981161
v -0.01029441 -0.13719966 0.09790784
v -0.01348288 -0.13487302 0.09569186
v -0.01670053 -0.13266348 0.09292895
v -0.02032445 -0.13009794 0.09005457
v -0.02432265 -0.12674481 0.08764654
v -0.02844316 -0.12281134 0.08622414
v -0.03254206 -0.11864469 0.08596033
v -0.00647944 -0.06913356 0.07892650
v -0.01201590 -0.06163033 0.07753235
v -0.02013447 -0.06133142 0.08271879
v -0.02566756 -0.06538485 0.09050709
v -0.02596004 -0.08024632 0.09130162
v -0.03123062 -0.08992165 0.09875840
v -0.03174458 -0.10051233 0.10555393
v -0.02833632 -0.10647292 0.10918432
v -0.02815184 -0.10634681 0.11217707
v -0.02613461 -0.11306831 0.11558598
v -0.02328613 -0.11903378 0.11387151
v -0.02168797 -0.12277472 0.11264509
v -0.02113251 -0.12524361 0.11177856
v -0.02149650 -0.12754181 0.11131269
v -0.02182703 -0.12954159 0.11103731
v -0.02169166 -0.13071143 0.11070484
v -0.02127368 -0.13149710 0.11011773
v -0.02101715 -0.13228321 0.10888666
v -0.02087840 -0.13306580 0.10688752
v -0.02032094 -0.13356845 0.10422570
v -0.02255408 -0.13149648 0.10341638
v -0.02524856 -0.12941417 0.10261649
v -0.02854833 -0.12734559 0.10207611
v -0.03243365 -0.12549046 0.10202187
v -0.03360915 -0.12278875 0.09690100
v -0.03372125 -0.12023616 0.09135360
v -0.01438325 0.00839534 0.28103274
v -0.02669232 -0.00925928 0.28435880
v -0.03669703 -0.02589381 0.28237385
v -0.04567991 -0.04125036 0.27748841
v -0.05248789 -0.05602987 0.27016991
v -0.05664605 -0.06843844 0.26077884
v -0.05951371 -0.07764915 0.25059742
v -0.06204284 -0.08428105 0.24028236
v -0.06446505 -0.08897705 0.23007387
v -0.06619704 -0.09234127 0.21988136
v -0.06707518 -0.09528382 0.20983881
v -0.06665202 -0.09781363 0.20073968
v -0.01830651 -0.11196042 0.17965990
v -0.01872372 -0.11707582 0.18363947
v -0.02151669 -0.12410595 0.18424708
v -0.02652216 -0.11793171 0.19116753
v -0.03311690 -0.10974860 0.19048423
v -0.03858157 -0.11925869 0.18924397
v -0.04242089 -0.11297427 0.18539554
v -0.04404422 -0.11698208 0.18228894
v -0.04430198 -0.11882113 0.17877406
v -0.04439167 -0.11568428 0.17668051
v -0.04291770 -0.11362706 0.17328447
v -0.04192643 -0.10853703 0.17670363
v -0.03796375 -0.10825075 0.17049068
v -0.03298751 -0.10300465 0.17613107
v -0.02725628 -0.10771580 0.16903704
v -0.02434181 -0.11447973 0.16733700
v -0.02116893 -0.10805261 0.17489642
v -0.06999831 -0.08844546 0.19753951
v -0.07302953 -0.07964078 0.19313151
v -0.07528243 -0.07111828 0.18787724
v -0.07370754 -0.06406562 0.16783077
v -0.07563702 -0.05752606 0.17545146
v -0.07632390 -0.06279392 0.18200499
v -0.06660611 -0.07242409 0.11958987
v -0.06826651 -0.07316609 0.12821645
v -0.06986632 -0.07188322 0.13696700
v -0.07132386 -0.06883237 0.14572245
v -0.07219303 -0.06417904 0.15422386
v -0.07263107 -0.05776392 0.16150635
v -0.06068232 -0.06535356 0.10384202
v -0.06423368 -0.06958679 0.11129713
v -0.05350937 -0.05730147 0.08883035
v -0.05628527 -0.06114333 0.09677160
v -0.03640402 -0.09375043 0.07749999
v -0.03818639 -0.08615850 0.07820290
v -0.03965654 -0.07782371 0.07766688
v -0.04252513 -0.06933448 0.07563943
v -0.04677197 -0.06236921 0.07261962
v -0.05129757 -0.05510992 0.06902176
v -0.05232156 -0.05555965 0.07925385
v -0.00592345 -0.07116293 0.01156992
v -0.01004575 -0.07333823 0.02120790
v -0.01268929 -0.07547788 0.03059393
v -0.01451460 -0.07763321 0.03972968
v -0.01655172 -0.07988949 0.04776013
v -0.01899048 -0.08197362 0.05491948
v -0.02180179 -0.08452094 0.06221771
v -0.02604493 -0.08728905 0.06891364
v -0.03109197 -0.09032555 0.07384306
v -0.00274183 -0.14309326 0.10683614
v -0.00625741 -0.14260666 0.10396498
v -0.00953418 -0.14068650 0.10190821
v -0.01240495 -0.13810015 0.10041219
v -0.01530958 -0.13544003 0.09876531
v -0.01805997 -0.13314172 0.09713036
v -0.02119567 -0.13063236 0.09529835
v -0.02506956 -0.12741152 0.09329611
v -0.02940612 -0.12371499 0.09165829
v -0.00913581 -0.08103834 0.08507013
v -0.00484696 -0.09316397 0.08885258
v -0.01290774 -0.07115526 0.08155197
v -0.01616460 -0.06421170 0.08000380
v -0.01814807 -0.07497790 0.08419400
v -0.02148675 -0.07388659 0.08561641
v -0.02062352 -0.08619042 0.08873862
v -0.02436656 -0.09490902 0.09281152
v -0.02790883 -0.10200011 0.09743470
v -0.02865404 -0.10761862 0.10274523
v -0.02585340 -0.11263411 0.11168665
v -0.02595660 -0.11229886 0.10774678
v -0.02329985 -0.11794071 0.11083716
v -0.02148440 -0.12193228 0.11074740
v -0.02078728 -0.12510152 0.11101210
v -0.02080909 -0.12798412 0.11132687
v -0.02067087 -0.13042777 0.11114055
v -0.02008454 -0.13209336 0.11051589
v -0.01941374 -0.13340751 0.10933453
v -0.01894891 -0.13467098 0.10743409
v -0.01819410 -0.13566202 0.10502380
v -0.01690185 -0.13589768 0.10208791
v -0.01930023 -0.13358008 0.10095352
v -0.02200250 -0.13123691 0.09972304
v -0.02527540 -0.12861670 0.09846705
v -0.02922728 -0.12567333 0.09733373
v -0.01386543 0.03731069 0.25444216
v -0.02772270 0.02293322 0.26658839
v -0.03940447 0.00542434 0.27266973
v -0.04911436 -0.01095916 0.27282149
v -0.05698940 -0.02621138 0.26898509
v -0.06291107 -0.04082731 0.26278645
v -0.06615564 -0.05354593 0.25474781
v -0.06813432 -0.06337224 0.24576694
v -0.06948044 -0.07059513 0.23628145
v -0.07060105 -0.07595824 0.22650415
v -0.07111013 -0.08022087 0.21649402
v -0.07097042 -0.08426501 0.20668751
v -0.02630693 -0.10416509 0.18302244
v -0.02172720 -0.11114218 0.18701893
v -0.03884519 -0.10586431 0.18283921
v -0.04397759 -0.11259983 0.18019420
v -0.07444365 -0.07381964 0.20226020
v -0.07809331 -0.05526351 0.19074959
v -0.07704640 -0.06406369 0.19695491
v -0.07793591 -0.05178623 0.17990392
v -0.07516041 -0.05394663 0.16998869
v -0.07815765 -0.05188772 0.17457050
v -0.06361997 -0.06011309 0.11212242
v -0.06628392 -0.06352442 0.11954087
v -0.06799483 -0.06508145 0.12711245
v -0.06937000 -0.06444532 0.13476163
v -0.07043782 -0.06179388 0.14252043
v -0.07171129 -0.05789259 0.14995486
v -0.07408891 -0.05052513 0.15910977
v -0.07353948 -0.05277814 0.16395193
v -0.07420463 -0.05366262 0.15563470
v -0.05690228 -0.05113138 0.09706491
v -0.05987363 -0.05560801 0.10506165
v -0.05556433 -0.04724980 0.07662684
v -0.05607801 -0.04819605 0.08748150
v -0.03305458 -0.08277142 0.07284153
v -0.03580264 -0.07474492 0.07046926
v -0.04006165 -0.06806405 0.06730163
v -0.04537327 -0.06177091 0.06318420
v -0.05029266 -0.05438009 0.05868417
v -0.05442550 -0.04581105 0.05428946
v -0.05482603 -0.04671777 0.06543911
v -0.00710834 -0.07112500 -0.00683051
v -0.01242709 -0.07034453 0.00291520
v -0.01598091 -0.07061283 0.01281431
v -0.01821155 -0.07169413 0.02277359
v -0.01958984 -0.07320351 0.03255090
v -0.02113341 -0.07482578 0.04189783
v -0.02316676 -0.07654101 0.05032212
v -0.02562493 -0.07825558 0.05819511
v -0.02869477 -0.08019878 0.06599301
v -0.00546662 -0.14179168 0.10977584
v -0.00247554 -0.14017144 0.11167771
v -0.01184182 -0.14049514 0.10463560
v -0.00892015 -0.14189676 0.10713059
v -0.01449020 -0.13836796 0.10323280
v -0.01142965 -0.09456274 0.08957428
v -0.01501632 -0.08344611 0.08663744
v -0.00780769 -0.10620498 0.09120685
v -0.00428122 -0.11696351 0.09299523
v -0.01732793 -0.09740283 0.09085399
v -0.02242132 -0.10903522 0.09447354
v -0.02463538 -0.11227673 0.09792072
v -0.02404467 -0.11524034 0.10332066
v -0.02254449 -0.11847907 0.10785979
v -0.02037679 -0.12281646 0.10921890
v -0.01956277 -0.12657318 0.11074919
v -0.01900059 -0.12968078 0.11147612
v -0.01850754 -0.13245500 0.11132628
v -0.01772908 -0.13443976 0.11018485
v -0.01694814 -0.13611356 0.10832196
v -0.01602026 -0.13753574 0.10593694
v -0.01233788 0.05120884 0.22270149
v -0.02515909 0.04451712 0.23568529
v -0.03811698 0.03276868 0.24764293
v -0.04926260 0.01707460 0.25591129
v -0.05833920 0.00163772 0.25888270
v -0.06566713 -0.01312778 0.25769573
v -0.07076368 -0.02722785 0.25341827
v -0.07360499 -0.03969237 0.24688119
v -0.07474401 -0.04977314 0.23889714
v -0.07533500 -0.05753385 0.23028499
v -0.07537687 -0.06342988 0.22123367
v -0.07498226 -0.06857166 0.21174353
v -0.07805976 -0.05815624 0.20604211
v -0.07882805 -0.04383534 0.19114858
v -0.07926799 -0.04976799 0.19877249
v -0.07795773 -0.04811973 0.18576115
v -0.08098326 -0.04714822 0.18209225
v -0.07949995 -0.04373781 0.18371695
v -0.07331079 -0.04922554 0.16160554
v -0.07460575 -0.04995592 0.16571718
v -0.07738225 -0.04953526 0.17017835
v -0.07921152 -0.04683881 0.17384166
v -0.08154613 -0.04890140 0.17778641
v -0.05935250 -0.04548580 0.10669011
v -0.06191466 -0.05078131 0.11400652
v -0.06500995 -0.05529866 0.12040550
v -0.06705365 -0.05775794 0.12659997
v -0.06847118 -0.05822377 0.13295251
v -0.06959313 -0.05649963 0.13926619
v -0.07141663 -0.05352699 0.14744562
v -0.07354984 -0.05096992 0.15206236
v -0.07330009 -0.05003710 0.15520650
v -0.07149632 -0.04890724 0.15819913
v -0.05788004 -0.03897841 0.08673483
v -0.05833416 -0.04160874 0.09767306
v -0.05712576 -0.03714345 0.06244272
v -0.05730381 -0.03782406 0.07464224
v -0.03279444 -0.07335363 0.06263292
v -0.03828206 -0.06733581 0.05846685
v -0.04424811 -0.06101982 0.05335402
v -0.04973398 -0.05343160 0.04822314
v -0.05432695 -0.04535146 0.04362312
v -0.05856636 -0.03715828 0.03970355
v -0.05747096 -0.03689959 0.05080873
v -0.00635319 0.02405274 0.07601678
v -0.00572291 0.02279189 0.09636736
v -0.01167470 0.02182693 0.08571899
v -0.01381893 0.02612897 0.06626111
v -0.00782421 0.03263014 0.05747545
v -0.01945859 -0.07168369 -0.00498742
v -0.02278618 -0.06929280 0.00456116
v -0.02478877 -0.06859402 0.01472908
v -0.02610554 -0.06918914 0.02521163
v -0.02713252 -0.07018166 0.03534147
v -0.02852132 -0.07120120 0.04485390
v -0.03051352 -0.07228375 0.05408728
v -0.00493814 -0.13729196 0.11272234
v -0.00266265 -0.13491562 0.11113554
v -0.01095721 -0.13988378 0.10998601
v -0.00809750 -0.13928897 0.11192948
v -0.01355340 -0.13915262 0.10758287
v -0.01325503 -0.10763520 0.09180504
v -0.00974020 -0.11737183 0.09340817
v -0.00631433 -0.12513319 0.09705824
v -0.00327045 -0.13042069 0.10196489
v -0.01423153 -0.11808995 0.09387678
v -0.01819788 -0.11098342 0.09306377
v -0.01744006 -0.12014160 0.09575194
v -0.01975185 -0.11852077 0.09679645
v -0.02064220 -0.11943670 0.10061127
v -0.02056143 -0.12097844 0.10536677
v -0.01830033 -0.12512547 0.10856956
v -0.01735735 -0.12880311 0.11076170
v -0.01649848 -0.13196765 0.11183065
v -0.01574493 -0.13501708 0.11153561
v -0.01474596 -0.13730282 0.10994631
v -0.01122548 0.05325160 0.19634610
v -0.02250363 0.05152124 0.20701045
v -0.03435674 0.04643722 0.21773475
v -0.04620468 0.03676182 0.22835070
v -0.05636946 0.02361769 0.23744971
v -0.06419636 0.00970154 0.24293131
v -0.07041195 -0.00379030 0.24467522
v -0.07472939 -0.01671822 0.24280351
v -0.07744028 -0.02842246 0.23795003
v -0.07871410 -0.03841032 0.23097593
v -0.07903909 -0.04637158 0.22315890
v -0.07871691 -0.05261840 0.21485776
v -0.08012030 -0.04423368 0.20670682
v -0.07812721 -0.04138251 0.18506175
v -0.07844155 -0.03808296 0.18863839
v -0.07974741 -0.03946842 0.19690448
v -0.08399283 -0.04433391 0.17905480
v -0.08597630 -0.04320618 0.18298274
v -0.08435790 -0.03978745 0.18505758
v -0.08114436 -0.03819711 0.18319207
v -0.07308547 -0.04545505 0.16270214
v -0.07565313 -0.04618061 0.16704708
v -0.07613240 -0.04637489 0.17148358
v -0.07614855 -0.04390432 0.17356569
v -0.07922965 -0.04485187 0.17760116
v -0.05856788 -0.03188710 0.09984434
v -0.05984118 -0.03645177 0.10973996
v -0.06087122 -0.04238881 0.11707038
v -0.06306860 -0.04832936 0.12253237
v -0.06549753 -0.05148714 0.12723809
v -0.06761004 -0.05281180 0.13205522
v -0.07101405 -0.05268864 0.14341944
v -0.06995640 -0.05311779 0.13642579
v -0.07222690 -0.05038450 0.14067918
v -0.07258047 -0.04906598 0.14516169
v -0.06952879 -0.05093409 0.14638370
v -0.07082642 -0.05018662 0.15037245
v -0.07035235 -0.04965213 0.15306205
v -0.06943800 -0.04519907 0.15908891
v -0.06556019 -0.04971790 0.15473706
v -0.06539688 -0.04471578 0.15597719
v -0.05697793 -0.02780502 0.07378727
v -0.05740387 -0.02903368 0.08753681
v -0.06030804 -0.02824018 0.04800710
v -0.05802754 -0.02761039 0.06020099
v -0.03671909 -0.06666077 0.04882824
v -0.04329207 -0.06034881 0.04315406
v -0.04921576 -0.05318377 0.03774437
v -0.05481970 -0.04561445 0.03282490
v -0.06078861 -0.03881819 0.02884418
v -0.06830116 -0.03273701 0.02620250
v -0.06340866 -0.02969484 0.03650734
v -0.01104068 0.02290414 0.10689664
v -0.00579681 0.02562331 0.11792362
v -0.01848838 0.02156521 0.07524431
v -0.01649016 0.02056425 0.09564281
v -0.02253206 0.01864190 0.08448386
v -0.01000357 0.04754434 0.03748384
v -0.01759768 0.03816107 0.04800314
v -0.02660708 0.02241954 0.06537926
v -0.02276062 0.02935923 0.05682474
v -0.03033749 -0.06865729 -0.00335622
v -0.03179329 -0.06535909 0.00659555
v -0.03312766 -0.06477064 0.01762620
v -0.03426255 -0.06545465 0.02857813
v -0.03533017 -0.06607327 0.03888449
v -0.00542150 -0.13283486 0.10718888
v -0.00979659 -0.13596746 0.11266559
v -0.00739901 -0.13411576 0.11127275
v -0.01239834 -0.13738299 0.11182708
v -0.01091239 -0.12464075 0.09726077
v -0.00810872 -0.12973719 0.10210329
v -0.01467997 -0.12432374 0.09793109
v -0.01202517 -0.12849719 0.10236824
v -0.01508665 -0.12694293 0.10344607
v -0.01752817 -0.12356659 0.09967822
v -0.01771249 -0.12425933 0.10442692
v -0.01570292 -0.12769165 0.10827869
v -0.01437413 -0.13077713 0.11102897
v -0.01333116 -0.13409751 0.11229461
v -0.00980210 0.05010561 0.17440349
v -0.01988850 0.04982529 0.18403345
v -0.03036947 0.04782578 0.19289869
v -0.04142809 0.04320951 0.20188028
v -0.05168120 0.03511147 0.21115655
v -0.06028170 0.02475687 0.21977764
v -0.06691828 0.01335822 0.22648484
v -0.07200518 0.00180529 0.23037964
v -0.07574794 -0.00960079 0.23070806
v -0.07852274 -0.02036318 0.22760803
v -0.08016935 -0.02994136 0.22201890
v -0.08053664 -0.03787009 0.21490687
v -0.08041470 -0.03348387 0.20399481
v -0.07791834 -0.03799416 0.18254834
v -0.07773493 -0.03401621 0.18507951
v -0.07917830 -0.03258861 0.19355398
v -0.08105519 -0.04118470 0.17807192
v -0.08478028 -0.04038438 0.18009621
v -0.08828782 -0.03860905 0.18090266
v -0.08941592 -0.03571306 0.18355662
v -0.08598557 -0.03265941 0.18408817
v -0.08174031 -0.03361310 0.18121451
v -0.07140513 -0.04139081 0.16143149
v -0.06925181 -0.03967716 0.15744072
v -0.07335626 -0.04501870 0.16798049
v -0.07442769 -0.04511816 0.16955703
v -0.07599293 -0.04155278 0.16789979
v -0.07929558 -0.03867465 0.16773397
v -0.07829978 -0.03978406 0.17392272
v -0.05460799 -0.01940844 0.09084845
v -0.05700141 -0.02249816 0.10438406
v -0.05986880 -0.02852073 0.11546504
v -0.06131807 -0.03707769 0.12266433
v -0.06205092 -0.04390014 0.12610716
v -0.06374595 -0.04689125 0.12923968
v -0.06782288 -0.04993299 0.13209826
v -0.07129402 -0.05105432 0.13418317
v -0.07377175 -0.04819957 0.13828403
v -0.07684821 -0.04436031 0.14213377
v -0.07570034 -0.04719231 0.14408976
v -0.07676609 -0.04354681 0.14721638
v -0.07318187 -0.04516952 0.14699680
v -0.06853074 -0.04780703 0.14682370
v -0.06741569 -0.04935066 0.15025681
v -0.06478780 -0.04635608 0.15202612
v -0.06665716 -0.03969353 0.15276891
v -0.06676006 -0.04332702 0.14909464
v -0.05858355 -0.01815595 0.05826849
v -0.05460598 -0.01773303 0.07485294
v -0.07020653 -0.02268876 0.03449517
v -0.06397775 -0.02013404 0.04551277
v -0.04223135 -0.06002651 0.03277090
v -0.04885758 -0.05316081 0.02680221
v -0.05588640 -0.04691588 0.02176100
v -0.06409027 -0.04177405 0.01819742
v -0.07751165 -0.02688604 0.02541029
v -0.00818190 0.04231114 0.15547329
v -0.01696164 0.04473754 0.16398901
v -0.00673028 0.03251677 0.13817012
v -0.01398580 0.03578757 0.14685160
v -0.01175614 0.02742366 0.12841469
v -0.01624383 0.02339353 0.11749512
v -0.02090897 0.01991212 0.10593903
v -0.03216288 0.01353140 0.08283222
v -0.02977738 0.01722959 0.07375836
v -0.02611304 0.01667481 0.09413981
v -0.02967272 0.04433803 0.03827229
v -0.03373203 0.03376165 0.04783335
v -0.03843605 0.01679913 0.06405222
v -0.03634665 0.02443823 0.05631393
v -0.04047563 -0.06360131 -0.00090581
v -0.04041269 -0.06005801 0.01009157
v -0.04117325 -0.05962229 0.02182731
v -0.00953975 -0.13139601 0.10746008
v -0.01107115 -0.13250640 0.11122161
v -0.01281017 -0.12967619 0.10780054
v -0.02627809 0.04462193 0.17258924
v -0.03633925 0.04209068 0.18047065
v -0.04635979 0.03738188 0.18821830
v -0.05532900 0.03048458 0.19618803
v -0.06278413 0.02220927 0.20389396
v -0.06850046 0.01320021 0.21067697
v -0.07273977 0.00379996 0.21560866
v -0.07611875 -0.00586149 0.21760827
v -0.07866464 -0.01581923 0.21590239
v -0.08017390 -0.02527853 0.21100575
v -0.07921819 -0.02475728 0.19871205
v -0.07751439 -0.03496781 0.17972356
v -0.07655604 -0.03065186 0.18038851
v -0.07782558 -0.02699785 0.18852383
v -0.08237465 -0.03737657 0.17582291
v -0.08123721 -0.03723333 0.17122597
v -0.08487041 -0.03666968 0.17929345
v -0.08795114 -0.03469179 0.17925769
v -0.09055468 -0.03242773 0.17932326
v -0.08981298 -0.02908263 0.18082827
v -0.08129067 -0.03018036 0.17677897
v -0.08523751 -0.02743782 0.18003148
v -0.07070027 -0.03617992 0.16085607
v -0.07195785 -0.04063670 0.16587335
v -0.06991051 -0.03546038 0.15084666
v -0.07085211 -0.03490620 0.15589732
v -0.07392894 -0.03560627 0.16398162
v -0.08082955 -0.03559675 0.16401273
v -0.08323231 -0.03480229 0.16785258
v -0.05006792 -0.00884333 0.08213413
v -0.05079938 -0.01096085 0.09791416
v -0.05422475 -0.01393771 0.11160004
v -0.05905383 -0.02018761 0.12303150
v -0.06189807 -0.03709120 0.13059092
v -0.06246709 -0.04313526 0.13055086
v -0.06421560 -0.04399870 0.13520640
v -0.06559467 -0.04710509 0.13292021
v -0.07159287 -0.04378313 0.13116187
v -0.07232770 -0.04838587 0.13186890
v -0.07590643 -0.04521919 0.13580400
v -0.07784432 -0.04135954 0.14053565
v -0.07898401 -0.03793809 0.14464980
v -0.07817806 -0.04093487 0.14571875
v -0.07831153 -0.03788996 0.14828426
v -0.07550225 -0.03928635 0.14865643
v -0.07076753 -0.04031313 0.14823693
v -0.06931110 -0.01230187 0.04311037
v -0.06046838 -0.00950456 0.05447155
v -0.07872301 -0.01603792 0.03395760
v -0.04884384 -0.05411909 0.01526982
v -0.05800108 -0.04992787 0.01014358
v -0.02178737 0.03774561 0.15471184
v -0.03028753 0.03732488 0.16209489
v -0.01828222 0.02943033 0.13777506
v -0.02517049 0.03057825 0.14563698
v -0.02182824 0.02404049 0.12741542
v -0.02541601 0.01984714 0.11607999
v -0.02938608 0.01569978 0.10460275
v -0.03972617 0.00706813 0.08153778
v -0.03960399 0.01100872 0.07182723
v -0.03409781 0.01132172 0.09303033
v -0.04880736 0.02758964 0.04837567
v -0.04783756 0.03927974 0.03945377
v -0.04830285 0.00948434 0.06191397
v -0.04881644 0.01741975 0.05549246
v -0.04993667 -0.05747624 0.00333402
v -0.03971411 0.03483595 0.16902751
v -0.04880896 0.03019138 0.17592555
v -0.05702827 0.02413919 0.18294793
v -0.06395442 0.01720877 0.18972176
v -0.06931913 0.00972503 0.19589335
v -0.07320391 0.00196006 0.20100695
v -0.07611996 -0.00633919 0.20382899
v -0.07806946 -0.01544352 0.20307499
v -0.07698195 -0.01835002 0.19100040
v -0.07674948 -0.03185868 0.17440289
v -0.07404036 -0.02769294 0.17259747
v -0.07563495 -0.02304493 0.18091255
v -0.08370599 -0.03394970 0.17250258
v -0.08439157 -0.03325551 0.17591780
v -0.08617631 -0.03074796 0.17752153
v -0.08889760 -0.02966343 0.17628413
v -0.09068846 -0.02780137 0.17518085
v -0.08898534 -0.02431963 0.17478234
v -0.08336282 -0.02396054 0.17219049
v -0.08011449 -0.02766336 0.16837519
v -0.07387509 -0.03256285 0.15480322
v -0.07326860 -0.03278753 0.15950781
v -0.07410899 -0.03417459 0.15021437
v -0.07615784 -0.03223989 0.15807551
v -0.07738555 -0.03390117 0.16135007
v -0.07896339 -0.03291187 0.15833455
v -0.08231465 -0.03357792 0.16055208
v -0.08439742 -0.03218399 0.16485208
v -0.08433398 -0.03131977 0.17074627
v -0.05239003 -0.00490809 0.06744081
v -0.04534051 -0.00019183 0.08066142
v -0.04520115 -0.00241174 0.09397113
v -0.04742883 -0.00381233 0.10804528
v -0.05179908 -0.00632862 0.12073201
v -0.06261991 -0.02827331 0.13309634
v -0.05778423 -0.01194865 0.13093585
v -0.06321438 -0.01966842 0.13926113
v -0.06340769 -0.03951287 0.13777024
v -0.06403192 -0.03263158 0.14124447
v -0.06927113 -0.03783422 0.14056450
v -0.07044999 -0.04039356 0.13492197
v -0.07637386 -0.03534646 0.13545817
v -0.07715289 -0.04088932 0.13411671
v -0.07985161 -0.03753329 0.13978511
v -0.08038084 -0.03455841 0.14504319
v -0.08223109 -0.03275571 0.14904600
v -0.08037836 -0.03552425 0.14805299
v -0.08133896 -0.03412576 0.15151840
v -0.07798971 -0.03459309 0.15075880
v -0.07675664 -0.00440066 0.04126650
v -0.06551861 -0.00175811 0.04966187
v -0.05557622 0.00105335 0.05904669
v -0.03262893 0.02983653 0.15235889
v -0.04083717 0.02695733 0.15828830
v -0.03383337 0.02321502 0.14231616
v -0.02764754 0.02428156 0.13582712
v -0.02994393 0.01941920 0.12529016
v -0.03609223 0.01031807 0.10433334
v -0.03271456 0.01518955 0.11486053
v -0.04715036 0.00364501 0.06967908
v -0.04008843 0.00489691 0.09296322
v -0.06396397 0.03072476 0.04145584
v -0.06195809 0.01886997 0.04819667
v -0.05888061 0.00883746 0.05327469
v -0.04923048 0.02237528 0.16447562
v -0.05712140 0.01690723 0.17092961
v -0.06384938 0.01076667 0.17704886
v -0.06886984 0.00403992 0.18262011
v -0.07251921 -0.00291091 0.18750519
v -0.07516792 -0.00982224 0.19108075
v -0.07397425 -0.01521098 0.17958158
v -0.07482053 -0.02893909 0.16546196
v -0.07115819 -0.02613772 0.16259021
v -0.07249258 -0.02097362 0.17014700
v -0.08486772 -0.02854777 0.17188793
v -0.08670394 -0.02694885 0.17295259
v -0.08886489 -0.02670687 0.17171925
v -0.08936732 -0.02420688 0.16941947
v -0.08642199 -0.02173286 0.16543800
v -0.08156306 -0.02338226 0.16088456
v -0.07708112 -0.02759943 0.15774053
v -0.07681707 -0.03246486 0.15422863
v -0.08059471 -0.03312618 0.15468746
v -0.08349189 -0.03234671 0.15676683
v -0.08468150 -0.03012682 0.16086048
v -0.04176160 0.00393953 0.10564137
v -0.04502591 0.00295421 0.11867893
v -0.05045428 0.00034931 0.13029617
v -0.05735221 -0.00464013 0.13963526
v -0.06606779 -0.02505514 0.14595658
v -0.06346116 -0.01154429 0.14682084
v -0.06722515 -0.01749925 0.15274602
v -0.06811161 -0.03279648 0.14545912
v -0.06803286 -0.02749737 0.15127617
v -0.07288151 -0.02972761 0.14766318
v -0.07482203 -0.03191891 0.14077002
v -0.07994447 -0.02792144 0.14379972
v -0.08096130 -0.03242461 0.14030343
v -0.08260102 -0.03159479 0.14656013
v -0.08328500 -0.03001086 0.15121239
v -0.08442264 -0.02970638 0.15587693
v -0.08360233 -0.03205133 0.15292984
v -0.08507821 0.00463622 0.03994194
v -0.07144574 0.00782261 0.04579008
v -0.04901972 0.01493609 0.15259767
v -0.04069961 0.01987466 0.14697397
v -0.03444584 0.01829199 0.13237548
v -0.03861188 0.01522657 0.13433141
v -0.03584936 0.01448325 0.12446839
v -0.03855731 0.00973556 0.11600369
v -0.07698579 0.01884273 0.04212779
v -0.06385166 0.00440368 0.16535574
v -0.05722291 0.01011055 0.15934008
v -0.07160878 -0.00852504 0.17576772
v -0.06846593 -0.00205600 0.17077476
v -0.07065210 -0.01482035 0.16586143
v -0.07165110 -0.02788376 0.15500265
v -0.06926038 -0.02218228 0.15794188
v -0.08465400 -0.02709988 0.16563326
v -0.08636767 -0.02577704 0.16911620
v -0.08709228 -0.02543278 0.16468734
v -0.08637829 -0.02447475 0.15921324
v -0.08318722 -0.02369337 0.15361816
v -0.07848863 -0.02713080 0.15027767
v -0.08473458 -0.02689878 0.16001850
v -0.04238676 0.00908900 0.12860346
v -0.04924933 0.00725110 0.14065552
v -0.05712815 0.00286574 0.14893025
v -0.06380914 -0.00304702 0.15545303
v -0.06812813 -0.00922801 0.16096753
v -0.08383496 -0.02726783 0.14865941
v -0.08465409 -0.02761773 0.15455407
v 0.00456017 -0.14658006 0.16908222
v 0.00429275 -0.15198397 0.16087145
v 0.00375997 -0.14309502 0.17619568
v 0.01015241 -0.14157392 0.16300648
v 0.00441665 -0.15841027 0.15224546
v 0.00954125 -0.14709594 0.15652901
v 0.00394752 -0.14219857 0.18290991
v 0.00775526 -0.13719097 0.17470342
v 0.01625923 -0.13663465 0.15668315
v 0.01151299 -0.13575074 0.16712707
v 0.00280437 -0.14557499 0.12454706
v 0.00225427 -0.14619011 0.13101763
v 0.00474422 -0.16196832 0.14384812
v 0.01021393 -0.15305196 0.15004689
v 0.01412270 -0.14023000 0.15254360
v 0.00478651 -0.14409522 0.19064611
v 0.00920360 -0.13702911 0.18082017
v 0.01171285 -0.13135769 0.17415148
v 0.01874805 -0.13259164 0.16059345
v 0.02449679 -0.13364797 0.15107793
v 0.01437048 -0.13065873 0.16875952
v 0.00274184 -0.14712772 0.11882252
v 0.00825614 -0.14438363 0.12473899
v 0.00198087 -0.14926501 0.13387197
v 0.00775632 -0.14348966 0.13121980
v 0.00404262 -0.15889408 0.13793713
v 0.01048363 -0.15626301 0.14411408
v 0.01362512 -0.14788486 0.14697856
v 0.01440899 -0.14190676 0.14822215
v 0.02070307 -0.13552207 0.14712948
v 0.00554355 -0.14532663 0.20059663
v 0.01461412 -0.14280610 0.19072491
v 0.01265047 -0.13112480 0.17814237
v 0.01458797 -0.13661801 0.18490654
v 0.01563300 -0.12917263 0.17392331
v 0.02834022 -0.13055416 0.15574795
v 0.02159174 -0.12999557 0.16380244
v 0.03355197 -0.13237961 0.14561689
v 0.01893438 -0.12935700 0.16926163
v 0.00240722 -0.14401113 0.11414468
v 0.00820574 -0.14560064 0.11896569
v 0.01433376 -0.14169500 0.12183791
v 0.00275704 -0.15433747 0.13527852
v 0.00502888 -0.14814298 0.13649756
v 0.01264805 -0.13920746 0.13207787
v 0.00769017 -0.14430446 0.13595170
v 0.00888692 -0.15490443 0.13977772
v 0.01411475 -0.15049531 0.14278311
v 0.01656186 -0.14312019 0.14429551
v 0.01768497 -0.13640680 0.14425009
v 0.02843565 -0.13425905 0.14042574
v 0.00641249 -0.14377770 0.21194404
v 0.01643359 -0.14479761 0.20015782
v 0.02595162 -0.14021284 0.19178528
v 0.01568680 -0.12892691 0.17598504
v 0.01687519 -0.13132728 0.18088096
v 0.02431434 -0.13520925 0.18750268
v 0.01865898 -0.12872729 0.17221695
v 0.01745721 -0.12739070 0.17387277
v 0.03259611 -0.12886797 0.16052383
v 0.03870505 -0.12906312 0.15122920
v 0.02425453 -0.12976644 0.16658694
v 0.04197301 -0.12951360 0.13933069
v 0.02495891 -0.12982206 0.16893977
v 0.00249451 -0.13832852 0.11363697
v 0.00756334 -0.14272374 0.11443782
v 0.01336116 -0.14252615 0.11676294
v 0.01933019 -0.13866409 0.11832124
v 0.01714680 -0.13836868 0.12698978
v 0.00360632 -0.15302086 0.13810903
v 0.00375870 -0.14702408 0.14074332
v 0.01370476 -0.14141263 0.13502699
v 0.01662786 -0.13604835 0.13504261
v 0.01059923 -0.14283385 0.13650900
v 0.00484889 -0.14269062 0.13994688
v 0.00694874 -0.15273276 0.13885194
v 0.01240505 -0.15036999 0.13956887
v 0.01692717 -0.14486875 0.14006680
v 0.01739204 -0.13798063 0.14119917
v 0.01864045 -0.13516382 0.13913924
v 0.02446407 -0.13426423 0.13550061
v 0.03627194 -0.13203880 0.13435334
v 0.00722725 -0.14052703 0.22561806
v 0.01862086 -0.14290238 0.21108407
v 0.02842616 -0.14183718 0.19931120
v 0.03721128 -0.13588249 0.19083160
v 0.01754631 -0.12772981 0.17511910
v 0.01832335 -0.12940811 0.17840534
v 0.02369106 -0.13203524 0.18356735
v 0.03520234 -0.13369955 0.18683153
v 0.02492522 -0.12978265 0.17171985
v 0.02045073 -0.12743998 0.17363590
v 0.01925095 -0.12727820 0.17435366
v 0.04440177 -0.12528153 0.15732735
v 0.03446462 -0.12864463 0.16524214
v 0.04795316 -0.12552955 0.14551634
v 0.04840735 -0.12416301 0.13181001
v 0.03386121 -0.12947131 0.16838914
v 0.00321661 -0.13511996 0.12295127
v 0.00701102 -0.13702936 0.11393124
v 0.01180030 -0.14007111 0.11374873
v 0.01719851 -0.13927280 0.11495513
v 0.02290991 -0.13553035 0.11572975
v 0.02239438 -0.13652574 0.12241024
v 0.02098760 -0.13527134 0.13092119
v 0.00212007 -0.15162598 0.14185089
v 0.00503703 -0.14633227 0.14653295
v 0.01431192 -0.14564376 0.13760287
v 0.01681236 -0.13939189 0.13719958
v 0.01147072 -0.14526511 0.13799948
v 0.00826016 -0.13814327 0.13990313
v 0.00648422 -0.13973698 0.14579207
v 0.00562355 -0.15253765 0.14272290
v 0.01008777 -0.14900802 0.13892239
v 0.03117134 -0.13306597 0.13027591
v 0.04216153 -0.12792047 0.12712902
v 0.00801962 -0.13409082 0.24131948
v 0.02094644 -0.13895172 0.22424489
v 0.03068209 -0.13904435 0.20914477
v 0.04012368 -0.13665279 0.19704300
v 0.04639353 -0.13005488 0.18791097
v 0.01856436 -0.12722847 0.17572504
v 0.01966647 -0.12831836 0.17697328
v 0.02356975 -0.13138336 0.18133157
v 0.03397757 -0.13289167 0.18429929
v 0.04417999 -0.12925819 0.18448049
v 0.03324027 -0.13037247 0.17103618
v 0.02514852 -0.12903963 0.17300433
v 0.02183231 -0.12712708 0.17394501
v 0.02136966 -0.12715614 0.17488462
v 0.05066317 -0.11899166 0.16403037
v 0.05404438 -0.12037029 0.15293974
v 0.04501188 -0.12300964 0.16678971
v 0.05465511 -0.11909651 0.13819700
v 0.05222282 -0.11700239 0.12290138
v 0.04242258 -0.12549553 0.16989881
v 0.00445533 -0.11841200 0.06703144
v 0.00435276 -0.13180079 0.07200772
v 0.00941493 -0.09444093 0.14257330
v 0.00554618 -0.12498549 0.13637048
v 0.00934701 -0.13341309 0.12185150
v 0.01085331 -0.13541789 0.11375123
v 0.01511581 -0.13757961 0.11298293
v 0.02002820 -0.13601682 0.11347169
v 0.02548989 -0.13285333 0.11325604
v 0.02663719 -0.13415518 0.11837631
v 0.02650523 -0.13410689 0.12647742
v 0.00349067 -0.15115996 0.14498132
v 0.00898079 -0.14848149 0.14333469
v 0.01100881 -0.14224360 0.14259654
v 0.03644032 -0.13017140 0.12396592
v 0.04575523 -0.12241856 0.11875695
v 0.00873945 -0.12192808 0.25810379
v 0.02338083 -0.13226746 0.23901850
v 0.03356093 -0.13442798 0.22089726
v 0.04210089 -0.13319377 0.20516270
v 0.04953438 -0.12987703 0.19273871
v 0.05133391 -0.12374153 0.18389779
v 0.02087228 -0.12729386 0.17738003
v 0.02069309 -0.12674328 0.17729872
v 0.02400229 -0.13011402 0.17941552
v 0.03331772 -0.13304636 0.18306285
v 0.04297940 -0.12846704 0.18180341
v 0.04836110 -0.12430190 0.18138558
v 0.04091893 -0.12682842 0.17264253
v 0.03295450 -0.12959460 0.17228836
v 0.02525125 -0.12804345 0.17273635
v 0.02283148 -0.12721935 0.17368048
v 0.02248414 -0.12733813 0.17479593
v 0.05587495 -0.11265012 0.17151123
v 0.05883128 -0.11322003 0.16155773
v 0.06082428 -0.11259208 0.14646107
v 0.05117068 -0.11665189 0.17172021
v 0.05833869 -0.11083997 0.12933725
v 0.05406156 -0.10881400 0.11194700
v 0.04767092 -0.12019183 0.17306596
v 0.00436300 -0.10555324 0.06567901
v 0.01232416 -0.11600590 0.06787455
v 0.00421427 -0.13673543 0.08189291
v 0.01369342 -0.12854852 0.07212251
v 0.01186281 -0.07271512 0.13444191
v 0.02121889 -0.10604727 0.13791209
v 0.01411847 -0.12606311 0.13334686
v 0.01403952 -0.13107258 0.12020224
v 0.01433440 -0.13364556 0.11320823
v 0.01817712 -0.13504545 0.11227530
v 0.02215369 -0.13303316 0.11227649
v 0.02596202 -0.13088771 0.11085141
v 0.02925634 -0.13179285 0.11444646
v 0.03148916 -0.13193708 0.12146479
v 0.03960196 -0.12637751 0.11677450
v 0.04701501 -0.11659831 0.10872525
v 0.00974160 -0.10105379 0.27424532
v 0.02542763 -0.11957133 0.25437969
v 0.03725881 -0.12721144 0.23403257
v 0.04480745 -0.12756876 0.21513516
v 0.05164086 -0.12616073 0.19932908
v 0.05469406 -0.12247891 0.18730754
v 0.05262172 -0.11908406 0.17977315
v 0.02176292 -0.12733701 0.17751807
v 0.02116723 -0.12677102 0.17757243
v 0.02358298 -0.12858469 0.17937201
v 0.03270711 -0.13209762 0.18115717
v 0.04231671 -0.12869588 0.18074375
v 0.04677998 -0.12398884 0.17950553
v 0.04923798 -0.12127100 0.17869478
v 0.04511485 -0.12254601 0.17481130
v 0.03974303 -0.12644355 0.17374820
v 0.03268954 -0.12822676 0.17172772
v 0.02473513 -0.12747190 0.17215973
v 0.02343705 -0.12702467 0.17358106
v 0.02251475 -0.12656820 0.17474419
v 0.05924741 -0.11083670 0.17914909
v 0.06224315 -0.10667207 0.17150182
v 0.06580710 -0.10368375 0.15689903
v 0.06367035 -0.10347125 0.13759726
v 0.05506123 -0.11491179 0.17745286
v 0.05973486 -0.10186829 0.11891609
v 0.05520542 -0.09778943 0.10025698
v 0.05102391 -0.11802592 0.17655259
v 0.00407087 -0.09488444 0.06309551
v 0.01142497 -0.10405454 0.06667668
v 0.01950811 -0.11252606 0.07006830
v 0.00388791 -0.13630872 0.08988971
v 0.01340529 -0.13393931 0.08118469
v 0.02083595 -0.12381018 0.07405895
v 0.01046959 -0.04751764 0.10972899
v 0.02703819 -0.07086180 0.12221843
v 0.03102093 -0.09426785 0.12955290
v 0.02038692 -0.12291795 0.12991291
v 0.01782915 -0.12814952 0.11816031
v 0.01749235 -0.13136229 0.11240119
v 0.02077567 -0.13244275 0.11165160
v 0.02299687 -0.13110228 0.11121362
v 0.02524523 -0.13008595 0.10885602
v 0.02977789 -0.12985556 0.11034852
v 0.03416301 -0.12933883 0.11573243
v 0.04087667 -0.12273880 0.10889894
v 0.04478237 -0.11306907 0.09796053
v 0.01112222 -0.07174755 0.28557914
v 0.02821496 -0.09923863 0.26888710
v 0.04065798 -0.11420396 0.24712795
v 0.04883883 -0.11953691 0.22646910
v 0.05420249 -0.11972918 0.20782822
v 0.05754475 -0.11874093 0.19269723
v 0.05628020 -0.11689115 0.18227392
v 0.02160914 -0.12631701 0.17793900
v 0.02143093 -0.12660717 0.17781478
v 0.02222966 -0.12746974 0.17915076
v 0.03220767 -0.12989104 0.18243343
v 0.04094468 -0.12823235 0.17910773
v 0.04584345 -0.12393746 0.17808086
v 0.04780637 -0.12087250 0.17657524
v 0.04349097 -0.12289629 0.17573398
v 0.03945867 -0.12498941 0.17296737
v 0.03104848 -0.12645591 0.16973776
v 0.02471580 -0.12711957 0.17219478
v 0.02678767 -0.12712677 0.17081910
v 0.02311694 -0.12615136 0.17249852
v 0.02068695 -0.12395782 0.17323345
v 0.05972942 -0.11299707 0.18605942
v 0.06383221 -0.10400554 0.18122071
v 0.06849544 -0.09585183 0.17025346
v 0.06827745 -0.09339061 0.14752203
v 0.06400555 -0.09464980 0.12694353
v 0.06031830 -0.09158527 0.10802251
v 0.04873785 -0.10186430 0.09170240
v 0.05324587 -0.08368984 0.09209961
v 0.00397863 -0.08663366 0.05156815
v 0.01044853 -0.09402550 0.06400800
v 0.01811165 -0.10168700 0.06851095
v 0.02702961 -0.10888213 0.07368761
v 0.00360548 -0.13662316 0.09579486
v 0.01212319 -0.13438893 0.08906239
v 0.01983694 -0.12954307 0.08157688
v 0.02746278 -0.11894137 0.07804483
v 0.01045235 -0.04312116 0.07980973
v 0.02310020 -0.05281463 0.10301322
v 0.03088342 -0.07215086 0.10878998
v 0.03156938 -0.09596426 0.11682254
v 0.02496519 -0.11696317 0.12479943
v 0.02034703 -0.12542476 0.11576325
v 0.02007344 -0.12920463 0.11173755
v 0.02199348 -0.13097375 0.11113602
v 0.02271414 -0.13076521 0.11029547
v 0.02377579 -0.13067114 0.10722309
v 0.02889346 -0.12857172 0.10690218
v 0.03507096 -0.12699683 0.10971695
v 0.03967176 -0.12042077 0.10110086
v 0.03968777 -0.11323745 0.08958143
v 0.01218559 -0.03991119 0.28994018
v 0.03195112 -0.07186504 0.27944547
v 0.04445996 -0.09498767 0.25922543
v 0.05274521 -0.10625894 0.23757011
v 0.05838416 -0.11058304 0.21713072
v 0.06044527 -0.11163786 0.19926840
v 0.02014464 -0.12389177 0.17787689
v 0.02080394 -0.12545377 0.17857140
v 0.02161929 -0.12685381 0.17911261
v 0.02380545 -0.12826324 0.18143696
v 0.03037228 -0.12696159 0.18643957
v 0.04075441 -0.12600935 0.18028110
v 0.04378014 -0.12351191 0.17683655
v 0.04316616 -0.12128808 0.17511481
v 0.04006938 -0.11817752 0.16924423
v 0.03306565 -0.11846821 0.16579813
v 0.02531123 -0.12582426 0.17028016
v 0.01954204 -0.11734210 0.17137474
v 0.06326339 -0.10576492 0.19036525
v 0.06861932 -0.09321891 0.18331546
v 0.07307484 -0.07989009 0.17160231
v 0.06771180 -0.08572822 0.13538915
v 0.07229569 -0.07924464 0.15617675
v 0.06424852 -0.08512906 0.11611050
v 0.05844643 -0.07823084 0.09933656
v 0.04184639 -0.10374311 0.08388853
v 0.04725420 -0.08836107 0.08541310
v 0.04872511 -0.06973971 0.08621508
v 0.00430754 -0.08013233 0.03766093
v 0.01045445 -0.08532140 0.05251706
v 0.01627297 -0.09221658 0.06527561
v 0.02519897 -0.09879821 0.07149750
v 0.03449989 -0.10591218 0.07820910
v 0.00320749 -0.14010212 0.10001069
v 0.01081848 -0.13565824 0.09553057
v 0.01781801 -0.13161257 0.08904296
v 0.02565776 -0.12484844 0.08420187
v 0.03373505 -0.11526177 0.08322924
v 0.00762883 -0.06022701 0.07513505
v 0.02160535 -0.05601744 0.08627647
v 0.02866321 -0.07733169 0.09561259
v 0.03009962 -0.10254393 0.10963005
v 0.02609110 -0.11397986 0.11831909
v 0.02149540 -0.12350551 0.11361951
v 0.02132734 -0.12779850 0.11137199
v 0.02207433 -0.13043834 0.11081117
v 0.02177026 -0.13150674 0.10944158
v 0.02165601 -0.13244688 0.10531133
v 0.02666448 -0.12872219 0.10403270
v 0.03367006 -0.12585663 0.10446674
v 0.03608764 -0.11978435 0.09431690
v 0.01369610 -0.00840272 0.28729707
v 0.03510734 -0.04106641 0.28298420
v 0.04949587 -0.07018060 0.26790041
v 0.05676259 -0.08820790 0.24684709
v 0.06226443 -0.09693481 0.22614425
v 0.06494860 -0.10167132 0.20627993
v 0.01753137 -0.11642167 0.17877680
v 0.02145972 -0.12639077 0.18078870
v 0.03272492 -0.11881128 0.19162375
v 0.04219879 -0.11848794 0.18584865
v 0.04356737 -0.12141231 0.17755598
v 0.04362422 -0.11650943 0.17373496
v 0.04124430 -0.11081436 0.17211109
v 0.03312434 -0.10683670 0.16931325
v 0.02494187 -0.11855884 0.16673344
v 0.02258888 -0.11062085 0.17007071
v 0.06775832 -0.09502393 0.19507617
v 0.07314032 -0.07899012 0.18617815
v 0.07518222 -0.06346176 0.17483085
v 0.06719500 -0.07745280 0.12434512
v 0.07058511 -0.07461431 0.14279932
v 0.07284415 -0.06451488 0.16086549
v 0.06263055 -0.07252721 0.10719198
v 0.05399175 -0.06399966 0.09302038
v 0.04020864 -0.09206832 0.07978302
v 0.04279418 -0.07527519 0.08031535
v 0.04968608 -0.05909681 0.07577479
v 0.00503306 -0.07391870 0.02076942
v 0.01125162 -0.07866779 0.03887185
v 0.01595226 -0.08332239 0.05386233
v 0.02258240 -0.08918897 0.06734908
v 0.03256940 -0.09543544 0.07534879
v 0.00281806 -0.14316212 0.10393864
v 0.00980207 -0.13898653 0.09994739
v 0.01588721 -0.13398248 0.09616321
v 0.02270147 -0.12871594 0.09158760
v 0.03113470 -0.12126592 0.08863622
v 0.00552015 -0.08054988 0.08439887
v 0.01386090 -0.06456375 0.07927769
v 0.01898460 -0.06739965 0.08228832
v 0.02327308 -0.08371479 0.08942848
v 0.03102909 -0.10075854 0.10095114
v 0.02598907 -0.11214691 0.10986727
v 0.02600065 -0.11272326 0.11340302
v 0.02167905 -0.12219046 0.11167914
v 0.02130195 -0.12758824 0.11125582
v 0.02101290 -0.13124708 0.11066121
v 0.02007269 -0.13336108 0.10822397
v 0.01870531 -0.13475881 0.10315400
v 0.02371773 -0.13027226 0.10114735
v 0.03089012 -0.12541441 0.09966522
v 0.01453457 0.02452575 0.26961821
v 0.03851380 -0.01017789 0.27958363
v 0.05510751 -0.04113262 0.27060121
v 0.06280520 -0.06612182 0.25333196
v 0.06684819 -0.08017266 0.23354203
v 0.06904527 -0.08802635 0.21334273
v 0.02100924 -0.10755749 0.18140537
v 0.02177438 -0.11739980 0.18805569
v 0.03303979 -0.10362298 0.18355197
v 0.04230919 -0.10913257 0.18140250
v 0.04445535 -0.11593096 0.17956525
v 0.07230654 -0.08140107 0.19996756
v 0.07700536 -0.06302698 0.18947214
v 0.07668388 -0.05403528 0.17508489
v 0.06545158 -0.06658654 0.11549097
v 0.06903393 -0.06877496 0.13170713
v 0.07147272 -0.06315374 0.14814049
v 0.07403868 -0.05315798 0.16012067
v 0.05826018 -0.05832079 0.10078526
v 0.05440771 -0.05185679 0.08314276
v 0.03641547 -0.08031515 0.07515681
v 0.04345745 -0.06533043 0.06982720
v 0.05265514 -0.05075764 0.06182885
v 0.00598030 -0.07010611 0.00224701
v 0.01385866 -0.07266269 0.02188319
v 0.01751336 -0.07641093 0.04076371
v 0.02211141 -0.08031292 0.05637717
v 0.02955077 -0.08516503 0.07076639
v 0.00262450 -0.14217298 0.10965770
v 0.00931873 -0.14173074 0.10421199
v 0.01481525 -0.13701918 0.10115212
v 0.02008956 -0.13223931 0.09837526
v 0.02727961 -0.12633608 0.09519130
v 0.01213462 -0.08199835 0.08580118
v 0.00445124 -0.10573776 0.09097117
v 0.01786018 -0.08534900 0.08769709
v 0.02509994 -0.10473027 0.09538972
v 0.02524560 -0.11358009 0.10548228
v 0.02104013 -0.12214526 0.10989994
v 0.02002781 -0.12870584 0.11140460
v 0.01898327 -0.13321907 0.11038178
v 0.01760127 -0.13608133 0.10667580
v 0.01302675 0.04592719 0.23815495
v 0.03927599 0.02031622 0.26185185
v 0.05826798 -0.01175971 0.26535505
v 0.06904086 -0.04034439 0.25479835
v 0.07223222 -0.06041528 0.23804122
v 0.07319442 -0.07197786 0.21916610
v 0.07636253 -0.06593092 0.20434862
v 0.07870635 -0.04883272 0.19142324
v 0.07858036 -0.04758802 0.18285984
v 0.07404245 -0.05166279 0.16545290
v 0.07956319 -0.04980085 0.17404717
v 0.06109631 -0.05303517 0.10948640
v 0.06674887 -0.06056510 0.12330306
v 0.06942016 -0.06030831 0.13737053
v 0.07307196 -0.05401586 0.15136820
v 0.07313751 -0.04944851 0.15879601
v 0.05735062 -0.04479472 0.09229249
v 0.05632177 -0.04240930 0.06966734
v 0.03640150 -0.07076520 0.06496966
v 0.04743270 -0.05792748 0.05587292
v 0.05596138 -0.04137898 0.04697987
v 0.00593559 0.02273818 0.08601809
v 0.00707286 0.02727215 0.06655478
v 0.01724251 -0.07033546 0.00372690
v 0.02178293 -0.07068668 0.02389425
v 0.02453684 -0.07315606 0.04324338
v 0.02910173 -0.07594433 0.06028396
v 0.00235779 -0.13760047 0.11263126
v 0.00842682 -0.14100539 0.10990709
v 0.01409954 -0.13905171 0.10524768
v 0.01057268 -0.10688538 0.09147757
v 0.00365227 -0.12522143 0.09695798
v 0.01585970 -0.10879919 0.09226233
v 0.01957226 -0.11477867 0.09448880
v 0.02240540 -0.11721558 0.10162181
v 0.01944340 -0.12385613 0.10879451
v 0.01782496 -0.13079932 0.11163956
v 0.01634074 -0.13582317 0.11003202
v 0.01180518 0.05334662 0.20872372
v 0.03629568 0.04155157 0.23221129
v 0.05764591 0.01350833 0.24944001
v 0.07117362 -0.01488379 0.25027078
v 0.07664887 -0.03900357 0.23893422
v 0.07747444 -0.05488815 0.22254533
v 0.07933819 -0.05082793 0.20692891
v 0.07866985 -0.04055197 0.19005913
v 0.08358437 -0.04646359 0.18095618
v 0.08037244 -0.04079982 0.18375009
v 0.07516816 -0.04821222 0.16608685
v 0.07704578 -0.04618135 0.17442209
v 0.05917633 -0.03872842 0.10349572
v 0.06252914 -0.04921031 0.11839157
v 0.06719275 -0.05517222 0.12949079
v 0.07035720 -0.05317179 0.14007086
v 0.07072866 -0.05179633 0.14532250
v 0.07238617 -0.05003105 0.15244156
v 0.06778927 -0.04848143 0.15760440
v 0.05769546 -0.03333372 0.08053482
v 0.05797840 -0.03250898 0.05518186
v 0.04049234 -0.06404900 0.05104858
v 0.05178396 -0.04958711 0.04062095
v 0.06202986 -0.03476618 0.03264681
v 0.00566276 0.02377698 0.10707283
v 0.01723863 0.02045158 0.08520275
v 0.00913323 0.03962016 0.04816550
v 0.02036517 0.02441271 0.06587857
v 0.02683533 -0.06784829 0.00549239
v 0.02982368 -0.06764219 0.02677426
v 0.03243097 -0.06916850 0.04674217
v 0.00285741 -0.13313137 0.10708827
v 0.00763178 -0.13674219 0.11274266
v 0.01295690 -0.13864775 0.10996580
v 0.00866722 -0.12492126 0.09716326
v 0.01292537 -0.12442700 0.09744424
v 0.01616709 -0.12422946 0.09879881
v 0.01899114 -0.12176939 0.10010868
v 0.01703414 -0.12646235 0.10841376
v 0.01497591 -0.13307806 0.11205512
v 0.01054851 0.05206111 0.18507880
v 0.03238461 0.04818221 0.20460016
v 0.05422431 0.03090755 0.22417778
v 0.06883006 0.00571464 0.23660225
v 0.07695642 -0.01852369 0.23529345
v 0.07997952 -0.03801396 0.22304147
v 0.08044205 -0.03850767 0.20568210
v 0.07811848 -0.03596020 0.18695086
v 0.08222110 -0.04284505 0.17929727
v 0.08785651 -0.03954569 0.18377548
v 0.08159514 -0.03573846 0.18233365
v 0.07110623 -0.04311025 0.16002768
v 0.07497121 -0.04591917 0.16974300
v 0.07711319 -0.04086672 0.17045838
v 0.05696742 -0.02535157 0.09554768
v 0.06058314 -0.03569587 0.11631042
v 0.06345855 -0.04784751 0.12614411
v 0.06870229 -0.05182401 0.13362914
v 0.07486696 -0.04753773 0.14126509
v 0.07515349 -0.04632656 0.14619511
v 0.06851514 -0.04996455 0.14804286
v 0.06626812 -0.04995060 0.15300316
v 0.06553826 -0.04324173 0.15213102
v 0.05675533 -0.02274997 0.06640160
v 0.06391618 -0.02547344 0.04091972
v 0.04561021 -0.05696816 0.03519309
v 0.05816088 -0.04340528 0.02530938
v 0.00899698 0.04674419 0.16445851
v 0.00740855 0.03727991 0.14698082
v 0.00618150 0.02844733 0.12848485
v 0.01613370 0.02156991 0.10653365
v 0.02755483 0.01625544 0.08364391
v 0.02600431 0.03592763 0.04786322
v 0.03280323 0.01977738 0.06479770
v 0.03557888 -0.06302517 0.00820220
v 0.03807949 -0.06311502 0.03060326
v 0.00762893 -0.13222857 0.10732967
v 0.01160288 -0.13506612 0.11252636
v 0.01123928 -0.13055373 0.10760409
v 0.01429631 -0.12874306 0.10802871
v 0.02840424 0.04655905 0.18245131
v 0.04914682 0.03709281 0.19909757
v 0.06495527 0.01884810 0.21526855
v 0.07430071 -0.00201047 0.22408980
v 0.07960168 -0.02239604 0.21980637
v 0.07999515 -0.02889976 0.20169312
v 0.07730618 -0.03227689 0.18295819
v 0.08050360 -0.03886255 0.17525655
v 0.08681947 -0.03766725 0.18005103
v 0.08984095 -0.03202868 0.18266338
v 0.08165676 -0.03181473 0.17948037
v 0.07109611 -0.04073142 0.16399854
v 0.06891139 -0.03668133 0.15414935
v 0.07368360 -0.04072114 0.16679627
v 0.08146019 -0.03669805 0.16730732
v 0.05217690 -0.01402346 0.08605772
v 0.05761975 -0.02087815 0.11371225
v 0.06173056 -0.04017075 0.12747997
v 0.06362390 -0.04557670 0.13228482
v 0.06868627 -0.04739602 0.13125342
v 0.07370190 -0.04881467 0.13483864
v 0.07820947 -0.04115983 0.14334410
v 0.07746111 -0.04070187 0.14777380
v 0.06981575 -0.04405847 0.14734322
v 0.06249751 -0.01522630 0.05028957
v 0.07797350 -0.02214823 0.02982101
v 0.05217546 -0.05101059 0.01841545
v 0.02395599 0.04151423 0.16324455
v 0.01989294 0.03354479 0.14644051
v 0.01701408 0.02591522 0.12810796
v 0.02537316 0.01797487 0.10522866
v 0.03624140 0.01039909 0.08212602
v 0.04149478 0.03067654 0.04806983
v 0.04367916 0.01313615 0.06312191
v 0.04421294 -0.05757232 0.01252735
v 0.04328500 0.03657946 0.17824501
v 0.06021592 0.02382569 0.19304961
v 0.07128138 0.00767205 0.20593661
v 0.07749206 -0.01028361 0.21062845
v 0.07817726 -0.02121839 0.19519907
v 0.07547192 -0.02904745 0.17692667
v 0.08366269 -0.03548941 0.17611319
v 0.08850596 -0.03189714 0.17811257
v 0.08974925 -0.02653917 0.17806977
v 0.08072845 -0.02872793 0.17298323
v 0.07208853 -0.03336126 0.15774101
v 0.07229937 -0.03660531 0.14910084
v 0.07496998 -0.03314519 0.16082519
v 0.07993869 -0.03403612 0.16099459
v 0.08411967 -0.03281594 0.16876799
v 0.04779293 -0.00426493 0.08068204
v 0.05065422 -0.00837990 0.10966462
v 0.06100552 -0.02000064 0.13161910
v 0.06247478 -0.03489886 0.13558215
v 0.06614666 -0.04204869 0.13812941
v 0.07422151 -0.03978881 0.13265532
v 0.07796723 -0.04148834 0.13730711
v 0.08034358 -0.03500729 0.14658624
v 0.07967789 -0.03562859 0.14956480
v 0.07771801 -0.01092263 0.03799039
v 0.05804215 -0.00431057 0.05727708
v 0.03599887 0.03244061 0.16043156
v 0.02983998 0.02705701 0.14431620
v 0.02616037 0.02186019 0.12640303
v 0.03294702 0.01312724 0.10426855
v 0.04271637 0.00349388 0.08105564
v 0.05567455 0.02323924 0.04856771
v 0.05223705 0.00528956 0.06057209
v 0.05327712 0.02350361 0.17351037
v 0.06674879 0.01057563 0.18624121
v 0.07446842 -0.00397164 0.19596034
v 0.07558848 -0.01635337 0.18581742
v 0.07254471 -0.02676388 0.16773659
v 0.08472045 -0.03077870 0.17422432
v 0.08899596 -0.02799647 0.17392808
v 0.08769505 -0.02243679 0.17084938
v 0.07903237 -0.02755470 0.16307849
v 0.07569895 -0.03294567 0.15224093
v 0.07792687 -0.03245731 0.15618688
v 0.08424356 -0.03224807 0.16059583
v 0.04448543 0.00021013 0.10674846
v 0.05418648 -0.00514030 0.13054293
v 0.06534194 -0.01868449 0.14612430
v 0.06625032 -0.03002091 0.14631182
v 0.07140154 -0.03321368 0.14339095
v 0.07835677 -0.03121762 0.13911718
v 0.08124235 -0.03417811 0.14311045
v 0.08365580 -0.03098119 0.15201443
v 0.08273806 -0.03306707 0.15384787
v 0.07423958 0.00112250 0.04397061
v 0.04494050 0.02096136 0.15565073
v 0.03693593 0.01917106 0.13933319
v 0.03315280 0.01689301 0.12442303
v 0.03900174 0.00729414 0.10480863
v 0.06712875 0.01310853 0.04740790
v 0.06068815 0.01056907 0.16815442
v 0.07046019 -0.00239262 0.17905360
v 0.07223721 -0.01460751 0.17276853
v 0.06955013 -0.02626576 0.15678269
v 0.08526118 -0.02673359 0.17007107
v 0.08840724 -0.02590148 0.16889757
v 0.08483871 -0.02239097 0.15945536
v 0.07471845 -0.02795018 0.15267462
v 0.08460291 -0.02824189 0.16055876
v 0.04648167 0.00502997 0.12991440
v 0.06075942 -0.00404084 0.14775544
v 0.06909209 -0.01614695 0.15926045
v 0.08140334 -0.02555598 0.14856547
v 0.08383344 -0.02963900 0.15024394
v 0.05321938 0.00899904 0.15041697
v 0.03869977 0.01210033 0.12617284
v 0.06628898 -0.00224875 0.16296643
v 0.08567973 -0.02611113 0.15950042
v -0.00456863 -0.14657970 0.16908222
v -0.00430163 -0.15198362 0.16087145
v -0.00376815 -0.14309472 0.17619568
v -0.01016047 -0.14157312 0.16300648
v -0.00442604 -0.15840993 0.15224546
v -0.00954974 -0.14709518 0.15652901
v -0.00395564 -0.14219825 0.18290991
v -0.00776298 -0.13719036 0.17470342
v -0.01626690 -0.13663337 0.15668315
v -0.01152058 -0.13574984 0.16712707
v -0.00281273 -0.14557477 0.12454706
v -0.00226268 -0.14618993 0.13101763
v -0.00475388 -0.16196795 0.14384812
v -0.01022289 -0.15305116 0.15004689
v -0.01413065 -0.14022889 0.15254360
v -0.00479477 -0.14409484 0.19064611
v -0.00921130 -0.13702838 0.18082017
v -0.01172011 -0.13135676 0.17415148
v -0.01875540 -0.13259015 0.16059345
v -0.02450422 -0.13364603 0.15107793
v -0.01437767 -0.13065760 0.16875952
v -0.00275032 -0.14712750 0.11882252
v -0.00826441 -0.14438296 0.12473899
v -0.00198952 -0.14926485 0.13387197
v -0.00776452 -0.14348905 0.13121980
v -0.00405204 -0.15889377 0.13793713
v -0.01049284 -0.15626218 0.14411408
v -0.01363367 -0.14788379 0.14697856
v -0.01441707 -0.14190561 0.14822215
v -0.02071064 -0.13552043 0.14712948
v -0.00555192 -0.14532620 0.20059663
v -0.01462229 -0.14280494 0.19072491
v -0.01265770 -0.13112380 0.17814237
v -0.01459564 -0.13661685 0.18490654
v -0.01564008 -0.12917139 0.17392331
v -0.02834740 -0.13055191 0.15574795
v -0.02159888 -0.12999386 0.16380244
v -0.03355928 -0.13237694 0.14561671
v -0.01894147 -0.12935549 0.16926163
v -0.00241545 -0.14401095 0.11414468
v -0.00821411 -0.14559999 0.11896569
v -0.01434182 -0.14169386 0.12183791
v -0.00276610 -0.15433725 0.13527852
v -0.00503745 -0.14814258 0.13649756
v -0.01265591 -0.13920646 0.13207787
v -0.00769844 -0.14430385 0.13595170
v -0.00889603 -0.15490373 0.13977772
v -0.01412351 -0.15049419 0.14278311
v -0.01657003 -0.14311888 0.14429551
v -0.01769261 -0.13640540 0.14425009
v -0.02844312 -0.13425680 0.14042574
v -0.00642074 -0.14377720 0.21194404
v -0.01644191 -0.14479632 0.20015782
v -0.02595958 -0.14021078 0.19178528
v -0.01569386 -0.12892567 0.17598504
v -0.01688245 -0.13132593 0.18088096
v -0.02432189 -0.13520733 0.18750268
v -0.01866602 -0.12872582 0.17221695
v -0.01746414 -0.12738932 0.17387277
v -0.03260316 -0.12886539 0.16052383
v -0.03871210 -0.12906005 0.15122920
v -0.02426166 -0.12976452 0.16658694
v -0.04198010 -0.12951028 0.13933069
v -0.02496604 -0.12982008 0.16893977
v -0.00250230 -0.13832833 0.11363697
v -0.00757148 -0.14272315 0.11443782
v -0.01336929 -0.14252510 0.11676294
v -0.01933800 -0.13866256 0.11832124
v -0.01715459 -0.13836732 0.12698978
v -0.00361527 -0.15302058 0.13810903
v -0.00376718 -0.14702379 0.14074332
v -0.01371280 -0.14141155 0.13502699
v -0.01663547 -0.13604704 0.13504261
v -0.01060738 -0.14283301 0.13650900
v -0.00485703 -0.14269023 0.13994688
v -0.00695767 -0.15273221 0.13885194
v -0.01241380 -0.15036901 0.13956887
v -0.01693548 -0.14486741 0.14006680
v -0.01739980 -0.13797926 0.14119917
v -0.01864799 -0.13516234 0.13913924
v -0.02447154 -0.13426230 0.13550061
v -0.03627923 -0.13203593 0.13435334
v -0.00723525 -0.14052646 0.22561806
v -0.01862903 -0.14290090 0.21108407
v -0.02843425 -0.14183493 0.19931120
v -0.03721889 -0.13587954 0.19083160
v -0.01755328 -0.12772842 0.17511910
v -0.01833045 -0.12940666 0.17840534
v -0.02369836 -0.13203337 0.18356735
v -0.03520978 -0.13369677 0.18683153
v -0.02493234 -0.12978068 0.17171985
v -0.02045767 -0.12743836 0.17363590
v -0.01925787 -0.12727668 0.17435366
v -0.04440853 -0.12527801 0.15732735
v -0.03447165 -0.12864191 0.16524214
v -0.04795994 -0.12552575 0.14551646
v -0.04841402 -0.12415918 0.13181001
v -0.03386831 -0.12946862 0.16838914
v -0.00322414 -0.13511970 0.12295127
v -0.00701870 -0.13702881 0.11393124
v -0.01180823 -0.14007017 0.11374873
v -0.01720638 -0.13927144 0.11495513
v -0.02291748 -0.13552853 0.11572975
v -0.02240203 -0.13652397 0.12241024
v -0.02099515 -0.13526968 0.13092119
v -0.00212892 -0.15162582 0.14185089
v -0.00504546 -0.14633187 0.14653295
v -0.01432029 -0.14564263 0.13760287
v -0.01682024 -0.13939056 0.13719958
v -0.01147906 -0.14526420 0.13799948
v -0.00826794 -0.13814262 0.13990313
v -0.00649212 -0.13973648 0.14579207
v -0.00563247 -0.15253720 0.14272290
v -0.01009641 -0.14900722 0.13892239
v -0.03117871 -0.13306349 0.13027591
v -0.04216850 -0.12791714 0.12712902
v -0.00802711 -0.13409018 0.24131948
v -0.02095431 -0.13895007 0.22424489
v -0.03068996 -0.13904192 0.20914477
v -0.04013136 -0.13664962 0.19704300
v -0.04640067 -0.13005121 0.18791097
v -0.01857129 -0.12722700 0.17572504
v -0.01967348 -0.12831681 0.17697328
v -0.02357701 -0.13138150 0.18133157
v -0.03398494 -0.13288899 0.18429929
v -0.04418707 -0.12925469 0.18448049
v -0.03324744 -0.13036983 0.17103618
v -0.02515559 -0.12903764 0.17300433
v -0.02183923 -0.12712536 0.17394501
v -0.02137657 -0.12715444 0.17488462
v -0.05066944 -0.11898765 0.16403037
v -0.05405075 -0.12036600 0.15293974
v -0.04501847 -0.12300608 0.16678971
v -0.05466137 -0.11909219 0.13819700
v -0.05222891 -0.11699824 0.12290138
v -0.04242936 -0.12549217 0.16989881
v -0.00446129 -0.11841166 0.06703144
v -0.00436007 -0.13180045 0.07200772
v -0.00941925 -0.09444018 0.14257330
v -0.00555291 -0.12498506 0.13637048
v -0.00935441 -0.13341234 0.12185150
v -0.01086087 -0.13541703 0.11375123
v -0.01512354 -0.13757842 0.11298293
v -0.02003581 -0.13601523 0.11347169
v -0.02549725 -0.13285131 0.11325604
v -0.02664465 -0.13415306 0.11837631
v -0.02651269 -0.13410479 0.12647742
v -0.00349947 -0.15115968 0.14498132
v -0.00898939 -0.14848078 0.14333469
v -0.01101692 -0.14224273 0.14259654
v -0.03644746 -0.13016850 0.12396592
v -0.04576176 -0.12241495 0.11875695
v -0.00874598 -0.12192740 0.25810379
v -0.02338817 -0.13226561 0.23901850
v -0.03356844 -0.13442532 0.22089726
v -0.04210829 -0.13319043 0.20516270
v -0.04954151 -0.12987312 0.19273871
v -0.05134056 -0.12373746 0.18389779
v -0.02087921 -0.12729220 0.17738003
v -0.02069998 -0.12674164 0.17729872
v -0.02400945 -0.13011212 0.17941552
v -0.03332511 -0.13304373 0.18306285
v -0.04298642 -0.12846364 0.18180341
v -0.04836779 -0.12429807 0.18138558
v -0.04092581 -0.12682519 0.17264253
v -0.03296161 -0.12959199 0.17228836
v -0.02525824 -0.12804145 0.17273635
v -0.02283841 -0.12721755 0.17368048
v -0.02249107 -0.12733636 0.17479593
v -0.05588072 -0.11264570 0.17151123
v -0.05883709 -0.11321538 0.16155773
v -0.06083003 -0.11258727 0.14646107
v -0.05117677 -0.11664784 0.17172021
v -0.05834430 -0.11083536 0.12933725
v -0.05406702 -0.10880971 0.11194700
v -0.04767729 -0.12018806 0.17306596
v -0.00436690 -0.10555298 0.06567901
v -0.01232997 -0.11600495 0.06787455
v -0.00422196 -0.13673510 0.08189291
v -0.01370047 -0.12854743 0.07212251
v -0.01186541 -0.07271418 0.13444191
v -0.02122413 -0.10604559 0.13791209
v -0.01412529 -0.12606199 0.13334686
v -0.01404673 -0.13107147 0.12020224
v -0.01434182 -0.13364443 0.11320823
v -0.01818465 -0.13504400 0.11227530
v -0.02216106 -0.13303141 0.11227649
v -0.02596922 -0.13088566 0.11085141
v -0.02926362 -0.13179054 0.11444646
v -0.03149644 -0.13193459 0.12146479
v -0.03960880 -0.12637438 0.11677450
v -0.04702108 -0.11659459 0.10872525
v -0.00974648 -0.10105302 0.27424532
v -0.02543398 -0.11956932 0.25437969
v -0.03726575 -0.12720849 0.23403257
v -0.04481442 -0.12756521 0.21513516
v -0.05164771 -0.12615665 0.19932908
v -0.05470060 -0.12247457 0.18730754
v -0.05262800 -0.11907989 0.17977315
v -0.02176986 -0.12733528 0.17751807
v -0.02117412 -0.12676935 0.17757243
v -0.02359002 -0.12858282 0.17937201
v -0.03271442 -0.13209503 0.18115717
v -0.04232375 -0.12869253 0.18074375
v -0.04678665 -0.12398515 0.17950553
v -0.04924443 -0.12126710 0.17869478
v -0.04512140 -0.12254243 0.17481130
v -0.03974990 -0.12644041 0.17374820
v -0.03269654 -0.12822417 0.17172772
v -0.02474208 -0.12746995 0.17215973
v -0.02344396 -0.12702281 0.17358106
v -0.02252163 -0.12656641 0.17474419
v -0.05925303 -0.11083200 0.17914909
v -0.06224844 -0.10666714 0.17150182
v -0.06581216 -0.10367855 0.15689903
v -0.06367538 -0.10346621 0.13759726
v -0.05506718 -0.11490744 0.17745286
v -0.05973976 -0.10186356 0.11891609
v -0.05521001 -0.09778506 0.10025698
v -0.05103010 -0.11802188 0.17655259
v -0.00410430 -0.09488305 0.06309539
v -0.01142876 -0.10405386 0.06667668
v -0.01951367 -0.11252457 0.07006830
v -0.00389556 -0.13630841 0.08988971
v -0.01341276 -0.13393826 0.08118469
v -0.02084262 -0.12380852 0.07405895
v -0.01047019 -0.04751680 0.10972899
v -0.02704064 -0.07085966 0.12221843
v -0.03102523 -0.09426539 0.12955290
v -0.02039348 -0.12291633 0.12991291
v -0.01783614 -0.12814810 0.11816031
v -0.01749958 -0.13136091 0.11240119
v -0.02078299 -0.13244110 0.11165160
v -0.02300409 -0.13110046 0.11121362
v -0.02525237 -0.13008394 0.10885602
v -0.02978501 -0.12985321 0.11034852
v -0.03417009 -0.12933613 0.11573243
v -0.04088323 -0.12273556 0.10889894
v -0.04478817 -0.11306552 0.09796053
v -0.01112479 -0.07174667 0.28557914
v -0.02821970 -0.09923640 0.26888710
v -0.04066390 -0.11420074 0.24712795
v -0.04884516 -0.11953305 0.22646910
v -0.05420884 -0.11972489 0.20782822
v -0.05755100 -0.11873638 0.19269723
v -0.05628631 -0.11688669 0.18227392
v -0.02161600 -0.12631530 0.17793900
v -0.02143780 -0.12660547 0.17781478
v -0.02223660 -0.12746798 0.17915076
v -0.03221481 -0.12988849 0.18243343
v -0.04095168 -0.12822912 0.17910773
v -0.04585011 -0.12393383 0.17808086
v -0.04781279 -0.12086872 0.17657524
v -0.04349755 -0.12289285 0.17573398
v -0.03946541 -0.12498628 0.17296737
v -0.03105535 -0.12645345 0.16973776
v -0.02472271 -0.12711762 0.17219478
v -0.02679459 -0.12712466 0.17081910
v -0.02312377 -0.12614952 0.17249852
v -0.02069362 -0.12395618 0.17323345
v -0.05973522 -0.11299234 0.18605942
v -0.06383730 -0.10400049 0.18122071
v -0.06849989 -0.09584640 0.17025346
v -0.06828168 -0.09338520 0.14752215
v -0.06400989 -0.09464473 0.12694353
v -0.06032239 -0.09158050 0.10802251
v -0.04874268 -0.10186050 0.09170240
v -0.05324886 -0.08368621 0.09209961
v -0.00407893 -0.08662930 0.05156767
v -0.01048039 -0.09402208 0.06400764
v -0.01811530 -0.10168592 0.06851095
v -0.02703491 -0.10888005 0.07368761
v -0.00361316 -0.13662288 0.09579486
v -0.01213070 -0.13438797 0.08906239
v -0.01984406 -0.12954151 0.08157688
v -0.02746907 -0.11893919 0.07804483
v -0.01045262 -0.04312032 0.07980973
v -0.02310122 -0.05281279 0.10301322
v -0.03088598 -0.07214842 0.10878998
v -0.03157382 -0.09596175 0.11682254
v -0.02497129 -0.11696118 0.12479943
v -0.02035380 -0.12542315 0.11576325
v -0.02008050 -0.12920303 0.11173755
v -0.02200069 -0.13097201 0.11113602
v -0.02272133 -0.13076340 0.11029547
v -0.02378298 -0.13066926 0.10722309
v -0.02890048 -0.12856944 0.10690218
v -0.03507786 -0.12699405 0.10971695
v -0.03967814 -0.12041761 0.10110086
v -0.03969360 -0.11323430 0.08958143
v -0.01218564 -0.03991022 0.28994018
v -0.03195369 -0.07186251 0.27944547
v -0.04446437 -0.09498416 0.25922543
v -0.05275049 -0.10625477 0.23757011
v -0.05838978 -0.11057842 0.21713072
v -0.06045097 -0.11163307 0.19926840
v -0.02015130 -0.12389018 0.17787689
v -0.02081073 -0.12545212 0.17857140
v -0.02162619 -0.12685210 0.17911261
v -0.02381246 -0.12826136 0.18143696
v -0.03037919 -0.12695919 0.18643957
v -0.04076124 -0.12600613 0.18028110
v -0.04378677 -0.12350844 0.17683655
v -0.04317261 -0.12128467 0.17511481
v -0.04007559 -0.11817435 0.16924423
v -0.03307187 -0.11846559 0.16579813
v -0.02531804 -0.12582226 0.17028016
v -0.01954818 -0.11734055 0.17137474
v -0.06326862 -0.10575991 0.19036525
v -0.06862355 -0.09321349 0.18331546
v -0.07307802 -0.07988431 0.17160231
v -0.06771542 -0.08572286 0.13538915
v -0.07229880 -0.07923892 0.15617675
v -0.06425209 -0.08512397 0.11611050
v -0.05844923 -0.07822657 0.09933656
v -0.04185133 -0.10373987 0.08388853
v -0.04725733 -0.08835800 0.08541310
v -0.04873112 -0.06973475 0.08621478
v -0.00451997 -0.08012126 0.03765988
v -0.01055142 -0.08531026 0.05251586
v -0.01630292 -0.09221150 0.06527513
v -0.02520249 -0.09879669 0.07149750
v -0.03450498 -0.10590953 0.07820910
v -0.00321544 -0.14010187 0.10001069
v -0.01082608 -0.13565737 0.09553057
v -0.01782529 -0.13161116 0.08904296
v -0.02566451 -0.12484642 0.08420187
v -0.03374104 -0.11525910 0.08322924
v -0.00763046 -0.06022640 0.07513505
v -0.02160663 -0.05601572 0.08627647
v -0.02866617 -0.07732942 0.09561259
v -0.03010458 -0.10254155 0.10963005
v -0.02609696 -0.11397779 0.11831909
v -0.02150202 -0.12350381 0.11361951
v -0.02133430 -0.12779681 0.11137199
v -0.02208150 -0.13043660 0.11081117
v -0.02177752 -0.13150502 0.10944158
v -0.02166334 -0.13244518 0.10531133
v -0.02667152 -0.12872008 0.10403270
v -0.03367688 -0.12585396 0.10446674
v -0.03609398 -0.11978150 0.09431690
v -0.01369366 -0.00840163 0.28729707
v -0.03510748 -0.04106364 0.28298420
v -0.04949831 -0.07017668 0.26790041
v -0.05676645 -0.08820340 0.24684709
v -0.06226897 -0.09692987 0.22614425
v -0.06495351 -0.10166618 0.20627993
v -0.01753744 -0.11642029 0.17877680
v -0.02146658 -0.12638908 0.18078870
v -0.03273118 -0.11880869 0.19162375
v -0.04220503 -0.11848461 0.18584865
v -0.04357383 -0.12140887 0.17755598
v -0.04363030 -0.11650598 0.17373496
v -0.04124993 -0.11081110 0.17211109
v -0.03312965 -0.10683408 0.16931325
v -0.02494810 -0.11855688 0.16673344
v -0.02259449 -0.11061906 0.17007071
v -0.06776270 -0.09501856 0.19507617
v -0.07314342 -0.07898434 0.18617815
v -0.07518410 -0.06345582 0.17483085
v -0.06719797 -0.07744749 0.12434512
v -0.07058785 -0.07460872 0.14279920
v -0.07284610 -0.06450911 0.16086549
v -0.06263305 -0.07252238 0.10719198
v -0.05399594 -0.06399474 0.09302026
v -0.04021187 -0.09206580 0.07978302
v -0.04280226 -0.07527017 0.08031505
v -0.04971619 -0.05907425 0.07577246
v -0.00540052 -0.07389354 0.02076668
v -0.01146067 -0.07863928 0.03886887
v -0.01604810 -0.08330528 0.05386055
v -0.02260871 -0.08918257 0.06734848
v -0.03257276 -0.09543345 0.07534879
v -0.00282625 -0.14316190 0.10393864
v -0.00980993 -0.13898577 0.09994739
v -0.01589468 -0.13398122 0.09616321
v -0.02270852 -0.12871413 0.09158760
v -0.03114116 -0.12126346 0.08863622
v -0.00552339 -0.08054945 0.08439887
v -0.01386288 -0.06456265 0.07927769
v -0.01898679 -0.06739815 0.08228832
v -0.02327656 -0.08371295 0.08942848
v -0.03103391 -0.10075608 0.10095114
v -0.02599479 -0.11214485 0.10986727
v -0.02600641 -0.11272121 0.11340302
v -0.02168556 -0.12218874 0.11167914
v -0.02130889 -0.12758655 0.11125582
v -0.02102013 -0.13124541 0.11066121
v -0.02008009 -0.13335948 0.10822397
v -0.01871283 -0.13475735 0.10315400
v -0.02372489 -0.13027038 0.10114735
v -0.03089690 -0.12541197 0.09966522
v -0.01452951 0.02452690 0.26961821
v -0.03851149 -0.01017483 0.27958363
v -0.05510764 -0.04112825 0.27060121
v -0.06280731 -0.06611684 0.25333196
v -0.06685141 -0.08016737 0.23354203
v -0.06904910 -0.08802088 0.21334273
v -0.02101461 -0.10755582 0.18140537
v -0.02178053 -0.11739807 0.18805569
v -0.03304485 -0.10362036 0.18355197
v -0.04231468 -0.10912922 0.18140250
v -0.04446138 -0.11592744 0.17956525
v -0.07230984 -0.08139535 0.19996756
v -0.07700721 -0.06302089 0.18947214
v -0.07668501 -0.05402922 0.17508489
v -0.06545369 -0.06658136 0.11549097
v -0.06903622 -0.06876949 0.13170713
v -0.07147455 -0.06314808 0.14814049
v -0.07403974 -0.05315213 0.16012067
v -0.05826248 -0.05831619 0.10078502
v -0.05442609 -0.05183963 0.08314109
v -0.03642382 -0.08031106 0.07515651
v -0.04349991 -0.06530498 0.06982458
v -0.05274721 -0.05068177 0.06181866
v -0.00655379 -0.07005499 0.00224176
v -0.01422611 -0.07259393 0.02187604
v -0.01771480 -0.07636723 0.04075918
v -0.02219926 -0.08029048 0.05637491
v -0.02956919 -0.08515875 0.07076579
v -0.00263261 -0.14217277 0.10965770
v -0.00932680 -0.14173000 0.10421199
v -0.01482295 -0.13701800 0.10115212
v -0.02009689 -0.13223771 0.09837526
v -0.02728646 -0.12633392 0.09519130
v -0.01213798 -0.08199738 0.08580118
v -0.00445647 -0.10573741 0.09097117
v -0.01786379 -0.08534758 0.08769709
v -0.02510508 -0.10472829 0.09538972
v -0.02525143 -0.11357809 0.10548228
v -0.02104664 -0.12214359 0.10989994
v -0.02003484 -0.12870426 0.11140460
v -0.01899066 -0.13321756 0.11038178
v -0.01760889 -0.13607992 0.10667580
v -0.01301999 0.04592821 0.23815495
v -0.03927126 0.02031934 0.26185185
v -0.05826579 -0.01175511 0.26535505
v -0.06904093 -0.04033892 0.25479835
v -0.07223386 -0.06040956 0.23804122
v -0.07319698 -0.07197206 0.21916610
v -0.07636461 -0.06592487 0.20434862
v -0.07870708 -0.04882649 0.19142324
v -0.07858099 -0.04758181 0.18285984
v -0.07404339 -0.05165694 0.16545290
v -0.07956399 -0.04979455 0.17404717
v -0.06109741 -0.05303060 0.10948640
v -0.06675049 -0.06055981 0.12330306
v -0.06942178 -0.06030282 0.13737053
v -0.07307308 -0.05401008 0.15136820
v -0.07313827 -0.04944273 0.15879601
v -0.05735809 -0.04478493 0.09229165
v -0.05638326 -0.04235289 0.06965870
v -0.03645465 -0.07074030 0.06496722
v -0.04754358 -0.05784543 0.05586433
v -0.05616039 -0.04118870 0.04695120
v -0.00592016 0.02274496 0.08601737
v -0.00700127 0.02729754 0.06655216
v -0.01780809 -0.07019517 0.00371236
v -0.02213921 -0.07057990 0.02388316
v -0.02472795 -0.07309582 0.04323718
v -0.02917137 -0.07591979 0.06028140
v -0.00236554 -0.13760028 0.11263126
v -0.00843483 -0.14100472 0.10990709
v -0.01410740 -0.13905059 0.10524768
v -0.01057800 -0.10688454 0.09147757
v -0.00365904 -0.12522115 0.09695798
v -0.01586516 -0.10879794 0.09226233
v -0.01957820 -0.11477711 0.09448880
v -0.02241152 -0.11721381 0.10162181
v -0.01945004 -0.12385460 0.10879451
v -0.01783216 -0.13079790 0.11163956
v -0.01634834 -0.13582188 0.11003202
v -0.01179782 0.05334755 0.20872372
v -0.03628926 0.04155445 0.23221129
v -0.05764171 0.01351289 0.24944001
v -0.07117168 -0.01487816 0.25027078
v -0.07664884 -0.03899751 0.23893422
v -0.07747565 -0.05488201 0.22254533
v -0.07933908 -0.05082166 0.20692891
v -0.07866991 -0.04054574 0.19005913
v -0.08358490 -0.04645697 0.18095618
v -0.08037251 -0.04079346 0.18375009
v -0.07516882 -0.04820627 0.16608685
v -0.07704628 -0.04617525 0.17442209
v -0.05917810 -0.03872284 0.10349548
v -0.06252988 -0.04920545 0.11839157
v -0.06719396 -0.05516690 0.12949079
v -0.07035825 -0.05316623 0.14007086
v -0.07072960 -0.05179073 0.14532250
v -0.07238698 -0.05002533 0.15244156
v -0.06778996 -0.04847607 0.15760440
v -0.05771928 -0.03330286 0.08053130
v -0.05812048 -0.03235800 0.05515778
v -0.04063065 -0.06396862 0.05104035
v -0.05202447 -0.04938212 0.04059330
v -0.06240080 -0.03436107 0.03258616
v -0.00565784 0.02377858 0.10707271
v -0.01722593 0.02047097 0.08520085
v -0.00886371 0.03969078 0.04815823
v -0.02030485 0.02448459 0.06587118
v -0.02738225 -0.06763135 0.00546858
v -0.03015541 -0.06750115 0.02675971
v -0.03259855 -0.06909535 0.04673454
v -0.00286481 -0.13313115 0.10708827
v -0.00763945 -0.13674158 0.11274266
v -0.01296473 -0.13864672 0.10996580
v -0.00867397 -0.12492058 0.09716326
v -0.01293208 -0.12442596 0.09744424
v -0.01617378 -0.12422818 0.09879881
v -0.01899763 -0.12176789 0.10010868
v -0.01704100 -0.12646100 0.10841376
v -0.01498329 -0.13307687 0.11205512
v -0.01054125 0.05206194 0.18507880
v -0.03237765 0.04818477 0.20460016
v -0.05421873 0.03091184 0.22417778
v -0.06882648 0.00572009 0.23660225
v -0.07695475 -0.01851760 0.23529345
v -0.07997938 -0.03800762 0.22304147
v -0.08044197 -0.03850131 0.20568210
v -0.07811818 -0.03595402 0.18695086
v -0.08222134 -0.04283854 0.17929727
v -0.08785650 -0.03953873 0.18377548
v -0.08159483 -0.03573201 0.18233365
v -0.07110649 -0.04310462 0.16002768
v -0.07497169 -0.04591324 0.16974300
v -0.07711326 -0.04086061 0.17045838
v -0.05697439 -0.02533739 0.09554648
v -0.06058309 -0.03569122 0.11631030
v -0.06345919 -0.04784249 0.12614411
v -0.06870323 -0.05181857 0.13362914
v -0.07486756 -0.04753179 0.14126509
v -0.07515401 -0.04632061 0.14619511
v -0.06851594 -0.04995913 0.14804286
v -0.06626891 -0.04994535 0.15300316
v -0.06553853 -0.04323654 0.15213102
v -0.05683244 -0.02265150 0.06638646
v -0.06420734 -0.02511524 0.04086310
v -0.04588277 -0.05677197 0.03516930
v -0.05858911 -0.04299137 0.02525067
v -0.00899014 0.04674490 0.16445851
v -0.00740278 0.03728045 0.14698082
v -0.00617744 0.02844775 0.12848485
v -0.01612963 0.02157401 0.10653329
v -0.02754692 0.01628540 0.08364093
v -0.02580999 0.03613237 0.04783559
v -0.03276078 0.01988820 0.06478626
v -0.03609439 -0.06274166 0.00816929
v -0.03837603 -0.06294433 0.03058562
v -0.00763625 -0.13222797 0.10732967
v -0.01161042 -0.13506520 0.11252636
v -0.01124647 -0.13055284 0.10760409
v -0.01430335 -0.12874193 0.10802871
v -0.02839741 0.04656130 0.18245131
v -0.04914075 0.03709670 0.19909757
v -0.06495064 0.01885324 0.21526855
v -0.07429774 -0.00200458 0.22408980
v -0.07960033 -0.02238974 0.21980637
v -0.07999430 -0.02889343 0.20169312
v -0.07730559 -0.03227076 0.18295819
v -0.08050352 -0.03885617 0.17525655
v -0.08681931 -0.03766038 0.18005103
v -0.08984033 -0.03202157 0.18266338
v -0.08165613 -0.03180826 0.17948037
v -0.07109618 -0.04072579 0.16399854
v -0.06891114 -0.03667587 0.15414935
v -0.07368366 -0.04071531 0.16679627
v -0.08145995 -0.03669159 0.16730732
v -0.05219130 -0.01398961 0.08605438
v -0.05761953 -0.02087289 0.11371195
v -0.06173057 -0.04016587 0.12747997
v -0.06362435 -0.04557167 0.13228482
v -0.06868685 -0.04739058 0.13125342
v -0.07370261 -0.04880885 0.13483864
v -0.07820957 -0.04115364 0.14334410
v -0.07746118 -0.04069575 0.14777380
v -0.06981608 -0.04405294 0.14734322
v -0.06269833 -0.01493128 0.05024219
v -0.07849069 -0.02154512 0.02972648
v -0.05263950 -0.05062092 0.01836300
v -0.02394956 0.04151612 0.16324455
v -0.01988738 0.03354630 0.14644051
v -0.01701018 0.02591637 0.12810796
v -0.02537061 0.01797851 0.10522830
v -0.03623975 0.01043620 0.08212215
v -0.04141249 0.03097954 0.04802325
v -0.04367989 0.01328186 0.06310350
v -0.04469997 -0.05722984 0.01248488
v -0.04327896 0.03658289 0.17824501
v -0.06021088 0.02383046 0.19304961
v -0.07127763 0.00767770 0.20593661
v -0.07748974 -0.01027748 0.21062845
v -0.07817581 -0.02121220 0.19519907
v -0.07547107 -0.02904148 0.17692667
v -0.08366234 -0.03548280 0.17611319
v -0.08850534 -0.03189013 0.17811257
v -0.08974820 -0.02653206 0.17806977
v -0.08072757 -0.02872153 0.17298323
v -0.07208802 -0.03335555 0.15774101
v -0.07229910 -0.03659959 0.14910084
v -0.07496946 -0.03313926 0.16082519
v -0.07993824 -0.03402979 0.16099459
v -0.08411911 -0.03280927 0.16876799
v -0.04780576 -0.00421715 0.08067715
v -0.05065368 -0.00837470 0.10966432
v -0.06100399 -0.01999593 0.13161910
v -0.06247436 -0.03489391 0.13558215
v -0.06614682 -0.04204347 0.13812947
v -0.07422149 -0.03978294 0.13265532
v -0.07796735 -0.04148217 0.13730711
v -0.08034319 -0.03500093 0.14658624
v -0.07967755 -0.03562229 0.14956480
v -0.07813288 -0.01035804 0.03789741
v -0.05815433 -0.00408137 0.05724168
v -0.03599315 0.03244345 0.16043156
v -0.02983490 0.02705928 0.14431620
v -0.02615675 0.02186181 0.12640303
v -0.03294515 0.01313061 0.10426837
v -0.04272146 0.00353604 0.08105135
v -0.05571859 0.02361196 0.04850549
v -0.05228539 0.00547282 0.06054586
v -0.05327211 0.02350783 0.17351037
v -0.06674481 0.01058092 0.18624121
v -0.07446559 -0.00396574 0.19596034
v -0.07558662 -0.01634739 0.18581742
v -0.07254367 -0.02675814 0.16773659
v -0.08471974 -0.03077199 0.17422432
v -0.08899503 -0.02798942 0.17392808
v -0.08769368 -0.02242984 0.17084938
v -0.07903140 -0.02754845 0.16307849
v -0.07569840 -0.03293968 0.15224093
v -0.07792628 -0.03245114 0.15618688
v -0.08424296 -0.03224141 0.16059583
v -0.04448437 0.00021418 0.10674822
v -0.05418400 -0.00513639 0.13054293
v -0.06534026 -0.01867932 0.14612430
v -0.06624954 -0.03001567 0.14631182
v -0.07140101 -0.03320803 0.14339095
v -0.07835607 -0.03121142 0.13911718
v -0.08124190 -0.03417167 0.14311045
v -0.08365510 -0.03097457 0.15201443
v -0.08273751 -0.03306053 0.15384787
v -0.07453545 0.00163156 0.04388392
v -0.04493568 0.02096492 0.15565073
v -0.03693157 0.01917379 0.13933319
v -0.03314945 0.01689501 0.12442303
v -0.03900033 0.00729786 0.10480833
v -0.06729825 0.01354837 0.04733205
v -0.06068417 0.01057386 0.16815442
v -0.07045723 -0.00238705 0.17905360
v -0.07223523 -0.01460179 0.17276853
v -0.06954904 -0.02626025 0.15678269
v -0.08526015 -0.02672684 0.17007107
v -0.08840613 -0.02589448 0.16889757
v -0.08483733 -0.02238425 0.15945536
v -0.07471750 -0.02794426 0.15267462
v -0.08460199 -0.02823520 0.16055876
v -0.04647871 0.00503307 0.12991440
v -0.06075658 -0.00403603 0.14775544
v -0.06909021 -0.01614148 0.15926045
v -0.08140221 -0.02554954 0.14856547
v -0.08383263 -0.02963237 0.15024394
v -0.05321551 0.00900325 0.15041691
v -0.03869661 0.01210273 0.12617284
v -0.06628602 -0.00224351 0.16296643
v -0.08567865 -0.02610435 0.15950042
f 1338 42 4007
f 4007 42 1399
f 387 1400 1399
f 1399 1400 4007
f 1400 447 4007
f 4007 447 1401
f 50 1338 1401
f 1401 1338 4007
f 46 1402 1339
f 1339 1402 4008
f 1402 413 4008
f 4008 413 1403
f 1403 387 4008
f 4008 387 1399
f 1399 42 4008
f 4008 42 1339
f 1404 384 4009
f 4009 384 1405
f 41 1340 1405
f 1405 1340 4009
f 1340 50 4009
f 4009 50 1401
f 447 1404 1401
f 1401 1404 4009
f 1400 387 4010
f 4010 387 1406
f 388 1407 1406
f 1406 1407 4010
f 1407 385 4010
f 4010 385 1408
f 447 1400 1408
f 1408 1400 4010
f 1402 46 4011
f 4011 46 1341
f 48 1409 1341
f 1341 1409 4011
f 1409 434 4011
f 4011 434 1410
f 413 1402 1410
f 1410 1402 4011
f 387 1403 1406
f 1406 1403 4012
f 1403 413 4012
f 4012 413 1411
f 1411 393 4012
f 4012 393 1412
f 388 1406 1412
f 1412 1406 4012
f 1413 21 4013
f 4013 21 1342
f 41 1405 1342
f 1342 1405 4013
f 384 1414 1405
f 1405 1414 4013
f 182 1413 1414
f 1414 1413 4013
f 1415 450 4014
f 4014 450 1416
f 384 1404 1416
f 1416 1404 4014
f 1404 447 4014
f 4014 447 1417
f 451 1415 1417
f 1417 1415 4014
f 1418 385 4015
f 4015 385 1407
f 388 1419 1407
f 1407 1419 4015
f 1419 164 4015
f 4015 164 1420
f 370 1418 1420
f 1420 1418 4015
f 1421 451 4016
f 4016 451 1417
f 447 1408 1417
f 1417 1408 4016
f 1408 385 4016
f 4016 385 1422
f 386 1421 1422
f 1422 1421 4016
f 40 1423 1343
f 1343 1423 4017
f 1423 373 4017
f 4017 373 1424
f 251 1425 1424
f 1424 1425 4017
f 1425 35 4017
f 4017 35 1343
f 35 1425 1344
f 1344 1425 4018
f 1425 251 4018
f 4018 251 1426
f 249 1427 1426
f 1426 1427 4018
f 1427 33 4018
f 4018 33 1344
f 1409 48 4019
f 4019 48 1345
f 44 1428 1345
f 1345 1428 4019
f 1428 409 4019
f 4019 409 1429
f 434 1409 1429
f 1429 1409 4019
f 1411 413 4020
f 4020 413 1410
f 434 1430 1410
f 1410 1430 4020
f 1430 433 4020
f 4020 433 1431
f 393 1411 1431
f 1431 1411 4020
f 1419 388 4021
f 4021 388 1412
f 393 1432 1412
f 1412 1432 4021
f 1432 163 4021
f 4021 163 1433
f 164 1419 1433
f 1433 1419 4021
f 1434 18 4022
f 4022 18 1346
f 1346 21 4022
f 4022 21 1413
f 182 1435 1413
f 1413 1435 4022
f 178 1434 1435
f 1435 1434 4022
f 450 1436 1416
f 1416 1436 4023
f 183 1437 1436
f 1436 1437 4023
f 182 1414 1437
f 1437 1414 4023
f 1414 384 4023
f 4023 384 1416
f 1438 449 4024
f 4024 449 1439
f 450 1415 1439
f 1439 1415 4024
f 1415 451 4024
f 4024 451 1440
f 448 1438 1440
f 1440 1438 4024
f 385 1418 1422
f 1422 1418 4025
f 1418 370 4025
f 4025 370 1441
f 206 1442 1441
f 1441 1442 4025
f 1442 386 4025
f 4025 386 1422
f 1443 370 4026
f 4026 370 1420
f 164 1444 1420
f 1420 1444 4026
f 1444 166 4026
f 4026 166 1445
f 369 1443 1445
f 1445 1443 4026
f 1446 448 4027
f 4027 448 1440
f 451 1421 1440
f 1440 1421 4027
f 1421 386 4027
f 4027 386 1447
f 187 1446 1447
f 1447 1446 4027
f 1423 40 4028
f 4028 40 1347
f 12 1448 1347
f 1347 1448 4028
f 1448 152 4028
f 4028 152 1449
f 373 1423 1449
f 1449 1423 4028
f 251 1424 1450
f 1450 1424 4029
f 373 1451 1424
f 1424 1451 4029
f 374 1452 1451
f 1451 1452 4029
f 252 1450 1452
f 1452 1450 4029
f 1453 410 4030
f 4030 410 1454
f 45 1348 1454
f 1454 1348 4030
f 1348 33 4030
f 4030 33 1427
f 249 1453 1427
f 1427 1453 4030
f 1426 251 4031
f 4031 251 1450
f 252 1455 1450
f 1450 1455 4031
f 1455 253 4031
f 4031 253 1456
f 249 1426 1456
f 1456 1426 4031
f 34 1457 1349
f 1349 1457 4032
f 1457 250 4032
f 4032 250 1458
f 409 1428 1458
f 1458 1428 4032
f 1428 44 4032
f 4032 44 1349
f 409 1459 1429
f 1429 1459 4033
f 1459 414 4033
f 4033 414 1460
f 433 1430 1460
f 1460 1430 4033
f 1430 434 4033
f 4033 434 1429
f 1461 432 4034
f 4034 432 1462
f 392 1463 1462
f 1462 1463 4034
f 1463 393 4034
f 4034 393 1431
f 433 1461 1431
f 1431 1461 4034
f 1463 392 4035
f 4035 392 1464
f 254 1465 1464
f 1464 1465 4035
f 1465 163 4035
f 4035 163 1432
f 393 1463 1432
f 1432 1463 4035
f 1433 163 4036
f 4036 163 1466
f 165 1467 1466
f 1466 1467 4036
f 166 1444 1467
f 1467 1444 4036
f 1444 164 4036
f 4036 164 1433
f 1468 49 4037
f 4037 49 1350
f 18 1434 1350
f 1350 1434 4037
f 1434 178 4037
f 4037 178 1469
f 435 1468 1469
f 1469 1468 4037
f 1470 178 4038
f 4038 178 1435
f 182 1471 1435
f 1435 1471 4038
f 1471 364 4038
f 4038 364 1472
f 177 1470 1472
f 1472 1470 4038
f 1439 449 4039
f 4039 449 1473
f 342 1474 1473
f 1473 1474 4039
f 1474 183 4039
f 4039 183 1436
f 450 1439 1436
f 1436 1439 4039
f 1437 183 4040
f 4040 183 1475
f 185 1476 1475
f 1475 1476 4040
f 364 1471 1476
f 1476 1471 4040
f 182 1437 1471
f 1471 1437 4040
f 449 1438 1477
f 1477 1438 4041
f 1438 448 4041
f 4041 448 1478
f 584 1479 1478
f 1478 1479 4041
f 1479 186 4041
f 4041 186 1477
f 1480 206 4042
f 4042 206 1441
f 370 1443 1441
f 1441 1443 4042
f 1443 369 4042
f 4042 369 1481
f 207 1480 1481
f 1481 1480 4042
f 1482 187 4043
f 4043 187 1447
f 386 1442 1447
f 1447 1442 4043
f 1442 206 4043
f 4043 206 1483
f 189 1482 1483
f 1483 1482 4043
f 166 1484 1445
f 1445 1484 4044
f 1484 312 4044
f 4044 312 1485
f 368 1486 1485
f 1485 1486 4044
f 1486 369 4044
f 4044 369 1445
f 448 1446 1487
f 1487 1446 4045
f 1446 187 4045
f 4045 187 1488
f 441 1489 1488
f 1488 1489 4045
f 1489 341 4045
f 4045 341 1487
f 1351 13 4046
f 4046 13 1490
f 151 1491 1490
f 1490 1491 4046
f 152 1448 1491
f 1491 1448 4046
f 1448 12 4046
f 4046 12 1351
f 1449 152 4047
f 4047 152 1492
f 257 1493 1492
f 1492 1493 4047
f 1493 374 4047
f 4047 374 1451
f 373 1449 1451
f 1451 1449 4047
f 375 1495 1494
f 1494 1495 4048
f 1495 310 4048
f 4048 310 1496
f 252 1452 1496
f 1496 1452 4048
f 1452 374 4048
f 4048 374 1494
f 1352 45 4049
f 4049 45 1454
f 410 1497 1454
f 1454 1497 4049
f 250 1457 1497
f 1497 1457 4049
f 1457 34 4049
f 4049 34 1352
f 1498 411 4050
f 4050 411 1499
f 410 1453 1499
f 1499 1453 4050
f 1453 249 4050
f 4050 249 1500
f 301 1498 1500
f 1500 1498 4050
f 253 1455 1501
f 1501 1455 4051
f 252 1502 1455
f 1455 1502 4051
f 405 1503 1502
f 1502 1503 4051
f 1503 406 4051
f 4051 406 1501
f 1504 302 4052
f 4052 302 1505
f 1505 301 4052
f 4052 301 1500
f 249 1456 1500
f 1500 1456 4052
f 253 1504 1456
f 1456 1504 4052
f 250 1506 1458
f 1458 1506 4053
f 1506 415 4053
f 4053 415 1507
f 414 1459 1507
f 1507 1459 4053
f 1459 409 4053
f 4053 409 1458
f 414 1508 1460
f 1460 1508 4054
f 1508 408 4054
f 4054 408 1509
f 1509 432 4054
f 4054 432 1461
f 1461 433 4054
f 4054 433 1460
f 431 1511 1510
f 1510 1511 4055
f 1511 254 4055
f 4055 254 1464
f 1464 392 4055
f 4055 392 1462
f 1462 432 4055
f 4055 432 1510
f 1465 254 4056
f 4056 254 1512
f 1512 256 4056
f 4056 256 1513
f 165 1466 1513
f 1513 1466 4056
f 163 1465 1466
f 1466 1465 4056
f 165 1514 1467
f 1467 1514 4057
f 1514 311 4057
f 4057 311 1515
f 312 1484 1515
f 1515 1484 4057
f 1484 166 4057
f 4057 166 1467
f 1516 19 4058
f 4058 19 1353
f 49 1468 1353
f 1353 1468 4058
f 1468 435 4058
f 4058 435 1517
f 175 1516 1517
f 1517 1516 4058
f 1518 435 4059
f 4059 435 1469
f 178 1470 1469
f 1469 1470 4059
f 1470 177 4059
f 4059 177 1519
f 436 1518 1519
f 1519 1518 4059
f 364 1520 1472
f 1472 1520 4060
f 1520 358 4060
f 4060 358 1521
f 181 1522 1521
f 1521 1522 4060
f 1522 177 4060
f 4060 177 1472
f 1473 449 4061
f 4061 449 1477
f 186 1523 1477
f 1477 1523 4061
f 583 1524 1523
f 1523 1524 4061
f 1524 342 4061
f 4061 342 1473
f 1474 342 4062
f 4062 342 1525
f 1525 334 4062
f 4062 334 1526
f 185 1475 1526
f 1526 1475 4062
f 183 1474 1475
f 1475 1474 4062
f 185 1527 1476
f 1476 1527 4063
f 1527 198 4063
f 4063 198 1528
f 358 1520 1528
f 1528 1520 4063
f 1520 364 4063
f 4063 364 1476
f 448 1487 1478
f 1478 1487 4064
f 1487 341 4064
f 4064 341 1529
f 188 1530 1529
f 1529 1530 4064
f 1530 584 4064
f 4064 584 1478
f 588 1532 1531
f 1531 1532 4065
f 1532 536 4065
f 4065 536 1533
f 186 1479 1533
f 1533 1479 4065
f 1479 584 4065
f 4065 584 1531
f 206 1480 1483
f 1483 1480 4066
f 1480 207 4066
f 4066 207 1534
f 191 1535 1534
f 1534 1535 4066
f 1535 189 4066
f 4066 189 1483
f 1536 207 4067
f 4067 207 1481
f 369 1486 1481
f 1481 1486 4067
f 1486 368 4067
f 4067 368 1537
f 313 1536 1537
f 1537 1536 4067
f 1538 441 4068
f 4068 441 1488
f 187 1482 1488
f 1488 1482 4068
f 1482 189 4068
f 4068 189 1539
f 442 1538 1539
f 1539 1538 4068
f 312 1540 1485
f 1485 1540 4069
f 1540 168 4069
f 4069 168 1541
f 367 1542 1541
f 1541 1542 4069
f 1542 368 4069
f 4069 368 1485
f 1543 340 4070
f 4070 340 1544
f 341 1489 1544
f 1544 1489 4070
f 1489 441 4070
f 4070 441 1538
f 442 1543 1538
f 1538 1543 4070
f 1354 23 4071
f 4071 23 1545
f 230 1546 1545
f 1545 1546 4071
f 1546 151 4071
f 4071 151 1490
f 13 1354 1490
f 1490 1354 4071
f 1491 151 4072
f 4072 151 1547
f 258 1548 1547
f 1547 1548 4072
f 1548 257 4072
f 4072 257 1492
f 152 1491 1492
f 1492 1491 4072
f 1493 257 4073
f 4073 257 1549
f 309 1550 1549
f 1549 1550 4073
f 1550 375 4073
f 4073 375 1494
f 374 1493 1494
f 1494 1493 4073
f 1495 375 4074
f 4074 375 1551
f 1551 376 4074
f 4074 376 1552
f 273 1553 1552
f 1552 1553 4074
f 310 1495 1553
f 1553 1495 4074
f 252 1496 1502
f 1502 1496 4075
f 310 1554 1496
f 1496 1554 4075
f 1554 404 4075
f 4075 404 1555
f 1555 405 4075
f 4075 405 1502
f 1497 410 4076
f 4076 410 1499
f 1499 411 4076
f 4076 411 1556
f 1556 304 4076
f 4076 304 1557
f 250 1497 1557
f 1557 1497 4076
f 297 1559 1558
f 1558 1559 4077
f 1559 412 4077
f 4077 412 1560
f 1560 411 4077
f 4077 411 1498
f 301 1558 1498
f 1498 1558 4077
f 255 1562 1561
f 1561 1562 4078
f 253 1501 1562
f 1562 1501 4078
f 1501 406 4078
f 4078 406 1563
f 1563 407 4078
f 4078 407 1561
f 406 1503 1564
f 1564 1503 4079
f 1503 405 4079
f 4079 405 1565
f 1565 429 4079
f 4079 429 1566
f 430 1564 1566
f 1566 1564 4079
f 1567 303 4080
f 4080 303 1568
f 302 1504 1568
f 1568 1504 4080
f 253 1562 1504
f 1504 1562 4080
f 1562 255 4080
f 4080 255 1567
f 299 1570 1569
f 1569 1570 4081
f 1570 297 4081
f 4081 297 1558
f 1558 301 4081
f 4081 301 1505
f 1505 302 4081
f 4081 302 1569
f 1571 416 4082
f 4082 416 1572
f 1572 415 4082
f 4082 415 1506
f 250 1557 1506
f 1506 1557 4082
f 304 1571 1557
f 1557 1571 4082
f 1507 415 4083
f 4083 415 1573
f 391 1574 1573
f 1573 1574 4083
f 408 1508 1574
f 1574 1508 4083
f 414 1507 1508
f 1508 1507 4083
f 1575 407 4084
f 4084 407 1576
f 1576 431 4084
f 4084 431 1510
f 432 1509 1510
f 1510 1509 4084
f 408 1575 1509
f 1509 1575 4084
f 1511 431 4085
f 4085 431 1577
f 430 1578 1577
f 1577 1578 4085
f 1578 256 4085
f 4085 256 1512
f 254 1511 1512
f 1512 1511 4085
f 256 1578 1513
f 1513 1578 4086
f 1578 430 4086
f 4086 430 1566
f 429 1579 1566
f 1566 1579 4086
f 1579 165 4086
f 4086 165 1513
f 1580 428 4087
f 4087 428 1581
f 311 1514 1581
f 1581 1514 4087
f 165 1579 1514
f 1514 1579 4087
f 1579 429 4087
f 4087 429 1580
f 311 1582 1515
f 1515 1582 4088
f 1582 167 4088
f 4088 167 1583
f 168 1540 1583
f 1583 1540 4088
f 1540 312 4088
f 4088 312 1515
f 20 1355 1584
f 1584 1355 4089
f 19 1516 1355
f 1355 1516 4089
f 1516 175 4089
f 4089 175 1585
f 180 1584 1585
f 1585 1584 4089
f 1586 175 4090
f 4090 175 1517
f 435 1518 1517
f 1517 1518 4090
f 1518 436 4090
f 4090 436 1587
f 176 1586 1587
f 1587 1586 4090
f 1588 436 4091
f 4091 436 1519
f 177 1522 1519
f 1519 1522 4091
f 1522 181 4091
f 4091 181 1589
f 437 1588 1589
f 1589 1588 4091
f 358 1590 1521
f 1521 1590 4092
f 1590 359 4092
f 4092 359 1591
f 225 1592 1591
f 1591 1592 4092
f 1592 181 4092
f 4092 181 1521
f 1533 536 4093
f 4093 536 1593
f 585 1594 1593
f 1593 1594 4093
f 1594 583 4093
f 4093 583 1523
f 1523 186 4093
f 4093 186 1533
f 1524 583 4094
f 4094 583 1595
f 1595 184 4094
f 4094 184 1596
f 334 1525 1596
f 1596 1525 4094
f 342 1524 1525
f 1525 1524 4094
f 334 1597 1526
f 1526 1597 4095
f 1597 335 4095
f 4095 335 1598
f 198 1527 1598
f 1598 1527 4095
f 1527 185 4095
f 4095 185 1526
f 198 1599 1528
f 1528 1599 4096
f 1599 200 4096
f 4096 200 1600
f 359 1590 1600
f 1600 1590 4096
f 1590 358 4096
f 4096 358 1528
f 1601 190 4097
f 4097 190 1602
f 1602 188 4097
f 4097 188 1529
f 341 1544 1529
f 1529 1544 4097
f 340 1601 1544
f 1544 1601 4097
f 538 1604 1603
f 1603 1604 4098
f 1604 588 4098
f 4098 588 1531
f 584 1530 1531
f 1531 1530 4098
f 1530 188 4098
f 4098 188 1603
f 587 1606 1605
f 1605 1606 4099
f 1606 546 4099
f 4099 546 1607
f 536 1532 1607
f 1607 1532 4099
f 1532 588 4099
f 4099 588 1605
f 1608 191 4100
f 4100 191 1534
f 207 1536 1534
f 1534 1536 4100
f 1536 313 4100
f 4100 313 1609
f 314 1608 1609
f 1609 1608 4100
f 1610 443 4101
f 4101 443 1611
f 442 1539 1611
f 1611 1539 4101
f 189 1535 1539
f 1539 1535 4101
f 191 1610 1535
f 1535 1610 4101
f 368 1542 1537
f 1537 1542 4102
f 1542 367 4102
f 4102 367 1612
f 208 1613 1612
f 1612 1613 4102
f 1613 313 4102
f 4102 313 1537
f 168 1614 1541
f 1541 1614 4103
f 1614 170 4103
f 4103 170 1615
f 366 1616 1615
f 1615 1616 4103
f 1616 367 4103
f 4103 367 1541
f 1617 339 4104
f 4104 339 1618
f 340 1543 1618
f 1618 1543 4104
f 1543 442 4104
f 4104 442 1611
f 443 1617 1611
f 1611 1617 4104
f 1356 25 4105
f 4105 25 1619
f 235 1620 1619
f 1619 1620 4105
f 1620 230 4105
f 4105 230 1545
f 23 1356 1545
f 1545 1356 4105
f 1546 230 4106
f 4106 230 1621
f 259 1622 1621
f 1621 1622 4106
f 1622 258 4106
f 4106 258 1547
f 151 1546 1547
f 1547 1546 4106
f 1548 258 4107
f 4107 258 1623
f 308 1624 1623
f 1623 1624 4107
f 1624 309 4107
f 4107 309 1549
f 257 1548 1549
f 1549 1548 4107
f 1625 154 4108
f 4108 154 1626
f 376 1551 1626
f 1626 1551 4108
f 375 1550 1551
f 1551 1550 4108
f 1550 309 4108
f 4108 309 1625
f 376 1627 1552
f 1552 1627 4109
f 1627 377 4109
f 4109 377 1628
f 286 1629 1628
f 1628 1629 4109
f 1629 273 4109
f 4109 273 1552
f 310 1553 1554
f 1554 1553 4110
f 1553 273 4110
f 4110 273 1630
f 403 1631 1630
f 1630 1631 4110
f 1631 404 4110
f 4110 404 1554
f 405 1555 1565
f 1565 1555 4111
f 1555 404 4111
f 4111 404 1632
f 428 1580 1632
f 1632 1580 4111
f 429 1565 1580
f 1580 1565 4111
f 412 1633 1560
f 1560 1633 4112
f 1633 298 4112
f 4112 298 1634
f 304 1556 1634
f 1634 1556 4112
f 411 1560 1556
f 1556 1560 4112
f 1635 389 4113
f 4113 389 1636
f 417 1637 1636
f 1636 1637 4113
f 412 1559 1637
f 1637 1559 4113
f 1559 297 4113
f 4113 297 1635
f 391 1638 1574
f 1574 1638 4114
f 1638 255 4114
f 4114 255 1561
f 407 1575 1561
f 1561 1575 4114
f 1575 408 4114
f 4114 408 1574
f 431 1576 1577
f 1577 1576 4115
f 1576 407 4115
f 4115 407 1563
f 406 1564 1563
f 1563 1564 4115
f 1564 430 4115
f 4115 430 1577
f 390 1640 1639
f 1639 1640 4116
f 303 1567 1640
f 1640 1567 4116
f 255 1638 1567
f 1567 1638 4116
f 1638 391 4116
f 4116 391 1639
f 1641 300 4117
f 4117 300 1642
f 1642 299 4117
f 4117 299 1569
f 302 1568 1569
f 1569 1568 4117
f 303 1641 1568
f 1568 1641 4117
f 297 1570 1635
f 1635 1570 4118
f 1570 299 4118
f 4118 299 1642
f 1642 300 4118
f 4118 300 1643
f 389 1635 1643
f 1643 1635 4118
f 298 1644 1634
f 1634 1644 4119
f 1644 417 4119
f 4119 417 1645
f 416 1571 1645
f 1645 1571 4119
f 1571 304 4119
f 4119 304 1634
f 416 1646 1572
f 1572 1646 4120
f 1646 390 4120
f 4120 390 1639
f 1639 391 4120
f 4120 391 1573
f 415 1572 1573
f 1573 1572 4120
f 428 1647 1581
f 1581 1647 4121
f 1647 427 4121
f 4121 427 1648
f 167 1582 1648
f 1648 1582 4121
f 1582 311 4121
f 4121 311 1581
f 167 1649 1583
f 1583 1649 4122
f 1649 169 4122
f 4122 169 1650
f 170 1614 1650
f 1650 1614 4122
f 1614 168 4122
f 4122 168 1583
f 22 1357 1651
f 1651 1357 4123
f 1357 20 4123
f 4123 20 1584
f 1584 180 4123
f 4123 180 1652
f 1652 220 4123
f 4123 220 1651
f 1653 180 4124
f 4124 180 1585
f 175 1586 1585
f 1585 1586 4124
f 1586 176 4124
f 4124 176 1654
f 179 1653 1654
f 1654 1653 4124
f 1655 176 4125
f 4125 176 1587
f 436 1588 1587
f 1587 1588 4125
f 1588 437 4125
f 4125 437 1656
f 213 1655 1656
f 1656 1655 4125
f 181 1592 1589
f 1589 1592 4126
f 1592 225 4126
f 4126 225 1657
f 438 1658 1657
f 1657 1658 4126
f 1658 437 4126
f 4126 437 1589
f 359 1659 1591
f 1591 1659 4127
f 1659 360 4127
f 4127 360 1660
f 226 1661 1660
f 1660 1661 4127
f 1661 225 4127
f 4127 225 1591
f 1607 546 4128
f 4128 546 1662
f 586 1663 1662
f 1662 1663 4128
f 1663 585 4128
f 585 1593 4128
f 536 1607 1593
f 1593 1607 4128
f 1594 585 4129
f 4129 585 1664
f 537 1665 1664
f 1664 1665 4129
f 1665 184 4129
f 4129 184 1595
f 583 1594 1595
f 1595 1594 4129
f 1666 197 4130
f 4130 197 1667
f 335 1597 1667
f 1667 1597 4130
f 1597 334 4130
f 4130 334 1596
f 184 1666 1596
f 1596 1666 4130
f 335 1668 1598
f 1598 1668 4131
f 1668 336 4131
f 4131 336 1669
f 200 1599 1669
f 1669 1599 4131
f 1599 198 4131
f 4131 198 1598
f 1600 200 4132
f 4132 200 1670
f 202 1671 1670
f 1670 1671 4132
f 360 1659 1671
f 1671 1659 4132
f 1659 359 4132
f 4132 359 1600
f 1672 192 4133
f 4133 192 1673
f 190 1601 1673
f 1673 1601 4133
f 1601 340 4133
f 4133 340 1618
f 339 1672 1618
f 1618 1672 4133
f 1674 539 4134
f 4134 539 1675
f 538 1603 1675
f 1675 1603 4134
f 188 1602 1603
f 1603 1602 4134
f 190 1674 1602
f 1602 1674 4134
f 548 1677 1676
f 1676 1677 4135
f 1677 587 4135
f 4135 587 1605
f 588 1604 1605
f 1605 1604 4135
f 1604 538 4135
f 4135 538 1676
f 675 1679 1678
f 1678 1679 4136
f 1679 561 4136
f 4136 561 1680
f 546 1606 1680
f 1680 1606 4136
f 1606 587 4136
f 4136 587 1678
f 1681 193 4137
f 4137 193 1682
f 191 1608 1682
f 1682 1608 4137
f 1608 314 4137
f 4137 314 1683
f 315 1681 1683
f 1683 1681 4137
f 1684 314 4138
f 4138 314 1609
f 313 1613 1609
f 1609 1613 4138
f 1613 208 4138
f 4138 208 1685
f 203 1684 1685
f 1685 1684 4138
f 1686 444 4139
f 4139 444 1687
f 443 1610 1687
f 1687 1610 4139
f 1610 191 4139
f 4139 191 1682
f 193 1686 1682
f 1682 1686 4139
f 367 1616 1612
f 1612 1616 4140
f 1616 366 4140
f 4140 366 1688
f 211 1689 1688
f 1688 1689 4140
f 1689 208 4140
f 4140 208 1612
f 170 1690 1615
f 1615 1690 4141
f 1690 228 4141
f 4141 228 1691
f 535 1692 1691
f 1691 1692 4141
f 1692 366 4141
f 4141 366 1615
f 1693 338 4142
f 4142 338 1694
f 339 1617 1694
f 1694 1617 4142
f 1617 443 4142
f 4142 443 1687
f 444 1693 1687
f 1687 1693 4142
f 17 1358 1695
f 1695 1358 4143
f 1358 52 4143
f 4143 52 1696
f 507 1697 1696
f 1696 1697 4143
f 1697 352 4143
f 4143 352 1695
f 16 1359 1698
f 1698 1359 4144
f 1359 17 4144
f 4144 17 1695
f 352 1699 1695
f 1695 1699 4144
f 1699 351 4144
f 4144 351 1698
f 1360 29 4145
f 4145 29 1700
f 262 1701 1700
f 1700 1701 4145
f 240 1702 1701
f 1701 1702 4145
f 1702 27 4145
f 4145 27 1360
f 27 1702 1361
f 1361 1702 4146
f 1702 240 4146
f 4146 240 1703
f 1703 235 4146
f 4146 235 1619
f 1619 25 4146
f 4146 25 1361
f 1620 235 4147
f 4147 235 1704
f 260 1705 1704
f 1704 1705 4147
f 1705 259 4147
f 4147 259 1621
f 230 1620 1621
f 1621 1620 4147
f 1622 259 4148
f 4148 259 1706
f 307 1707 1706
f 1706 1707 4148
f 1707 308 4148
f 4148 308 1623
f 258 1622 1623
f 1623 1622 4148
f 1624 308 4149
f 4149 308 1708
f 153 1709 1708
f 1708 1709 4149
f 1709 154 4149
f 4149 154 1625
f 309 1624 1625
f 1625 1624 4149
f 154 1710 1626
f 1626 1710 4150
f 1710 319 4150
f 4150 319 1711
f 377 1627 1711
f 1711 1627 4150
f 1627 376 4150
f 4150 376 1626
f 1712 378 4151
f 4151 378 1713
f 285 1714 1713
f 1713 1714 4151
f 1714 286 4151
f 4151 286 1628
f 377 1712 1628
f 1628 1712 4151
f 1629 286 4152
f 4152 286 1715
f 402 1716 1715
f 1715 1716 4152
f 1716 403 4152
f 4152 403 1630
f 273 1629 1630
f 1630 1629 4152
f 1631 403 4153
f 4153 403 1717
f 427 1647 1717
f 1717 1647 4153
f 1647 428 4153
f 4153 428 1632
f 404 1631 1632
f 1632 1631 4153
f 1637 417 4154
f 4154 417 1644
f 1644 298 4154
f 4154 298 1633
f 1633 412 4154
f 4154 412 1637
f 1645 417 4155
f 4155 417 1636
f 389 1718 1636
f 1636 1718 4155
f 390 1646 1718
f 1718 1646 4155
f 1646 416 4155
f 4155 416 1645
f 1718 389 4156
f 4156 389 1643
f 300 1641 1643
f 1643 1641 4156
f 1641 303 4156
f 4156 303 1640
f 390 1718 1640
f 1640 1718 4156
f 427 1719 1648
f 1648 1719 4157
f 1719 426 4157
f 4157 426 1720
f 169 1649 1720
f 1720 1649 4157
f 1649 167 4157
f 4157 167 1648
f 169 1721 1650
f 1650 1721 4158
f 1721 227 4158
f 4158 227 1722
f 228 1690 1722
f 1722 1690 4158
f 1690 170 4158
f 4158 170 1650
f 53 1362 1723
f 1723 1362 4159
f 1362 22 4159
f 4159 22 1651
f 220 1724 1651
f 1651 1724 4159
f 488 1723 1724
f 1724 1723 4159
f 1725 220 4160
f 4160 220 1652
f 180 1653 1652
f 1652 1653 4160
f 1653 179 4160
f 4160 179 1726
f 219 1725 1726
f 1726 1725 4160
f 1727 179 4161
f 4161 179 1654
f 176 1655 1654
f 1654 1655 4161
f 1655 213 4161
f 4161 213 1728
f 214 1727 1728
f 1728 1727 4161
f 1729 213 4162
f 4162 213 1656
f 437 1658 1656
f 1656 1658 4162
f 1658 438 4162
f 4162 438 1730
f 215 1729 1730
f 1730 1729 4162
f 225 1661 1657
f 1657 1661 4163
f 1661 226 4163
f 4163 226 1731
f 439 1732 1731
f 1731 1732 4163
f 1732 438 4163
f 4163 438 1657
f 360 1733 1660
f 1660 1733 4164
f 1733 361 4164
f 4164 361 1734
f 317 1735 1734
f 1734 1735 4164
f 1735 226 4164
f 4164 226 1660
f 605 1737 1736
f 1736 1737 4165
f 1737 586 4165
f 4165 586 1662
f 546 1680 1662
f 1662 1680 4165
f 561 1736 1680
f 1680 1736 4165
f 1663 586 4166
f 4166 586 1738
f 1738 547 4166
f 4166 547 1739
f 537 1664 1739
f 1739 1664 4166
f 585 1663 1664
f 1664 1663 4166
f 1740 543 4167
f 4167 543 1741
f 197 1666 1741
f 1741 1666 4167
f 1666 184 4167
f 4167 184 1665
f 537 1740 1665
f 1665 1740 4167
f 197 1742 1667
f 1667 1742 4168
f 1742 199 4168
f 4168 199 1743
f 336 1668 1743
f 1743 1668 4168
f 1668 335 4168
f 4168 335 1667
f 1669 336 4169
f 4169 336 1744
f 337 1745 1744
f 1744 1745 4169
f 1745 202 4169
f 4169 202 1670
f 200 1669 1670
f 1670 1669 4169
f 1671 202 4170
f 4170 202 1746
f 1746 353 4170
f 4170 353 1747
f 361 1733 1747
f 1747 1733 4170
f 1733 360 4170
f 4170 360 1671
f 1748 194 4171
f 4171 194 1749
f 192 1672 1749
f 1749 1672 4171
f 1672 339 4171
f 4171 339 1694
f 338 1748 1694
f 1694 1748 4171
f 540 1751 1750
f 1750 1751 4172
f 539 1674 1751
f 1751 1674 4172
f 1674 190 4172
f 4172 190 1673
f 192 1750 1673
f 1673 1750 4172
f 1752 549 4173
f 4173 549 1753
f 1753 548 4173
f 4173 548 1676
f 538 1675 1676
f 1676 1675 4173
f 539 1752 1675
f 1675 1752 4173
f 1677 548 4174
f 4174 548 1754
f 565 1755 1754
f 1754 1755 4174
f 1678 4174 675
f 1755 675 4174
f 587 1677 1678
f 1678 1677 4174
f 676 1757 1756
f 1756 1757 4175
f 1757 563 4175
f 4175 563 1758
f 561 1679 1758
f 1758 1679 4175
f 1679 675 4175
f 4175 675 1756
f 1759 355 4176
f 4176 355 1760
f 193 1681 1760
f 1760 1681 4176
f 1681 315 4176
f 4176 315 1761
f 356 1759 1761
f 1761 1759 4176
f 1762 315 4177
f 4177 315 1683
f 314 1684 1683
f 1683 1684 4177
f 1684 203 4177
f 4177 203 1763
f 204 1762 1763
f 1763 1762 4177
f 208 1689 1685
f 1685 1689 4178
f 1689 211 4178
f 4178 211 1764
f 209 1765 1764
f 1764 1765 4178
f 1765 203 4178
f 4178 203 1685
f 1766 445 4179
f 4179 445 1767
f 444 1686 1767
f 1767 1686 4179
f 1686 193 4179
f 4179 193 1760
f 355 1766 1760
f 1760 1766 4179
f 366 1692 1688
f 1688 1692 4180
f 535 1768 1692
f 1692 1768 4180
f 1768 492 4180
f 4180 492 1769
f 211 1688 1769
f 1769 1688 4180
f 228 1770 1691
f 1691 1770 4181
f 1770 172 4181
f 4181 172 1771
f 534 1772 1771
f 1771 1772 4181
f 1772 535 4181
f 4181 535 1691
f 1773 363 4182
f 4182 363 1774
f 338 1693 1774
f 1774 1693 4182
f 1693 444 4182
f 4182 444 1767
f 445 1773 1767
f 1767 1773 4182
f 52 1363 1696
f 1696 1363 4183
f 1363 51 4183
f 4183 51 1775
f 508 1776 1775
f 1775 1776 4183
f 1776 507 4183
f 4183 507 1696
f 352 1697 1777
f 1777 1697 4184
f 1697 507 4184
f 4184 507 1778
f 468 1779 1778
f 1778 1779 4184
f 1779 162 4184
f 4184 162 1777
f 47 1364 1780
f 1780 1364 4185
f 1364 16 4185
f 4185 16 1698
f 351 1781 1698
f 1698 1781 4185
f 1781 418 4185
f 4185 418 1780
f 351 1699 1782
f 1782 1699 4186
f 1699 352 4186
f 4186 352 1777
f 162 1783 1777
f 1777 1783 4186
f 1783 161 4186
f 4186 161 1782
f 1365 31 4187
f 4187 31 1784
f 263 1785 1784
f 1784 1785 4187
f 1785 262 4187
f 4187 262 1700
f 29 1365 1700
f 1700 1365 4187
f 262 1786 1701
f 1701 1786 4188
f 1786 305 4188
f 4188 305 1787
f 261 1788 1787
f 1787 1788 4188
f 1788 240 4188
f 4188 240 1701
f 240 1788 1703
f 1703 1788 4189
f 1788 261 4189
f 4189 261 1789
f 1789 260 4189
f 4189 260 1704
f 235 1703 1704
f 1704 1703 4189
f 1705 260 4190
f 4190 260 1790
f 306 1791 1790
f 1790 1791 4190
f 1791 307 4190
f 4190 307 1706
f 259 1705 1706
f 1706 1705 4190
f 1707 307 4191
f 4191 307 1792
f 231 1793 1792
f 1792 1793 4191
f 1793 153 4191
f 4191 153 1708
f 308 1707 1708
f 1708 1707 4191
f 320 1795 1794
f 1794 1795 4192
f 1795 319 4192
f 4192 319 1710
f 154 1709 1710
f 1710 1709 4192
f 1709 153 4192
f 4192 153 1794
f 319 1796 1711
f 1711 1796 4193
f 1796 274 4193
f 4193 274 1797
f 378 1712 1797
f 1797 1712 4193
f 1712 377 4193
f 4193 377 1711
f 378 1798 1713
f 1713 1798 4194
f 1798 379 4194
f 4194 379 1799
f 284 1800 1799
f 1799 1800 4194
f 1800 285 4194
f 4194 285 1713
f 286 1714 1715
f 1715 1714 4195
f 1714 285 4195
f 4195 285 1801
f 401 1802 1801
f 1801 1802 4195
f 1802 402 4195
f 4195 402 1715
f 403 1716 1717
f 1717 1716 4196
f 1716 402 4196
f 4196 402 1803
f 426 1719 1803
f 1803 1719 4196
f 1719 427 4196
f 4196 427 1717
f 426 1804 1720
f 1720 1804 4197
f 1804 425 4197
f 4197 425 1805
f 227 1721 1805
f 1805 1721 4197
f 1721 169 4197
f 4197 169 1720
f 227 1806 1722
f 1722 1806 4198
f 1806 171 4198
f 4198 171 1807
f 172 1770 1807
f 1807 1770 4198
f 1770 228 4198
f 4198 228 1722
f 1808 2 4199
f 4199 2 1366
f 53 1723 1366
f 1366 1723 4199
f 1723 488 4199
f 4199 488 1809
f 86 1808 1809
f 1809 1808 4199
f 1810 488 4200
f 4200 488 1724
f 220 1725 1724
f 1724 1725 4200
f 1725 219 4200
f 4200 219 1811
f 487 1810 1811
f 1811 1810 4200
f 1812 219 4201
f 4201 219 1726
f 179 1727 1726
f 1726 1727 4201
f 1727 214 4201
f 4201 214 1813
f 221 1812 1813
f 1813 1812 4201
f 1814 214 4202
f 4202 214 1728
f 213 1729 1728
f 1728 1729 4202
f 1729 215 4202
f 4202 215 1815
f 216 1814 1815
f 1815 1814 4202
f 438 1732 1730
f 1730 1732 4203
f 1732 439 4203
f 4203 439 1816
f 217 1817 1816
f 1816 1817 4203
f 1817 215 4203
f 4203 215 1730
f 226 1735 1731
f 1731 1735 4204
f 1735 317 4204
f 4204 317 1818
f 440 1819 1818
f 1818 1819 4204
f 1819 439 4204
f 4204 439 1731
f 361 1820 1734
f 1734 1820 4205
f 362 1821 1820
f 1820 1821 4205
f 1821 446 4205
f 4205 446 1822
f 1822 317 4205
f 4205 317 1734
f 563 1823 1758
f 1758 1823 4206
f 606 1824 1823
f 1823 1824 4206
f 1824 605 4206
f 4206 605 1736
f 1736 561 4206
f 4206 561 1758
f 1737 605 4207
f 4207 605 1825
f 562 1826 1825
f 1825 1826 4207
f 1826 547 4207
f 4207 547 1738
f 586 1737 1738
f 1738 1737 4207
f 547 1827 1739
f 1739 1827 4208
f 1827 553 4208
f 4208 553 1828
f 543 1740 1828
f 1828 1740 4208
f 1740 537 4208
f 4208 537 1739
f 1829 544 4209
f 4209 544 1830
f 199 1742 1830
f 1830 1742 4209
f 1742 197 4209
f 4209 197 1741
f 543 1829 1741
f 1741 1829 4209
f 199 1831 1743
f 1743 1831 4210
f 1831 201 4210
f 4210 201 1832
f 337 1744 1832
f 1832 1744 4210
f 1744 336 4210
f 4210 336 1743
f 1745 337 4211
f 4211 337 1833
f 354 1834 1833
f 1833 1834 4211
f 1834 353 4211
f 4211 353 1746
f 202 1745 1746
f 1746 1745 4211
f 353 1834 1747
f 1747 1834 4212
f 1834 354 4212
f 4212 354 1835
f 1835 362 4212
f 4212 362 1820
f 1820 361 4212
f 4212 361 1747
f 1836 196 4213
f 4213 196 1837
f 194 1748 1837
f 1837 1748 4213
f 1748 338 4213
f 4213 338 1774
f 363 1836 1774
f 1774 1836 4213
f 541 1839 1838
f 1838 1839 4214
f 1839 540 4214
f 4214 540 1750
f 1750 192 4214
f 4214 192 1749
f 194 1838 1749
f 1749 1838 4214
f 550 1841 1840
f 1840 1841 4215
f 549 1752 1841
f 1841 1752 4215
f 1752 539 4215
f 4215 539 1751
f 1751 540 4215
f 4215 540 1840
f 565 1754 1842
f 1842 1754 4216
f 1754 548 4216
f 4216 548 1753
f 549 1843 1753
f 1753 1843 4216
f 1843 567 4216
f 4216 567 1842
f 1844 676 4217
f 4217 676 1756
f 675 1755 1756
f 1756 1755 4217
f 1755 565 4217
f 4217 565 1845
f 566 1844 1845
f 1845 1844 4217
f 678 1847 1846
f 1846 1847 4218
f 1847 563 4218
f 4218 563 1757
f 1757 676 4218
f 4218 676 1848
f 1848 677 4218
f 4218 677 1846
f 1849 195 4219
f 4219 195 1850
f 355 1759 1850
f 1850 1759 4219
f 1759 356 4219
f 4219 356 1851
f 316 1849 1851
f 1851 1849 4219
f 1852 356 4220
f 4220 356 1761
f 315 1762 1761
f 1761 1762 4220
f 1762 204 4220
f 4220 204 1853
f 357 1852 1853
f 1853 1852 4220
f 1854 204 4221
f 4221 204 1763
f 203 1765 1763
f 1763 1765 4221
f 1765 209 4221
f 4221 209 1855
f 210 1854 1855
f 1855 1854 4221
f 1764 211 4222
f 4222 211 1769
f 492 1856 1769
f 1769 1856 4222
f 1856 493 4222
f 4222 493 1857
f 209 1764 1857
f 1857 1764 4222
f 1858 446 4223
f 4223 446 1859
f 445 1766 1859
f 1859 1766 4223
f 1766 355 4223
f 4223 355 1850
f 195 1858 1850
f 1850 1858 4223
f 1768 535 4224
f 4224 535 1772
f 534 1860 1772
f 1772 1860 4224
f 1860 477 4224
f 4224 477 1861
f 492 1768 1861
f 1861 1768 4224
f 172 1862 1771
f 1771 1862 4225
f 466 1863 1862
f 1862 1863 4225
f 1863 533 4225
f 4225 533 1864
f 1864 534 4225
f 4225 534 1771
f 1821 362 4226
f 4226 362 1865
f 363 1773 1865
f 1865 1773 4226
f 1773 445 4226
f 4226 445 1859
f 446 1821 1859
f 1859 1821 4226
f 1775 51 4227
f 4227 51 1367
f 54 1866 1367
f 1367 1866 4227
f 1866 509 4227
f 4227 509 1867
f 508 1775 1867
f 1867 1775 4227
f 507 1776 1778
f 1778 1776 4228
f 1776 508 4228
f 4228 508 1868
f 452 1869 1868
f 1868 1869 4228
f 1869 468 4228
f 4228 468 1778
f 162 1779 1870
f 1870 1779 4229
f 1779 468 4229
f 4229 468 1871
f 504 1872 1871
f 1871 1872 4229
f 1872 331 4229
f 4229 331 1870
f 43 1368 1873
f 1873 1368 4230
f 1368 47 4230
f 4230 47 1780
f 418 1874 1780
f 1780 1874 4230
f 1874 394 4230
f 4230 394 1873
f 418 1781 1875
f 1875 1781 4231
f 1781 351 4231
f 4231 351 1782
f 161 1876 1782
f 1782 1876 4231
f 1876 419 4231
f 4231 419 1875
f 161 1783 1877
f 1877 1783 4232
f 1783 162 4232
f 4232 162 1870
f 331 1878 1870
f 1870 1878 4232
f 1878 330 4232
f 4232 330 1877
f 1369 37 4233
f 4233 37 1879
f 332 1880 1879
f 1879 1880 4233
f 1880 263 4233
f 4233 263 1784
f 31 1369 1784
f 1784 1369 4233
f 1785 263 4234
f 4234 263 1881
f 247 1882 1881
f 1881 1882 4234
f 1882 245 4234
f 4234 245 1883
f 262 1785 1883
f 1883 1785 4234
f 1786 262 4235
f 4235 262 1883
f 245 1884 1883
f 1883 1884 4235
f 1884 241 4235
f 4235 241 1885
f 305 1786 1885
f 1885 1786 4235
f 1789 261 4236
f 4236 261 1787
f 305 1886 1787
f 1787 1886 4236
f 1886 306 4236
f 4236 306 1790
f 260 1789 1790
f 1790 1789 4236
f 1791 306 4237
f 4237 306 1887
f 236 1888 1887
f 1887 1888 4237
f 1888 231 4237
f 4237 231 1792
f 307 1791 1792
f 1792 1791 4237
f 1793 231 4238
f 4238 231 1889
f 321 1890 1889
f 1889 1890 4238
f 1890 320 4238
f 4238 320 1794
f 153 1793 1794
f 1794 1793 4238
f 1795 320 4239
f 4239 320 1891
f 275 1892 1891
f 1891 1892 4239
f 1892 274 4239
f 4239 274 1796
f 319 1795 1796
f 1796 1795 4239
f 1893 156 4240
f 4240 156 1894
f 379 1798 1894
f 1894 1798 4240
f 1798 378 4240
f 4240 378 1797
f 274 1893 1797
f 1797 1893 4240
f 1799 379 4241
f 4241 379 1895
f 380 1896 1895
f 1895 1896 4241
f 1896 289 4241
f 4241 289 1897
f 1897 284 4241
f 4241 284 1799
f 285 1800 1801
f 1801 1800 4242
f 1800 284 4242
f 4242 284 1898
f 400 1899 1898
f 1898 1899 4242
f 1899 401 4242
f 4242 401 1801
f 402 1802 1803
f 1803 1802 4243
f 1802 401 4243
f 4243 401 1900
f 425 1804 1900
f 1900 1804 4243
f 1804 426 4243
f 4243 426 1803
f 425 1901 1805
f 1805 1901 4244
f 1901 424 4244
f 4244 424 1902
f 171 1806 1902
f 1902 1806 4244
f 1806 227 4244
f 4244 227 1805
f 171 1903 1807
f 1807 1903 4245
f 1903 288 4245
f 4245 288 1904
f 287 1905 1904
f 1904 1905 4245
f 1905 172 4245
f 4245 172 1807
f 3 1370 1906
f 1906 1370 4246
f 1370 2 4246
f 4246 2 1808
f 1808 86 4246
f 4246 86 1907
f 1907 89 4246
f 4246 89 1906
f 1908 86 4247
f 4247 86 1809
f 488 1810 1809
f 1809 1810 4247
f 1810 487 4247
f 4247 487 1909
f 85 1908 1909
f 1909 1908 4247
f 1910 487 4248
f 4248 487 1811
f 219 1812 1811
f 1811 1812 4248
f 1812 221 4248
f 4248 221 1911
f 489 1910 1911
f 1911 1910 4248
f 1912 221 4249
f 4249 221 1813
f 214 1814 1813
f 1813 1814 4249
f 1814 216 4249
f 4249 216 1913
f 222 1912 1913
f 1913 1912 4249
f 1914 216 4250
f 4250 216 1815
f 215 1817 1815
f 1815 1817 4250
f 1817 217 4250
f 4250 217 1915
f 218 1914 1915
f 1915 1914 4250
f 439 1819 1816
f 1816 1819 4251
f 1819 440 4251
f 4251 440 1916
f 318 1917 1916
f 1916 1917 4251
f 1917 217 4251
f 4251 217 1816
f 1818 317 4252
f 4252 317 1822
f 446 1858 1822
f 1822 1858 4252
f 1858 195 4252
f 4252 195 1918
f 440 1818 1918
f 1918 1818 4252
f 679 1920 1919
f 1919 1920 4253
f 1920 606 4253
f 4253 606 1823
f 563 1847 1823
f 1823 1847 4253
f 1847 678 4253
f 4253 678 1919
f 1824 606 4254
f 4254 606 1921
f 564 1922 1921
f 1921 1922 4254
f 1922 562 4254
f 4254 562 1825
f 605 1824 1825
f 1825 1824 4254
f 562 1923 1826
f 1826 1923 4255
f 1923 569 4255
f 4255 569 1924
f 553 1827 1924
f 1924 1827 4255
f 1827 547 4255
f 4255 547 1826
f 554 1926 1925
f 1925 1926 4256
f 1926 544 4256
f 4256 544 1829
f 1829 543 4256
f 4256 543 1828
f 1828 553 4256
f 4256 553 1925
f 199 1830 1831
f 1831 1830 4257
f 1830 544 4257
f 4257 544 1927
f 545 1928 1927
f 1927 1928 4257
f 1928 201 4257
f 4257 201 1831
f 1833 337 4258
f 4258 337 1832
f 1832 201 4258
f 4258 201 1929
f 1929 196 4258
f 4258 196 1930
f 354 1833 1930
f 1930 1833 4258
f 1835 354 4259
f 4259 354 1930
f 196 1836 1930
f 1930 1836 4259
f 1836 363 4259
f 4259 363 1865
f 362 1835 1865
f 1865 1835 4259
f 1931 541 4260
f 4260 541 1838
f 1838 194 4260
f 4260 194 1837
f 196 1932 1837
f 1837 1932 4260
f 542 1931 1932
f 1932 1931 4260
f 1933 550 4261
f 4261 550 1840
f 540 1839 1840
f 1840 1839 4261
f 1839 541 4261
f 4261 541 1934
f 551 1933 1934
f 1934 1933 4261
f 1935 559 4262
f 4262 559 1936
f 549 1841 1936
f 1936 1841 4262
f 550 1935 1841
f 1841 1935 4262
f 1937 566 4263
f 4263 566 1845
f 565 1842 1845
f 1845 1842 4263
f 1842 567 4263
f 4263 567 1938
f 568 1937 1938
f 1938 1937 4263
f 559 1939 1936
f 1936 1939 4264
f 1939 568 4264
f 4264 568 1938
f 567 1843 1938
f 1938 1843 4264
f 1843 549 4264
f 4264 549 1936
f 1940 677 4265
f 4265 677 1848
f 676 1844 1848
f 1848 1844 4265
f 1844 566 4265
f 4265 566 1941
f 558 1940 1941
f 1941 1940 4265
f 556 1943 1942
f 1942 1943 4266
f 1943 678 4266
f 4266 678 1846
f 677 1940 1846
f 1846 1940 4266
f 1940 558 4266
f 4266 558 1942
f 440 1918 1916
f 1916 1918 4267
f 195 1849 1918
f 1918 1849 4267
f 1849 316 4267
f 4267 316 1944
f 1944 318 4267
f 4267 318 1916
f 1945 316 4268
f 4268 316 1851
f 356 1852 1851
f 1851 1852 4268
f 1852 357 4268
f 4268 357 1946
f 205 1945 1946
f 1946 1945 4268
f 1947 357 4269
f 4269 357 1853
f 204 1854 1853
f 1853 1854 4269
f 1854 210 4269
f 4269 210 1948
f 365 1947 1948
f 1948 1947 4269
f 493 1949 1857
f 1857 1949 4270
f 1949 494 4270
f 4270 494 1950
f 210 1855 1950
f 1950 1855 4270
f 1855 209 4270
f 4270 209 1857
f 477 1951 1861
f 1861 1951 4271
f 1951 474 4271
f 4271 474 1952
f 493 1856 1952
f 1952 1856 4271
f 1856 492 4271
f 4271 492 1861
f 533 1953 1864
f 1864 1953 4272
f 1953 486 4272
f 4272 486 1954
f 477 1860 1954
f 1954 1860 4272
f 1860 534 4272
f 4272 534 1864
f 503 1956 1955
f 1955 1956 4273
f 1956 466 4273
f 4273 466 1862
f 172 1905 1862
f 1862 1905 4273
f 1905 287 4273
f 4273 287 1955
f 459 1958 1957
f 1957 1958 4274
f 532 1959 1958
f 1958 1959 4274
f 1959 533 4274
f 4274 533 1863
f 1863 466 4274
f 4274 466 1957
f 1866 54 4275
f 4275 54 1371
f 56 1960 1371
f 1371 1960 4275
f 1960 512 4275
f 4275 512 1961
f 509 1866 1961
f 1961 1866 4275
f 1868 508 4276
f 4276 508 1867
f 509 1962 1867
f 1867 1962 4276
f 1962 464 4276
f 4276 464 1963
f 1963 452 4276
f 4276 452 1868
f 468 1869 1871
f 1871 1869 4277
f 1869 452 4277
f 4277 452 1964
f 505 1965 1964
f 1964 1965 4277
f 1965 504 4277
f 4277 504 1871
f 331 1872 1966
f 1966 1872 4278
f 1872 504 4278
f 4278 504 1967
f 497 1968 1967
f 1967 1968 4278
f 1968 265 4278
f 4278 265 1966
f 36 1372 1969
f 1969 1372 4279
f 1372 43 4279
f 4279 43 1873
f 394 1970 1873
f 1873 1970 4279
f 1970 350 4279
f 4279 350 1969
f 394 1874 1971
f 1971 1874 4280
f 1874 418 4280
f 4280 418 1875
f 419 1972 1875
f 1875 1972 4280
f 1972 395 4280
f 4280 395 1971
f 419 1876 1973
f 1973 1876 4281
f 1876 161 4281
f 4281 161 1877
f 330 1974 1877
f 1877 1974 4281
f 1974 420 4281
f 4281 420 1973
f 330 1878 1975
f 1975 1878 4282
f 1878 331 4282
f 4282 331 1966
f 265 1976 1966
f 1966 1976 4282
f 1976 264 4282
f 4282 264 1975
f 1373 38 4283
f 4283 38 1977
f 333 1978 1977
f 1977 1978 4283
f 1978 332 4283
f 4283 332 1879
f 37 1373 1879
f 1879 1373 4283
f 332 1979 1880
f 1880 1979 4284
f 1979 280 4284
f 4284 280 1980
f 247 1881 1980
f 1980 1881 4284
f 263 1880 1881
f 1881 1880 4284
f 1882 247 4285
f 4285 247 1980
f 280 1981 1980
f 1980 1981 4285
f 279 1982 1981
f 1981 1982 4285
f 245 1882 1982
f 1982 1882 4285
f 245 1982 1884
f 1884 1982 4286
f 1982 279 4286
f 4286 279 1983
f 323 1984 1983
f 1983 1984 4286
f 1984 241 4286
f 4286 241 1884
f 1886 305 4287
f 4287 305 1885
f 241 1985 1885
f 1885 1985 4287
f 1985 236 4287
f 4287 236 1887
f 306 1886 1887
f 1887 1886 4287
f 1888 236 4288
f 4288 236 1986
f 322 1987 1986
f 1986 1987 4288
f 1987 321 4288
f 4288 321 1889
f 231 1888 1889
f 1889 1888 4288
f 276 1989 1988
f 1988 1989 4289
f 1989 275 4289
f 4289 275 1891
f 320 1890 1891
f 1891 1890 4289
f 1890 321 4289
f 4289 321 1988
f 1892 275 4290
f 4290 275 1990
f 155 1991 1990
f 1990 1991 4290
f 1991 156 4290
f 4290 156 1893
f 274 1892 1893
f 1893 1892 4290
f 156 1992 1894
f 1894 1992 4291
f 1992 290 4291
f 4291 290 1993
f 380 1895 1993
f 1993 1895 4291
f 1895 379 4291
f 4291 379 1894
f 1896 380 4292
f 4292 380 1994
f 381 1995 1994
f 1994 1995 4292
f 1995 283 4292
f 4292 283 1996
f 289 1896 1996
f 1996 1896 4292
f 284 1897 1898
f 1898 1897 4293
f 1897 289 4293
f 4293 289 1997
f 399 1998 1997
f 1997 1998 4293
f 1998 400 4293
f 4293 400 1898
f 401 1899 1900
f 1900 1899 4294
f 1899 400 4294
f 4294 400 1999
f 424 1901 1999
f 1999 1901 4294
f 1901 425 4294
f 4294 425 1900
f 424 2000 1902
f 1902 2000 4295
f 2000 423 4295
f 4295 423 2001
f 288 1903 2001
f 2001 1903 4295
f 1903 171 4295
f 4295 171 1902
f 2002 173 4296
f 4296 173 2003
f 174 2004 2003
f 2003 2004 4296
f 2004 287 4296
f 4296 287 1904
f 288 2002 1904
f 1904 2002 4296
f 2005 4 4297
f 4297 4 1374
f 3 1906 1374
f 1374 1906 4297
f 1906 89 4297
f 4297 89 2006
f 91 2005 2006
f 2006 2005 4297
f 2007 89 4298
f 4298 89 1907
f 86 1908 1907
f 1907 1908 4298
f 1908 85 4298
f 4298 85 2008
f 90 2007 2008
f 2008 2007 4298
f 2009 85 4299
f 4299 85 1909
f 487 1910 1909
f 1909 1910 4299
f 1910 489 4299
f 4299 489 2010
f 84 2009 2010
f 2010 2009 4299
f 2011 489 4300
f 4300 489 1911
f 221 1912 1911
f 1911 1912 4300
f 1912 222 4300
f 4300 222 2012
f 490 2011 2012
f 2012 2011 4300
f 2013 222 4301
f 4301 222 1913
f 216 1914 1913
f 1913 1914 4301
f 1914 218 4301
f 4301 218 2014
f 223 2013 2014
f 2014 2013 4301
f 217 1917 1915
f 1915 1917 4302
f 1917 318 4302
f 4302 318 2015
f 224 2016 2015
f 2015 2016 4302
f 2016 218 4302
f 4302 218 1915
f 2017 679 4303
f 4303 679 1919
f 678 1943 1919
f 1919 1943 4303
f 1943 556 4303
f 4303 556 2018
f 2018 557 4303
f 4303 557 2017
f 606 1920 1921
f 1921 1920 4304
f 1920 679 4304
f 4304 679 2017
f 557 2019 2017
f 2017 2019 4304
f 2019 564 4304
f 4304 564 1921
f 1922 564 4305
f 4305 564 2020
f 570 2021 2020
f 2020 2021 4305
f 2021 569 4305
f 4305 569 1923
f 1923 562 4305
f 4305 562 1922
f 569 2021 1924
f 1924 2021 4306
f 570 2022 2021
f 2021 2022 4306
f 560 2023 2022
f 2022 2023 4306
f 2023 553 4306
f 4306 553 1924
f 553 2023 1925
f 1925 2023 4307
f 2023 560 4307
f 4307 560 2024
f 554 1925 2024
f 2024 1925 4307
f 544 1926 1927
f 1927 1926 4308
f 554 2025 1926
f 1926 2025 4308
f 555 2026 2025
f 2025 2026 4308
f 2026 545 4308
f 4308 545 1927
f 201 1928 1929
f 1929 1928 4309
f 1928 545 4309
f 4309 545 2027
f 542 1932 2027
f 2027 1932 4309
f 196 1929 1932
f 1932 1929 4309
f 552 2029 2028
f 2028 2029 4310
f 2029 551 4310
f 4310 551 1934
f 541 1931 1934
f 1934 1931 4310
f 1931 542 4310
f 4310 542 2028
f 2030 574 4311
f 4311 574 2031
f 576 2032 2031
f 2031 2032 4311
f 550 1933 2032
f 2032 1933 4311
f 1933 551 4311
f 4311 551 2030
f 582 2034 2033
f 2033 2034 4312
f 559 1935 2034
f 2034 1935 4312
f 550 2032 1935
f 1935 2032 4312
f 2032 576 4312
f 4312 576 2033
f 2035 558 4313
f 4313 558 1941
f 566 1937 1941
f 1941 1937 4313
f 1937 568 4313
f 4313 568 1939
f 559 2035 1939
f 1939 2035 4313
f 558 2036 1942
f 1942 2036 4314
f 2036 573 4314
f 4314 573 2037
f 577 2038 2037
f 2037 2038 4314
f 2038 556 4314
f 4314 556 1942
f 318 1944 2015
f 2015 1944 4315
f 1944 316 4315
f 4315 316 1945
f 205 2039 1945
f 1945 2039 4315
f 2039 224 4315
f 4315 224 2015
f 2040 205 4316
f 4316 205 1946
f 357 1947 1946
f 1946 1947 4316
f 1947 365 4316
f 4316 365 2041
f 212 2040 2041
f 2041 2040 4316
f 2042 365 4317
f 4317 365 1948
f 210 2043 1948
f 1948 2043 4317
f 2043 475 4317
f 4317 475 2044
f 510 2042 2044
f 2044 2042 4317
f 474 2045 1952
f 1952 2045 4318
f 2045 461 4318
f 4318 461 2046
f 494 1949 2046
f 2046 1949 4318
f 1949 493 4318
f 4318 493 1952
f 494 2047 1950
f 1950 2047 4319
f 2047 495 4319
f 4319 495 2048
f 475 2043 2048
f 2048 2043 4319
f 2043 210 4319
f 4319 210 1950
f 486 2049 1954
f 1954 2049 4320
f 2049 478 4320
f 4320 478 2050
f 474 1951 2050
f 2050 1951 4320
f 1951 477 4320
f 4320 477 1954
f 1959 532 4321
f 4321 532 2051
f 481 2052 2051
f 2051 2052 4321
f 486 1953 2052
f 2052 1953 4321
f 1953 533 4321
f 4321 533 1959
f 2004 174 4322
f 4322 174 2053
f 467 2054 2053
f 2053 2054 4322
f 2054 503 4322
f 4322 503 1955
f 287 2004 1955
f 1955 2004 4322
f 1956 503 4323
f 4323 503 2055
f 502 2056 2055
f 2055 2056 4323
f 2056 459 4323
f 4323 459 1957
f 466 1956 1957
f 1957 1956 4323
f 2057 465 4324
f 4324 465 2058
f 531 2059 2058
f 2058 2059 4324
f 2059 532 4324
f 4324 532 1958
f 459 2057 1958
f 1958 2057 4324
f 56 1375 1960
f 1960 1375 4325
f 1375 55 4325
f 4325 55 2060
f 511 2061 2060
f 2060 2061 4325
f 512 1960 2061
f 2061 1960 4325
f 1962 509 4326
f 4326 509 1961
f 512 2062 1961
f 1961 2062 4326
f 2062 515 4326
f 4326 515 2063
f 464 1962 2063
f 2063 1962 4326
f 452 1963 1964
f 1964 1963 4327
f 464 2064 1963
f 1963 2064 4327
f 2064 506 4327
f 4327 506 2065
f 2065 505 4327
f 4327 505 1964
f 504 1965 1967
f 1967 1965 4328
f 1965 505 4328
f 4328 505 2066
f 498 2067 2066
f 2066 2067 4328
f 2067 497 4328
f 4328 497 1967
f 265 1968 2068
f 2068 1968 4329
f 1968 497 4329
f 4329 497 2069
f 2069 467 4329
f 4329 467 2053
f 174 2068 2053
f 2053 2068 4329
f 39 1376 2070
f 2070 1376 4330
f 1376 36 4330
f 4330 36 1969
f 350 2071 1969
f 1969 2071 4330
f 2071 372 4330
f 4330 372 2070
f 350 1970 2072
f 2072 1970 4331
f 1970 394 4331
f 4331 394 1971
f 395 2073 1971
f 1971 2073 4331
f 2073 281 4331
f 4331 281 2072
f 395 1972 2074
f 2074 1972 4332
f 1972 419 4332
f 4332 419 1973
f 420 2075 1973
f 1973 2075 4332
f 2075 396 4332
f 4332 396 2074
f 420 1974 2076
f 2076 1974 4333
f 1974 330 4333
f 4333 330 1975
f 264 2077 1975
f 1975 2077 4333
f 2077 421 4333
f 4333 421 2076
f 264 1976 2078
f 2078 1976 4334
f 1976 265 4334
f 4334 265 2068
f 2068 174 4334
f 4334 174 2003
f 173 2078 2003
f 2003 2078 4334
f 38 1377 1977
f 1977 1377 4335
f 32 2079 1377
f 1377 2079 4335
f 343 2080 2079
f 2079 2080 4335
f 2080 333 4335
f 4335 333 1977
f 332 1978 1979
f 1979 1978 4336
f 1978 333 4336
f 4336 333 2081
f 296 2082 2081
f 2081 2082 4336
f 2082 280 4336
f 4336 280 1979
f 1981 280 4337
f 4337 280 2082
f 2082 296 4337
f 4337 296 2083
f 295 2084 2083
f 2083 2084 4337
f 279 1981 2084
f 2084 1981 4337
f 279 2085 1983
f 1983 2085 4338
f 2085 242 4338
f 4338 242 2086
f 278 2087 2086
f 2086 2087 4338
f 2087 323 4338
f 4338 323 1983
f 1985 241 4339
f 4339 241 1984
f 323 2088 1984
f 1984 2088 4339
f 2088 322 4339
f 4339 322 1986
f 236 1985 1986
f 1986 1985 4339
f 1987 322 4340
f 4340 322 2089
f 277 2090 2089
f 2089 2090 4340
f 2090 276 4340
f 4340 276 1988
f 321 1987 1988
f 1988 1987 4340
f 1989 276 4341
f 4341 276 2091
f 232 2092 2091
f 2091 2092 4341
f 2092 155 4341
f 4341 155 1990
f 275 1989 1990
f 1990 1989 4341
f 2093 291 4342
f 4342 291 2094
f 290 1992 2094
f 2094 1992 4342
f 1992 156 4342
f 4342 156 1991
f 1991 155 4342
f 4342 155 2093
f 1993 290 4343
f 4343 290 2095
f 2095 158 4343
f 4343 158 2096
f 2096 381 4343
f 4343 381 1994
f 380 1993 1994
f 1994 1993 4343
f 1995 381 4344
f 4344 381 2097
f 382 2098 2097
f 2097 2098 4344
f 282 2099 2098
f 2098 2099 4344
f 283 1995 2099
f 2099 1995 4344
f 1997 289 4345
f 4345 289 1996
f 283 2100 1996
f 1996 2100 4345
f 398 2101 2100
f 2100 2101 4345
f 399 1997 2101
f 2101 1997 4345
f 400 1998 1999
f 1999 1998 4346
f 1998 399 4346
f 4346 399 2102
f 423 2000 2102
f 2102 2000 4346
f 2000 424 4346
f 4346 424 1999
f 423 2103 2001
f 2001 2103 4347
f 2103 422 4347
f 4347 422 2104
f 173 2002 2104
f 2104 2002 4347
f 2002 288 4347
f 4347 288 2001
f 2105 59 4348
f 4348 59 1378
f 4 2005 1378
f 1378 2005 4348
f 2005 91 4348
f 4348 91 2106
f 604 2105 2106
f 2106 2105 4348
f 2107 91 4349
f 4349 91 2006
f 89 2007 2006
f 2006 2007 4349
f 2007 90 4349
f 4349 90 2108
f 93 2107 2108
f 2108 2107 4349
f 2109 90 4350
f 4350 90 2008
f 85 2009 2008
f 2008 2009 4350
f 2009 84 4350
f 4350 84 2110
f 92 2109 2110
f 2110 2109 4350
f 2111 84 4351
f 4351 84 2010
f 489 2011 2010
f 2010 2011 4351
f 2011 490 4351
f 4351 490 2112
f 83 2111 2112
f 2112 2111 4351
f 2113 490 4352
f 4352 490 2012
f 222 2013 2012
f 2012 2013 4352
f 2013 223 4352
f 4352 223 2114
f 491 2113 2114
f 2114 2113 4352
f 2115 223 4353
f 4353 223 2014
f 218 2016 2014
f 2014 2016 4353
f 2016 224 4353
f 4353 224 2116
f 229 2115 2116
f 2116 2115 4353
f 556 2038 2018
f 2018 2038 4354
f 2038 577 4354
f 4354 577 2117
f 2117 571 4354
f 4354 571 2118
f 557 2018 2118
f 2118 2018 4354
f 2022 570 4355
f 4355 570 2020
f 564 2019 2020
f 2020 2019 4355
f 2019 557 4355
f 4355 557 2119
f 560 2022 2119
f 2119 2022 4355
f 580 2121 2120
f 2120 2121 4356
f 2121 578 4356
f 4356 578 2122
f 554 2024 2122
f 2122 2024 4356
f 560 2120 2024
f 2024 2120 4356
f 2122 578 4357
f 4357 578 2123
f 572 2124 2123
f 2123 2124 4357
f 2124 555 4357
f 4357 555 2025
f 554 2122 2025
f 2025 2122 4357
f 2026 555 4358
f 4358 555 2125
f 552 2028 2125
f 2125 2028 4358
f 2028 542 4358
f 4358 542 2027
f 545 2026 2027
f 2027 2026 4358
f 575 2127 2126
f 2126 2127 4359
f 2127 574 4359
f 4359 574 2030
f 551 2029 2030
f 2030 2029 4359
f 2029 552 4359
f 4359 552 2126
f 579 2129 2128
f 2128 2129 4360
f 2129 576 4360
f 4360 576 2031
f 2031 574 4360
f 4360 574 2127
f 2127 575 4360
f 4360 575 2128
f 2129 579 4361
f 4361 579 2130
f 2130 581 4361
f 4361 581 2131
f 2131 582 4361
f 4361 582 2033
f 576 2129 2033
f 2033 2129 4361
f 2132 573 4362
f 4362 573 2036
f 2036 558 4362
f 4362 558 2035
f 559 2034 2035
f 2035 2034 4362
f 582 2132 2034
f 2034 2132 4362
f 2133 577 4363
f 4363 577 2037
f 2037 573 4363
f 4363 573 2132
f 582 2131 2132
f 2132 2131 4363
f 581 2133 2131
f 2131 2133 4363
f 224 2039 2116
f 2116 2039 4364
f 2039 205 4364
f 4364 205 2040
f 212 2134 2040
f 2040 2134 4364
f 2134 229 4364
f 4364 229 2116
f 2135 212 4365
f 4365 212 2041
f 365 2042 2041
f 2041 2042 4365
f 2042 510 4365
f 4365 510 2136
f 476 2135 2136
f 2136 2135 4365
f 475 2137 2044
f 2044 2137 4366
f 2137 455 4366
f 4366 455 2138
f 62 2139 2138
f 2138 2139 4366
f 2139 510 4366
f 4366 510 2044
f 478 2140 2050
f 2050 2140 4367
f 2140 479 4367
f 4367 479 2141
f 461 2045 2141
f 2141 2045 4367
f 2045 474 4367
f 4367 474 2050
f 461 2142 2046
f 2046 2142 4368
f 2142 463 4368
f 4368 463 2143
f 495 2047 2143
f 2143 2047 4368
f 2047 494 4368
f 4368 494 2046
f 495 2144 2048
f 2048 2144 4369
f 2144 454 4369
f 4369 454 2145
f 455 2137 2145
f 2145 2137 4369
f 2137 475 4369
f 4369 475 2048
f 2052 481 4370
f 4370 481 2146
f 2146 473 4370
f 4370 473 2147
f 478 2049 2147
f 2147 2049 4370
f 2049 486 4370
f 4370 486 2052
f 2059 531 4371
f 4371 531 2148
f 482 2149 2148
f 2148 2149 4371
f 2149 481 4371
f 4371 481 2051
f 532 2059 2051
f 2051 2059 4371
f 458 2151 2150
f 2150 2151 4372
f 2151 502 4372
f 4372 502 2055
f 503 2054 2055
f 2055 2054 4372
f 2054 467 4372
f 4372 467 2150
f 501 2153 2152
f 2152 2153 4373
f 465 2057 2153
f 2153 2057 4373
f 2057 459 4373
f 4373 459 2056
f 2056 502 4373
f 4373 502 2152
f 472 2155 2154
f 2154 2155 4374
f 2155 530 4374
f 4374 530 2156
f 531 2058 2156
f 2156 2058 4374
f 2058 465 4374
f 4374 465 2154
f 55 1379 2060
f 2060 1379 4375
f 1379 57 4375
f 4375 57 2157
f 523 2158 2157
f 2157 2158 4375
f 2158 511 4375
f 4375 511 2060
f 2062 512 4376
f 4376 512 2061
f 2061 511 4376
f 4376 511 2159
f 519 2160 2159
f 2159 2160 4376
f 515 2062 2160
f 2160 2062 4376
f 2064 464 4377
f 4377 464 2063
f 515 2161 2063
f 2063 2161 4377
f 2161 516 4377
f 4377 516 2162
f 506 2064 2162
f 2162 2064 4377
f 505 2065 2066
f 2066 2065 4378
f 506 2163 2065
f 2065 2163 4378
f 2163 499 4378
f 4378 499 2164
f 2164 498 4378
f 4378 498 2066
f 497 2067 2069
f 2069 2067 4379
f 2067 498 4379
f 4379 498 2165
f 458 2150 2165
f 2165 2150 4379
f 2150 467 4379
f 4379 467 2069
f 15 1380 2166
f 2166 1380 4380
f 1380 39 4380
f 4380 39 2070
f 372 2167 2070
f 2070 2167 4380
f 2167 349 4380
f 4380 349 2166
f 372 2071 2168
f 2168 2071 4381
f 2071 350 4381
f 4381 350 2072
f 281 2169 2072
f 2072 2169 4381
f 2169 371 4381
f 4381 371 2168
f 281 2073 2170
f 2170 2073 4382
f 2073 395 4382
f 4382 395 2074
f 396 2171 2074
f 2074 2171 4382
f 2171 329 4382
f 4382 329 2170
f 2172 396 4383
f 4383 396 2075
f 2075 420 4383
f 4383 420 2076
f 421 2173 2076
f 2076 2173 4383
f 2173 397 4383
f 4383 397 2172
f 2174 421 4384
f 4384 421 2077
f 2077 264 4384
f 4384 264 2078
f 2078 173 4384
f 4384 173 2104
f 422 2174 2104
f 2104 2174 4384
f 2175 343 4385
f 4385 343 2079
f 32 1381 2079
f 2079 1381 4385
f 1381 30 4385
f 4385 30 2176
f 344 2175 2176
f 2176 2175 4385
f 2080 343 4386
f 4386 343 2177
f 248 2178 2177
f 2177 2178 4386
f 333 2080 2178
f 2178 2080 4386
f 333 2178 2081
f 2081 2178 4387
f 2178 248 4387
f 4387 248 2179
f 272 2180 2179
f 2179 2180 4387
f 2180 296 4387
f 4387 296 2081
f 296 2180 2083
f 2083 2180 4388
f 2180 272 4388
f 4388 272 2181
f 271 2182 2181
f 2181 2182 4388
f 2182 295 4388
f 4388 295 2083
f 2085 279 4389
f 4389 279 2084
f 2084 295 4389
f 4389 295 2183
f 294 2184 2183
f 2183 2184 4389
f 2184 242 4389
f 4389 242 2085
f 2185 278 4390
f 4390 278 2086
f 242 2186 2086
f 2086 2186 4390
f 2186 237 4390
f 4390 237 2187
f 277 2185 2187
f 2187 2185 4390
f 323 2087 2088
f 2088 2087 4391
f 2087 278 4391
f 4391 278 2185
f 2185 277 4391
f 4391 277 2089
f 322 2088 2089
f 2089 2088 4391
f 237 2188 2187
f 2187 2188 4392
f 2188 232 4392
f 4392 232 2091
f 276 2090 2091
f 2091 2090 4392
f 2090 277 4392
f 4392 277 2187
f 232 2189 2092
f 2092 2189 4393
f 2189 292 4393
f 4393 292 2190
f 291 2093 2190
f 2190 2093 4393
f 155 2092 2093
f 2093 2092 4393
f 291 2191 2094
f 2094 2191 4394
f 2191 157 4394
f 4394 157 2192
f 158 2095 2192
f 2192 2095 4394
f 2095 290 4394
f 4394 290 2094
f 158 2193 2096
f 2096 2193 4395
f 2193 266 4395
f 4395 266 2194
f 2194 382 4395
f 4395 382 2097
f 381 2096 2097
f 2097 2096 4395
f 2098 382 4396
f 4396 382 2195
f 383 2196 2195
f 2195 2196 4396
f 329 2197 2196
f 2196 2197 4396
f 2197 282 4396
f 4396 282 2098
f 283 2099 2100
f 2100 2099 4397
f 2099 282 4397
f 4397 282 2198
f 397 2199 2198
f 2198 2199 4397
f 2199 398 4397
f 4397 398 2100
f 399 2101 2102
f 2102 2101 4398
f 2101 398 4398
f 4398 398 2200
f 422 2103 2200
f 2200 2103 4398
f 2103 423 4398
f 4398 423 2102
f 2201 58 4399
f 4399 58 1382
f 59 2105 1382
f 1382 2105 4399
f 2105 604 4399
f 4399 604 2202
f 596 2201 2202
f 2202 2201 4399
f 2203 604 4400
f 4400 604 2106
f 91 2107 2106
f 2106 2107 4400
f 2107 93 4400
f 4400 93 2204
f 603 2203 2204
f 2204 2203 4400
f 2205 93 4401
f 4401 93 2108
f 90 2109 2108
f 2108 2109 4401
f 2109 92 4401
f 4401 92 2206
f 95 2205 2206
f 2206 2205 4401
f 2207 92 4402
f 4402 92 2110
f 84 2111 2110
f 2110 2111 4402
f 2111 83 4402
f 4402 83 2208
f 94 2207 2208
f 2208 2207 4402
f 2209 83 4403
f 4403 83 2112
f 490 2113 2112
f 2112 2113 4403
f 2113 491 4403
f 4403 491 2210
f 82 2209 2210
f 2210 2209 4403
f 2211 491 4404
f 4404 491 2114
f 223 2115 2114
f 2114 2115 4404
f 2115 229 4404
f 4404 229 2212
f 496 2211 2212
f 2212 2211 4404
f 577 2133 2117
f 2117 2133 4405
f 2133 581 4405
f 4405 581 2213
f 580 2214 2213
f 2213 2214 4405
f 2214 571 4405
f 4405 571 2117
f 2118 571 4406
f 4406 571 2214
f 580 2120 2214
f 2214 2120 4406
f 2120 560 4406
f 4406 560 2119
f 557 2118 2119
f 2119 2118 4406
f 581 2130 2213
f 2213 2130 4407
f 579 2215 2130
f 2130 2215 4407
f 578 2121 2215
f 2215 2121 4407
f 2121 580 4407
f 4407 580 2213
f 2215 579 4408
f 4408 579 2128
f 575 2216 2128
f 2128 2216 4408
f 2216 572 4408
f 4408 572 2123
f 578 2215 2123
f 2123 2215 4408
f 2124 572 4409
f 4409 572 2216
f 2216 575 4409
f 4409 575 2126
f 552 2125 2126
f 2126 2125 4409
f 555 2124 2125
f 2125 2124 4409
f 2217 496 4410
f 4410 496 2212
f 229 2134 2212
f 2212 2134 4410
f 2134 212 4410
f 4410 212 2135
f 476 2217 2135
f 2135 2217 4410
f 2218 80 4411
f 4411 80 2219
f 2219 476 4411
f 4411 476 2136
f 510 2139 2136
f 2136 2139 4411
f 2139 62 4411
f 4411 62 2218
f 2220 62 4412
f 4412 62 2138
f 455 2221 2138
f 2138 2221 4412
f 2221 607 4412
f 4412 607 2222
f 662 2220 2222
f 2222 2220 4412
f 473 2223 2147
f 2147 2223 4413
f 2223 460 4413
f 4413 460 2224
f 479 2140 2224
f 2224 2140 4413
f 2140 478 4413
f 4413 478 2147
f 479 2225 2141
f 2141 2225 4414
f 2225 480 4414
f 4414 480 2226
f 463 2142 2226
f 2226 2142 4414
f 2142 461 4414
f 4414 461 2141
f 463 2227 2143
f 2143 2227 4415
f 2227 453 4415
f 4415 453 2228
f 454 2144 2228
f 2228 2144 4415
f 2144 495 4415
f 4415 495 2143
f 2229 674 4416
f 4416 674 2230
f 455 2145 2230
f 2230 2145 4416
f 2145 454 4416
f 4416 454 2231
f 613 2229 2231
f 2231 2229 4416
f 482 2232 2149
f 2149 2232 4417
f 2232 75 4417
f 4417 75 2233
f 473 2146 2233
f 2233 2146 4417
f 2146 481 4417
f 4417 481 2149
f 530 2234 2156
f 2156 2234 4418
f 2234 483 4418
f 4418 483 2235
f 482 2148 2235
f 2235 2148 4418
f 2148 531 4418
f 4418 531 2156
f 2151 458 4419
f 4419 458 2236
f 469 2237 2236
f 2236 2237 4419
f 2237 501 4419
f 4419 501 2152
f 502 2151 2152
f 2152 2151 4419
f 500 2239 2238
f 2238 2239 4420
f 2239 472 4420
f 4420 472 2154
f 465 2153 2154
f 2154 2153 4420
f 2153 501 4420
f 4420 501 2238
f 471 2241 2240
f 2240 2241 4421
f 2241 529 4421
f 4421 529 2242
f 530 2155 2242
f 2242 2155 4421
f 2155 472 4421
f 4421 472 2240
f 57 1383 2157
f 2157 1383 4422
f 61 2243 1383
f 1383 2243 4422
f 2243 699 4422
f 4422 699 2244
f 2244 523 4422
f 4422 523 2157
f 2158 523 4423
f 4423 523 2245
f 524 2246 2245
f 2245 2246 4423
f 2246 519 4423
f 4423 519 2159
f 511 2158 2159
f 2159 2158 4423
f 2160 519 4424
f 4424 519 2247
f 520 2248 2247
f 2247 2248 4424
f 2248 516 4424
f 4424 516 2161
f 2161 515 4424
f 4424 515 2160
f 516 2249 2162
f 2162 2249 4425
f 2249 517 4425
f 4425 517 2250
f 499 2163 2250
f 2250 2163 4425
f 2163 506 4425
f 4425 506 2162
f 499 2251 2164
f 2164 2251 4426
f 2251 469 4426
f 4426 469 2236
f 2236 458 4426
f 4426 458 2165
f 498 2164 2165
f 2165 2164 4426
f 348 2253 2252
f 2252 2253 4427
f 2253 14 4427
f 4427 14 1384
f 15 2166 1384
f 1384 2166 4427
f 349 2252 2166
f 2166 2252 4427
f 2254 160 4428
f 4428 160 2255
f 349 2167 2255
f 2255 2167 4428
f 2167 372 4428
f 4428 372 2168
f 371 2254 2168
f 2168 2254 4428
f 2196 383 4429
f 4429 383 2256
f 371 2169 2256
f 2256 2169 4429
f 2169 281 4429
f 4429 281 2170
f 329 2196 2170
f 2170 2196 4429
f 282 2197 2198
f 2198 2197 4430
f 2197 329 4430
f 4430 329 2171
f 396 2172 2171
f 2171 2172 4430
f 2172 397 4430
f 4430 397 2198
f 398 2199 2200
f 2200 2199 4431
f 2199 397 4431
f 4431 397 2173
f 421 2174 2173
f 2173 2174 4431
f 2174 422 4431
f 4431 422 2200
f 343 2175 2177
f 2177 2175 4432
f 2175 344 4432
f 4432 344 2257
f 246 2258 2257
f 2257 2258 4432
f 2258 248 4432
f 4432 248 2177
f 2259 344 4433
f 4433 344 2176
f 30 1385 2176
f 2176 1385 4433
f 1385 28 4433
f 4433 28 2260
f 345 2259 2260
f 2260 2259 4433
f 248 2258 2179
f 2179 2258 4434
f 2258 246 4434
f 4434 246 2261
f 271 2181 2261
f 2261 2181 4434
f 2181 272 4434
f 4434 272 2179
f 2182 271 4435
f 4435 271 2262
f 243 2263 2262
f 2262 2263 4435
f 2263 294 4435
f 4435 294 2183
f 295 2182 2183
f 2183 2182 4435
f 2184 294 4436
f 4436 294 2264
f 293 2265 2264
f 2264 2265 4436
f 2265 237 4436
f 4436 237 2186
f 242 2184 2186
f 2186 2184 4436
f 237 2265 2188
f 2188 2265 4437
f 2265 293 4437
f 4437 293 2266
f 292 2189 2266
f 2266 2189 4437
f 2189 232 4437
f 4437 232 2188
f 2267 233 4438
f 4438 233 2268
f 157 2191 2268
f 2268 2191 4438
f 2191 291 4438
f 4438 291 2190
f 292 2267 2190
f 2190 2267 4438
f 157 2269 2192
f 2192 2269 4439
f 2269 267 4439
f 4439 267 2270
f 266 2193 2270
f 2270 2193 4439
f 2193 158 4439
f 4439 158 2192
f 2194 266 4440
f 4440 266 2271
f 328 2272 2271
f 2271 2272 4440
f 2272 383 4440
f 4440 383 2195
f 382 2194 2195
f 2195 2194 4440
f 2273 5 4441
f 4441 5 1386
f 58 2201 1386
f 1386 2201 4441
f 2201 596 4441
f 4441 596 2274
f 99 2273 2274
f 2274 2273 4441
f 2275 596 4442
f 4442 596 2202
f 604 2203 2202
f 2202 2203 4442
f 2203 603 4442
f 4442 603 2276
f 595 2275 2276
f 2276 2275 4442
f 2277 603 4443
f 4443 603 2204
f 93 2205 2204
f 2204 2205 4443
f 2205 95 4443
f 4443 95 2278
f 602 2277 2278
f 2278 2277 4443
f 2279 95 4444
f 4444 95 2206
f 92 2207 2206
f 2206 2207 4444
f 2207 94 4444
f 4444 94 2280
f 98 2279 2280
f 2280 2279 4444
f 2281 94 4445
f 4445 94 2208
f 83 2209 2208
f 2208 2209 4445
f 2209 82 4445
f 4445 82 2282
f 97 2281 2282
f 2282 2281 4445
f 2283 82 4446
f 4446 82 2210
f 491 2211 2210
f 2210 2211 4446
f 2211 496 4446
f 4446 496 2284
f 81 2283 2284
f 2284 2283 4446
f 2285 81 4447
f 4447 81 2284
f 496 2217 2284
f 2284 2217 4447
f 2217 476 4447
f 4447 476 2219
f 80 2285 2219
f 2219 2285 4447
f 2286 96 4448
f 4448 96 2287
f 80 2218 2287
f 2287 2218 4448
f 62 2288 2218
f 2218 2288 4448
f 87 2286 2288
f 2288 2286 4448
f 62 2220 2288
f 2288 2220 4449
f 2220 662 4449
f 4449 662 2289
f 673 2290 2289
f 2289 2290 4449
f 2290 87 4449
f 4449 87 2288
f 664 2292 2291
f 2291 2292 4450
f 2292 607 4450
f 4450 607 2221
f 2221 455 4450
f 4450 455 2230
f 2230 674 4450
f 4450 674 2291
f 607 2293 2222
f 2222 2293 4451
f 2293 615 4451
f 4451 615 2294
f 661 2295 2294
f 2294 2295 4451
f 2295 662 4451
f 4451 662 2222
f 75 2296 2233
f 2233 2296 4452
f 2296 70 4452
f 4452 70 2297
f 460 2223 2297
f 2297 2223 4452
f 2223 473 4452
f 4452 473 2233
f 460 2298 2224
f 2224 2298 4453
f 2298 462 4453
f 4453 462 2299
f 480 2225 2299
f 2299 2225 4453
f 2225 479 4453
f 4453 479 2224
f 480 2300 2226
f 2226 2300 4454
f 2300 457 4454
f 4454 457 2301
f 453 2227 2301
f 2301 2227 4454
f 2227 463 4454
f 4454 463 2226
f 453 2302 2228
f 2228 2302 4455
f 2302 610 4455
f 4455 610 2303
f 613 2231 2303
f 2303 2231 4455
f 2231 454 4455
f 4455 454 2228
f 2291 674 4456
f 4456 674 2229
f 613 2304 2229
f 2229 2304 4456
f 642 2305 2304
f 2304 2305 4456
f 2305 664 4456
f 4456 664 2291
f 483 2306 2235
f 2235 2306 4457
f 2306 76 4457
f 4457 76 2307
f 75 2232 2307
f 2307 2232 4457
f 2232 482 4457
f 4457 482 2235
f 529 2308 2242
f 2242 2308 4458
f 2308 484 4458
f 4458 484 2309
f 483 2234 2309
f 2309 2234 4458
f 2234 530 4458
f 4458 530 2242
f 518 2311 2310
f 2310 2311 4459
f 2311 500 4459
f 4459 500 2238
f 501 2237 2238
f 2238 2237 4459
f 2237 469 4459
f 4459 469 2310
f 2312 513 4460
f 4460 513 2313
f 2313 471 4460
f 4460 471 2240
f 472 2239 2240
f 2240 2239 4460
f 2239 500 4460
f 4460 500 2312
f 470 2315 2314
f 2314 2315 4461
f 2315 528 4461
f 4461 528 2316
f 529 2241 2316
f 2316 2241 4461
f 2241 471 4461
f 4461 471 2314
f 2317 1 4462
f 4462 1 1387
f 10 2318 1387
f 1387 2318 4462
f 2318 109 4462
f 4462 109 2319
f 78 2317 2319
f 2319 2317 4462
f 1 2317 1388
f 1388 2317 4463
f 2317 78 4463
f 4463 78 2320
f 686 2321 2320
f 2320 2321 4463
f 2321 60 4463
f 4463 60 1388
f 523 2244 2245
f 2245 2244 4464
f 2244 699 4464
f 4464 699 2322
f 698 2323 2322
f 2322 2323 4464
f 2323 524 4464
f 4464 524 2245
f 519 2246 2247
f 2247 2246 4465
f 2246 524 4465
f 4465 524 2324
f 525 2325 2324
f 2324 2325 4465
f 2325 520 4465
f 4465 520 2247
f 516 2248 2249
f 2249 2248 4466
f 2248 520 4466
f 4466 520 2326
f 521 2327 2326
f 2326 2327 4466
f 517 2249 2327
f 2327 2249 4466
f 2251 499 4467
f 4467 499 2250
f 517 2328 2250
f 2250 2328 4467
f 2328 518 4467
f 4467 518 2310
f 469 2251 2310
f 2310 2251 4467
f 347 2330 2329
f 2329 2330 4468
f 2330 24 4468
f 4468 24 1389
f 14 2253 1389
f 1389 2253 4468
f 2253 348 4468
f 4468 348 2329
f 159 2332 2331
f 2331 2332 4469
f 2332 348 4469
f 4469 348 2252
f 2252 349 4469
f 4469 349 2255
f 160 2331 2255
f 2255 2331 4469
f 2272 328 4470
f 4470 328 2333
f 160 2254 2333
f 2333 2254 4470
f 2254 371 4470
f 4470 371 2256
f 383 2272 2256
f 2256 2272 4470
f 2334 246 4471
f 4471 246 2257
f 344 2259 2257
f 2257 2259 4471
f 2259 345 4471
f 4471 345 2335
f 244 2334 2335
f 2335 2334 4471
f 345 2260 2336
f 2336 2260 4472
f 2260 28 4472
f 4472 28 1390
f 26 2337 1390
f 1390 2337 4472
f 2337 346 4472
f 4472 346 2336
f 246 2334 2261
f 2261 2334 4473
f 2334 244 4473
f 4473 244 2338
f 324 2339 2338
f 2338 2339 4473
f 2339 271 4473
f 4473 271 2261
f 271 2339 2262
f 2262 2339 4474
f 2339 324 4474
f 4474 324 2340
f 270 2341 2340
f 2340 2341 4474
f 2341 243 4474
f 4474 243 2262
f 294 2263 2264
f 2264 2263 4475
f 2263 243 4475
f 4475 243 2342
f 238 2343 2342
f 2342 2343 4475
f 2343 293 4475
f 4475 293 2264
f 293 2343 2266
f 2266 2343 4476
f 2343 238 4476
f 4476 238 2344
f 233 2267 2344
f 2344 2267 4476
f 2267 292 4476
f 4476 292 2266
f 233 2345 2268
f 2268 2345 4477
f 2345 268 4477
f 4477 268 2346
f 267 2269 2346
f 2346 2269 4477
f 2269 157 4477
f 4477 157 2268
f 267 2347 2270
f 2270 2347 4478
f 327 2348 2347
f 2347 2348 4478
f 2348 328 4478
f 4478 328 2271
f 2271 266 4478
f 4478 266 2270
f 2349 7 4479
f 4479 7 1391
f 5 2273 1391
f 1391 2273 4479
f 2273 99 4479
f 4479 99 2350
f 106 2349 2350
f 2350 2349 4479
f 2351 99 4480
f 4480 99 2274
f 596 2275 2274
f 2274 2275 4480
f 2275 595 4480
f 4480 595 2352
f 104 2351 2352
f 2352 2351 4480
f 2353 595 4481
f 4481 595 2276
f 603 2277 2276
f 2276 2277 4481
f 2277 602 4481
f 4481 602 2354
f 594 2353 2354
f 2354 2353 4481
f 2355 602 4482
f 4482 602 2278
f 95 2279 2278
f 2278 2279 4482
f 2279 98 4482
f 4482 98 2356
f 601 2355 2356
f 2356 2355 4482
f 2357 98 4483
f 4483 98 2280
f 94 2281 2280
f 2280 2281 4483
f 2281 97 4483
f 4483 97 2358
f 103 2357 2358
f 2358 2357 4483
f 2359 97 4484
f 4484 97 2282
f 82 2283 2282
f 2282 2283 4484
f 2283 81 4484
f 4484 81 2360
f 100 2359 2360
f 2360 2359 4484
f 2361 100 4485
f 4485 100 2360
f 81 2285 2360
f 2360 2285 4485
f 2285 80 4485
f 4485 80 2287
f 96 2361 2287
f 2287 2361 4485
f 88 2363 2362
f 2362 2363 4486
f 2363 101 4486
f 4486 101 2364
f 96 2286 2364
f 2364 2286 4486
f 2286 87 4486
f 4486 87 2362
f 662 2295 2289
f 2289 2295 4487
f 2295 661 4487
f 4487 661 2365
f 672 2366 2365
f 2365 2366 4487
f 2366 673 4487
f 4487 673 2289
f 668 2368 2367
f 2367 2368 4488
f 2368 88 4488
f 4488 88 2362
f 87 2290 2362
f 2362 2290 4488
f 2290 673 4488
f 4488 673 2367
f 2292 664 4489
f 4489 664 2369
f 2369 614 4489
f 4489 614 2370
f 615 2293 2370
f 2370 2293 4489
f 607 2292 2293
f 2293 2292 4489
f 615 2371 2294
f 2294 2371 4490
f 640 2372 2371
f 2371 2372 4490
f 2372 660 4490
f 4490 660 2373
f 661 2294 2373
f 2373 2294 4490
f 76 2374 2307
f 2307 2374 4491
f 2374 102 4491
f 4491 102 2375
f 70 2296 2375
f 2375 2296 4491
f 2296 75 4491
f 4491 75 2307
f 70 2376 2297
f 2297 2376 4492
f 2376 69 4492
f 4492 69 2377
f 462 2298 2377
f 2377 2298 4492
f 2298 460 4492
f 4492 460 2297
f 462 2378 2299
f 2299 2378 4493
f 456 2379 2378
f 2378 2379 4493
f 457 2300 2379
f 2379 2300 4493
f 2300 480 4493
f 4493 480 2299
f 2380 453 4494
f 4494 453 2301
f 457 2381 2301
f 2301 2381 4494
f 2381 652 4494
f 4494 652 2382
f 608 2380 2382
f 2382 2380 4494
f 2380 608 4495
f 4495 608 2383
f 2383 609 4495
f 4495 609 2384
f 610 2302 2384
f 2384 2302 4495
f 453 2380 2302
f 2302 2380 4495
f 610 2385 2303
f 2303 2385 4496
f 2385 643 4496
f 4496 643 2386
f 2386 642 4496
f 4496 642 2304
f 613 2303 2304
f 2304 2303 4496
f 664 2305 2387
f 2387 2305 4497
f 2305 642 4497
f 4497 642 2388
f 2388 658 4497
f 4497 658 2389
f 657 2387 2389
f 2389 2387 4497
f 484 2390 2309
f 2309 2390 4498
f 2390 74 4498
f 4498 74 2391
f 76 2306 2391
f 2391 2306 4498
f 2306 483 4498
f 4498 483 2309
f 528 2392 2316
f 2316 2392 4499
f 2392 485 4499
f 4499 485 2393
f 484 2308 2393
f 2393 2308 4499
f 2308 529 4499
f 4499 529 2316
f 2394 522 4500
f 4500 522 2395
f 513 2312 2395
f 2395 2312 4500
f 500 2311 2312
f 2312 2311 4500
f 2311 518 4500
f 4500 518 2394
f 2396 514 4501
f 4501 514 2397
f 2397 470 4501
f 4501 470 2314
f 2314 471 4501
f 4501 471 2313
f 513 2396 2313
f 2313 2396 4501
f 693 2399 2398
f 2398 2399 4502
f 2399 683 4502
f 4502 683 2400
f 528 2315 2400
f 2400 2315 4502
f 2315 470 4502
f 4502 470 2398
f 109 2318 2401
f 2401 2318 4503
f 2318 10 4503
f 4503 10 1392
f 9 2402 1392
f 1392 2402 4503
f 2402 108 4503
f 4503 108 2401
f 2403 78 4504
f 4504 78 2319
f 109 2404 2319
f 2319 2404 4504
f 2404 120 4504
f 4504 120 2405
f 71 2403 2405
f 2405 2403 4504
f 60 2321 1393
f 1393 2321 4505
f 2321 686 4505
f 4505 686 2407
f 692 2406 2407
f 2407 2406 4505
f 78 2403 2320
f 2320 2403 4506
f 2403 71 4506
f 4506 71 2408
f 680 2409 2408
f 2408 2409 4506
f 2409 686 4506
f 4506 686 2320
f 524 2323 2324
f 2324 2323 4507
f 2323 698 4507
f 4507 698 2410
f 697 2411 2410
f 2410 2411 4507
f 2411 525 4507
f 4507 525 2324
f 2325 525 4508
f 4508 525 2412
f 526 2413 2412
f 2412 2413 4508
f 2413 521 4508
f 4508 521 2326
f 520 2325 2326
f 2326 2325 4508
f 2327 521 4509
f 4509 521 2414
f 522 2394 2414
f 2414 2394 4509
f 518 2328 2394
f 2394 2328 4509
f 2328 517 4509
f 4509 517 2327
f 346 2337 2415
f 2415 2337 4510
f 2337 26 4510
f 4510 26 1394
f 24 2330 1394
f 1394 2330 4510
f 2330 347 4510
f 4510 347 2415
f 234 2417 2416
f 2416 2417 4511
f 2417 347 4511
f 4511 347 2329
f 348 2332 2329
f 2329 2332 4511
f 2332 159 4511
f 4511 159 2416
f 2348 327 4512
f 4512 327 2418
f 2418 159 4512
f 4512 159 2331
f 2331 160 4512
f 4512 160 2333
f 328 2348 2333
f 2333 2348 4512
f 244 2335 2419
f 2419 2335 4513
f 2335 345 4513
f 4513 345 2336
f 346 2420 2336
f 2336 2420 4513
f 2420 239 4513
f 4513 239 2419
f 2421 324 4514
f 4514 324 2338
f 2338 244 4514
f 4514 244 2419
f 239 2422 2419
f 2419 2422 4514
f 2422 325 4514
f 4514 325 2421
f 324 2421 2340
f 2340 2421 4515
f 2421 325 4515
f 4515 325 2423
f 2423 269 4515
f 4515 269 2424
f 2424 270 4515
f 4515 270 2340
f 243 2341 2342
f 2342 2341 4516
f 2341 270 4516
f 4516 270 2424
f 269 2425 2424
f 2424 2425 4516
f 2425 238 4516
f 4516 238 2342
f 2425 269 4517
f 4517 269 2426
f 268 2345 2426
f 2426 2345 4517
f 2345 233 4517
f 4517 233 2344
f 238 2425 2344
f 2344 2425 4517
f 268 2427 2346
f 2346 2427 4518
f 2427 326 4518
f 4518 326 2428
f 327 2347 2428
f 2428 2347 4518
f 2347 267 4518
f 4518 267 2346
f 2429 6 4519
f 4519 6 1395
f 7 2349 1395
f 1395 2349 4519
f 2349 106 4519
f 4519 106 2430
f 105 2429 2430
f 2430 2429 4519
f 2431 106 4520
f 4520 106 2350
f 99 2351 2350
f 2350 2351 4520
f 2351 104 4520
f 4520 104 2432
f 115 2431 2432
f 2432 2431 4520
f 2433 104 4521
f 4521 104 2352
f 595 2353 2352
f 2352 2353 4521
f 2353 594 4521
f 4521 594 2434
f 116 2433 2434
f 2434 2433 4521
f 2435 594 4522
f 4522 594 2354
f 602 2355 2354
f 2354 2355 4522
f 2355 601 4522
f 4522 601 2436
f 593 2435 2436
f 2436 2435 4522
f 2437 601 4523
f 4523 601 2356
f 98 2357 2356
f 2356 2357 4523
f 2357 103 4523
f 4523 103 2438
f 600 2437 2438
f 2438 2437 4523
f 2439 103 4524
f 4524 103 2358
f 97 2359 2358
f 2358 2359 4524
f 2359 100 4524
f 4524 100 2440
f 110 2439 2440
f 2440 2439 4524
f 2441 110 4525
f 4525 110 2440
f 100 2361 2440
f 2440 2361 4525
f 2361 96 4525
f 4525 96 2364
f 101 2441 2364
f 2364 2441 4525
f 597 2443 2442
f 2442 2443 4526
f 2443 598 4526
f 4526 598 2444
f 101 2363 2444
f 2444 2363 4526
f 2363 88 4526
f 4526 88 2442
f 2365 661 4527
f 4527 661 2373
f 660 2445 2373
f 2373 2445 4527
f 2445 671 4527
f 4527 671 2446
f 672 2365 2446
f 2446 2365 4527
f 673 2366 2367
f 2367 2366 4528
f 2366 672 4528
f 4528 672 2447
f 669 2448 2447
f 2447 2448 4528
f 2448 668 4528
f 4528 668 2367
f 622 2450 2449
f 2449 2450 4529
f 2450 597 4529
f 4529 597 2442
f 88 2368 2442
f 2442 2368 4529
f 2368 668 4529
f 4529 668 2449
f 614 2369 2451
f 2451 2369 4530
f 2369 664 4530
f 4530 664 2387
f 2387 657 4530
f 4530 657 2452
f 616 2451 2452
f 2452 2451 4530
f 614 2453 2370
f 2370 2453 4531
f 641 2454 2453
f 2453 2454 4531
f 2454 640 4531
f 4531 640 2371
f 2371 615 4531
f 4531 615 2370
f 2372 640 4532
f 4532 640 2455
f 638 2456 2455
f 2455 2456 4532
f 2456 667 4532
f 4532 667 2457
f 660 2372 2457
f 2457 2372 4532
f 2374 76 4533
f 4533 76 2391
f 74 2458 2391
f 2391 2458 4533
f 2458 113 4533
f 4533 113 2459
f 102 2374 2459
f 2459 2374 4533
f 102 2460 2375
f 2375 2460 4534
f 2460 112 4534
f 4534 112 2461
f 69 2376 2461
f 2461 2376 4534
f 2376 70 4534
f 4534 70 2375
f 69 2462 2377
f 2377 2462 4535
f 2462 63 4535
f 4535 63 2463
f 456 2378 2463
f 2463 2378 4535
f 2378 462 4535
f 4535 462 2377
f 2464 618 4536
f 4536 618 2465
f 652 2381 2465
f 2465 2381 4536
f 2381 457 4536
f 4536 457 2379
f 456 2464 2379
f 2379 2464 4536
f 652 2466 2382
f 2382 2466 4537
f 2466 653 4537
f 4537 653 2467
f 611 2468 2467
f 2467 2468 4537
f 2468 608 4537
f 4537 608 2382
f 608 2468 2383
f 2383 2468 4538
f 2468 611 4538
f 4538 611 2469
f 612 2470 2469
f 2469 2470 4538
f 609 2383 2470
f 2470 2383 4538
f 609 2471 2384
f 2384 2471 4539
f 2471 644 4539
f 4539 644 2472
f 2472 643 4539
f 4539 643 2385
f 2385 610 4539
f 4539 610 2384
f 643 2472 2386
f 2386 2472 4540
f 644 2473 2472
f 2472 2473 4540
f 658 2388 2473
f 2473 2388 4540
f 2388 642 4540
f 4540 642 2386
f 2474 657 4541
f 4541 657 2389
f 658 2473 2389
f 2389 2473 4541
f 2473 644 4541
f 4541 644 2475
f 645 2474 2475
f 2475 2474 4541
f 2390 484 4542
f 4542 484 2393
f 485 2476 2393
f 2393 2476 4542
f 2476 73 4542
f 4542 73 2477
f 74 2390 2477
f 2477 2390 4542
f 683 2478 2400
f 2400 2478 4543
f 2478 684 4543
f 4543 684 2479
f 485 2392 2479
f 2479 2392 4543
f 2392 528 4543
f 4543 528 2400
f 2480 527 4544
f 4544 527 2481
f 514 2396 2481
f 2481 2396 4544
f 2396 513 4544
f 4544 513 2395
f 522 2480 2395
f 2395 2480 4544
f 2482 694 4545
f 4545 694 2483
f 2483 693 4545
f 4545 693 2398
f 470 2397 2398
f 2398 2397 4545
f 514 2482 2397
f 2397 2482 4545
f 683 2399 2484
f 2485 11 4546
f 4546 11 1396
f 6 2429 1396
f 1396 2429 4546
f 2429 105 4546
f 4546 105 2486
f 117 2485 2486
f 2486 2485 4546
f 2487 8 4547
f 4547 8 1397
f 11 2485 1397
f 1397 2485 4547
f 2485 117 4547
f 4547 117 2488
f 107 2487 2488
f 2488 2487 4547
f 9 1398 2402
f 2402 1398 4548
f 1398 8 4548
f 4548 8 2487
f 2487 107 4548
f 4548 107 2489
f 108 2402 2489
f 2489 2402 4548
f 2404 109 4549
f 4549 109 2401
f 108 2490 2401
f 2401 2490 4549
f 2490 118 4549
f 4549 118 2491
f 120 2404 2491
f 2491 2404 4549
f 77 2493 2492
f 2492 2493 4550
f 2493 71 4550
f 4550 71 2405
f 120 2494 2405
f 2405 2494 4550
f 2494 132 4550
f 4550 132 2492
f 2495 692 4551
f 4551 692 2407
f 686 2409 2407
f 2407 2409 4551
f 2409 680 4551
f 4551 680 2496
f 691 2495 2496
f 2496 2495 4551
f 685 2498 2497
f 2497 2498 4552
f 2498 680 4552
f 4552 680 2408
f 71 2493 2408
f 2408 2493 4552
f 2493 77 4552
f 4552 77 2497
f 525 2411 2412
f 2412 2411 4553
f 2411 697 4553
f 4553 697 2499
f 696 2500 2499
f 2499 2500 4553
f 2500 526 4553
f 4553 526 2412
f 2413 526 4554
f 4554 526 2501
f 527 2480 2501
f 2501 2480 4554
f 2480 522 4554
f 4554 522 2414
f 521 2413 2414
f 2414 2413 4554
f 239 2420 2502
f 2502 2420 4555
f 2420 346 4555
f 4555 346 2415
f 347 2417 2415
f 2415 2417 4555
f 2417 234 4555
f 4555 234 2502
f 326 2503 2428
f 2428 2503 4556
f 2503 234 4556
f 4556 234 2416
f 159 2418 2416
f 2416 2418 4556
f 2418 327 4556
f 4556 327 2428
f 325 2422 2504
f 2504 2422 4557
f 2422 239 4557
f 4557 239 2502
f 234 2503 2502
f 2502 2503 4557
f 2503 326 4557
f 4557 326 2504
f 269 2423 2426
f 2426 2423 4558
f 2423 325 4558
f 4558 325 2504
f 326 2427 2504
f 2504 2427 4558
f 2427 268 4558
f 4558 268 2426
f 2505 105 4559
f 4559 105 2430
f 106 2431 2430
f 2430 2431 4559
f 2431 115 4559
f 4559 115 2506
f 114 2505 2506
f 2506 2505 4559
f 2507 115 4560
f 4560 115 2432
f 104 2433 2432
f 2432 2433 4560
f 2433 116 4560
f 4560 116 2508
f 127 2507 2508
f 2508 2507 4560
f 2509 116 4561
f 4561 116 2434
f 594 2435 2434
f 2434 2435 4561
f 2435 593 4561
f 4561 593 2510
f 128 2509 2510
f 2510 2509 4561
f 2511 593 4562
f 4562 593 2436
f 601 2437 2436
f 2436 2437 4562
f 2437 600 4562
f 4562 600 2512
f 592 2511 2512
f 2512 2511 4562
f 2513 600 4563
f 4563 600 2438
f 103 2439 2438
f 2438 2439 4563
f 2439 110 4563
f 4563 110 2514
f 599 2513 2514
f 2514 2513 4563
f 598 2515 2444
f 2444 2515 4564
f 2515 599 4564
f 4564 599 2514
f 110 2441 2514
f 2514 2441 4564
f 2441 101 4564
f 4564 101 2444
f 589 2517 2516
f 2516 2517 4565
f 2517 590 4565
f 4565 590 2518
f 598 2443 2518
f 2518 2443 4565
f 2443 597 4565
f 4565 597 2516
f 671 2445 2519
f 2519 2445 4566
f 2445 660 4566
f 4566 660 2457
f 2457 667 4566
f 4566 667 2520
f 665 2519 2520
f 2520 2519 4566
f 2447 672 4567
f 4567 672 2446
f 671 2521 2446
f 2446 2521 4567
f 2521 670 4567
f 4567 670 2522
f 2522 669 4567
f 4567 669 2447
f 668 2448 2449
f 2449 2448 4568
f 2448 669 4568
f 4568 669 2523
f 621 2524 2523
f 2523 2524 4568
f 2524 622 4568
f 4568 622 2449
f 2525 589 4569
f 4569 589 2516
f 597 2450 2516
f 2516 2450 4569
f 2450 622 4569
f 4569 622 2526
f 624 2525 2526
f 2526 2525 4569
f 616 2527 2451
f 2451 2527 4570
f 2527 617 4570
f 4570 617 2528
f 641 2453 2528
f 2528 2453 4570
f 2453 614 4570
f 4570 614 2451
f 657 2474 2452
f 2452 2474 4571
f 2474 645 4571
f 4571 645 2529
f 2529 646 4571
f 4571 646 2530
f 2530 616 4571
f 4571 616 2452
f 2454 641 4572
f 4572 641 2528
f 617 2531 2528
f 2528 2531 4572
f 2531 638 4572
f 4572 638 2455
f 640 2454 2455
f 2455 2454 4572
f 2532 659 4573
f 4573 659 2533
f 665 2520 2533
f 2533 2520 4573
f 667 2456 2520
f 2520 2456 4573
f 2456 638 4573
f 4573 638 2532
f 73 2534 2477
f 2477 2534 4574
f 2534 125 4574
f 4574 125 2535
f 113 2458 2535
f 2535 2458 4574
f 2458 74 4574
f 4574 74 2477
f 113 2536 2459
f 2459 2536 4575
f 2536 124 4575
f 4575 124 2537
f 112 2460 2537
f 2537 2460 4575
f 2460 102 4575
f 4575 102 2459
f 112 2538 2461
f 2461 2538 4576
f 64 2539 2538
f 2538 2539 4576
f 2539 63 4576
f 4576 63 2462
f 2462 69 4576
f 4576 69 2461
f 2539 64 4577
f 4577 64 2540
f 619 2541 2540
f 2540 2541 4577
f 2541 456 4577
f 4577 456 2463
f 63 2539 2463
f 2463 2539 4577
f 456 2541 2464
f 2464 2541 4578
f 2541 619 4578
f 4578 619 2542
f 620 2543 2542
f 2542 2543 4578
f 2543 618 4578
f 4578 618 2464
f 618 2543 2465
f 2465 2543 4579
f 2543 620 4579
f 4579 620 2544
f 653 2466 2544
f 2544 2466 4579
f 2466 652 4579
f 4579 652 2465
f 653 2545 2467
f 2467 2545 4580
f 2545 654 4580
f 4580 654 2546
f 634 2547 2546
f 2546 2547 4580
f 2547 611 4580
f 4580 611 2467
f 611 2547 2469
f 2469 2547 4581
f 2547 634 4581
f 4581 634 2548
f 632 2549 2548
f 2548 2549 4581
f 2549 612 4581
f 4581 612 2469
f 612 2550 2470
f 2470 2550 4582
f 2550 645 4582
f 4582 645 2475
f 644 2471 2475
f 2475 2471 4582
f 2471 609 4582
f 4582 609 2470
f 2476 485 4583
f 4583 485 2479
f 684 2551 2479
f 2479 2551 4583
f 2551 682 4583
f 4583 682 2552
f 73 2476 2552
f 2552 2476 4583
f 684 2478 2553
f 2553 2478 4584
f 2478 683 4584
f 4584 683 2484
f 527 2554 2481
f 2481 2554 4585
f 2554 695 4585
f 4585 695 2555
f 694 2482 2555
f 2555 2482 4585
f 2482 514 4585
f 4585 514 2481
f 2556 117 4586
f 4586 117 2486
f 105 2505 2486
f 2486 2505 4586
f 2505 114 4586
f 4586 114 2557
f 129 2556 2557
f 2557 2556 4586
f 2558 107 4587
f 4587 107 2488
f 117 2556 2488
f 2488 2556 4587
f 2556 129 4587
f 4587 129 2559
f 119 2558 2559
f 2559 2558 4587
f 118 2490 2560
f 2560 2490 4588
f 2490 108 4588
f 4588 108 2489
f 107 2558 2489
f 2489 2558 4588
f 2558 119 4588
f 4588 119 2560
f 2494 120 4589
f 4589 120 2491
f 118 2561 2491
f 2491 2561 4589
f 2561 131 4589
f 4589 131 2562
f 132 2494 2562
f 2562 2494 4589
f 79 2564 2563
f 2563 2564 4590
f 2564 77 4590
f 4590 77 2492
f 132 2565 2492
f 2492 2565 4590
f 2565 148 4590
f 4590 148 2563
f 2498 685 4591
f 4591 685 2566
f 690 2567 2566
f 2566 2567 4591
f 2567 691 4591
f 4591 691 2496
f 680 2498 2496
f 2496 2498 4591
f 687 2569 2568
f 2568 2569 4592
f 2569 685 4592
f 4592 685 2497
f 77 2564 2497
f 2497 2564 4592
f 2564 79 4592
f 4592 79 2568
f 526 2500 2501
f 2501 2500 4593
f 2500 696 4593
f 4593 696 2570
f 695 2554 2570
f 2570 2554 4593
f 2554 527 4593
f 4593 527 2501
f 2571 114 4594
f 4594 114 2506
f 115 2507 2506
f 2506 2507 4594
f 2507 127 4594
f 4594 127 2572
f 126 2571 2572
f 2572 2571 4594
f 2573 127 4595
f 4595 127 2508
f 116 2509 2508
f 2508 2509 4595
f 2509 128 4595
f 4595 128 2574
f 141 2573 2574
f 2574 2573 4595
f 2575 128 4596
f 4596 128 2510
f 593 2511 2510
f 2510 2511 4596
f 2511 592 4596
f 4596 592 2576
f 123 2575 2576
f 2576 2575 4596
f 2577 592 4597
f 4597 592 2512
f 600 2513 2512
f 2512 2513 4597
f 2513 599 4597
f 4597 599 2578
f 591 2577 2578
f 2578 2577 4597
f 2515 598 4598
f 4598 598 2518
f 590 2579 2518
f 2518 2579 4598
f 2579 591 4598
f 4598 591 2578
f 599 2515 2578
f 2578 2515 4598
f 67 2581 2580
f 2580 2581 4599
f 2581 111 4599
f 4599 111 2582
f 590 2517 2582
f 2582 2517 4599
f 2517 589 4599
f 4599 589 2580
f 666 2584 2583
f 2583 2584 4600
f 2584 670 4600
f 4600 670 2521
f 2521 671 4600
f 4600 671 2519
f 2519 665 4600
f 4600 665 2583
f 669 2522 2523
f 2523 2522 4601
f 2522 670 4601
f 4601 670 2585
f 631 2586 2585
f 2585 2586 4601
f 2586 621 4601
f 4601 621 2523
f 622 2524 2526
f 2526 2524 4602
f 2524 621 4602
f 4602 621 2587
f 623 2588 2587
f 2587 2588 4602
f 2588 624 4602
f 4602 624 2526
f 589 2525 2580
f 2580 2525 4603
f 2525 624 4603
f 4603 624 2589
f 626 2590 2589
f 2589 2590 4603
f 2590 67 4603
f 4603 67 2580
f 2527 616 4604
f 4604 616 2530
f 646 2591 2530
f 2530 2591 4604
f 2591 647 4604
f 4604 647 2592
f 617 2527 2592
f 2592 2527 4604
f 612 2549 2550
f 2550 2549 4605
f 2549 632 4605
f 4605 632 2593
f 646 2529 2593
f 2593 2529 4605
f 2529 645 4605
f 4605 645 2550
f 647 2594 2592
f 2592 2594 4606
f 2594 663 4606
f 4606 663 2595
f 638 2531 2595
f 2595 2531 4606
f 2531 617 4606
f 4606 617 2592
f 638 2595 2532
f 2532 2595 4607
f 2595 663 4607
f 4607 663 2596
f 637 2597 2596
f 2596 2597 4607
f 659 2532 2597
f 2597 2532 4607
f 659 2598 2533
f 2533 2598 4608
f 2598 639 4608
f 4608 639 2599
f 666 2583 2599
f 2599 2583 4608
f 2583 665 4608
f 4608 665 2533
f 73 2600 2534
f 2534 2600 4609
f 2600 72 4609
f 4609 72 2601
f 147 2602 2601
f 2601 2602 4609
f 125 2534 2602
f 2602 2534 4609
f 2536 113 4610
f 4610 113 2535
f 125 2603 2535
f 2535 2603 4610
f 2603 149 4610
f 4610 149 2604
f 124 2536 2604
f 2604 2536 4610
f 2605 112 4611
f 4611 112 2537
f 124 2606 2537
f 2537 2606 4611
f 2606 139 4611
f 4611 139 2607
f 138 2605 2607
f 2607 2605 4611
f 2608 64 4612
f 4612 64 2538
f 112 2605 2538
f 2538 2605 4612
f 2605 138 4612
f 4612 138 2609
f 65 2608 2609
f 2609 2608 4612
f 2608 65 4613
f 4613 65 2610
f 630 2611 2610
f 2610 2611 4613
f 2611 619 4613
f 4613 619 2540
f 64 2608 2540
f 2540 2608 4613
f 2611 630 4614
f 4614 630 2612
f 629 2613 2612
f 2612 2613 4614
f 2613 620 4614
f 4614 620 2542
f 619 2611 2542
f 2542 2611 4614
f 620 2613 2544
f 2544 2613 4615
f 2613 629 4615
f 4615 629 2614
f 654 2545 2614
f 2614 2545 4615
f 2545 653 4615
f 4615 653 2544
f 654 2615 2546
f 2546 2615 4616
f 2615 655 4616
f 4616 655 2616
f 635 2617 2616
f 2616 2617 4616
f 2617 634 4616
f 4616 634 2546
f 634 2617 2548
f 2548 2617 4617
f 2617 635 4617
f 4617 635 2618
f 633 2619 2618
f 2618 2619 4617
f 2619 632 4617
f 4617 632 2548
f 2551 684 4618
f 4618 684 2553
f 682 2551 2620
f 2620 2551 4618
f 2621 681 4619
f 4619 681 2622
f 72 2600 2622
f 2622 2600 4619
f 2600 73 4619
f 4619 73 2552
f 682 2621 2552
f 2552 2621 4619
f 2623 129 4620
f 4620 129 2557
f 114 2571 2557
f 2557 2571 4620
f 2571 126 4620
f 4620 126 2624
f 142 2623 2624
f 2624 2623 4620
f 130 2626 2625
f 2625 2626 4621
f 2626 119 4621
f 4621 119 2559
f 129 2623 2559
f 2559 2623 4621
f 2623 142 4621
f 4621 142 2625
f 2561 118 4622
f 4622 118 2560
f 119 2626 2560
f 2560 2626 4622
f 2626 130 4622
f 4622 130 2627
f 131 2561 2627
f 2627 2561 4622
f 148 2565 2628
f 2628 2565 4623
f 2565 132 4623
f 4623 132 2562
f 131 2629 2562
f 2562 2629 4623
f 2629 143 4623
f 4623 143 2628
f 72 2630 2601
f 2601 2630 4624
f 2630 79 4624
f 4624 79 2563
f 148 2631 2563
f 2563 2631 4624
f 2631 147 4624
f 4624 147 2601
f 2632 690 4625
f 4625 690 2566
f 685 2569 2566
f 2566 2569 4625
f 2569 687 4625
f 4625 687 2633
f 689 2632 2633
f 2633 2632 4625
f 2634 687 4626
f 4626 687 2568
f 79 2630 2568
f 2568 2630 4626
f 2630 72 4626
f 4626 72 2622
f 681 2634 2622
f 2622 2634 4626
f 2635 126 4627
f 4627 126 2572
f 127 2573 2572
f 2572 2573 4627
f 2573 141 4627
f 4627 141 2636
f 140 2635 2636
f 2636 2635 4627
f 2637 141 4628
f 4628 141 2574
f 128 2575 2574
f 2574 2575 4628
f 2575 123 4628
f 4628 123 2638
f 134 2637 2638
f 2638 2637 4628
f 2639 123 4629
f 4629 123 2576
f 592 2577 2576
f 2576 2577 4629
f 2577 591 4629
f 4629 591 2640
f 122 2639 2640
f 2640 2639 4629
f 2579 590 4630
f 4630 590 2582
f 111 2641 2582
f 2582 2641 4630
f 2641 122 4630
f 4630 122 2640
f 591 2579 2640
f 2640 2579 4630
f 66 2643 2642
f 2642 2643 4631
f 2643 121 4631
f 4631 121 2644
f 111 2581 2644
f 2644 2581 4631
f 2581 67 4631
f 4631 67 2642
f 639 2645 2599
f 2599 2645 4632
f 2645 631 4632
f 4632 631 2585
f 670 2584 2585
f 2585 2584 4632
f 2584 666 4632
f 4632 666 2599
f 621 2586 2587
f 2587 2586 4633
f 2586 631 4633
f 4633 631 2646
f 648 2647 2646
f 2646 2647 4633
f 2647 623 4633
f 4633 623 2587
f 624 2588 2589
f 2589 2588 4634
f 2588 623 4634
f 4634 623 2648
f 625 2649 2648
f 2648 2649 4634
f 2649 626 4634
f 4634 626 2589
f 67 2590 2642
f 2642 2590 4635
f 2590 626 4635
f 4635 626 2650
f 628 2651 2650
f 2650 2651 4635
f 2651 66 4635
f 4635 66 2642
f 2591 646 4636
f 4636 646 2593
f 632 2619 2593
f 2593 2619 4636
f 2619 633 4636
f 4636 633 2652
f 647 2591 2652
f 2652 2591 4636
f 2594 647 4637
f 4637 647 2652
f 633 2653 2652
f 2652 2653 4637
f 2653 637 4637
f 4637 637 2596
f 663 2594 2596
f 2596 2594 4637
f 2598 659 4638
f 4638 659 2597
f 637 2654 2597
f 2597 2654 4638
f 2654 636 4638
f 4638 636 2655
f 639 2598 2655
f 2655 2598 4638
f 2603 125 4639
f 4639 125 2602
f 147 2656 2602
f 2602 2656 4639
f 2656 146 4639
f 4639 146 2657
f 149 2603 2657
f 2657 2603 4639
f 2606 124 4640
f 4640 124 2604
f 149 2658 2604
f 2604 2658 4640
f 2658 150 4640
f 4640 150 2659
f 139 2606 2659
f 2659 2606 4640
f 138 2607 2660
f 2660 2607 4641
f 139 2661 2607
f 2607 2661 4641
f 136 2662 2661
f 2661 2662 4641
f 2662 137 4641
f 4641 137 2660
f 65 2609 2663
f 2663 2609 4642
f 2609 138 4642
f 4642 138 2660
f 137 2664 2660
f 2660 2664 4642
f 2664 68 4642
f 4642 68 2663
f 65 2663 2610
f 2610 2663 4643
f 68 2665 2663
f 2663 2665 4643
f 651 2666 2665
f 2665 2666 4643
f 2666 630 4643
f 4643 630 2610
f 2666 651 4644
f 4644 651 2667
f 650 2668 2667
f 2667 2668 4644
f 2668 629 4644
f 4644 629 2612
f 630 2666 2612
f 2612 2666 4644
f 2668 650 4645
f 4645 650 2669
f 655 2615 2669
f 2669 2615 4645
f 2615 654 4645
f 4645 654 2614
f 629 2668 2614
f 2614 2668 4645
f 2670 656 4646
f 4646 656 2671
f 636 2672 2671
f 2671 2672 4646
f 2672 635 4646
f 4646 635 2616
f 655 2670 2616
f 2616 2670 4646
f 635 2672 2618
f 2618 2672 4647
f 2672 636 4647
f 4647 636 2654
f 637 2653 2654
f 2654 2653 4647
f 2653 633 4647
f 4647 633 2618
f 2673 688 4648
f 4648 688 2674
f 681 2621 2674
f 2674 2621 4648
f 2621 682 4648
f 4648 682 2620
f 2620 2673 4648
f 145 2676 2675
f 2675 2676 4649
f 2676 142 4649
f 4649 142 2624
f 126 2635 2624
f 2624 2635 4649
f 2635 140 4649
f 4649 140 2675
f 2677 130 4650
f 4650 130 2625
f 142 2676 2625
f 2625 2676 4650
f 2676 145 4650
f 4650 145 2678
f 144 2677 2678
f 2678 2677 4650
f 2629 131 4651
f 4651 131 2627
f 130 2677 2627
f 2627 2677 4651
f 2677 144 4651
f 4651 144 2679
f 143 2629 2679
f 2679 2629 4651
f 147 2631 2656
f 2656 2631 4652
f 2631 148 4652
f 4652 148 2628
f 2628 143 4652
f 4652 143 2680
f 146 2656 2680
f 2680 2656 4652
f 2681 689 4653
f 4653 689 2633
f 687 2634 2633
f 2633 2634 4653
f 2634 681 4653
f 4653 681 2674
f 688 2681 2674
f 2674 2681 4653
f 133 2683 2682
f 2682 2683 4654
f 2683 140 4654
f 4654 140 2636
f 141 2637 2636
f 2636 2637 4654
f 2637 134 4654
f 4654 134 2682
f 135 2685 2684
f 2684 2685 4655
f 2685 134 4655
f 4655 134 2638
f 123 2639 2638
f 2638 2639 4655
f 2639 122 4655
f 4655 122 2684
f 121 2686 2644
f 2644 2686 4656
f 2686 135 4656
f 4656 135 2684
f 122 2641 2684
f 2684 2641 4656
f 2641 111 4656
f 4656 111 2644
f 68 2664 2687
f 2687 2664 4657
f 2664 137 4657
f 4657 137 2688
f 121 2643 2688
f 2688 2643 4657
f 2643 66 4657
f 4657 66 2687
f 631 2645 2646
f 2646 2645 4658
f 2645 639 4658
f 4658 639 2689
f 649 2690 2689
f 2689 2690 4658
f 2690 648 4658
f 4658 648 2646
f 623 2647 2648
f 2648 2647 4659
f 2647 648 4659
f 4659 648 2690
f 649 2691 2690
f 2690 2691 4659
f 2691 625 4659
f 4659 625 2648
f 626 2649 2650
f 2650 2649 4660
f 2649 625 4660
f 4660 625 2692
f 627 2693 2692
f 2692 2693 4660
f 2693 628 4660
f 4660 628 2650
f 66 2651 2687
f 2687 2651 4661
f 628 2694 2651
f 2651 2694 4661
f 2694 651 4661
f 4661 651 2665
f 2665 68 4661
f 4661 68 2687
f 2695 649 4662
f 4662 649 2689
f 639 2655 2689
f 2689 2655 4662
f 2655 636 4662
f 4662 636 2671
f 656 2695 2671
f 2671 2695 4662
f 2658 149 4663
f 4663 149 2657
f 146 2696 2657
f 2657 2696 4663
f 2696 145 4663
f 4663 145 2697
f 150 2658 2697
f 2697 2658 4663
f 2661 139 4664
f 4664 139 2659
f 150 2698 2659
f 2659 2698 4664
f 133 2699 2698
f 2698 2699 4664
f 2699 136 4664
f 4664 136 2661
f 137 2662 2688
f 2688 2662 4665
f 2662 136 4665
f 4665 136 2700
f 135 2686 2700
f 2700 2686 4665
f 2686 121 4665
f 4665 121 2688
f 651 2694 2667
f 2667 2694 4666
f 2694 628 4666
f 4666 628 2693
f 627 2701 2693
f 2693 2701 4666
f 2701 650 4666
f 4666 650 2667
f 2701 627 4667
f 4667 627 2702
f 656 2670 2702
f 2702 2670 4667
f 2670 655 4667
f 4667 655 2669
f 650 2701 2669
f 2669 2701 4667
f 150 2697 2698
f 2698 2697 4668
f 2697 145 4668
f 4668 145 2675
f 140 2683 2675
f 2675 2683 4668
f 2683 133 4668
f 4668 133 2698
f 2696 146 4669
f 4669 146 2680
f 143 2679 2680
f 2680 2679 4669
f 2679 144 4669
f 4669 144 2678
f 145 2696 2678
f 2678 2696 4669
f 136 2699 2700
f 2700 2699 4670
f 2699 133 4670
f 4670 133 2682
f 134 2685 2682
f 2682 2685 4670
f 2685 135 4670
f 4670 135 2700
f 627 2692 2702
f 2702 2692 4671
f 625 2691 2692
f 2692 2691 4671
f 649 2695 2691
f 2691 2695 4671
f 2695 656 4671
f 4671 656 2702
f 2705 1085 4672
f 4672 1085 2704
f 1025 2703 2704
f 2704 2703 4672
f 2703 42 4672
f 4672 42 1338
f 50 2705 1338
f 1338 2705 4672
f 2703 1025 4673
f 4673 1025 2707
f 2707 1051 4673
f 4673 1051 2706
f 46 1339 2706
f 2706 1339 4673
f 1339 42 4673
f 4673 42 2703
f 2705 50 4674
f 4674 50 1340
f 41 2709 1340
f 1340 2709 4674
f 2709 1022 4674
f 4674 1022 2708
f 1085 2705 2708
f 2708 2705 4674
f 2712 1023 4675
f 4675 1023 2711
f 1026 2710 2711
f 2711 2710 4675
f 2710 1025 4675
f 4675 1025 2704
f 1085 2712 2704
f 2704 2712 4675
f 2714 1072 4676
f 4676 1072 2713
f 48 1341 2713
f 2713 1341 4676
f 1341 46 4676
f 4676 46 2706
f 1051 2714 2706
f 2706 2714 4676
f 2716 1031 4677
f 4677 1031 2715
f 2715 1051 4677
f 4677 1051 2707
f 1025 2710 2707
f 2707 2710 4677
f 1026 2716 2710
f 2710 2716 4677
f 1022 2709 2718
f 2718 2709 4678
f 41 1342 2709
f 2709 1342 4678
f 1342 21 4678
f 4678 21 2717
f 820 2718 2717
f 2717 2718 4678
f 2721 1085 4679
f 4679 1085 2708
f 1022 2720 2708
f 2708 2720 4679
f 2720 1088 4679
f 4679 1088 2719
f 1089 2721 2719
f 2719 2721 4679
f 2724 802 4680
f 4680 802 2723
f 1026 2711 2723
f 2723 2711 4680
f 2711 1023 4680
f 4680 1023 2722
f 1008 2724 2722
f 2722 2724 4680
f 2726 1023 4681
f 4681 1023 2712
f 1085 2721 2712
f 2712 2721 4681
f 2721 1089 4681
f 4681 1089 2725
f 1024 2726 2725
f 2725 2726 4681
f 889 2728 2729
f 2729 2728 4682
f 2728 1011 4682
f 4682 1011 2727
f 40 1343 2727
f 2727 1343 4682
f 1343 35 4682
f 4682 35 2729
f 887 2730 2731
f 2731 2730 4683
f 2730 889 4683
f 4683 889 2729
f 35 1344 2729
f 2729 1344 4683
f 1344 33 4683
f 4683 33 2731
f 2733 1047 4684
f 4684 1047 2732
f 44 1345 2732
f 2732 1345 4684
f 1345 48 4684
f 4684 48 2713
f 1072 2733 2713
f 2713 2733 4684
f 2735 1071 4685
f 4685 1071 2734
f 1072 2714 2734
f 2734 2714 4685
f 2714 1051 4685
f 4685 1051 2715
f 1031 2735 2715
f 2715 2735 4685
f 2737 801 4686
f 4686 801 2736
f 1031 2716 2736
f 2736 2716 4686
f 2716 1026 4686
f 4686 1026 2723
f 802 2737 2723
f 2723 2737 4686
f 820 2717 2739
f 2739 2717 4687
f 2717 21 4687
f 4687 21 1346
f 1346 18 4687
f 4687 18 2738
f 816 2739 2738
f 2738 2739 4687
f 820 2741 2718
f 2718 2741 4688
f 821 2740 2741
f 2741 2740 4688
f 1088 2720 2740
f 2740 2720 4688
f 2720 1022 4688
f 4688 1022 2718
f 2744 1089 4689
f 4689 1089 2719
f 1088 2743 2719
f 2719 2743 4689
f 2743 1087 4689
f 4689 1087 2742
f 1086 2744 2742
f 2742 2744 4689
f 844 2745 2746
f 2746 2745 4690
f 2745 1008 4690
f 4690 1008 2722
f 1023 2726 2722
f 2722 2726 4690
f 2726 1024 4690
f 4690 1024 2746
f 2749 804 4691
f 4691 804 2748
f 802 2724 2748
f 2748 2724 4691
f 2724 1008 4691
f 4691 1008 2747
f 1007 2749 2747
f 2747 2749 4691
f 2751 1024 4692
f 4692 1024 2725
f 1089 2744 2725
f 2725 2744 4692
f 2744 1086 4692
f 4692 1086 2750
f 825 2751 2750
f 2750 2751 4692
f 2753 790 4693
f 4693 790 2752
f 12 1347 2752
f 2752 1347 4693
f 1347 40 4693
f 4693 40 2727
f 1011 2753 2727
f 2727 2753 4693
f 1012 2755 2756
f 2756 2755 4694
f 1011 2728 2755
f 2755 2728 4694
f 889 2754 2728
f 2728 2754 4694
f 890 2756 2754
f 2754 2756 4694
f 2731 33 4695
f 4695 33 1348
f 45 2758 1348
f 1348 2758 4695
f 2758 1048 4695
f 4695 1048 2757
f 887 2731 2757
f 2757 2731 4695
f 2760 891 4696
f 4696 891 2759
f 890 2754 2759
f 2759 2754 4696
f 2754 889 4696
f 4696 889 2730
f 887 2760 2730
f 2730 2760 4696
f 1047 2762 2732
f 2732 2762 4697
f 2762 888 4697
f 4697 888 2761
f 34 1349 2761
f 2761 1349 4697
f 1349 44 4697
f 4697 44 2732
f 1071 2764 2734
f 2734 2764 4698
f 2764 1052 4698
f 4698 1052 2763
f 1047 2733 2763
f 2763 2733 4698
f 2733 1072 4698
f 4698 1072 2734
f 2735 1031 4699
f 4699 1031 2767
f 1030 2766 2767
f 2767 2766 4699
f 2766 1070 4699
f 4699 1070 2765
f 1071 2735 2765
f 2765 2735 4699
f 2736 801 4700
f 4700 801 2769
f 892 2768 2769
f 2769 2768 4700
f 2768 1030 4700
f 4700 1030 2767
f 1031 2736 2767
f 2767 2736 4700
f 804 2771 2748
f 2748 2771 4701
f 803 2770 2771
f 2771 2770 4701
f 2770 801 4701
f 4701 801 2737
f 2737 802 4701
f 4701 802 2748
f 2773 816 4702
f 4702 816 2738
f 18 1350 2738
f 2738 1350 4702
f 1350 49 4702
f 4702 49 2772
f 1073 2773 2772
f 2772 2773 4702
f 2776 1002 4703
f 4703 1002 2775
f 820 2739 2775
f 2775 2739 4703
f 2739 816 4703
f 4703 816 2774
f 815 2776 2774
f 2774 2776 4703
f 2740 821 4704
f 4704 821 2778
f 980 2777 2778
f 2778 2777 4704
f 2777 1087 4704
f 4704 1087 2743
f 1088 2740 2743
f 2743 2740 4704
f 1002 2780 2775
f 2775 2780 4705
f 823 2779 2780
f 2780 2779 4705
f 2779 821 4705
f 4705 821 2741
f 820 2775 2741
f 2741 2775 4705
f 1222 2782 2783
f 2783 2782 4706
f 2782 1086 4706
f 4706 1086 2742
f 1087 2781 2742
f 2742 2781 4706
f 2781 824 4706
f 4706 824 2783
f 2785 1007 4707
f 4707 1007 2747
f 1008 2745 2747
f 2747 2745 4707
f 2745 844 4707
f 4707 844 2784
f 845 2785 2784
f 2784 2785 4707
f 2787 844 4708
f 4708 844 2746
f 1024 2751 2746
f 2746 2751 4708
f 2751 825 4708
f 4708 825 2786
f 827 2787 2786
f 2786 2787 4708
f 1006 2789 2790
f 2790 2789 4709
f 2789 950 4709
f 4709 950 2788
f 804 2749 2788
f 2788 2749 4709
f 2749 1007 4709
f 4709 1007 2790
f 1079 2792 2793
f 2793 2792 4710
f 2792 825 4710
f 4710 825 2750
f 1086 2791 2750
f 2750 2791 4710
f 2791 979 4710
f 4710 979 2793
f 790 2795 2752
f 2752 2795 4711
f 789 2794 2795
f 2795 2794 4711
f 2794 13 4711
f 4711 13 1351
f 1351 12 4711
f 4711 12 2752
f 2755 1012 4712
f 4712 1012 2797
f 895 2796 2797
f 2797 2796 4712
f 2796 790 4712
f 4712 790 2753
f 1011 2755 2753
f 2753 2755 4712
f 890 2800 2756
f 2756 2800 4713
f 2800 948 4713
f 4713 948 2799
f 1013 2798 2799
f 2799 2798 4713
f 2798 1012 4713
f 4713 1012 2756
f 888 2801 2761
f 2761 2801 4714
f 1048 2758 2801
f 2801 2758 4714
f 2758 45 4714
f 4714 45 1352
f 1352 34 4714
f 4714 34 2761
f 2804 887 4715
f 4715 887 2757
f 1048 2803 2757
f 2757 2803 4715
f 2803 1049 4715
f 4715 1049 2802
f 939 2804 2802
f 2802 2804 4715
f 1043 2806 2807
f 2807 2806 4716
f 890 2759 2806
f 2806 2759 4716
f 891 2805 2759
f 2759 2805 4716
f 2805 1044 4716
f 4716 1044 2807
f 887 2804 2760
f 2760 2804 4717
f 2804 939 4717
f 4717 939 2809
f 2809 940 4717
f 4717 940 2808
f 891 2760 2808
f 2808 2760 4717
f 1052 2811 2763
f 2763 2811 4718
f 2811 1053 4718
f 4718 1053 2810
f 888 2762 2810
f 2810 2762 4718
f 2762 1047 4718
f 4718 1047 2763
f 2765 1070 4719
f 4719 1070 2813
f 2813 1046 4719
f 4719 1046 2812
f 1052 2764 2812
f 2812 2764 4719
f 2764 1071 4719
f 4719 1071 2765
f 2766 1030 4720
f 4720 1030 2768
f 2768 892 4720
f 4720 892 2815
f 1069 2814 2815
f 2815 2814 4720
f 2814 1070 4720
f 4720 1070 2766
f 803 2817 2770
f 2770 2817 4721
f 2817 894 4721
f 4721 894 2816
f 2816 892 4721
f 4721 892 2769
f 801 2770 2769
f 2769 2770 4721
f 950 2819 2788
f 2788 2819 4722
f 2819 949 4722
f 4722 949 2818
f 803 2771 2818
f 2818 2771 4722
f 2771 804 4722
f 4722 804 2788
f 2821 1073 4723
f 4723 1073 2772
f 49 1353 2772
f 2772 1353 4723
f 1353 19 4723
f 4723 19 2820
f 813 2821 2820
f 2820 2821 4723
f 2823 815 4724
f 4724 815 2774
f 816 2773 2774
f 2774 2773 4724
f 2773 1073 4724
f 4724 1073 2822
f 1074 2823 2822
f 2822 2823 4724
f 819 2825 2826
f 2826 2825 4725
f 2825 996 4725
f 4725 996 2824
f 1002 2776 2824
f 2824 2776 4725
f 2776 815 4725
f 4725 815 2826
f 1221 2827 2828
f 2828 2827 4726
f 824 2781 2827
f 2827 2781 4726
f 2781 1087 4726
f 4726 1087 2777
f 2777 980 4726
f 4726 980 2828
f 823 2830 2779
f 2779 2830 4727
f 2830 972 4727
f 4727 972 2829
f 2829 980 4727
f 4727 980 2778
f 821 2779 2778
f 2778 2779 4727
f 996 2832 2824
f 2824 2832 4728
f 2832 836 4728
f 4728 836 2831
f 823 2780 2831
f 2831 2780 4728
f 2780 1002 4728
f 4728 1002 2824
f 826 2833 2834
f 2834 2833 4729
f 2833 979 4729
f 4729 979 2791
f 1086 2782 2791
f 2791 2782 4729
f 2782 1222 4729
f 4729 1222 2834
f 824 2837 2783
f 2783 2837 4730
f 2837 1174 4730
f 4730 1174 2836
f 1226 2835 2836
f 2836 2835 4730
f 2835 1222 4730
f 4730 1222 2783
f 829 2838 2839
f 2839 2838 4731
f 2838 845 4731
f 4731 845 2784
f 844 2787 2784
f 2784 2787 4731
f 2787 827 4731
f 4731 827 2839
f 2841 1006 4732
f 4732 1006 2790
f 1007 2785 2790
f 2790 2785 4732
f 2785 845 4732
f 4732 845 2840
f 951 2841 2840
f 2840 2841 4732
f 2843 827 4733
f 4733 827 2786
f 825 2792 2786
f 2786 2792 4733
f 2792 1079 4733
f 4733 1079 2842
f 1080 2843 2842
f 2842 2843 4733
f 1005 2845 2846
f 2846 2845 4734
f 2845 806 4734
f 4734 806 2844
f 950 2789 2844
f 2844 2789 4734
f 2789 1006 4734
f 4734 1006 2846
f 2842 1079 4735
f 4735 1079 2793
f 979 2848 2793
f 2793 2848 4735
f 2848 978 4735
f 4735 978 2847
f 1080 2842 2847
f 2847 2842 4735
f 2794 789 4736
f 4736 789 2850
f 868 2849 2850
f 2850 2849 4736
f 2849 23 4736
f 4736 23 1354
f 13 2794 1354
f 1354 2794 4736
f 2796 895 4737
f 4737 895 2852
f 896 2851 2852
f 2852 2851 4737
f 2851 789 4737
f 4737 789 2795
f 790 2796 2795
f 2795 2796 4737
f 2798 1013 4738
f 4738 1013 2854
f 947 2853 2854
f 2854 2853 4738
f 2853 895 4738
f 4738 895 2797
f 1012 2798 2797
f 2797 2798 4738
f 911 2856 2857
f 2857 2856 4739
f 2856 1014 4739
f 4739 1014 2855
f 2855 1013 4739
f 4739 1013 2799
f 948 2857 2799
f 2799 2857 4739
f 2859 1042 4740
f 4740 1042 2858
f 948 2800 2858
f 2858 2800 4740
f 890 2806 2800
f 2800 2806 4740
f 2806 1043 4740
f 4740 1043 2859
f 2861 942 4741
f 4741 942 2860
f 2860 1049 4741
f 4741 1049 2803
f 2803 1048 4741
f 4741 1048 2801
f 888 2861 2801
f 2801 2861 4741
f 2802 1049 4742
f 4742 1049 2864
f 2864 1050 4742
f 4742 1050 2863
f 935 2862 2863
f 2863 2862 4742
f 939 2802 2862
f 2862 2802 4742
f 2867 1044 4743
f 4743 1044 2805
f 891 2866 2805
f 2805 2866 4743
f 893 2865 2866
f 2866 2865 4743
f 2865 1045 4743
f 4743 1045 2867
f 2870 1067 4744
f 4744 1067 2869
f 2869 1043 4744
f 4744 1043 2807
f 1044 2868 2807
f 2807 2868 4744
f 1068 2870 2868
f 2868 2870 4744
f 891 2808 2866
f 2866 2808 4745
f 940 2872 2808
f 2808 2872 4745
f 2872 941 4745
f 4745 941 2871
f 2871 893 4745
f 4745 893 2866
f 2809 939 4746
f 4746 939 2862
f 2862 935 4746
f 4746 935 2874
f 937 2873 2874
f 2874 2873 4746
f 2873 940 4746
f 4746 940 2809
f 888 2810 2861
f 2861 2810 4747
f 2810 1053 4747
f 4747 1053 2876
f 2876 1054 4747
f 4747 1054 2875
f 942 2861 2875
f 2875 2861 4747
f 1046 2878 2812
f 2812 2878 4748
f 1029 2877 2878
f 2878 2877 4748
f 2877 1053 4748
f 4748 1053 2811
f 1052 2812 2811
f 2811 2812 4748
f 1070 2814 2813
f 2813 2814 4749
f 2814 1069 4749
f 4749 1069 2880
f 2880 1045 4749
f 4749 1045 2879
f 1046 2813 2879
f 2879 2813 4749
f 2816 894 4750
f 4750 894 2882
f 1068 2881 2882
f 2882 2881 4750
f 2881 1069 4750
f 4750 1069 2815
f 892 2816 2815
f 2815 2816 4750
f 1067 2870 2883
f 2883 2870 4751
f 2870 1068 4751
f 4751 1068 2882
f 894 2817 2882
f 2882 2817 4751
f 2817 803 4751
f 4751 803 2883
f 803 2818 2883
f 2883 2818 4752
f 949 2885 2818
f 2818 2885 4752
f 2885 1066 4752
f 4752 1066 2884
f 2884 1067 4752
f 4752 1067 2883
f 806 2887 2844
f 2844 2887 4753
f 2887 805 4753
f 4753 805 2886
f 949 2819 2886
f 2886 2819 4753
f 2819 950 4753
f 4753 950 2844
f 2889 813 4754
f 4754 813 2820
f 19 1355 2820
f 2820 1355 4754
f 20 2888 1355
f 1355 2888 4754
f 818 2889 2888
f 2888 2889 4754
f 2891 1074 4755
f 4755 1074 2822
f 1073 2821 2822
f 2822 2821 4755
f 2821 813 4755
f 4755 813 2890
f 814 2891 2890
f 2890 2891 4755
f 2893 819 4756
f 4756 819 2826
f 815 2823 2826
f 2826 2823 4756
f 2823 1074 4756
f 4756 1074 2892
f 1075 2893 2892
f 2892 2893 4756
f 863 2895 2896
f 2896 2895 4757
f 2895 997 4757
f 4757 997 2894
f 996 2825 2894
f 2894 2825 4757
f 2825 819 4757
f 4757 819 2896
f 2827 1221 4758
f 4758 1221 2898
f 1223 2897 2898
f 2898 2897 4758
f 2897 1174 4758
f 4758 1174 2837
f 2837 824 4758
f 4758 824 2827
f 972 2900 2829
f 2829 2900 4759
f 2900 822 4759
f 4759 822 2899
f 2899 1221 4759
f 4759 1221 2828
f 980 2829 2828
f 2828 2829 4759
f 836 2902 2831
f 2831 2902 4760
f 2902 973 4760
f 4760 973 2901
f 972 2830 2901
f 2901 2830 4760
f 2830 823 4760
f 4760 823 2831
f 997 2904 2894
f 2894 2904 4761
f 2904 838 4761
f 4761 838 2903
f 836 2832 2903
f 2903 2832 4761
f 2832 996 4761
f 4761 996 2894
f 979 2833 2848
f 2848 2833 4762
f 2833 826 4762
f 4762 826 2906
f 2906 828 4762
f 4762 828 2905
f 978 2848 2905
f 2905 2848 4762
f 1222 2835 2834
f 2834 2835 4763
f 2835 1226 4763
f 4763 1226 2908
f 1176 2907 2908
f 2908 2907 4763
f 2907 826 4763
f 4763 826 2834
f 1174 2911 2836
f 2836 2911 4764
f 2911 1184 4764
f 4764 1184 2910
f 1225 2909 2910
f 2910 2909 4764
f 2909 1226 4764
f 4764 1226 2836
f 2913 951 4765
f 4765 951 2840
f 845 2838 2840
f 2840 2838 4765
f 2838 829 4765
f 4765 829 2912
f 952 2913 2912
f 2912 2913 4765
f 827 2843 2839
f 2839 2843 4766
f 1080 2915 2843
f 2843 2915 4766
f 2915 1081 4766
f 4766 1081 2914
f 829 2839 2914
f 2914 2839 4766
f 846 2916 2917
f 2917 2916 4767
f 2916 1005 4767
f 4767 1005 2846
f 1006 2841 2846
f 2846 2841 4767
f 2841 951 4767
f 4767 951 2917
f 1004 2919 2920
f 2920 2919 4768
f 2919 808 4768
f 4768 808 2918
f 806 2845 2918
f 2918 2845 4768
f 2845 1005 4768
f 4768 1005 2920
f 2915 1080 4769
f 4769 1080 2847
f 978 2922 2847
f 2847 2922 4769
f 2922 977 4769
f 4769 977 2921
f 1081 2915 2921
f 2921 2915 4769
f 2849 868 4770
f 4770 868 2924
f 873 2923 2924
f 2924 2923 4770
f 2923 25 4770
f 4770 25 1356
f 23 2849 1356
f 1356 2849 4770
f 2851 896 4771
f 4771 896 2926
f 897 2925 2926
f 2926 2925 4771
f 2925 868 4771
f 4771 868 2850
f 789 2851 2850
f 2850 2851 4771
f 2853 947 4772
f 4772 947 2928
f 946 2927 2928
f 2928 2927 4772
f 2927 896 4772
f 4772 896 2852
f 895 2853 2852
f 2852 2853 4772
f 1013 2855 2854
f 2854 2855 4773
f 1014 2930 2855
f 2855 2930 4773
f 2930 792 4773
f 4773 792 2929
f 2929 947 4773
f 4773 947 2854
f 924 2932 2933
f 2933 2932 4774
f 2932 1015 4774
f 4774 1015 2931
f 1014 2856 2931
f 2931 2856 4774
f 2856 911 4774
f 4774 911 2933
f 1041 2934 2935
f 2935 2934 4775
f 2934 911 4775
f 4775 911 2857
f 948 2858 2857
f 2857 2858 4775
f 2858 1042 4775
f 4775 1042 2935
f 1066 2936 2884
f 2884 2936 4776
f 2936 1042 4776
f 4776 1042 2859
f 1043 2869 2859
f 2859 2869 4776
f 1067 2884 2869
f 2869 2884 4776
f 942 2938 2860
f 2860 2938 4777
f 2938 936 4777
f 4777 936 2937
f 1050 2864 2937
f 2937 2864 4777
f 1049 2860 2864
f 2864 2860 4777
f 1050 2941 2863
f 2863 2941 4778
f 1055 2940 2941
f 2941 2940 4778
f 2940 1027 4778
f 4778 1027 2939
f 2939 935 4778
f 4778 935 2863
f 1045 2865 2879
f 2879 2865 4779
f 2865 893 4779
f 4779 893 2942
f 1029 2878 2942
f 2942 2878 4779
f 2878 1046 4779
f 4779 1046 2879
f 1044 2867 2868
f 2868 2867 4780
f 2867 1045 4780
f 4780 1045 2880
f 1069 2881 2880
f 2880 2881 4780
f 2881 1068 4780
f 4780 1068 2868
f 893 2871 2942
f 2942 2871 4781
f 941 2944 2871
f 2871 2944 4781
f 1028 2943 2944
f 2944 2943 4781
f 2943 1029 4781
f 4781 1029 2942
f 940 2873 2872
f 2872 2873 4782
f 2873 937 4782
f 4782 937 2946
f 2946 938 4782
f 4782 938 2945
f 941 2872 2945
f 2945 2872 4782
f 2947 938 4783
f 4783 938 2946
f 2946 937 4783
f 4783 937 2874
f 935 2939 2874
f 2874 2939 4783
f 1027 2947 2939
f 2939 2947 4783
f 1054 2949 2875
f 2875 2949 4784
f 2949 1055 4784
f 4784 1055 2948
f 936 2938 2948
f 2948 2938 4784
f 2938 942 4784
f 4784 942 2875
f 2877 1029 4785
f 4785 1029 2943
f 2943 1028 4785
f 4785 1028 2950
f 1054 2876 2950
f 2950 2876 4785
f 1053 2877 2876
f 2876 2877 4785
f 805 2952 2886
f 2886 2952 4786
f 2952 1065 4786
f 4786 1065 2951
f 1066 2885 2951
f 2951 2885 4786
f 2885 949 4786
f 4786 949 2886
f 808 2954 2918
f 2918 2954 4787
f 2954 807 4787
f 4787 807 2953
f 805 2887 2953
f 2953 2887 4787
f 2887 806 4787
f 4787 806 2918
f 2956 818 4788
f 4788 818 2888
f 2888 20 4788
f 4788 20 1357
f 22 2955 1357
f 1357 2955 4788
f 2955 858 4788
f 4788 858 2956
f 2958 814 4789
f 4789 814 2890
f 813 2889 2890
f 2890 2889 4789
f 2889 818 4789
f 4789 818 2957
f 817 2958 2957
f 2957 2958 4789
f 2960 1075 4790
f 4790 1075 2892
f 1074 2891 2892
f 2892 2891 4790
f 2891 814 4790
f 4790 814 2959
f 851 2960 2959
f 2959 2960 4790
f 1076 2961 2962
f 2962 2961 4791
f 2961 863 4791
f 4791 863 2896
f 819 2893 2896
f 2896 2893 4791
f 2893 1075 4791
f 4791 1075 2962
f 864 2964 2965
f 2965 2964 4792
f 2964 998 4792
f 4792 998 2963
f 997 2895 2963
f 2963 2895 4792
f 2895 863 4792
f 4792 863 2965
f 2897 1223 4793
f 1223 2967 4793
f 1224 2966 2967
f 2967 2966 4793
f 2966 1184 4793
f 4793 1184 2911
f 1174 2897 2911
f 2911 2897 4793
f 2899 822 4794
f 4794 822 2969
f 1175 2968 2969
f 2969 2968 4794
f 2968 1223 4794
f 4794 1223 2898
f 1221 2899 2898
f 2898 2899 4794
f 2900 972 4795
f 4795 972 2901
f 973 2971 2901
f 2901 2971 4795
f 2971 835 4795
f 4795 835 2970
f 822 2900 2970
f 2970 2900 4795
f 838 2973 2903
f 2903 2973 4796
f 2973 974 4796
f 4796 974 2972
f 973 2902 2972
f 2972 2902 4796
f 2902 836 4796
f 4796 836 2903
f 998 2975 2963
f 2963 2975 4797
f 840 2974 2975
f 2975 2974 4797
f 2974 838 4797
f 4797 838 2904
f 2904 997 4797
f 4797 997 2963
f 2922 978 4798
f 4798 978 2905
f 828 2977 2905
f 2905 2977 4798
f 2977 830 4798
f 4798 830 2976
f 977 2922 2976
f 2976 2922 4798
f 826 2907 2906
f 2906 2907 4799
f 1176 2979 2907
f 2907 2979 4799
f 2979 1177 4799
f 4799 1177 2978
f 828 2906 2978
f 2978 2906 4799
f 1226 2909 2908
f 2908 2909 4800
f 2909 1225 4800
f 4800 1225 2981
f 1186 2980 2981
f 2981 2980 4800
f 2980 1176 4800
f 4800 1176 2908
f 1184 2984 2910
f 2910 2984 4801
f 2984 1199 4801
f 4801 1199 2983
f 1313 2982 2983
f 2983 2982 4801
f 2982 1225 4801
f 4801 1225 2910
f 2987 952 4802
f 4802 952 2912
f 829 2986 2912
f 2912 2986 4802
f 2986 831 4802
f 4802 831 2985
f 953 2987 2985
f 2985 2987 4802
f 2989 846 4803
f 4803 846 2917
f 951 2913 2917
f 2917 2913 4803
f 2913 952 4803
f 4803 952 2988
f 841 2989 2988
f 2988 2989 4803
f 2986 829 4804
f 4804 829 2914
f 1081 2991 2914
f 2914 2991 4804
f 2991 1082 4804
f 4804 1082 2990
f 831 2986 2990
f 2990 2986 4804
f 849 2992 2993
f 2993 2992 4805
f 2992 1004 4805
f 4805 1004 2920
f 1005 2916 2920
f 2920 2916 4805
f 2916 846 4805
f 4805 846 2993
f 1173 2995 2996
f 2996 2995 4806
f 2995 866 4806
f 4806 866 2994
f 808 2919 2994
f 2994 2919 4806
f 2919 1004 4806
f 4806 1004 2996
f 2991 1081 4807
f 4807 1081 2921
f 977 2998 2921
f 2921 2998 4807
f 2998 976 4807
f 4807 976 2997
f 1082 2991 2997
f 2997 2991 4807
f 1145 3000 3001
f 3001 3000 4808
f 3000 52 4808
f 4808 52 1358
f 17 2999 1358
f 1358 2999 4808
f 2999 990 4808
f 4808 990 3001
f 990 2999 3003
f 3003 2999 4809
f 2999 17 4809
f 4809 17 1359
f 16 3002 1359
f 1359 3002 4809
f 3002 989 4809
f 4809 989 3003
f 878 3005 3006
f 3006 3005 4810
f 900 3004 3005
f 3005 3004 4810
f 3004 29 4810
f 4810 29 1360
f 1360 27 4810
f 4810 27 3006
f 2923 873 4811
f 4811 873 3007
f 3007 878 4811
f 4811 878 3006
f 27 1361 3006
f 3006 1361 4811
f 1361 25 4811
f 4811 25 2923
f 2925 897 4812
f 4812 897 3009
f 898 3008 3009
f 3009 3008 4812
f 3008 873 4812
f 4812 873 2924
f 868 2925 2924
f 2924 2925 4812
f 2927 946 4813
f 4813 946 3011
f 945 3010 3011
f 3011 3010 4813
f 3010 897 4813
f 4813 897 2926
f 896 2927 2926
f 2926 2927 4813
f 2929 792 4814
f 4814 792 3013
f 791 3012 3013
f 3013 3012 4814
f 3012 946 4814
f 4814 946 2928
f 947 2929 2928
f 2928 2929 4814
f 1015 3015 2931
f 2931 3015 4815
f 3015 957 4815
f 4815 957 3014
f 792 2930 3014
f 3014 2930 4815
f 2930 1014 4815
f 4815 1014 2931
f 2932 924 4816
f 4816 924 3018
f 923 3017 3018
f 3018 3017 4816
f 3017 1016 4816
f 4816 1016 3016
f 1015 2932 3016
f 3016 2932 4816
f 2934 1041 4817
f 4817 1041 3020
f 1040 3019 3020
f 3020 3019 4817
f 3019 924 4817
f 4817 924 2933
f 911 2934 2933
f 2933 2934 4817
f 2936 1066 4818
f 4818 1066 2951
f 1065 3021 2951
f 2951 3021 4818
f 3021 1041 4818
f 4818 1041 2935
f 1042 2936 2935
f 2935 2936 4818
f 2937 936 4819
f 4819 936 2948
f 2948 1055 4819
f 4819 1055 2941
f 2941 1050 4819
f 4819 1050 2937
f 1028 3022 2950
f 2950 3022 4820
f 1027 2940 3022
f 3022 2940 4820
f 2940 1055 4820
f 4820 1055 2949
f 2949 1054 4820
f 4820 1054 2950
f 2944 941 4821
f 4821 941 2945
f 938 2947 2945
f 2945 2947 4821
f 2947 1027 4821
f 4821 1027 3022
f 1028 2944 3022
f 3022 2944 4821
f 807 3024 2953
f 2953 3024 4822
f 3024 1064 4822
f 4822 1064 3023
f 1065 2952 3023
f 3023 2952 4822
f 2952 805 4822
f 4822 805 2953
f 866 3026 2994
f 2994 3026 4823
f 3026 865 4823
f 4823 865 3025
f 807 2954 3025
f 3025 2954 4823
f 2954 808 4823
f 4823 808 2994
f 858 2955 3028
f 3028 2955 4824
f 2955 22 4824
f 4824 22 1362
f 53 3027 1362
f 1362 3027 4824
f 1126 3028 3027
f 3027 3028 4824
f 3030 817 4825
f 4825 817 2957
f 818 2956 2957
f 2957 2956 4825
f 2956 858 4825
f 4825 858 3029
f 857 3030 3029
f 3029 3030 4825
f 3032 851 4826
f 4826 851 2959
f 814 2958 2959
f 2959 2958 4826
f 2958 817 4826
f 4826 817 3031
f 852 3032 3031
f 3031 3032 4826
f 3034 1076 4827
f 4827 1076 2962
f 1075 2960 2962
f 2962 2960 4827
f 2960 851 4827
f 4827 851 3033
f 853 3034 3033
f 3033 3034 4827
f 1077 3035 3036
f 3036 3035 4828
f 3035 864 4828
f 4828 864 2965
f 863 2961 2965
f 2965 2961 4828
f 2961 1076 4828
f 4828 1076 3036
f 955 3038 3039
f 3039 3038 4829
f 3038 999 4829
f 4829 999 3037
f 998 2964 3037
f 3037 2964 4829
f 2964 864 4829
f 4829 864 3039
f 1184 2966 2984
f 2984 2966 4830
f 2966 1224 4830
f 4830 1224 3041
f 1243 3040 3041
f 3041 3040 4830
f 1199 2984 3040
f 3040 2984 4830
f 1175 3043 2968
f 2968 3043 4831
f 3043 1185 4831
f 4831 1185 3042
f 3042 1224 4831
f 4831 1224 2967
f 1223 2968 2967
f 2967 2968 4831
f 2969 822 4832
f 4832 822 2970
f 835 3045 2970
f 2970 3045 4832
f 3045 1181 4832
f 4832 1181 3044
f 1175 2969 3044
f 3044 2969 4832
f 974 3047 2972
f 2972 3047 4833
f 3047 837 4833
f 4833 837 3046
f 835 2971 3046
f 3046 2971 4833
f 2971 973 4833
f 4833 973 2972
f 2974 840 4834
f 4834 840 3049
f 975 3048 3049
f 3049 3048 4834
f 3048 974 4834
f 4834 974 2973
f 838 2974 2973
f 2973 2974 4834
f 999 3051 3037
f 3037 3051 4835
f 3051 991 4835
f 4835 991 3050
f 3050 840 4835
f 4835 840 2975
f 2975 998 4835
f 4835 998 3037
f 2998 977 4836
f 4836 977 2976
f 830 3053 2976
f 2976 3053 4836
f 3053 832 4836
f 4836 832 3052
f 976 2998 3052
f 3052 2998 4836
f 2977 828 4837
f 4837 828 2978
f 1177 3055 2978
f 2978 3055 4837
f 1178 3054 3055
f 3055 3054 4837
f 830 2977 3054
f 3054 2977 4837
f 1176 2980 2979
f 2979 2980 4838
f 2980 1186 4838
f 4838 1186 3057
f 3057 1187 4838
f 4838 1187 3056
f 1177 2979 3056
f 3056 2979 4838
f 2982 1313 4839
f 1313 3059 4839
f 1203 3058 3059
f 3059 3058 4839
f 3058 1186 4839
f 4839 1186 2981
f 1225 2982 2981
f 2981 2982 4839
f 1199 3062 2983
f 2983 3062 4840
f 3062 1201 4840
f 4840 1201 3061
f 1314 3060 3061
f 3061 3060 4840
f 3060 1313 4840
f 4840 1313 2983
f 3065 953 4841
f 4841 953 2985
f 831 3064 2985
f 2985 3064 4841
f 3064 993 4841
f 4841 993 3063
f 994 3065 3063
f 3063 3065 4841
f 3067 841 4842
f 4842 841 2988
f 952 2987 2988
f 2988 2987 4842
f 2987 953 4842
f 4842 953 3066
f 842 3067 3066
f 3066 3067 4842
f 847 3068 3069
f 3069 3068 4843
f 3068 849 4843
f 4843 849 2993
f 846 2989 2993
f 2993 2989 4843
f 2989 841 4843
f 4843 841 3069
f 3064 831 4844
f 4844 831 2990
f 1082 3071 2990
f 2990 3071 4844
f 3071 1083 4844
f 4844 1083 3070
f 993 3064 3070
f 3070 3064 4844
f 3073 1130 4845
f 4845 1130 3072
f 1173 2996 3072
f 3072 2996 4845
f 1004 2992 2996
f 2996 2992 4845
f 849 3073 2992
f 2992 3073 4845
f 1172 3075 3076
f 3076 3075 4846
f 3075 810 4846
f 4846 810 3074
f 866 2995 3074
f 3074 2995 4846
f 2995 1173 4846
f 4846 1173 3076
f 3071 1082 4847
f 4847 1082 2997
f 976 3078 2997
f 2997 3078 4847
f 3078 1001 4847
f 4847 1001 3077
f 1083 3071 3077
f 3077 3071 4847
f 1146 3079 3080
f 3080 3079 4848
f 3079 51 4848
f 4848 51 1363
f 52 3000 1363
f 1363 3000 4848
f 3000 1145 4848
f 4848 1145 3080
f 1106 3082 3083
f 3083 3082 4849
f 3082 1145 4849
f 4849 1145 3001
f 990 3081 3001
f 3001 3081 4849
f 3081 800 4849
f 4849 800 3083
f 989 3002 3085
f 3085 3002 4850
f 3002 16 4850
f 4850 16 1364
f 47 3084 1364
f 1364 3084 4850
f 3084 1056 4850
f 4850 1056 3085
f 800 3081 3087
f 3087 3081 4851
f 3081 990 4851
f 4851 990 3003
f 989 3086 3003
f 3003 3086 4851
f 3086 799 4851
f 4851 799 3087
f 3004 900 4852
f 4852 900 3089
f 901 3088 3089
f 3089 3088 4852
f 3088 31 4852
f 4852 31 1365
f 29 3004 1365
f 1365 3004 4852
f 899 3091 3092
f 3092 3091 4853
f 3091 943 4853
f 4853 943 3090
f 900 3005 3090
f 3090 3005 4853
f 3005 878 4853
f 4853 878 3092
f 3008 898 4854
f 4854 898 3093
f 3093 899 4854
f 4854 899 3092
f 878 3007 3092
f 3092 3007 4854
f 873 3008 3007
f 3007 3008 4854
f 3010 945 4855
f 4855 945 3095
f 944 3094 3095
f 3095 3094 4855
f 3094 898 4855
f 4855 898 3009
f 897 3010 3009
f 3009 3010 4855
f 3012 791 4856
f 4856 791 3097
f 869 3096 3097
f 3097 3096 4856
f 3096 945 4856
f 4856 945 3011
f 946 3012 3011
f 3011 3012 4856
f 792 3014 3013
f 3013 3014 4857
f 3014 957 4857
f 4857 957 3099
f 958 3098 3099
f 3099 3098 4857
f 3098 791 4857
f 4857 791 3013
f 1016 3101 3016
f 3016 3101 4858
f 3101 912 4858
f 4858 912 3100
f 957 3015 3100
f 3100 3015 4858
f 3015 1015 4858
f 4858 1015 3016
f 922 3103 3104
f 3104 3103 4859
f 3103 1017 4859
f 4859 1017 3102
f 1016 3017 3102
f 3102 3017 4859
f 3017 923 4859
f 4859 923 3104
f 1039 3105 3106
f 3106 3105 4860
f 3105 923 4860
f 4860 923 3018
f 924 3019 3018
f 3018 3019 4860
f 3019 1040 4860
f 4860 1040 3106
f 1064 3107 3023
f 3023 3107 4861
f 3107 1040 4861
f 4861 1040 3020
f 1041 3021 3020
f 3020 3021 4861
f 3021 1065 4861
f 4861 1065 3023
f 865 3109 3025
f 3025 3109 4862
f 3109 1063 4862
f 4862 1063 3108
f 1064 3024 3108
f 3108 3024 4862
f 3024 807 4862
f 4862 807 3025
f 810 3111 3074
f 3074 3111 4863
f 3111 809 4863
f 4863 809 3110
f 865 3026 3110
f 3110 3026 4863
f 3026 866 4863
f 4863 866 3074
f 3113 1126 4864
f 4864 1126 3027
f 53 1366 3027
f 3027 1366 4864
f 1366 2 4864
f 4864 2 3112
f 724 3113 3112
f 3112 3113 4864
f 3115 857 4865
f 4865 857 3029
f 858 3028 3029
f 3029 3028 4865
f 3028 1126 4865
f 4865 1126 3114
f 1125 3115 3114
f 3114 3115 4865
f 3117 852 4866
f 4866 852 3031
f 817 3030 3031
f 3031 3030 4866
f 3030 857 4866
f 4866 857 3116
f 859 3117 3116
f 3116 3117 4866
f 3119 853 4867
f 4867 853 3033
f 851 3032 3033
f 3033 3032 4867
f 3032 852 4867
f 4867 852 3118
f 854 3119 3118
f 3118 3119 4867
f 855 3120 3121
f 3121 3120 4868
f 3120 1077 4868
f 4868 1077 3036
f 1076 3034 3036
f 3036 3034 4868
f 3034 853 4868
f 4868 853 3121
f 1078 3122 3123
f 3123 3122 4869
f 3122 955 4869
f 4869 955 3039
f 864 3035 3039
f 3039 3035 4869
f 3035 1077 4869
f 4869 1077 3123
f 3126 1084 4870
f 4870 1084 3125
f 1000 3124 3125
f 3125 3124 4870
f 999 3038 3124
f 3124 3038 4870
f 3038 955 4870
f 4870 955 3126
f 3040 1243 4871
f 4871 1243 3128
f 1244 3127 3128
f 3128 3127 4871
f 1201 3062 3127
f 3127 3062 4871
f 3062 1199 4871
f 4871 1199 3040
f 3042 1185 4872
f 4872 1185 3130
f 1200 3129 3130
f 3130 3129 4872
f 3129 1243 4872
f 4872 1243 3041
f 1224 3042 3041
f 3041 3042 4872
f 1181 3132 3044
f 3044 3132 4873
f 3132 1191 4873
f 4873 1191 3131
f 1185 3043 3131
f 3131 3043 4873
f 3043 1175 4873
f 4873 1175 3044
f 3045 835 4874
f 4874 835 3046
f 837 3134 3046
f 3046 3134 4874
f 3134 1182 4874
f 4874 1182 3133
f 1181 3045 3133
f 3133 3045 4874
f 975 3136 3048
f 3048 3136 4875
f 3136 839 4875
f 4875 839 3135
f 837 3047 3135
f 3135 3047 4875
f 3047 974 4875
f 4875 974 3048
f 3050 991 4876
f 4876 991 3138
f 992 3137 3138
f 3138 3137 4876
f 3137 975 4876
f 4876 975 3049
f 840 3050 3049
f 3049 3050 4876
f 3124 1000 4877
f 4877 1000 3139
f 3139 992 4877
f 4877 992 3138
f 991 3051 3138
f 3138 3051 4877
f 3051 999 4877
f 4877 999 3124
f 3078 976 4878
f 4878 976 3052
f 832 3141 3052
f 3052 3141 4878
f 3141 834 4878
f 4878 834 3140
f 1001 3078 3140
f 3140 3078 4878
f 3053 830 4879
f 4879 830 3054
f 3054 1178 4879
f 4879 1178 3143
f 1179 3142 3143
f 3143 3142 4879
f 832 3053 3142
f 3142 3053 4879
f 3055 1177 4880
f 4880 1177 3056
f 1187 3145 3056
f 3056 3145 4880
f 1188 3144 3145
f 3145 3144 4880
f 3144 1178 4880
f 4880 1178 3055
f 1187 3057 3147
f 3147 3057 4881
f 3057 1186 4881
f 4881 1186 3058
f 1203 3146 3058
f 3058 3146 4881
f 3146 1205 4881
f 4881 1205 3147
f 3149 1203 4882
f 4882 1203 3059
f 1313 3060 3059
f 3059 3060 4882
f 3060 1314 4882
f 4882 1314 3148
f 1204 3149 3148
f 3148 3149 4882
f 3152 1314 4883
f 4883 1314 3061
f 3061 1201 4883
f 4883 1201 3151
f 1316 3150 3151
f 3151 3150 4883
f 3150 1315 4883
f 4883 1315 3152
f 3155 994 4884
f 4884 994 3063
f 993 3154 3063
f 3063 3154 4884
f 3154 833 4884
f 4884 833 3153
f 954 3155 3153
f 3153 3155 4884
f 3157 842 4885
f 4885 842 3066
f 953 3065 3066
f 3066 3065 4885
f 3065 994 4885
f 4885 994 3156
f 995 3157 3156
f 3156 3157 4885
f 3159 847 4886
f 4886 847 3069
f 841 3067 3069
f 3069 3067 4886
f 3067 842 4886
f 4886 842 3158
f 848 3159 3158
f 3158 3159 4886
f 3161 1131 4887
f 4887 1131 3160
f 1130 3073 3160
f 3160 3073 4887
f 3073 849 4887
f 4887 849 3068
f 847 3161 3068
f 3068 3161 4887
f 3154 993 4888
f 4888 993 3070
f 1083 3163 3070
f 3070 3163 4888
f 3163 1084 4888
f 4888 1084 3162
f 833 3154 3162
f 3162 3154 4888
f 3165 1115 4889
f 4889 1115 3164
f 1172 3076 3164
f 3164 3076 4889
f 3076 1173 4889
f 4889 1173 3072
f 1130 3165 3072
f 3072 3165 4889
f 3168 1171 4890
f 4890 1171 3167
f 1104 3166 3167
f 3167 3166 4890
f 810 3075 3166
f 3166 3075 4890
f 3075 1172 4890
f 4890 1172 3168
f 3163 1083 4891
f 4891 1083 3077
f 1001 3169 3077
f 3077 3169 4891
f 3169 1000 4891
f 4891 1000 3125
f 1084 3163 3125
f 3125 3163 4891
f 3171 1147 4892
f 4892 1147 3170
f 54 1367 3170
f 3170 1367 4892
f 1367 51 4892
f 4892 51 3079
f 1146 3171 3079
f 3079 3171 4892
f 1090 3172 3173
f 3173 3172 4893
f 3172 1146 4893
f 4893 1146 3080
f 1145 3082 3080
f 3080 3082 4893
f 3082 1106 4893
f 4893 1106 3173
f 1142 3175 3176
f 3176 3175 4894
f 3175 1106 4894
f 4894 1106 3083
f 800 3174 3083
f 3083 3174 4894
f 3174 969 4894
f 4894 969 3176
f 1056 3084 3178
f 3178 3084 4895
f 3084 47 4895
f 4895 47 1368
f 43 3177 1368
f 1368 3177 4895
f 3177 1032 4895
f 4895 1032 3178
f 799 3086 3180
f 3180 3086 4896
f 3086 989 4896
f 4896 989 3085
f 1056 3179 3085
f 3085 3179 4896
f 3179 1057 4896
f 4896 1057 3180
f 969 3174 3182
f 3182 3174 4897
f 3174 800 4897
f 4897 800 3087
f 799 3181 3087
f 3087 3181 4897
f 3181 968 4897
f 4897 968 3182
f 3088 901 4898
f 4898 901 3184
f 970 3183 3184
f 3184 3183 4898
f 3183 37 4898
f 4898 37 1369
f 31 3088 1369
f 1369 3088 4898
f 3187 883 4899
f 4899 883 3186
f 885 3185 3186
f 3186 3185 4899
f 3185 901 4899
f 4899 901 3089
f 900 3187 3089
f 3089 3187 4899
f 3189 879 4900
f 4900 879 3188
f 883 3187 3188
f 3188 3187 4900
f 3187 900 4900
f 4900 900 3090
f 943 3189 3090
f 3090 3189 4900
f 3094 944 4901
f 4901 944 3190
f 943 3091 3190
f 3190 3091 4901
f 3091 899 4901
f 4901 899 3093
f 898 3094 3093
f 3093 3094 4901
f 3096 869 4902
f 4902 869 3192
f 874 3191 3192
f 3192 3191 4902
f 3191 944 4902
f 4902 944 3095
f 945 3096 3095
f 3095 3096 4902
f 3098 958 4903
f 4903 958 3194
f 959 3193 3194
f 3194 3193 4903
f 3193 869 4903
f 4903 869 3097
f 791 3098 3097
f 3097 3098 4903
f 3100 912 4904
f 4904 912 3196
f 913 3195 3196
f 3196 3195 4904
f 3195 958 4904
f 4904 958 3099
f 957 3100 3099
f 3099 3100 4904
f 3101 1016 4905
f 4905 1016 3102
f 1017 3198 3102
f 3102 3198 4905
f 3198 794 4905
f 4905 794 3197
f 912 3101 3197
f 3197 3101 4905
f 3201 927 4906
f 4906 927 3200
f 1018 3199 3200
f 3200 3199 4906
f 3199 1017 4906
f 4906 1017 3103
f 3103 922 4906
f 4906 922 3201
f 1038 3202 3203
f 3203 3202 4907
f 3202 922 4907
f 4907 922 3104
f 923 3105 3104
f 3104 3105 4907
f 3105 1039 4907
f 4907 1039 3203
f 1063 3204 3108
f 3108 3204 4908
f 3204 1039 4908
f 4908 1039 3106
f 1040 3107 3106
f 3106 3107 4908
f 3107 1064 4908
f 4908 1064 3108
f 809 3206 3110
f 3110 3206 4909
f 3206 1062 4909
f 4909 1062 3205
f 1063 3109 3205
f 3205 3109 4909
f 3109 865 4909
f 4909 865 3110
f 925 3208 3209
f 3209 3208 4910
f 3208 926 4910
f 4910 926 3207
f 809 3111 3207
f 3207 3111 4910
f 3111 810 4910
f 4910 810 3209
f 3211 724 4911
f 4911 724 3112
f 3112 2 4911
f 4911 2 1370
f 3 3210 1370
f 1370 3210 4911
f 3210 727 4911
f 4911 727 3211
f 3213 1125 4912
f 4912 1125 3114
f 1126 3113 3114
f 3114 3113 4912
f 3113 724 4912
f 4912 724 3212
f 723 3213 3212
f 3212 3213 4912
f 3215 859 4913
f 4913 859 3116
f 857 3115 3116
f 3116 3115 4913
f 3115 1125 4913
f 4913 1125 3214
f 1127 3215 3214
f 3214 3215 4913
f 3217 854 4914
f 4914 854 3118
f 852 3117 3118
f 3118 3117 4914
f 3117 859 4914
f 4914 859 3216
f 860 3217 3216
f 3216 3217 4914
f 3219 855 4915
f 4915 855 3121
f 853 3119 3121
f 3121 3119 4915
f 3119 854 4915
f 4915 854 3218
f 856 3219 3218
f 3218 3219 4915
f 956 3220 3221
f 3221 3220 4916
f 3220 1078 4916
f 4916 1078 3123
f 1077 3120 3123
f 3123 3120 4916
f 3120 855 4916
f 4916 855 3221
f 3222 833 4917
f 4917 833 3162
f 1084 3126 3162
f 3162 3126 4917
f 3126 955 4917
f 4917 955 3122
f 1078 3222 3122
f 3122 3222 4917
f 1201 3127 3151
f 3151 3127 4918
f 3127 1244 4918
f 4918 1244 3224
f 1317 3223 3224
f 3224 3223 4918
f 3223 1316 4918
f 4918 1316 3151
f 3129 1200 4919
f 4919 1200 3226
f 1202 3225 3226
f 3226 3225 4919
f 3225 1244 4919
f 4919 1244 3128
f 1243 3129 3128
f 3128 3129 4919
f 1191 3228 3131
f 3131 3228 4920
f 3228 1207 4920
f 4920 1207 3227
f 1200 3130 3227
f 3227 3130 4920
f 3130 1185 4920
f 4920 1185 3131
f 3132 1181 4921
f 4921 1181 3133
f 3133 1182 4921
f 4921 1182 3230
f 1192 3229 3230
f 3230 3229 4921
f 3229 1191 4921
f 4921 1191 3132
f 1183 3231 3232
f 3232 3231 4922
f 3231 1182 4922
f 4922 1182 3134
f 837 3135 3134
f 3134 3135 4922
f 3135 839 4922
f 4922 839 3232
f 3234 834 4923
f 4923 834 3233
f 3233 839 4923
f 4923 839 3136
f 3136 975 4923
f 4923 975 3137
f 992 3234 3137
f 3137 3234 4923
f 3169 1001 4924
f 4924 1001 3140
f 834 3234 3140
f 3140 3234 4924
f 3234 992 4924
f 4924 992 3139
f 1000 3169 3139
f 3139 3169 4924
f 834 3141 3236
f 3236 3141 4925
f 3141 832 4925
f 4925 832 3142
f 3142 1179 4925
f 4925 1179 3235
f 1180 3236 3235
f 3235 3236 4925
f 3238 1179 4926
f 4926 1179 3143
f 1178 3144 3143
f 3143 3144 4926
f 3144 1188 4926
f 4926 1188 3237
f 1189 3238 3237
f 3237 3238 4926
f 1187 3240 3145
f 3145 3240 4927
f 3240 1197 4927
f 4927 1197 3239
f 1188 3145 3239
f 3239 3145 4927
f 3242 1205 4928
f 4928 1205 3146
f 1203 3149 3146
f 3146 3149 4928
f 3149 1204 4928
f 4928 1204 3241
f 1206 3242 3241
f 3241 3242 4928
f 1205 3242 3147
f 3147 3242 4929
f 3242 1206 4929
f 4929 1206 3243
f 1197 3240 3243
f 3243 3240 4929
f 3240 1187 4929
f 4929 1187 3147
f 3245 1204 4930
f 4930 1204 3148
f 1314 3152 3148
f 3148 3152 4930
f 3152 1315 4930
f 4930 1315 3244
f 1196 3245 3244
f 3244 3245 4930
f 1315 3150 3244
f 3244 3150 4931
f 3150 1316 4931
f 4931 1316 3247
f 1194 3246 3247
f 3247 3246 4931
f 3246 1196 4931
f 4931 1196 3244
f 3248 954 4932
f 4932 954 3153
f 833 3222 3153
f 3153 3222 4932
f 1078 3220 3222
f 3222 3220 4932
f 3220 956 4932
f 4932 956 3248
f 3250 995 4933
f 4933 995 3156
f 994 3155 3156
f 3156 3155 4933
f 3155 954 4933
f 4933 954 3249
f 843 3250 3249
f 3249 3250 4933
f 3252 848 4934
f 4934 848 3158
f 842 3157 3158
f 3158 3157 4934
f 3157 995 4934
f 4934 995 3251
f 1003 3252 3251
f 3251 3252 4934
f 848 3254 3159
f 3159 3254 4935
f 3254 1132 4935
f 4935 1132 3253
f 1131 3161 3253
f 3253 3161 4935
f 3161 847 4935
f 4935 847 3159
f 1131 3256 3160
f 3160 3256 4936
f 3256 1112 4936
f 4936 1112 3255
f 1115 3165 3255
f 3255 3165 4936
f 3165 1130 4936
f 4936 1130 3160
f 1115 3258 3164
f 3164 3258 4937
f 3258 1124 4937
f 4937 1124 3257
f 1171 3168 3257
f 3257 3168 4937
f 3168 1172 4937
f 4937 1172 3164
f 810 3166 3209
f 3209 3166 4938
f 3166 1104 4938
f 4938 1104 3260
f 1141 3259 3260
f 3260 3259 4938
f 3259 925 4938
f 4938 925 3209
f 3167 1171 4939
f 4939 1171 3263
f 1170 3262 3263
f 3263 3262 4939
f 1097 3261 3262
f 3262 3261 4939
f 3261 1104 4939
f 4939 1104 3167
f 3265 1150 4940
f 4940 1150 3264
f 56 1371 3264
f 3264 1371 4940
f 1371 54 4940
f 4940 54 3170
f 1147 3265 3170
f 3170 3265 4940
f 3267 1102 4941
f 4941 1102 3266
f 1147 3171 3266
f 3266 3171 4941
f 3171 1146 4941
f 4941 1146 3172
f 3172 1090 4941
f 4941 1090 3267
f 1143 3268 3269
f 3269 3268 4942
f 3268 1090 4942
f 4942 1090 3173
f 1106 3175 3173
f 3173 3175 4942
f 3175 1142 4942
f 4942 1142 3269
f 1135 3271 3272
f 3272 3271 4943
f 3271 1142 4943
f 4943 1142 3176
f 969 3270 3176
f 3176 3270 4943
f 3270 903 4943
f 4943 903 3272
f 1032 3177 3274
f 3274 3177 4944
f 3177 43 4944
f 4944 43 1372
f 36 3273 1372
f 1372 3273 4944
f 3273 988 4944
f 4944 988 3274
f 1057 3179 3276
f 3276 3179 4945
f 3179 1056 4945
f 4945 1056 3178
f 1032 3275 3178
f 3178 3275 4945
f 3275 1033 4945
f 4945 1033 3276
f 968 3181 3278
f 3278 3181 4946
f 3181 799 4946
f 4946 799 3180
f 1057 3277 3180
f 3180 3277 4946
f 3277 1058 4946
f 4946 1058 3278
f 903 3270 3280
f 3280 3270 4947
f 3270 969 4947
f 4947 969 3182
f 968 3279 3182
f 3182 3279 4947
f 3279 902 4947
f 4947 902 3280
f 3183 970 4948
f 4948 970 3282
f 971 3281 3282
f 3282 3281 4948
f 3281 38 4948
f 4948 38 1373
f 37 3183 1373
f 1373 3183 4948
f 885 3284 3185
f 3185 3284 4949
f 3284 918 4949
f 4949 918 3283
f 970 3184 3283
f 3283 3184 4949
f 901 3185 3184
f 3184 3185 4949
f 917 3285 3286
f 3286 3285 4950
f 918 3284 3285
f 3285 3284 4950
f 3284 885 4950
f 4950 885 3186
f 883 3286 3186
f 3186 3286 4950
f 961 3287 3288
f 3288 3287 4951
f 3287 917 4951
f 4951 917 3286
f 883 3188 3286
f 3286 3188 4951
f 3188 879 4951
f 4951 879 3288
f 3191 874 4952
f 4952 874 3289
f 879 3189 3289
f 3289 3189 4952
f 3189 943 4952
f 4952 943 3190
f 944 3191 3190
f 3190 3191 4952
f 3193 959 4953
f 4953 959 3291
f 960 3290 3291
f 3291 3290 4953
f 3290 874 4953
f 4953 874 3192
f 869 3193 3192
f 3192 3193 4953
f 958 3195 3194
f 3194 3195 4954
f 3195 913 4954
f 4954 913 3293
f 914 3292 3293
f 3293 3292 4954
f 3292 959 4954
f 4954 959 3194
f 3197 794 4955
f 4955 794 3295
f 793 3294 3295
f 3295 3294 4955
f 3294 913 4955
f 4955 913 3196
f 912 3197 3196
f 3196 3197 4955
f 1018 3297 3199
f 3199 3297 4956
f 3297 928 4956
f 4956 928 3296
f 794 3198 3296
f 3296 3198 4956
f 3198 1017 4956
f 4956 1017 3199
f 3300 921 4957
f 4957 921 3299
f 1019 3298 3299
f 3299 3298 4957
f 3298 1018 4957
f 4957 1018 3200
f 927 3300 3200
f 3200 3300 4957
f 1037 3301 3302
f 3302 3301 4958
f 3301 927 4958
f 4958 927 3201
f 922 3202 3201
f 3201 3202 4958
f 3202 1038 4958
f 4958 1038 3302
f 1062 3303 3205
f 3205 3303 4959
f 3303 1038 4959
f 4959 1038 3203
f 1039 3204 3203
f 3203 3204 4959
f 3204 1063 4959
f 4959 1063 3205
f 926 3305 3207
f 3207 3305 4960
f 3305 1061 4960
f 4960 1061 3304
f 1062 3206 3304
f 3304 3206 4960
f 3206 809 4960
f 4960 809 3207
f 3208 925 4961
f 4961 925 3308
f 812 3307 3308
f 3308 3307 4961
f 3307 811 4961
f 4961 811 3306
f 926 3208 3306
f 3306 3208 4961
f 3310 727 4962
f 4962 727 3210
f 3 1374 3210
f 3210 1374 4962
f 1374 4 4962
f 4962 4 3309
f 729 3310 3309
f 3309 3310 4962
f 3312 723 4963
f 4963 723 3212
f 724 3211 3212
f 3212 3211 4963
f 3211 727 4963
f 4963 727 3311
f 728 3312 3311
f 3311 3312 4963
f 3314 1127 4964
f 4964 1127 3214
f 1125 3213 3214
f 3214 3213 4964
f 3213 723 4964
f 4964 723 3313
f 722 3314 3313
f 3313 3314 4964
f 3316 860 4965
f 4965 860 3216
f 859 3215 3216
f 3216 3215 4965
f 3215 1127 4965
f 4965 1127 3315
f 1128 3316 3315
f 3315 3316 4965
f 3318 856 4966
f 4966 856 3218
f 854 3217 3218
f 3218 3217 4966
f 3217 860 4966
f 4966 860 3317
f 861 3318 3317
f 3317 3318 4966
f 862 3319 3320
f 3320 3319 4967
f 3319 956 4967
f 4967 956 3221
f 855 3219 3221
f 3221 3219 4967
f 3219 856 4967
f 4967 856 3320
f 3322 1194 4968
f 4968 1194 3247
f 1316 3223 3247
f 3247 3223 4968
f 3223 1317 4968
f 4968 1317 3321
f 3321 1195 4968
f 4968 1195 3322
f 1195 3321 3323
f 3323 3321 4969
f 3321 1317 4969
f 4969 1317 3224
f 1244 3225 3224
f 3224 3225 4969
f 3225 1202 4969
f 4969 1202 3323
f 3227 1207 4970
f 4970 1207 3325
f 1208 3324 3325
f 3325 3324 4970
f 3324 1202 4970
f 4970 1202 3226
f 3226 1200 4970
f 4970 1200 3227
f 1198 3326 3327
f 3327 3326 4971
f 1208 3325 3326
f 3326 3325 4971
f 1207 3228 3325
f 3325 3228 4971
f 3228 1191 4971
f 4971 1191 3327
f 3328 1198 4972
f 4972 1198 3327
f 1191 3229 3327
f 3327 3229 4972
f 1192 3328 3229
f 3229 3328 4972
f 1193 3329 3330
f 3330 3329 4973
f 1192 3230 3329
f 3329 3230 4973
f 1182 3231 3230
f 3230 3231 4973
f 3231 1183 4973
f 4973 1183 3330
f 1180 3331 3236
f 3236 3331 4974
f 3331 1183 4974
f 4974 1183 3232
f 839 3233 3232
f 3232 3233 4974
f 834 3236 3233
f 3233 3236 4974
f 1179 3238 3235
f 3235 3238 4975
f 3238 1189 4975
f 4975 1189 3333
f 1190 3332 3333
f 3333 3332 4975
f 3332 1180 4975
f 4975 1180 3235
f 1188 3336 3237
f 3237 3336 4976
f 1214 3335 3336
f 3336 3335 4976
f 3335 1212 4976
f 4976 1212 3334
f 3334 1189 4976
f 4976 1189 3237
f 1188 3239 3336
f 3336 3239 4977
f 1197 3338 3239
f 3239 3338 4977
f 1220 3337 3338
f 3338 3337 4977
f 3337 1214 4977
f 4977 1214 3336
f 3243 1206 4978
f 4978 1206 3241
f 1204 3245 3241
f 3241 3245 4978
f 3245 1196 4978
f 4978 1196 3339
f 1197 3243 3339
f 3339 3243 4978
f 1215 3341 3342
f 3342 3341 4979
f 3341 1211 4979
f 4979 1211 3340
f 1196 3246 3340
f 3340 3246 4979
f 3246 1194 4979
f 4979 1194 3342
f 843 3249 3343
f 3343 3249 4980
f 3249 954 4980
f 4980 954 3248
f 956 3319 3248
f 3248 3319 4980
f 3319 862 4980
f 4980 862 3343
f 3345 1003 4981
f 4981 1003 3251
f 995 3250 3251
f 3251 3250 4981
f 3250 843 4981
f 4981 843 3344
f 850 3345 3344
f 3344 3345 4981
f 3348 1113 4982
f 4982 1113 3347
f 848 3252 3347
f 3347 3252 4982
f 3252 1003 4982
f 4982 1003 3346
f 1148 3348 3346
f 3346 3348 4982
f 1132 3350 3253
f 3253 3350 4983
f 3350 1099 4983
f 4983 1099 3349
f 1112 3256 3349
f 3349 3256 4983
f 3256 1131 4983
f 4983 1131 3253
f 1113 3352 3347
f 3347 3352 4984
f 3352 1133 4984
f 4984 1133 3351
f 1132 3254 3351
f 3351 3254 4984
f 3254 848 4984
f 4984 848 3347
f 1112 3354 3255
f 3255 3354 4985
f 3354 1116 4985
f 4985 1116 3353
f 1124 3258 3353
f 3353 3258 4985
f 3258 1115 4985
f 4985 1115 3255
f 1124 3356 3257
f 3257 3356 4986
f 1119 3355 3356
f 3356 3355 4986
f 3355 1170 4986
f 4986 1170 3263
f 3263 1171 4986
f 4986 1171 3257
f 3259 1141 4987
f 4987 1141 3358
f 1105 3357 3358
f 3358 3357 4987
f 3357 812 4987
f 4987 812 3308
f 925 3259 3308
f 3308 3259 4987
f 3261 1097 4988
f 4988 1097 3360
f 1140 3359 3360
f 3360 3359 4988
f 3359 1141 4988
f 4988 1141 3260
f 1104 3261 3260
f 3260 3261 4988
f 3262 1170 4989
f 4989 1170 3363
f 1169 3362 3363
f 3363 3362 4989
f 3362 1103 4989
f 4989 1103 3361
f 1097 3262 3361
f 3361 3262 4989
f 1149 3364 3365
f 3365 3364 4990
f 3364 55 4990
f 4990 55 1375
f 56 3264 1375
f 1375 3264 4990
f 1150 3365 3264
f 3264 3365 4990
f 3367 1153 4991
f 4991 1153 3366
f 1150 3265 3366
f 3366 3265 4991
f 3265 1147 4991
f 4991 1147 3266
f 1102 3367 3266
f 3266 3367 4991
f 3369 1144 4992
f 4992 1144 3368
f 1102 3267 3368
f 3368 3267 4992
f 1090 3268 3267
f 3267 3268 4992
f 3268 1143 4992
f 4992 1143 3369
f 1136 3370 3371
f 3371 3370 4993
f 3370 1143 4993
f 4993 1143 3269
f 1142 3271 3269
f 3269 3271 4993
f 3271 1135 4993
f 4993 1135 3371
f 3357 1105 4994
f 4994 1105 3373
f 3373 1135 4994
f 4994 1135 3272
f 903 3372 3272
f 3272 3372 4994
f 812 3357 3372
f 3372 3357 4994
f 988 3273 3375
f 3375 3273 4995
f 3273 36 4995
f 4995 36 1376
f 39 3374 1376
f 1376 3374 4995
f 3374 1010 4995
f 4995 1010 3375
f 1033 3275 3377
f 3377 3275 4996
f 3275 1032 4996
f 4996 1032 3274
f 988 3376 3274
f 3274 3376 4996
f 3376 919 4996
f 4996 919 3377
f 1058 3277 3379
f 3379 3277 4997
f 3277 1057 4997
f 4997 1057 3276
f 1033 3378 3276
f 3276 3378 4997
f 3378 1034 4997
f 4997 1034 3379
f 902 3279 3381
f 3381 3279 4998
f 3279 968 4998
f 4998 968 3278
f 1058 3380 3278
f 3278 3380 4998
f 3380 1059 4998
f 4998 1059 3381
f 3307 812 4999
f 4999 812 3372
f 3372 903 4999
f 4999 903 3280
f 902 3382 3280
f 3280 3382 4999
f 811 3307 3382
f 3382 3307 4999
f 981 3383 3384
f 3384 3383 5000
f 32 1377 3383
f 3383 1377 5000
f 38 3281 1377
f 1377 3281 5000
f 3281 971 5000
f 5000 971 3384
f 934 3385 3386
f 3386 3385 5001
f 3385 971 5001
f 5001 971 3282
f 970 3283 3282
f 3282 3283 5001
f 3283 918 5001
f 5001 918 3386
f 933 3387 3388
f 3388 3387 5002
f 3387 934 5002
f 5002 934 3386
f 3386 918 5002
f 5002 918 3285
f 917 3388 3285
f 3285 3388 5002
f 916 3390 3391
f 3391 3390 5003
f 3390 880 5003
f 5003 880 3389
f 917 3287 3389
f 3389 3287 5003
f 3287 961 5003
f 5003 961 3391
f 3290 960 5004
f 5004 960 3392
f 961 3288 3392
f 3392 3288 5004
f 3288 879 5004
f 5004 879 3289
f 874 3290 3289
f 3289 3290 5004
f 3292 914 5005
f 5005 914 3394
f 915 3393 3394
f 3394 3393 5005
f 3393 960 5005
f 5005 960 3291
f 959 3292 3291
f 3291 3292 5005
f 3294 793 5006
f 5006 793 3396
f 870 3395 3396
f 3396 3395 5006
f 3395 914 5006
f 5006 914 3293
f 913 3294 3293
f 3293 3294 5006
f 3295 794 5007
f 5007 794 3296
f 928 3398 3296
f 3296 3398 5007
f 3398 929 5007
f 5007 929 3397
f 3397 793 5007
f 5007 793 3295
f 3298 1019 5008
f 5008 1019 3400
f 3400 796 5008
f 5008 796 3399
f 3399 928 5008
f 5008 928 3297
f 1018 3298 3297
f 3297 3298 5008
f 920 3402 3403
f 3403 3402 5009
f 1020 3401 3402
f 3402 3401 5009
f 3401 1019 5009
f 5009 1019 3299
f 921 3403 3299
f 3299 3403 5009
f 1036 3404 3405
f 3405 3404 5010
f 921 3300 3404
f 3404 3300 5010
f 3300 927 5010
f 5010 927 3301
f 1037 3405 3301
f 3301 3405 5010
f 1061 3406 3304
f 3304 3406 5011
f 3406 1037 5011
f 5011 1037 3302
f 1038 3303 3302
f 3302 3303 5011
f 3303 1062 5011
f 5011 1062 3304
f 811 3408 3306
f 3306 3408 5012
f 3408 1060 5012
f 5012 1060 3407
f 1061 3305 3407
f 3407 3305 5012
f 3305 926 5012
f 5012 926 3306
f 3410 729 5013
f 5013 729 3309
f 4 1378 3309
f 3309 1378 5013
f 1378 59 5013
f 5013 59 3409
f 1242 3410 3409
f 3409 3410 5013
f 3412 728 5014
f 5014 728 3311
f 727 3310 3311
f 3311 3310 5014
f 3310 729 5014
f 5014 729 3411
f 731 3412 3411
f 3411 3412 5014
f 3414 722 5015
f 5015 722 3313
f 723 3312 3313
f 3313 3312 5015
f 3312 728 5015
f 5015 728 3413
f 730 3414 3413
f 3413 3414 5015
f 3416 1128 5016
f 5016 1128 3315
f 1127 3314 3315
f 3315 3314 5016
f 3314 722 5016
f 5016 722 3415
f 721 3416 3415
f 3415 3416 5016
f 3418 861 5017
f 5017 861 3317
f 860 3316 3317
f 3317 3316 5017
f 3316 1128 5017
f 5017 1128 3417
f 1129 3418 3417
f 3417 3418 5017
f 3420 862 5018
f 5018 862 3320
f 856 3318 3320
f 3320 3318 5018
f 3318 861 5018
f 5018 861 3419
f 867 3420 3419
f 3419 3420 5018
f 3422 1209 5019
f 5019 1209 3421
f 3421 1215 5019
f 5019 1215 3342
f 1194 3322 3342
f 3342 3322 5019
f 1195 3422 3322
f 3322 3422 5019
f 3423 1195 5020
f 5020 1195 3323
f 1202 3324 3323
f 3323 3324 5020
f 3324 1208 5020
f 5020 1208 3326
f 1198 3423 3326
f 3326 3423 5020
f 1192 3426 3328
f 3328 3426 5021
f 3426 1216 5021
f 5021 1216 3425
f 1218 3424 3425
f 3425 3424 5021
f 1198 3328 3424
f 3424 3328 5021
f 3329 1193 5022
f 5022 1193 3428
f 1210 3427 3428
f 3428 3427 5022
f 3427 1216 5022
f 5022 1216 3426
f 1192 3329 3426
f 3426 3329 5022
f 3331 1180 5023
f 5023 1180 3332
f 1190 3429 3332
f 3332 3429 5023
f 3429 1193 5023
f 5023 1193 3330
f 1183 3331 3330
f 3330 3331 5023
f 1189 3334 3333
f 3333 3334 5024
f 3334 1212 5024
f 5024 1212 3431
f 1213 3430 3431
f 3431 3430 5024
f 3430 1190 5024
f 5024 1190 3333
f 3431 1212 5025
f 5025 1212 3335
f 3335 1214 5025
f 5025 1214 3433
f 1217 3432 3433
f 3433 3432 5025
f 3432 1213 5025
f 5025 1213 3431
f 3337 1220 5026
f 5026 1220 3435
f 3435 1219 5026
f 5026 1219 3434
f 3434 1217 5026
f 5026 1217 3433
f 1214 3337 3433
f 3433 3337 5026
f 1197 3339 3338
f 3338 3339 5027
f 3339 1196 5027
f 5027 1196 3340
f 3340 1211 5027
f 5027 1211 3436
f 1220 3338 3436
f 3436 3338 5027
f 1220 3436 3435
f 3435 3436 5028
f 3436 1211 5028
f 5028 1211 3341
f 3341 1215 5028
f 5028 1215 3437
f 1219 3435 3437
f 3437 3435 5028
f 850 3344 3438
f 3438 3344 5029
f 3344 843 5029
f 5029 843 3343
f 862 3420 3343
f 3343 3420 5029
f 3420 867 5029
f 5029 867 3438
f 3440 1148 5030
f 5030 1148 3346
f 1003 3345 3346
f 3346 3345 5030
f 3345 850 5030
f 5030 850 3439
f 1114 3440 3439
f 3439 3440 5030
f 700 3442 3443
f 3443 3442 5031
f 3442 1093 5031
f 5031 1093 3441
f 1113 3348 3441
f 3441 3348 5031
f 3348 1148 5031
f 5031 1148 3443
f 1099 3445 3349
f 3349 3445 5032
f 3445 1117 5032
f 5032 1117 3444
f 1116 3354 3444
f 3444 3354 5032
f 3354 1112 5032
f 5032 1112 3349
f 1133 3447 3351
f 3351 3447 5033
f 3447 1101 5033
f 5033 1101 3446
f 1099 3350 3446
f 3446 3350 5033
f 3350 1132 5033
f 5033 1132 3351
f 1093 3449 3441
f 3441 3449 5034
f 3449 1092 5034
f 5034 1092 3448
f 1133 3352 3448
f 3448 3352 5034
f 3352 1113 5034
f 5034 1113 3441
f 1116 3451 3353
f 3353 3451 5035
f 3451 1111 5035
f 5035 1111 3450
f 3450 1119 5035
f 5035 1119 3356
f 3356 1124 5035
f 5035 1124 3353
f 3355 1119 5036
f 5036 1119 3453
f 1120 3452 3453
f 3453 3452 5036
f 3452 1169 5036
f 5036 1169 3363
f 1170 3355 3363
f 3363 3355 5036
f 1141 3359 3358
f 3358 3359 5037
f 3359 1140 5037
f 5037 1140 3455
f 1096 3454 3455
f 3455 3454 5037
f 3454 1105 5037
f 5037 1105 3358
f 3360 1097 5038
f 5038 1097 3361
f 1103 3457 3361
f 3361 3457 5038
f 1139 3456 3457
f 3457 3456 5038
f 3456 1140 5038
f 5038 1140 3360
f 1169 3460 3362
f 3362 3460 5039
f 3460 1168 5039
f 5039 1168 3459
f 1110 3458 3459
f 3459 3458 5039
f 3458 1103 5039
f 5039 1103 3362
f 1161 3461 3462
f 3462 3461 5040
f 3461 57 5040
f 5040 57 1379
f 55 3364 1379
f 1379 3364 5040
f 3364 1149 5040
f 5040 1149 3462
f 1157 3463 3464
f 3464 3463 5041
f 3463 1149 5041
f 5041 1149 3365
f 3365 1150 5041
f 5041 1150 3366
f 1153 3464 3366
f 3366 3464 5041
f 3466 1154 5042
f 5042 1154 3465
f 1153 3367 3465
f 3465 3367 5042
f 3367 1102 5042
f 5042 1102 3368
f 1144 3466 3368
f 3368 3466 5042
f 3468 1137 5043
f 5043 1137 3467
f 1144 3369 3467
f 3467 3369 5043
f 1143 3370 3369
f 3369 3370 5043
f 3370 1136 5043
f 5043 1136 3468
f 1096 3469 3454
f 3454 3469 5044
f 3469 1136 5044
f 5044 1136 3371
f 1135 3373 3371
f 3371 3373 5044
f 3373 1105 5044
f 5044 1105 3454
f 1010 3374 3471
f 3471 3374 5045
f 3374 39 5045
f 5045 39 1380
f 15 3470 1380
f 1380 3470 5045
f 3470 987 5045
f 5045 987 3471
f 919 3376 3473
f 3473 3376 5046
f 3376 988 5046
f 5046 988 3375
f 1010 3472 3375
f 3375 3472 5046
f 3472 1009 5046
f 5046 1009 3473
f 1034 3378 3475
f 3475 3378 5047
f 3378 1033 5047
f 5047 1033 3377
f 919 3474 3377
f 3377 3474 5047
f 3474 967 5047
f 5047 967 3475
f 1059 3380 3477
f 3477 3380 5048
f 3380 1058 5048
f 5048 1058 3379
f 3379 1034 5048
f 5048 1034 3476
f 3476 1035 5048
f 5048 1035 3477
f 3408 811 5049
f 5049 811 3382
f 3382 902 5049
f 5049 902 3381
f 3381 1059 5049
f 5049 1059 3478
f 1060 3408 3478
f 3478 3408 5049
f 3480 30 5050
f 5050 30 1381
f 32 3383 1381
f 1381 3383 5050
f 3383 981 5050
f 5050 981 3479
f 982 3480 3479
f 3479 3480 5050
f 886 3481 3482
f 3482 3481 5051
f 3481 981 5051
f 5051 981 3384
f 971 3482 3384
f 3384 3482 5051
f 910 3483 3484
f 3484 3483 5052
f 3483 886 5052
f 5052 886 3482
f 971 3385 3482
f 3482 3385 5052
f 3385 934 5052
f 5052 934 3484
f 909 3485 3486
f 3486 3485 5053
f 3485 910 5053
f 5053 910 3484
f 934 3387 3484
f 3484 3387 5053
f 3387 933 5053
f 5053 933 3486
f 932 3487 3488
f 3488 3487 5054
f 3487 933 5054
f 5054 933 3388
f 3388 917 5054
f 5054 917 3389
f 3389 880 5054
f 5054 880 3488
f 3491 875 5055
f 5055 875 3490
f 880 3390 3490
f 3490 3390 5055
f 3390 916 5055
f 5055 916 3489
f 915 3491 3489
f 3489 3491 5055
f 3393 915 5056
f 5056 915 3489
f 3489 916 5056
f 5056 916 3391
f 961 3392 3391
f 3391 3392 5056
f 960 3393 3392
f 3392 3393 5056
f 914 3395 3394
f 3394 3395 5057
f 3395 870 5057
f 5057 870 3492
f 875 3491 3492
f 3492 3491 5057
f 3491 915 5057
f 5057 915 3394
f 929 3494 3397
f 3397 3494 5058
f 3494 930 5058
f 5058 930 3493
f 870 3396 3493
f 3493 3396 5058
f 793 3397 3396
f 3396 3397 5058
f 796 3496 3399
f 3399 3496 5059
f 3496 795 5059
f 5059 795 3495
f 929 3398 3495
f 3495 3398 5059
f 3398 928 5059
f 5059 928 3399
f 3401 1020 5060
f 5060 1020 3498
f 3498 904 5060
f 5060 904 3497
f 796 3400 3497
f 3497 3400 5060
f 1019 3401 3400
f 3400 3401 5060
f 967 3500 3501
f 3501 3500 5061
f 1021 3499 3500
f 3500 3499 5061
f 3499 1020 5061
f 5061 1020 3402
f 3402 920 5061
f 5061 920 3501
f 1035 3502 3503
f 3503 3502 5062
f 3502 920 5062
f 5062 920 3403
f 921 3404 3403
f 3403 3404 5062
f 3404 1036 5062
f 5062 1036 3503
f 1060 3504 3407
f 3407 3504 5063
f 3504 1036 5063
f 5063 1036 3405
f 1037 3406 3405
f 3405 3406 5063
f 3406 1061 5063
f 5063 1061 3407
f 3506 1242 5064
f 5064 1242 3409
f 59 1382 3409
f 3409 1382 5064
f 1382 58 5064
f 5064 58 3505
f 1234 3506 3505
f 3505 3506 5064
f 3508 731 5065
f 5065 731 3411
f 729 3410 3411
f 3411 3410 5065
f 3410 1242 5065
f 5065 1242 3507
f 1241 3508 3507
f 3507 3508 5065
f 3510 730 5066
f 5066 730 3413
f 728 3412 3413
f 3413 3412 5066
f 3412 731 5066
f 5066 731 3509
f 733 3510 3509
f 3509 3510 5066
f 3512 721 5067
f 5067 721 3415
f 722 3414 3415
f 3415 3414 5067
f 3414 730 5067
f 5067 730 3511
f 732 3512 3511
f 3511 3512 5067
f 3514 1129 5068
f 5068 1129 3417
f 1128 3416 3417
f 3417 3416 5068
f 3416 721 5068
f 5068 721 3513
f 720 3514 3513
f 3513 3514 5068
f 3516 867 5069
f 5069 867 3419
f 861 3418 3419
f 3419 3418 5069
f 3418 1129 5069
f 5069 1129 3515
f 1134 3516 3515
f 3515 3516 5069
f 1218 3517 3518
f 3518 3517 5070
f 3517 1219 5070
f 5070 1219 3437
f 1215 3421 3437
f 3437 3421 5070
f 3421 1209 5070
f 5070 1209 3518
f 3423 1198 5071
f 5071 1198 3424
f 1218 3518 3424
f 3424 3518 5071
f 3518 1209 5071
f 5071 1209 3422
f 1195 3423 3422
f 3422 3423 5071
f 1216 3519 3425
f 3425 3519 5072
f 1217 3434 3519
f 3519 3434 5072
f 1219 3517 3434
f 3434 3517 5072
f 3517 1218 5072
f 5072 1218 3425
f 3427 1210 5073
f 5073 1210 3520
f 1213 3432 3520
f 3520 3432 5073
f 3432 1217 5073
f 5073 1217 3519
f 1216 3427 3519
f 3519 3427 5073
f 1190 3430 3429
f 3429 3430 5074
f 3430 1213 5074
f 5074 1213 3520
f 3520 1210 5074
f 5074 1210 3428
f 1193 3429 3428
f 3428 3429 5074
f 3439 850 5075
f 5075 850 3438
f 867 3516 3438
f 3438 3516 5075
f 3516 1134 5075
f 5075 1134 3521
f 1114 3439 3521
f 3521 3439 5075
f 1148 3440 3443
f 3443 3440 5076
f 3440 1114 5076
f 5076 1114 3523
f 3523 718 5076
f 5076 718 3522
f 3522 700 5076
f 5076 700 3443
f 3526 1245 5077
f 5077 1245 3525
f 1093 3442 3525
f 3525 3442 5077
f 3442 700 5077
f 5077 700 3524
f 1300 3526 3524
f 3524 3526 5077
f 1117 3528 3444
f 3444 3528 5078
f 3528 1098 5078
f 5078 1098 3527
f 1111 3451 3527
f 3527 3451 5078
f 3451 1116 5078
f 5078 1116 3444
f 1101 3530 3446
f 3446 3530 5079
f 3530 1118 5079
f 5079 1118 3529
f 1117 3445 3529
f 3529 3445 5079
f 3445 1099 5079
f 5079 1099 3446
f 1092 3532 3448
f 3448 3532 5080
f 3532 1091 5080
f 5080 1091 3531
f 1101 3447 3531
f 3531 3447 5080
f 3447 1133 5080
f 5080 1133 3448
f 3535 1092 5081
f 5081 1092 3449
f 1093 3534 3449
f 3449 3534 5081
f 3534 1312 5081
f 5081 1312 3533
f 1251 3535 3533
f 3533 3535 5081
f 1111 3537 3450
f 3450 3537 5082
f 3537 713 5082
f 5082 713 3536
f 1120 3453 3536
f 3536 3453 5082
f 3453 1119 5082
f 5082 1119 3450
f 1120 3539 3452
f 3452 3539 5083
f 3539 1121 5083
f 5083 1121 3538
f 1168 3460 3538
f 3538 3460 5083
f 3460 1169 5083
f 5083 1169 3452
f 3456 1139 5084
f 5084 1139 3541
f 1107 3540 3541
f 3541 3540 5084
f 3540 1096 5084
f 5084 1096 3455
f 1140 3456 3455
f 3455 3456 5084
f 1103 3458 3457
f 3457 3458 5085
f 3458 1110 5085
f 5085 1110 3543
f 1138 3542 3543
f 3543 3542 5085
f 3542 1139 5085
f 5085 1139 3457
f 1168 3546 3459
f 3459 3546 5086
f 3546 1167 5086
f 5086 1167 3545
f 1109 3544 3545
f 3545 3544 5086
f 3544 1110 5086
f 5086 1110 3459
f 3548 1337 5087
f 5087 1337 3547
f 61 1383 3547
f 3547 1383 5087
f 57 3461 1383
f 1383 3461 5087
f 3461 1161 5087
f 5087 1161 3548
f 3463 1157 5088
f 5088 1157 3550
f 1162 3549 3550
f 3550 3549 5088
f 3549 1161 5088
f 5088 1161 3462
f 1149 3463 3462
f 3462 3463 5088
f 3465 1154 5089
f 5089 1154 3552
f 1158 3551 3552
f 3552 3551 5089
f 3551 1157 5089
f 5089 1157 3464
f 3464 1153 5089
f 5089 1153 3465
f 1137 3554 3467
f 3467 3554 5090
f 3554 1155 5090
f 5090 1155 3553
f 1154 3466 3553
f 3553 3466 5090
f 3466 1144 5090
f 5090 1144 3467
f 3469 1096 5091
f 5091 1096 3540
f 3540 1107 5091
f 5091 1107 3555
f 1137 3468 3555
f 3555 3468 5091
f 1136 3469 3468
f 3468 3469 5091
f 15 1384 3470
f 3470 1384 5092
f 1384 14 5092
f 5092 14 3557
f 986 3556 3557
f 3557 3556 5092
f 987 3470 3556
f 3556 3470 5092
f 3472 1010 5093
f 5093 1010 3471
f 987 3559 3471
f 3471 3559 5093
f 3559 798 5093
f 5093 798 3558
f 1009 3472 3558
f 3558 3472 5093
f 3474 919 5094
f 5094 919 3473
f 1009 3560 3473
f 3473 3560 5094
f 3560 1021 5094
f 5094 1021 3500
f 967 3474 3500
f 3500 3474 5094
f 1034 3475 3476
f 3476 3475 5095
f 3475 967 5095
f 5095 967 3501
f 920 3502 3501
f 3501 3502 5095
f 3502 1035 5095
f 5095 1035 3476
f 1059 3477 3478
f 3478 3477 5096
f 3477 1035 5096
f 5096 1035 3503
f 1036 3504 3503
f 3503 3504 5096
f 3504 1060 5096
f 5096 1060 3478
f 884 3561 3562
f 3562 3561 5097
f 3561 982 5097
f 5097 982 3479
f 981 3481 3479
f 3479 3481 5097
f 3481 886 5097
f 5097 886 3562
f 3564 28 5098
f 5098 28 1385
f 30 3480 1385
f 1385 3480 5098
f 3480 982 5098
f 5098 982 3563
f 983 3564 3563
f 3563 3564 5098
f 909 3565 3485
f 3485 3565 5099
f 3565 884 5099
f 5099 884 3562
f 886 3483 3562
f 3562 3483 5099
f 3483 910 5099
f 5099 910 3485
f 3487 932 5100
f 5100 932 3567
f 881 3566 3567
f 3567 3566 5100
f 3566 909 5100
f 5100 909 3486
f 933 3487 3486
f 3486 3487 5100
f 3490 875 5101
f 5101 875 3569
f 931 3568 3569
f 3569 3568 5101
f 3568 932 5101
f 5101 932 3488
f 880 3490 3488
f 3488 3490 5101
f 930 3570 3493
f 3493 3570 5102
f 3570 931 5102
f 5102 931 3569
f 875 3492 3569
f 3569 3492 5102
f 3492 870 5102
f 5102 870 3493
f 3494 929 5103
f 5103 929 3495
f 795 3572 3495
f 3495 3572 5103
f 3572 871 5103
f 5103 871 3571
f 930 3494 3571
f 3571 3494 5103
f 904 3574 3497
f 3497 3574 5104
f 3574 905 5104
f 5104 905 3573
f 795 3496 3573
f 3573 3496 5104
f 3496 796 5104
f 5104 796 3497
f 3499 1021 5105
f 5105 1021 3576
f 966 3575 3576
f 3576 3575 5105
f 3575 904 5105
f 5105 904 3498
f 1020 3499 3498
f 3498 3499 5105
f 3578 1234 5106
f 5106 1234 3505
f 58 1386 3505
f 3505 1386 5106
f 1386 5 5106
f 5106 5 3577
f 737 3578 3577
f 3577 3578 5106
f 3580 1241 5107
f 5107 1241 3507
f 1242 3506 3507
f 3507 3506 5107
f 3506 1234 5107
f 5107 1234 3579
f 1233 3580 3579
f 3579 3580 5107
f 3582 733 5108
f 5108 733 3509
f 731 3508 3509
f 3509 3508 5108
f 3508 1241 5108
f 5108 1241 3581
f 1240 3582 3581
f 3581 3582 5108
f 3584 732 5109
f 5109 732 3511
f 730 3510 3511
f 3511 3510 5109
f 3510 733 5109
f 5109 733 3583
f 736 3584 3583
f 3583 3584 5109
f 3586 720 5110
f 5110 720 3513
f 721 3512 3513
f 3513 3512 5110
f 3512 732 5110
f 5110 732 3585
f 735 3586 3585
f 3585 3586 5110
f 3588 1134 5111
f 5111 1134 3515
f 1129 3514 3515
f 3515 3514 5111
f 3514 720 5111
f 5111 720 3587
f 719 3588 3587
f 3587 3588 5111
f 3523 1114 5112
f 5112 1114 3521
f 1134 3588 3521
f 3521 3588 5112
f 3588 719 5112
f 5112 719 3589
f 718 3523 3589
f 3589 3523 5112
f 700 3522 3592
f 3592 3522 5113
f 718 3591 3522
f 3522 3591 5113
f 3591 734 5113
f 5113 734 3590
f 725 3592 3590
f 3590 3592 5113
f 1311 3593 3594
f 3594 3593 5114
f 3593 1300 5114
f 5114 1300 3524
f 700 3592 3524
f 3524 3592 5114
f 3592 725 5114
f 5114 725 3594
f 3534 1093 5115
f 5115 1093 3525
f 3525 1245 5115
f 5115 1245 3596
f 1302 3595 3596
f 3596 3595 5115
f 3595 1312 5115
f 5115 1312 3534
f 1299 3598 3599
f 3599 3598 5116
f 3598 1253 5116
f 5116 1253 3597
f 1245 3526 3597
f 3597 3526 5116
f 3526 1300 5116
f 5116 1300 3599
f 1098 3601 3527
f 3527 3601 5117
f 3601 708 5117
f 5117 708 3600
f 713 3537 3600
f 3600 3537 5117
f 3537 1111 5117
f 5117 1111 3527
f 1118 3603 3529
f 3529 3603 5118
f 3603 1100 5118
f 5118 1100 3602
f 1098 3528 3602
f 3602 3528 5118
f 3528 1117 5118
f 5118 1117 3529
f 1091 3605 3531
f 3531 3605 5119
f 3605 1095 5119
f 5119 1095 3604
f 1118 3530 3604
f 3604 3530 5119
f 3530 1101 5119
f 5119 1101 3531
f 1251 3607 3535
f 3535 3607 5120
f 3607 1248 5120
f 5120 1248 3606
f 1091 3532 3606
f 3606 3532 5120
f 3532 1092 5120
f 5120 1092 3535
f 1280 3608 3609
f 3609 3608 5121
f 1251 3533 3608
f 3608 3533 5121
f 3533 1312 5121
f 5121 1312 3595
f 3595 1302 5121
f 5121 1302 3609
f 713 3611 3536
f 3536 3611 5122
f 3611 714 5122
f 5122 714 3610
f 1121 3539 3610
f 3610 3539 5122
f 3539 1120 5122
f 5122 1120 3536
f 1121 3613 3538
f 3538 3613 5123
f 3613 1122 5123
f 5123 1122 3612
f 1167 3546 3612
f 3612 3546 5123
f 3546 1168 5123
f 5123 1168 3538
f 1139 3542 3541
f 3541 3542 5124
f 3542 1138 5124
f 5124 1138 3615
f 1156 3614 3615
f 3615 3614 5124
f 3614 1107 5124
f 5124 1107 3541
f 1110 3544 3543
f 3543 3544 5125
f 3544 1109 5125
f 5125 1109 3617
f 3617 1151 5125
f 5125 1151 3616
f 3616 1138 5125
f 5125 1138 3543
f 1167 3620 3545
f 3545 3620 5126
f 3620 1166 5126
f 5126 1166 3619
f 1108 3618 3619
f 3619 3618 5126
f 3618 1109 5126
f 5126 1109 3545
f 3623 747 5127
f 5127 747 3622
f 10 1387 3622
f 3622 1387 5127
f 1387 1 5127
f 5127 1 3621
f 716 3623 3621
f 3621 3623 5127
f 1324 3624 3625
f 3625 3624 5128
f 3624 716 5128
f 5128 716 3621
f 1 1388 3621
f 3621 1388 5128
f 1388 60 5128
f 5128 60 3625
f 1336 3626 3627
f 3627 3626 5129
f 3626 1337 5129
f 5129 1337 3548
f 1161 3549 3548
f 3548 3549 5129
f 3549 1162 5129
f 5129 1162 3627
f 1163 3628 3629
f 3629 3628 5130
f 3628 1162 5130
f 5130 1162 3550
f 1157 3551 3550
f 3550 3551 5130
f 3551 1158 5130
f 5130 1158 3629
f 1159 3630 3631
f 3631 3630 5131
f 3630 1158 5131
f 5131 1158 3552
f 1154 3553 3552
f 3552 3553 5131
f 1155 3631 3553
f 3553 3631 5131
f 3614 1156 5132
f 5132 1156 3632
f 1155 3554 3632
f 3632 3554 5132
f 3554 1137 5132
f 5132 1137 3555
f 1107 3614 3555
f 3555 3614 5132
f 14 1389 3557
f 3557 1389 5133
f 1389 24 5133
f 5133 24 3634
f 985 3633 3634
f 3634 3633 5133
f 3633 986 5133
f 5133 986 3557
f 3559 987 5134
f 5134 987 3556
f 3556 986 5134
f 5134 986 3636
f 797 3635 3636
f 3636 3635 5134
f 798 3559 3635
f 3635 3559 5134
f 3560 1009 5135
f 5135 1009 3558
f 798 3637 3558
f 3558 3637 5135
f 3637 966 5135
f 5135 966 3576
f 1021 3560 3576
f 3576 3560 5135
f 3639 983 5136
f 5136 983 3563
f 982 3561 3563
f 3563 3561 5136
f 3561 884 5136
f 5136 884 3638
f 882 3639 3638
f 3638 3639 5136
f 26 1390 3641
f 3641 1390 5137
f 1390 28 5137
f 5137 28 3564
f 983 3640 3564
f 3564 3640 5137
f 3640 984 5137
f 5137 984 3641
f 962 3642 3643
f 3643 3642 5138
f 3642 882 5138
f 5138 882 3638
f 884 3565 3638
f 3638 3565 5138
f 3565 909 5138
f 5138 909 3643
f 908 3644 3645
f 3645 3644 5139
f 3644 962 5139
f 5139 962 3643
f 909 3566 3643
f 3643 3566 5139
f 3566 881 5139
f 5139 881 3645
f 876 3646 3647
f 3647 3646 5140
f 3646 881 5140
f 5140 881 3567
f 932 3568 3567
f 3567 3568 5140
f 3568 931 5140
f 5140 931 3647
f 871 3648 3571
f 3571 3648 5141
f 3648 876 5141
f 5141 876 3647
f 931 3570 3647
f 3647 3570 5141
f 3570 930 5141
f 5141 930 3571
f 905 3650 3573
f 3573 3650 5142
f 3650 906 5142
f 5142 906 3649
f 871 3572 3649
f 3649 3572 5142
f 3572 795 5142
f 5142 795 3573
f 3575 966 5143
f 5143 966 3652
f 965 3651 3652
f 3652 3651 5143
f 905 3574 3651
f 3651 3574 5143
f 3574 904 5143
f 5143 904 3575
f 3654 737 5144
f 5144 737 3577
f 5 1391 3577
f 3577 1391 5144
f 1391 7 5144
f 5144 7 3653
f 744 3654 3653
f 3653 3654 5144
f 3656 1233 5145
f 5145 1233 3579
f 1234 3578 3579
f 3579 3578 5145
f 3578 737 5145
f 5145 737 3655
f 742 3656 3655
f 3655 3656 5145
f 3658 1240 5146
f 5146 1240 3581
f 1241 3580 3581
f 3581 3580 5146
f 3580 1233 5146
f 5146 1233 3657
f 1232 3658 3657
f 3657 3658 5146
f 3660 736 5147
f 5147 736 3583
f 733 3582 3583
f 3583 3582 5147
f 3582 1240 5147
f 5147 1240 3659
f 1239 3660 3659
f 3659 3660 5147
f 3662 735 5148
f 5148 735 3585
f 732 3584 3585
f 3585 3584 5148
f 3584 736 5148
f 5148 736 3661
f 741 3662 3661
f 3661 3662 5148
f 3664 719 5149
f 5149 719 3587
f 720 3586 3587
f 3587 3586 5149
f 3586 735 5149
f 5149 735 3663
f 738 3664 3663
f 3663 3664 5149
f 3591 718 5150
f 5150 718 3589
f 719 3664 3589
f 3589 3664 5150
f 3664 738 5150
f 5150 738 3665
f 734 3591 3665
f 3665 3591 5150
f 734 3668 3590
f 3590 3668 5151
f 3668 739 5151
f 5151 739 3667
f 726 3666 3667
f 3667 3666 5151
f 3666 725 5151
f 5151 725 3590
f 1310 3669 3670
f 3670 3669 5152
f 3669 1299 5152
f 5152 1299 3599
f 1300 3593 3599
f 3599 3593 5152
f 3593 1311 5152
f 5152 1311 3670
f 725 3666 3594
f 3594 3666 5153
f 3666 726 5153
f 5153 726 3672
f 1306 3671 3672
f 3672 3671 5153
f 3671 1311 5153
f 5153 1311 3594
f 1253 3674 3597
f 3597 3674 5154
f 3674 1252 5154
f 5154 1252 3673
f 3673 1302 5154
f 5154 1302 3596
f 1245 3597 3596
f 3596 3597 5154
f 3677 1298 5155
f 5155 1298 3676
f 1278 3675 3676
f 3676 3675 5155
f 1253 3598 3675
f 3675 3598 5155
f 1299 3677 3598
f 3598 3677 5155
f 708 3679 3600
f 3600 3679 5156
f 3679 740 5156
f 5156 740 3678
f 714 3611 3678
f 3678 3611 5156
f 3611 713 5156
f 5156 713 3600
f 1100 3681 3602
f 3602 3681 5157
f 3681 707 5157
f 5157 707 3680
f 708 3601 3680
f 3680 3601 5157
f 3601 1098 5157
f 5157 1098 3602
f 1095 3683 3604
f 3604 3683 5158
f 1094 3682 3683
f 3683 3682 5158
f 1100 3603 3682
f 3682 3603 5158
f 3603 1118 5158
f 5158 1118 3604
f 3686 1290 5159
f 5159 1290 3685
f 1095 3605 3685
f 3685 3605 5159
f 3605 1091 5159
f 5159 1091 3684
f 1246 3686 3684
f 3684 3686 5159
f 1248 3688 3606
f 3606 3688 5160
f 3688 1247 5160
f 5160 1247 3687
f 3687 1246 5160
f 5160 1246 3684
f 1091 3606 3684
f 3684 3606 5160
f 3608 1280 5161
f 5161 1280 3690
f 3690 1281 5161
f 5161 1281 3689
f 1248 3607 3689
f 3689 3607 5161
f 1251 3608 3607
f 3607 3608 5161
f 3693 1296 5162
f 5162 1296 3692
f 3692 1280 5162
f 5162 1280 3609
f 1302 3691 3609
f 3609 3691 5162
f 1295 3693 3691
f 3691 3693 5162
f 714 3695 3610
f 3610 3695 5163
f 3695 712 5163
f 5163 712 3694
f 1122 3613 3694
f 3694 3613 5163
f 3613 1121 5163
f 5163 1121 3610
f 1122 3697 3612
f 3612 3697 5164
f 3697 1123 5164
f 5164 1123 3696
f 1166 3620 3696
f 3696 3620 5164
f 3620 1167 5164
f 5164 1167 3612
f 1138 3616 3615
f 3615 3616 5165
f 1151 3699 3616
f 3616 3699 5165
f 3699 1160 5165
f 5165 1160 3698
f 3698 1156 5165
f 5165 1156 3615
f 3617 1109 5166
f 5166 1109 3618
f 3618 1108 5166
f 5166 1108 3701
f 3701 1152 5166
f 5166 1152 3700
f 1151 3617 3700
f 3700 3617 5166
f 1166 3704 3619
f 3619 3704 5167
f 3704 1321 5167
f 5167 1321 3703
f 1331 3702 3703
f 3703 3702 5167
f 3702 1108 5167
f 5167 1108 3619
f 9 1392 3706
f 3706 1392 5168
f 1392 10 5168
f 5168 10 3622
f 747 3705 3622
f 3622 3705 5168
f 3705 746 5168
f 5168 746 3706
f 3709 758 5169
f 5169 758 3708
f 747 3623 3708
f 3708 3623 5169
f 3623 716 5169
f 5169 716 3707
f 709 3709 3707
f 3707 3709 5169
f 3711 1324 5170
f 5170 1324 3625
f 60 1393 3625
f 3625 1393 5170
f 1330 3711 3710
f 3710 3711 5170
f 1318 3712 3713
f 3713 3712 5171
f 3712 709 5171
f 5171 709 3707
f 716 3624 3707
f 3707 3624 5171
f 3624 1324 5171
f 5171 1324 3713
f 1335 3714 3715
f 3715 3714 5172
f 3714 1336 5172
f 5172 1336 3627
f 1162 3628 3627
f 3627 3628 5172
f 3628 1163 5172
f 5172 1163 3715
f 3630 1159 5173
f 5173 1159 3717
f 1164 3716 3717
f 3717 3716 5173
f 3716 1163 5173
f 5173 1163 3629
f 1158 3630 3629
f 3629 3630 5173
f 1156 3698 3632
f 3632 3698 5174
f 1160 3718 3698
f 3698 3718 5174
f 3718 1159 5174
f 5174 1159 3631
f 3631 1155 5174
f 5174 1155 3632
f 24 1394 3634
f 3634 1394 5175
f 1394 26 5175
f 5175 26 3641
f 984 3719 3641
f 3641 3719 5175
f 3719 985 5175
f 5175 985 3634
f 986 3633 3636
f 3636 3633 5176
f 3633 985 5176
f 5176 985 3721
f 872 3720 3721
f 3721 3720 5176
f 3720 797 5176
f 5176 797 3636
f 3637 798 5177
f 5177 798 3635
f 3635 797 5177
f 5177 797 3722
f 3722 965 5177
f 5177 965 3652
f 966 3637 3652
f 3652 3637 5177
f 984 3640 3724
f 3724 3640 5178
f 3640 983 5178
f 5178 983 3639
f 882 3723 3639
f 3639 3723 5178
f 3723 877 5178
f 5178 877 3724
f 877 3723 3726
f 3726 3723 5179
f 3723 882 5179
f 5179 882 3642
f 3642 962 5179
f 5179 962 3725
f 3725 963 5179
f 5179 963 3726
f 3728 907 5180
f 5180 907 3727
f 3727 963 5180
f 5180 963 3725
f 962 3644 3725
f 3725 3644 5180
f 3644 908 5180
f 5180 908 3728
f 907 3728 3729
f 3729 3728 5181
f 3728 908 5181
f 5181 908 3645
f 881 3646 3645
f 3645 3646 5181
f 3646 876 5181
f 5181 876 3729
f 3648 871 5182
f 5182 871 3649
f 906 3730 3649
f 3649 3730 5182
f 3730 907 5182
f 5182 907 3729
f 876 3648 3729
f 3729 3648 5182
f 965 3732 3651
f 3651 3732 5183
f 3732 964 5183
f 5183 964 3731
f 906 3650 3731
f 3731 3650 5183
f 3650 905 5183
f 5183 905 3651
f 3734 744 5184
f 5184 744 3653
f 7 1395 3653
f 3653 1395 5184
f 1395 6 5184
f 5184 6 3733
f 743 3734 3733
f 3733 3734 5184
f 3736 742 5185
f 5185 742 3655
f 737 3654 3655
f 3655 3654 5185
f 3654 744 5185
f 5185 744 3735
f 753 3736 3735
f 3735 3736 5185
f 3738 1232 5186
f 5186 1232 3657
f 1233 3656 3657
f 3657 3656 5186
f 3656 742 5186
f 5186 742 3737
f 754 3738 3737
f 3737 3738 5186
f 3740 1239 5187
f 5187 1239 3659
f 1240 3658 3659
f 3659 3658 5187
f 3658 1232 5187
f 5187 1232 3739
f 1231 3740 3739
f 3739 3740 5187
f 3742 741 5188
f 5188 741 3661
f 736 3660 3661
f 3661 3660 5188
f 3660 1239 5188
f 5188 1239 3741
f 1238 3742 3741
f 3741 3742 5188
f 3744 738 5189
f 5189 738 3663
f 735 3662 3663
f 3663 3662 5189
f 3662 741 5189
f 5189 741 3743
f 748 3744 3743
f 3743 3744 5189
f 3668 734 5190
f 5190 734 3665
f 738 3744 3665
f 3665 3744 5190
f 3744 748 5190
f 5190 748 3745
f 739 3668 3745
f 3745 3668 5190
f 739 3748 3667
f 3667 3748 5191
f 3748 1236 5191
f 5191 1236 3747
f 1235 3746 3747
f 3747 3746 5191
f 3746 726 5191
f 5191 726 3667
f 3750 1309 5192
f 5192 1309 3749
f 1298 3677 3749
f 3749 3677 5192
f 3677 1299 5192
f 5192 1299 3669
f 1310 3750 3669
f 3669 3750 5192
f 1307 3751 3752
f 3752 3751 5193
f 3751 1310 5193
f 5193 1310 3670
f 1311 3671 3670
f 3670 3671 5193
f 3671 1306 5193
f 5193 1306 3752
f 726 3746 3672
f 3672 3746 5194
f 3746 1235 5194
f 5194 1235 3754
f 1260 3753 3754
f 3754 3753 5194
f 3753 1306 5194
f 5194 1306 3672
f 3756 1295 5195
f 5195 1295 3691
f 3691 1302 5195
f 5195 1302 3673
f 1252 3755 3673
f 3673 3755 5195
f 1254 3756 3755
f 3755 3756 5195
f 3675 1278 5196
f 5196 1278 3758
f 1279 3757 3758
f 3758 3757 5196
f 1252 3674 3757
f 3757 3674 5196
f 3674 1253 5196
f 5196 1253 3675
f 3761 1305 5197
f 5197 1305 3760
f 1276 3759 3760
f 3760 3759 5197
f 3759 1278 5197
f 5197 1278 3676
f 1298 3761 3676
f 3676 3761 5197
f 3763 751 5198
f 5198 751 3762
f 712 3695 3762
f 3762 3695 5198
f 3695 714 5198
f 5198 714 3678
f 740 3763 3678
f 3678 3763 5198
f 707 3765 3680
f 3680 3765 5199
f 3765 750 5199
f 5199 750 3764
f 740 3679 3764
f 3764 3679 5199
f 3679 708 5199
f 5199 708 3680
f 1094 3767 3682
f 3682 3767 5200
f 3767 701 5200
f 5200 701 3766
f 707 3681 3766
f 3766 3681 5200
f 3681 1100 5200
f 5200 1100 3682
f 3683 1095 5201
f 5201 1095 3685
f 1290 3769 3685
f 3685 3769 5201
f 3769 1256 5201
f 5201 1256 3768
f 1094 3683 3768
f 3768 3683 5201
f 1249 3771 3772
f 3772 3771 5202
f 3771 1291 5202
f 5202 1291 3770
f 1290 3686 3770
f 3770 3686 5202
f 3686 1246 5202
f 5202 1246 3772
f 1250 3773 3774
f 3774 3773 5203
f 3773 1249 5203
f 5203 1249 3772
f 1246 3687 3772
f 3772 3687 5203
f 1247 3774 3687
f 3687 3774 5203
f 3689 1281 5204
f 5204 1281 3776
f 3776 1282 5204
f 5204 1282 3775
f 1247 3688 3775
f 3775 3688 5204
f 3688 1248 5204
f 5204 1248 3689
f 1296 3777 3692
f 3692 3777 5205
f 1282 3776 3777
f 3777 3776 5205
f 1281 3690 3776
f 3776 3690 5205
f 3690 1280 5205
f 5205 1280 3692
f 3779 1282 5206
f 5206 1282 3777
f 1296 3693 3777
f 3777 3693 5206
f 3693 1295 5206
f 5206 1295 3778
f 1283 3779 3778
f 3778 3779 5206
f 3781 711 5207
f 5207 711 3780
f 1123 3697 3780
f 3780 3697 5207
f 3697 1122 5207
f 5207 1122 3694
f 712 3781 3694
f 3694 3781 5207
f 1123 3783 3696
f 3696 3783 5208
f 3783 1322 5208
f 5208 1322 3782
f 1321 3704 3782
f 3782 3704 5208
f 3704 1166 5208
f 5208 1166 3696
f 3699 1151 5209
f 5209 1151 3700
f 1152 3785 3700
f 3700 3785 5209
f 3785 1165 5209
f 5209 1165 3784
f 1160 3699 3784
f 3784 3699 5209
f 1108 3702 3701
f 3701 3702 5210
f 3702 1331 5210
f 5210 1331 3787
f 3787 1332 5210
f 5210 1332 3786
f 1152 3701 3786
f 3786 3701 5210
f 1321 3788 3703
f 3790 743 5211
f 5211 743 3733
f 6 1396 3733
f 3733 1396 5211
f 1396 11 5211
f 5211 11 3789
f 755 3790 3789
f 3789 3790 5211
f 3792 755 5212
f 5212 755 3789
f 11 1397 3789
f 3789 1397 5212
f 1397 8 5212
f 5212 8 3791
f 745 3792 3791
f 3791 3792 5212
f 3793 745 5213
f 5213 745 3791
f 3791 8 5213
f 5213 8 1398
f 9 3706 1398
f 1398 3706 5213
f 746 3793 3706
f 3706 3793 5213
f 3795 756 5214
f 5214 756 3794
f 746 3705 3794
f 3794 3705 5214
f 3705 747 5214
f 5214 747 3708
f 758 3795 3708
f 3708 3795 5214
f 758 3709 3798
f 3798 3709 5215
f 3709 709 5215
f 5215 709 3797
f 715 3796 3797
f 3797 3796 5215
f 3796 770 5215
f 5215 770 3798
f 3800 1318 5216
f 5216 1318 3713
f 1324 3711 3713
f 3713 3711 5216
f 3711 1330 5216
f 5216 1330 3799
f 1329 3800 3799
f 3799 3800 5216
f 709 3712 3797
f 3797 3712 5217
f 3712 1318 5217
f 5217 1318 3802
f 1323 3801 3802
f 3802 3801 5217
f 3801 715 5217
f 5217 715 3797
f 1334 3803 3804
f 3804 3803 5218
f 3803 1335 5218
f 5218 1335 3715
f 1163 3716 3715
f 3715 3716 5218
f 3716 1164 5218
f 5218 1164 3804
f 3718 1160 5219
f 5219 1160 3784
f 1165 3805 3784
f 3784 3805 5219
f 3805 1164 5219
f 5219 1164 3717
f 1159 3718 3717
f 3717 3718 5219
f 985 3719 3721
f 3721 3719 5220
f 3719 984 5220
f 5220 984 3724
f 877 3806 3724
f 3724 3806 5220
f 3806 872 5220
f 5220 872 3721
f 797 3720 3722
f 3722 3720 5221
f 3720 872 5221
f 5221 872 3807
f 964 3732 3807
f 3807 3732 5221
f 3732 965 5221
f 5221 965 3722
f 872 3806 3807
f 3807 3806 5222
f 3806 877 5222
f 5222 877 3726
f 963 3808 3726
f 3726 3808 5222
f 3808 964 5222
f 5222 964 3807
f 964 3808 3731
f 3731 3808 5223
f 3808 963 5223
f 5223 963 3727
f 907 3730 3727
f 3727 3730 5223
f 3730 906 5223
f 5223 906 3731
f 3810 753 5224
f 5224 753 3735
f 744 3734 3735
f 3735 3734 5224
f 3734 743 5224
f 5224 743 3809
f 752 3810 3809
f 3809 3810 5224
f 3812 754 5225
f 5225 754 3737
f 742 3736 3737
f 3737 3736 5225
f 3736 753 5225
f 5225 753 3811
f 765 3812 3811
f 3811 3812 5225
f 3814 1231 5226
f 5226 1231 3739
f 1232 3738 3739
f 3739 3738 5226
f 3738 754 5226
f 5226 754 3813
f 766 3814 3813
f 3813 3814 5226
f 3816 1238 5227
f 5227 1238 3741
f 1239 3740 3741
f 3741 3740 5227
f 3740 1231 5227
f 5227 1231 3815
f 1230 3816 3815
f 3815 3816 5227
f 3818 748 5228
f 5228 748 3743
f 741 3742 3743
f 3743 3742 5228
f 3742 1238 5228
f 5228 1238 3817
f 1237 3818 3817
f 3817 3818 5228
f 748 3818 3745
f 3745 3818 5229
f 3818 1237 5229
f 5229 1237 3819
f 1236 3748 3819
f 3819 3748 5229
f 3748 739 5229
f 5229 739 3745
f 1236 3822 3747
f 3747 3822 5230
f 3822 1228 5230
f 5230 1228 3821
f 1227 3820 3821
f 3821 3820 5230
f 3820 1235 5230
f 5230 1235 3747
f 3824 1305 5231
f 5231 1305 3761
f 3761 1298 5231
f 5231 1298 3749
f 1309 3823 3749
f 3749 3823 5231
f 1303 3824 3823
f 3823 3824 5231
f 3826 1308 5232
f 5232 1308 3825
f 1309 3750 3825
f 3825 3750 5232
f 3750 1310 5232
f 5232 1310 3751
f 3751 1307 5232
f 5232 1307 3826
f 1259 3827 3828
f 3828 3827 5233
f 3827 1307 5233
f 5233 1307 3752
f 1306 3753 3752
f 3752 3753 5233
f 3753 1260 5233
f 5233 1260 3828
f 3830 1260 5234
f 5234 1260 3754
f 1235 3820 3754
f 3754 3820 5234
f 3820 1227 5234
f 5234 1227 3829
f 1262 3830 3829
f 3829 3830 5234
f 1279 3832 3757
f 3757 3832 5235
f 3832 1255 5235
f 5235 1255 3831
f 1254 3755 3831
f 3831 3755 5235
f 3755 1252 5235
f 5235 1252 3757
f 3834 1284 5236
f 5236 1284 3833
f 3833 1283 5236
f 5236 1283 3778
f 1295 3756 3778
f 3778 3756 5236
f 3756 1254 5236
f 5236 1254 3834
f 3759 1276 5237
f 5237 1276 3835
f 1255 3832 3835
f 3835 3832 5237
f 3832 1279 5237
f 5237 1279 3758
f 1278 3759 3758
f 3758 3759 5237
f 1305 3824 3760
f 3760 3824 5238
f 1303 3837 3824
f 3824 3837 5238
f 3837 1297 5238
f 5238 1297 3836
f 3836 1276 5238
f 5238 1276 3760
f 751 3839 3762
f 3762 3839 5239
f 3839 763 5239
f 5239 763 3838
f 711 3781 3838
f 3838 3781 5239
f 3781 712 5239
f 5239 712 3762
f 750 3841 3764
f 3764 3841 5240
f 3841 762 5240
f 5240 762 3840
f 751 3763 3840
f 3840 3763 5240
f 3763 740 5240
f 5240 740 3764
f 3766 701 5241
f 5241 701 3843
f 702 3842 3843
f 3843 3842 5241
f 750 3765 3842
f 3842 3765 5241
f 3765 707 5241
f 5241 707 3766
f 3767 1094 5242
f 5242 1094 3845
f 1257 3844 3845
f 3845 3844 5242
f 3844 702 5242
f 5242 702 3843
f 701 3767 3843
f 3843 3767 5242
f 1258 3846 3847
f 3847 3846 5243
f 3846 1257 5243
f 5243 1257 3845
f 1094 3768 3845
f 3845 3768 5243
f 3768 1256 5243
f 5243 1256 3847
f 1291 3848 3770
f 3770 3848 5244
f 3848 1258 5244
f 5244 1258 3847
f 1256 3769 3847
f 3847 3769 5244
f 3769 1290 5244
f 5244 1290 3770
f 1272 3850 3851
f 3851 3850 5245
f 3850 1292 5245
f 5245 1292 3849
f 1291 3771 3849
f 3849 3771 5245
f 3771 1249 5245
f 5245 1249 3851
f 1270 3852 3853
f 3853 3852 5246
f 3852 1272 5246
f 5246 1272 3851
f 1249 3773 3851
f 3851 3773 5246
f 3773 1250 5246
f 5246 1250 3853
f 1282 3779 3775
f 3775 3779 5247
f 3779 1283 5247
f 5247 1283 3854
f 1250 3774 3854
f 3854 3774 5247
f 3774 1247 5247
f 5247 1247 3775
f 3856 1320 5248
f 5248 1320 3855
f 1322 3783 3855
f 3855 3783 5248
f 3783 1123 5248
f 5248 1123 3780
f 711 3856 3780
f 3780 3856 5248
f 3788 1321 5249
f 5249 1321 3782
f 1322 3857 3782
f 3782 3857 5249
f 1332 3859 3786
f 3786 3859 5250
f 3859 1333 5250
f 5250 1333 3858
f 1165 3785 3858
f 3858 3785 5250
f 3785 1152 5250
f 5250 1152 3786
f 3861 752 5251
f 5251 752 3809
f 743 3790 3809
f 3809 3790 5251
f 3790 755 5251
f 5251 755 3860
f 767 3861 3860
f 3860 3861 5251
f 3863 767 5252
f 5252 767 3860
f 755 3792 3860
f 3860 3792 5252
f 3792 745 5252
f 5252 745 3862
f 757 3863 3862
f 3862 3863 5252
f 745 3793 3862
f 3862 3793 5253
f 3793 746 5253
f 5253 746 3794
f 756 3864 3794
f 3794 3864 5253
f 3864 757 5253
f 5253 757 3862
f 3866 769 5254
f 5254 769 3865
f 756 3795 3865
f 3865 3795 5254
f 3795 758 5254
f 5254 758 3798
f 770 3866 3798
f 3798 3866 5254
f 770 3796 3869
f 3869 3796 5255
f 3796 715 5255
f 5255 715 3868
f 717 3867 3868
f 3868 3867 5255
f 3867 786 5255
f 5255 786 3869
f 3800 1329 5256
f 5256 1329 3871
f 1328 3870 3871
f 3871 3870 5256
f 3870 1323 5256
f 5256 1323 3802
f 1318 3800 3802
f 3802 3800 5256
f 715 3801 3868
f 3868 3801 5257
f 3801 1323 5257
f 5257 1323 3873
f 1325 3872 3873
f 3873 3872 5257
f 3872 717 5257
f 5257 717 3868
f 1333 3874 3858
f 3858 3874 5258
f 3874 1334 5258
f 5258 1334 3804
f 1164 3805 3804
f 3804 3805 5258
f 3805 1165 5258
f 5258 1165 3858
f 3876 765 5259
f 5259 765 3811
f 753 3810 3811
f 3811 3810 5259
f 3810 752 5259
f 5259 752 3875
f 764 3876 3875
f 3875 3876 5259
f 3878 766 5260
f 5260 766 3813
f 754 3812 3813
f 3813 3812 5260
f 3812 765 5260
f 5260 765 3877
f 779 3878 3877
f 3877 3878 5260
f 3880 1230 5261
f 5261 1230 3815
f 1231 3814 3815
f 3815 3814 5261
f 3814 766 5261
f 5261 766 3879
f 761 3880 3879
f 3879 3880 5261
f 3882 1237 5262
f 5262 1237 3817
f 1238 3816 3817
f 3817 3816 5262
f 3816 1230 5262
f 5262 1230 3881
f 1229 3882 3881
f 3881 3882 5262
f 3882 1229 5263
f 5263 1229 3883
f 1228 3822 3883
f 3883 3822 5263
f 3822 1236 5263
f 5263 1236 3819
f 1237 3882 3819
f 3819 3882 5263
f 1228 3886 3821
f 3821 3886 5264
f 3886 749 5264
f 5264 749 3885
f 705 3884 3885
f 3885 3884 5264
f 3884 1227 5264
f 5264 1227 3821
f 3823 1309 5265
f 5265 1309 3825
f 3825 1308 5265
f 5265 1308 3888
f 1304 3887 3888
f 3888 3887 5265
f 3887 1303 5265
f 5265 1303 3823
f 1269 3889 3890
f 3890 3889 5266
f 3889 1308 5266
f 5266 1308 3826
f 1307 3827 3826
f 3826 3827 5266
f 3827 1259 5266
f 5266 1259 3890
f 1261 3891 3892
f 3892 3891 5267
f 3891 1259 5267
f 5267 1259 3828
f 1260 3830 3828
f 3828 3830 5267
f 3830 1262 5267
f 5267 1262 3892
f 1264 3893 3894
f 3894 3893 5268
f 3893 1262 5268
f 5268 1262 3829
f 1227 3884 3829
f 3829 3884 5268
f 3884 705 5268
f 5268 705 3894
f 3896 1285 5269
f 5269 1285 3895
f 1284 3834 3895
f 3895 3834 5269
f 3834 1254 5269
f 5269 1254 3831
f 1255 3896 3831
f 3831 3896 5269
f 1284 3897 3833
f 3833 3897 5270
f 3897 1270 5270
f 5270 1270 3853
f 1250 3854 3853
f 3853 3854 5270
f 3854 1283 5270
f 5270 1283 3833
f 1276 3899 3835
f 3835 3899 5271
f 3899 1301 5271
f 5271 1301 3898
f 1285 3896 3898
f 3898 3896 5271
f 3896 1255 5271
f 5271 1255 3835
f 1275 3900 3901
f 3901 3900 5272
f 3900 1301 5272
f 5272 1301 3899
f 1276 3836 3899
f 3899 3836 5272
f 1297 3901 3836
f 3836 3901 5272
f 1304 3903 3887
f 3887 3903 5273
f 3903 1277 5273
f 5273 1277 3902
f 1297 3837 3902
f 3902 3837 5273
f 3837 1303 5273
f 5273 1303 3887
f 785 3905 3906
f 3906 3905 5274
f 3905 710 5274
f 5274 710 3904
f 711 3838 3904
f 3904 3838 5274
f 763 3906 3838
f 3838 3906 5274
f 3908 787 5275
f 5275 787 3907
f 763 3839 3907
f 3907 3839 5275
f 3839 751 5275
f 5275 751 3840
f 762 3908 3840
f 3840 3908 5275
f 3911 777 5276
f 5276 777 3910
f 762 3841 3910
f 3910 3841 5276
f 3841 750 5276
f 5276 750 3909
f 776 3911 3909
f 3909 3911 5276
f 3913 776 5277
f 5277 776 3909
f 750 3842 3909
f 3909 3842 5277
f 3842 702 5277
f 5277 702 3912
f 703 3913 3912
f 3912 3913 5277
f 3844 1257 5278
f 5278 1257 3915
f 1268 3914 3915
f 3915 3914 5278
f 3914 703 5278
f 5278 703 3912
f 702 3844 3912
f 3912 3844 5278
f 3846 1258 5279
f 5279 1258 3917
f 1267 3916 3917
f 3917 3916 5279
f 3916 1268 5279
f 5279 1268 3915
f 1257 3846 3915
f 3915 3846 5279
f 1292 3918 3849
f 3849 3918 5280
f 3918 1267 5280
f 5280 1267 3917
f 1258 3848 3917
f 3917 3848 5280
f 3848 1291 5280
f 5280 1291 3849
f 1273 3920 3921
f 3921 3920 5281
f 3920 1293 5281
f 5281 1293 3919
f 1292 3850 3919
f 3919 3850 5281
f 3850 1272 5281
f 5281 1272 3921
f 1271 3922 3923
f 3923 3922 5282
f 3922 1273 5282
f 5282 1273 3921
f 1272 3852 3921
f 3921 3852 5282
f 3852 1270 5282
f 5282 1270 3923
f 3857 1322 5283
f 5283 1322 3855
f 1320 3924 3855
f 3855 3924 5283
f 3856 711 5284
f 5284 711 3904
f 710 3926 3904
f 3904 3926 5284
f 3926 1319 5284
f 5284 1319 3925
f 1320 3856 3925
f 3925 3856 5284
f 3928 764 5285
f 5285 764 3875
f 752 3861 3875
f 3875 3861 5285
f 3861 767 5285
f 5285 767 3927
f 780 3928 3927
f 3927 3928 5285
f 767 3863 3927
f 3927 3863 5286
f 3863 757 5286
f 5286 757 3930
f 768 3929 3930
f 3930 3929 5286
f 3929 780 5286
f 5286 780 3927
f 3931 768 5287
f 5287 768 3930
f 757 3864 3930
f 3930 3864 5287
f 3864 756 5287
f 5287 756 3865
f 769 3931 3865
f 3865 3931 5287
f 769 3866 3933
f 3933 3866 5288
f 3866 770 5288
f 5288 770 3869
f 786 3932 3869
f 3869 3932 5288
f 3932 781 5288
f 5288 781 3933
f 786 3867 3935
f 3935 3867 5289
f 3867 717 5289
f 5289 717 3934
f 710 3905 3934
f 3934 3905 5289
f 3905 785 5289
f 5289 785 3935
f 3937 1325 5290
f 5290 1325 3873
f 1323 3870 3873
f 3873 3870 5290
f 3870 1328 5290
f 5290 1328 3936
f 1327 3937 3936
f 3936 3937 5290
f 3926 710 5291
f 5291 710 3934
f 717 3872 3934
f 3934 3872 5291
f 3872 1325 5291
f 5291 1325 3938
f 1319 3926 3938
f 3938 3926 5291
f 3940 779 5292
f 5292 779 3877
f 765 3876 3877
f 3877 3876 5292
f 3876 764 5292
f 5292 764 3939
f 778 3940 3939
f 3939 3940 5292
f 3942 761 5293
f 5293 761 3879
f 766 3878 3879
f 3879 3878 5293
f 3878 779 5293
f 5293 779 3941
f 772 3942 3941
f 3941 3942 5293
f 3944 1229 5294
f 5294 1229 3881
f 1230 3880 3881
f 3881 3880 5294
f 3880 761 5294
f 5294 761 3943
f 760 3944 3943
f 3943 3944 5294
f 3944 760 5295
f 5295 760 3945
f 749 3886 3945
f 3945 3886 5295
f 3886 1228 5295
f 5295 1228 3883
f 1229 3944 3883
f 3883 3944 5295
f 749 3948 3885
f 3885 3948 5296
f 3948 759 5296
f 5296 759 3947
f 704 3946 3947
f 3947 3946 5296
f 3946 705 5296
f 5296 705 3885
f 1308 3889 3888
f 3888 3889 5297
f 3889 1269 5297
f 5297 1269 3949
f 1277 3903 3949
f 3949 3903 5297
f 3903 1304 5297
f 5297 1304 3888
f 1286 3950 3951
f 3951 3950 5298
f 3950 1269 5298
f 5298 1269 3890
f 1259 3891 3890
f 3890 3891 5298
f 3891 1261 5298
f 5298 1261 3951
f 1263 3952 3953
f 3953 3952 5299
f 3952 1261 5299
f 5299 1261 3892
f 1262 3893 3892
f 3892 3893 5299
f 3893 1264 5299
f 5299 1264 3953
f 1266 3954 3955
f 3955 3954 5300
f 3954 1264 5300
f 5300 1264 3894
f 705 3946 3894
f 3894 3946 5300
f 3946 704 5300
f 5300 704 3955
f 3956 1271 5301
f 5301 1271 3923
f 1270 3897 3923
f 3923 3897 5301
f 3897 1284 5301
f 5301 1284 3895
f 1285 3956 3895
f 3895 3956 5301
f 3900 1275 5302
f 5302 1275 3957
f 1271 3956 3957
f 3957 3956 5302
f 3956 1285 5302
f 5302 1285 3898
f 1301 3900 3898
f 3898 3900 5302
f 3959 1274 5303
f 5303 1274 3958
f 1275 3901 3958
f 3958 3901 5303
f 3901 1297 5303
f 5303 1297 3902
f 1277 3959 3902
f 3902 3959 5303
f 3961 784 5304
f 5304 784 3960
f 785 3906 3960
f 3960 3906 5304
f 3906 763 5304
f 5304 763 3907
f 787 3961 3907
f 3907 3961 5304
f 3963 788 5305
f 5305 788 3962
f 787 3908 3962
f 3962 3908 5305
f 3908 762 5305
f 5305 762 3910
f 777 3963 3910
f 3910 3963 5305
f 774 3965 3966
f 3966 3965 5306
f 777 3911 3965
f 3965 3911 5306
f 776 3964 3911
f 3911 3964 5306
f 3964 775 5306
f 5306 775 3966
f 775 3964 3968
f 3968 3964 5307
f 3964 776 5307
f 5307 776 3913
f 703 3967 3913
f 3913 3967 5307
f 3967 706 5307
f 5307 706 3968
f 1289 3969 3970
f 3970 3969 5308
f 706 3967 3969
f 3969 3967 5308
f 703 3914 3967
f 3967 3914 5308
f 3914 1268 5308
f 5308 1268 3970
f 3916 1267 5309
f 5309 1267 3972
f 1288 3971 3972
f 3972 3971 5309
f 3971 1289 5309
f 5309 1289 3970
f 1268 3916 3970
f 3970 3916 5309
f 3918 1292 5310
f 5310 1292 3919
f 1293 3973 3919
f 3919 3973 5310
f 3973 1288 5310
f 5310 1288 3972
f 1267 3918 3972
f 3972 3918 5310
f 3920 1273 5311
f 5311 1273 3976
f 1274 3975 3976
f 3976 3975 5311
f 3975 1294 5311
f 5311 1294 3974
f 1293 3920 3974
f 3974 3920 5311
f 1275 3958 3957
f 3957 3958 5312
f 3958 1274 5312
f 5312 1274 3976
f 1273 3922 3976
f 3976 3922 5312
f 3922 1271 5312
f 5312 1271 3957
f 3924 1320 5313
f 5313 1320 3925
f 1319 3978 3925
f 3925 3978 5313
f 3978 1326 5313
f 5313 1326 3977
f 3977 3924 5313
f 764 3928 3939
f 3939 3928 5314
f 3928 780 5314
f 5314 780 3980
f 783 3979 3980
f 3980 3979 5314
f 3979 778 5314
f 5314 778 3939
f 3982 783 5315
f 5315 783 3980
f 780 3929 3980
f 3980 3929 5315
f 3929 768 5315
f 5315 768 3981
f 782 3982 3981
f 3981 3982 5315
f 3983 782 5316
f 5316 782 3981
f 768 3931 3981
f 3981 3931 5316
f 3931 769 5316
f 5316 769 3933
f 781 3983 3933
f 3933 3983 5316
f 3984 781 5317
f 5317 781 3932
f 3932 786 5317
f 5317 786 3935
f 785 3960 3935
f 3935 3960 5317
f 784 3984 3960
f 3960 3984 5317
f 3978 1319 5318
f 5318 1319 3938
f 1325 3937 3938
f 3938 3937 5318
f 3937 1327 5318
f 5318 1327 3985
f 1326 3978 3985
f 3985 3978 5318
f 779 3940 3941
f 3941 3940 5319
f 3940 778 5319
f 5319 778 3987
f 771 3986 3987
f 3987 3986 5319
f 3986 772 5319
f 5319 772 3941
f 761 3942 3943
f 3943 3942 5320
f 3942 772 5320
f 5320 772 3989
f 773 3988 3989
f 3989 3988 5320
f 3988 760 5320
f 5320 760 3943
f 760 3988 3945
f 3945 3988 5321
f 3988 773 5321
f 5321 773 3990
f 759 3948 3990
f 3990 3948 5321
f 3948 749 5321
f 5321 749 3945
f 759 3992 3947
f 3947 3992 5322
f 3992 775 5322
f 5322 775 3968
f 706 3991 3968
f 3968 3991 5322
f 3991 704 5322
f 5322 704 3947
f 1287 3993 3994
f 3994 3993 5323
f 3993 1277 5323
f 5323 1277 3949
f 1269 3950 3949
f 3949 3950 5323
f 3950 1286 5323
f 5323 1286 3994
f 1287 3994 3995
f 3995 3994 5324
f 3994 1286 5324
f 5324 1286 3951
f 1261 3952 3951
f 3951 3952 5324
f 3952 1263 5324
f 5324 1263 3995
f 1265 3996 3997
f 3997 3996 5325
f 3996 1263 5325
f 5325 1263 3953
f 1264 3954 3953
f 3953 3954 5325
f 3954 1266 5325
f 5325 1266 3997
f 3969 1289 5326
f 5326 1289 3998
f 1266 3955 3998
f 3998 3955 5326
f 704 3991 3955
f 3955 3991 5326
f 3991 706 5326
f 5326 706 3969
f 3975 1274 5327
f 5327 1274 3959
f 1277 3993 3959
f 3959 3993 5327
f 3993 1287 5327
f 5327 1287 3999
f 1294 3975 3999
f 3999 3975 5327
f 4001 783 5328
f 5328 783 4000
f 784 3961 4000
f 4000 3961 5328
f 3961 787 5328
f 5328 787 3962
f 788 4001 3962
f 3962 4001 5328
f 771 4002 4003
f 4003 4002 5329
f 788 3963 4002
f 4002 3963 5329
f 3963 777 5329
f 5329 777 3965
f 3965 774 5329
f 5329 774 4003
f 773 4004 3990
f 3990 4004 5330
f 4004 774 5330
f 5330 774 3966
f 775 3992 3966
f 3966 3992 5330
f 3992 759 5330
f 5330 759 3990
f 1265 3997 4005
f 4005 3997 5331
f 3997 1266 5331
f 5331 1266 3998
f 1289 3971 3998
f 3998 3971 5331
f 3971 1288 5331
f 5331 1288 4005
f 3973 1293 5332
f 5332 1293 3974
f 1294 4006 3974
f 3974 4006 5332
f 4006 1265 5332
f 5332 1265 4005
f 1288 3973 4005
f 4005 3973 5332
f 778 3979 3987
f 3987 3979 5333
f 3979 783 5333
f 5333 783 4001
f 788 4002 4001
f 4001 4002 5333
f 4002 771 5333
f 5333 771 3987
f 3982 782 5334
f 5334 782 3983
f 781 3984 3983
f 3983 3984 5334
f 3984 784 5334
f 5334 784 4000
f 783 3982 4000
f 4000 3982 5334
f 772 3986 3989
f 3989 3986 5335
f 3986 771 5335
f 5335 771 4003
f 774 4004 4003
f 4003 4004 5335
f 4004 773 5335
f 5335 773 3989
f 1287 3995 3999
f 3999 3995 5336
f 1263 3996 3995
f 3995 3996 5336
f 1265 4006 3996
f 3996 4006 5336
f 4006 1294 5336
f 5336 1294 3999

