# https://github.com/mikedh/trimesh
v 0.01555914 -0.03917033 -0.01961580
v 0.00792605 -0.03562929 -0.01473704
v 0.00890142 -0.02757449 -0.02459222
v 0.01314861 -0.03112752 -0.02730942
v 0.00088555 -0.02116366 -0.02189380
v 0.01215333 -0.01129589 -0.02892900
v 0.01659995 -0.02075882 -0.03131145
v 0.01424724 -0.01791672 -0.03043029
v 0.02289933 -0.04216901 -0.01065010
v 0.01503205 -0.03675266 -0.00353238
v -0.00161481 -0.00910596 -0.02365613
v 0.01094413 -0.00361336 -0.02781236
v 0.03120792 -0.04008392 -0.00378904
v 0.02399635 -0.03373388 0.00345823
v 0.00549889 -0.03199753 0.00556692
v -0.00393242 -0.00076775 -0.02312434
v 0.00845170 0.00468247 -0.02759719
v 0.00235826 -0.01867453 0.01733267
v 0.01494163 -0.01520893 0.01592395
v -0.00599641 0.00867480 -0.02179572
v 0.00424379 0.01384694 -0.02565408
v 0.02193499 -0.03533707 -0.03190541
v 0.02335078 -0.04229725 -0.02530694
v -0.00711149 0.01902174 -0.01723513
v 0.00191903 0.02322356 -0.01845330
v 0.02299339 -0.00504179 -0.02890667
v 0.02312773 -0.00992710 -0.03049761
v 0.02554035 -0.01287780 -0.03151673
v 0.02543676 -0.02601001 -0.03543532
v 0.02965337 -0.04602457 -0.01689816
v 0.02812940 -0.02136460 0.01147228
v 0.03784758 -0.03633822 0.00032049
v 0.02265048 0.00086693 -0.02711451
v 0.03943110 -0.04129482 -0.03929713
v 0.05172831 -0.04150156 -0.04056346
v 0.04946727 -0.04944712 -0.03893971
v 0.03864789 -0.04842235 -0.03514910
v 0.03818315 -0.04458819 -0.01051110
v 0.02493817 -0.01083406 0.01594633
v 0.00257093 0.02708226 -0.00550228
v -0.00628108 0.02453170 -0.00473034
v 0.02037758 0.00894425 -0.02825159
v 0.04400617 -0.03405170 -0.03930861
v 0.05481851 -0.03479951 -0.03507388
v 0.05137461 -0.05454018 -0.03228039
v 0.04271483 -0.05337358 -0.02754328
v 0.00598818 0.02251104 0.00883517
v -0.00303191 0.02156250 0.01066583
v 0.01532960 0.01910027 -0.02791691
v 0.06384730 -0.04140086 -0.03857207
v 0.06168509 -0.04826093 -0.03799114
v 0.04948294 -0.05199824 -0.02018175
v 0.05478519 -0.05412643 -0.02441785
v 0.01170403 -0.00247058 0.01775882
v 0.00015485 -0.00475302 0.02023777
v 0.01190335 0.02850478 -0.02028283
v 0.03269541 -0.01732414 -0.03395429
v 0.06610733 -0.03558732 -0.03322300
v 0.06121916 -0.05323794 -0.03284511
v 0.04478222 -0.04070785 -0.00601932
v -0.00121301 0.00853161 0.01879439
v 0.00913727 0.01026519 0.01621491
v 0.05041271 -0.02972690 -0.03268999
v 0.06220609 -0.05374404 -0.02585331
v 0.01169151 0.03164159 -0.00625661
v 0.07580006 -0.04340754 -0.03872466
v 0.07076716 -0.04923342 -0.03666863
v 0.05768597 -0.04756808 -0.01922306
v 0.05393672 -0.04528687 -0.01632985
v 0.01482797 0.02598258 0.00713292
v 0.05602717 -0.03039617 -0.02441505
v 0.05877465 -0.03354219 -0.02474618
v 0.07709533 -0.03613891 -0.03344563
v 0.08017570 -0.04843777 -0.03700158
v 0.07584155 -0.05024979 -0.03576097
v 0.06972945 -0.05291316 -0.03259048
v 0.05940789 -0.03902367 -0.01992995
v 0.05753309 -0.03627671 -0.01886502
v 0.01827276 0.01396963 0.01434588
v 0.07612205 -0.05277874 -0.03260955
v 0.07021356 -0.05368089 -0.02668670
v 0.06413382 -0.04816277 -0.02022877
v 0.06717199 -0.03490306 -0.02448747
v 0.08555925 -0.04010737 -0.03835136
v 0.08551157 -0.03485977 -0.03289202
v 0.08668041 -0.04567269 -0.03736314
v 0.08209264 -0.05185535 -0.03291288
v 0.07643539 -0.05363027 -0.02723789
v 0.06631905 -0.04079349 -0.01948294
v 0.08258200 -0.05262390 -0.02688617
v 0.09321320 -0.03865174 -0.03708360
v 0.09336293 -0.03501688 -0.03184497
v 0.09326982 -0.04327177 -0.03746831
v 0.08780396 -0.04965552 -0.03314233
v 0.07199055 -0.04960404 -0.02124473
v 0.07730883 -0.03665369 -0.02344105
v 0.09977734 -0.03884175 -0.03523305
v 0.09976661 -0.03664887 -0.03100693
v 0.09990299 -0.04213275 -0.03674906
v 0.09386098 -0.04726063 -0.03426021
v 0.08829808 -0.05081737 -0.02656010
v 0.07660580 -0.05130269 -0.02266070
v 0.07649058 -0.04410816 -0.01886323
v 0.09634566 -0.02636169 -0.01396495
v 0.09895402 -0.01730134 -0.01457244
v 0.10521859 -0.01870368 -0.01366454
v 0.10353047 -0.02620408 -0.01301187
v 0.10514921 -0.04013807 -0.03193727
v 0.10384190 -0.03867141 -0.03012803
v 0.10624486 -0.04255117 -0.03342256
v 0.10013479 -0.04528230 -0.03588969
v 0.08105296 -0.04973425 -0.02118832
v 0.09388185 -0.02989161 0.00213176
v 0.10189265 -0.02946443 0.00170052
v 0.10166639 -0.02148266 0.00600776
v 0.09191281 -0.02054704 0.00753546
v 0.10824639 -0.00521277 -0.00904161
v 0.10175508 -0.00721030 -0.01098141
v 0.10194206 0.00139286 -0.01286036
v 0.10880423 0.00148479 -0.01060262
v 0.09917033 -0.01216211 -0.01279360
v 0.10347337 -0.01025035 -0.00502905
v 0.10220426 -0.01141868 -0.00727630
v 0.10283637 -0.01245553 -0.00871813
v 0.10612381 -0.01306048 -0.00937739
v 0.08567142 -0.03578895 -0.02317515
v 0.10573810 -0.04540778 -0.03439823
v 0.10076672 -0.04788441 -0.03355151
v 0.09681445 -0.04829265 -0.03249940
v 0.09511364 -0.03207789 -0.00691214
v 0.10251617 -0.03135828 -0.00685620
v 0.10744905 -0.00914021 -0.00337419
v 0.08668524 -0.04219021 -0.01847741
v 0.10525340 -0.04738564 -0.03368109
v 0.08807498 -0.04789572 -0.02062285
v 0.10206884 0.01183295 -0.01392883
v 0.09577930 0.01008779 -0.01483148
v 0.09193093 0.01818440 -0.01739714
v 0.10064912 0.01820432 -0.01555383
v 0.09671694 0.00505162 -0.01370355
v 0.10000056 0.00692172 -0.00891754
v 0.10072386 0.00623191 -0.00901720
v 0.10437930 0.00689583 -0.00890279
v 0.10925305 0.00729955 -0.00748193
v 0.09970844 -0.00891923 0.00155172
v 0.09786433 -0.01016214 -0.00061738
v 0.09889370 -0.01153996 -0.00151578
v 0.10450292 -0.01173437 -0.00223199
v 0.11319023 -0.01839643 -0.01443562
v 0.11258256 -0.02608660 -0.01430503
v 0.09400630 -0.03611513 -0.02375445
v 0.09471661 -0.04911074 -0.02525607
v 0.11136192 -0.02995308 0.00028256
v 0.11155152 -0.02263482 0.00482386
v 0.10277891 -0.01439565 0.00354981
v 0.09253299 -0.01216588 0.00462550
v 0.09325987 -0.00885926 0.00434235
v 0.09312022 -0.00340497 0.00728548
v 0.10307652 0.00791316 -0.00858468
v 0.11738580 -0.00518678 -0.00969258
v 0.11767882 0.00254415 -0.01063436
v 0.10527831 -0.00798741 0.00340009
v 0.11319655 -0.01319199 -0.00972575
v 0.09533983 -0.04147417 -0.01947820
v 0.10027045 -0.03799861 -0.02433506
v 0.10587221 -0.04151154 -0.02559409
v 0.10413492 -0.03950860 -0.02595511
v 0.10745716 -0.04421169 -0.02610734
v 0.09715599 -0.04924520 -0.02770504
v 0.09594226 -0.04663115 -0.02058986
v 0.11196566 -0.03137366 -0.00809067
v 0.10299623 -0.00174363 0.00842148
v 0.08408487 0.02739721 -0.01889896
v 0.08030713 0.02582416 -0.01915133
v 0.07894868 0.03361441 -0.02222756
v 0.08287114 0.03398725 -0.02170986
v 0.08281255 0.02150213 -0.01754555
v 0.08317655 0.02346238 -0.01322779
v 0.08549017 0.02281452 -0.01361924
v 0.09319073 0.02332047 -0.01462340
v 0.09961957 0.02322467 -0.01304954
v 0.09707147 0.00951681 -0.00228363
v 0.09715712 0.00905257 -0.00271952
v 0.10022783 0.00941393 -0.00209051
v 0.10714465 0.00996572 -0.00078070
v 0.11609811 -0.00925800 -0.00284985
v 0.10162753 -0.04156643 -0.02163267
v 0.10330522 -0.04537607 -0.02182573
v 0.10712427 -0.04787571 -0.02652076
v 0.10156560 -0.04934976 -0.02680209
v 0.10212725 -0.04807778 -0.02352014
v 0.10368282 0.00680801 0.00607085
v 0.09261537 0.00817623 0.00424513
v 0.09097141 0.01044034 0.00040096
v 0.08855498 0.01468115 0.00129697
v 0.08948988 0.02787782 -0.01891586
v 0.08839720 0.03467179 -0.02141187
v 0.08455908 0.02430841 -0.01316130
v 0.11034906 0.01191208 -0.01454195
v 0.10943973 0.01895327 -0.01594052
v 0.10104477 0.01001268 -0.00126308
v 0.11711824 0.00790882 -0.00585893
v 0.11260450 -0.01202771 -0.00273821
v 0.10597700 -0.04915465 -0.02726468
v 0.11200500 -0.01524032 0.00295347
v 0.09736484 0.01613214 0.00277758
v 0.07724792 0.03985040 -0.01983181
v 0.08135194 0.03990146 -0.01919693
v 0.08923155 0.02507779 -0.01282898
v 0.08080429 0.02614065 -0.00888836
v 0.08239549 0.02507786 -0.00945094
v 0.08997071 0.02561513 -0.00944594
v 0.09772485 0.02600812 -0.00753212
v 0.10999322 0.00818817 -0.00832847
v 0.11451626 -0.00800043 0.00435612
v 0.12325692 -0.01823431 -0.01338401
v 0.12348664 -0.02541491 -0.01368958
v 0.12004125 -0.02973993 0.00010669
v 0.11940765 -0.02335125 0.00371757
v 0.11319393 -0.00197279 0.00905883
v 0.09608978 0.02367225 -0.00025880
v 0.08485371 0.02528085 -0.00309187
v 0.07869941 0.02655972 -0.00697175
v 0.07542956 0.03074504 -0.00594401
v 0.07235134 0.03882856 -0.00695211
v 0.07903659 0.03875922 -0.00670117
v 0.07986361 0.04186177 -0.01328075
v 0.07438523 0.04201014 -0.01380897
v 0.08693546 0.04034083 -0.01822412
v 0.08263767 0.02694576 -0.00826806
v 0.10801113 0.02407496 -0.01198381
v 0.11539924 0.00956327 0.00101414
v 0.12879437 -0.00413776 -0.00822729
v 0.12857777 0.00376792 -0.00859353
v 0.12358820 -0.01331136 -0.00809696
v 0.12325132 -0.03122071 -0.00713289
v 0.12471241 -0.02856350 0.00139198
v 0.12509143 -0.02366001 0.00361148
v 0.11353749 0.00585504 0.00726509
v 0.08009231 0.03197449 -0.00495791
v 0.08487689 0.03863753 -0.00660416
v 0.08540630 0.04174405 -0.01241302
v 0.08717555 0.02790226 -0.00779492
v 0.10818839 0.01020593 -0.00089633
v 0.12785840 -0.00913646 -0.00116169
v 0.13256323 -0.01853667 -0.01265424
v 0.13250583 -0.02526975 -0.01300767
v 0.12817419 -0.03032107 -0.00054160
v 0.12958086 -0.02464254 0.00345722
v 0.10638058 0.01648275 0.00313991
v 0.08550692 0.03269975 -0.00490633
v 0.10634536 0.02632418 -0.00573915
v 0.11957586 0.01300294 -0.01357079
v 0.11917472 0.01999143 -0.01476169
v 0.12779444 0.00903947 -0.00237820
v 0.13808656 -0.00351448 -0.00753349
v 0.13787329 0.00415934 -0.00752074
v 0.12027800 -0.01276727 -0.00193888
v 0.13326204 -0.01416590 -0.00842452
v 0.11945385 -0.01615194 0.00253308
v 0.10562479 0.02348901 0.00070578
v 0.11898792 0.00900914 -0.00658301
v 0.13808984 -0.00846039 -0.00235528
v 0.12286574 -0.00796959 0.00495923
v 0.12450856 -0.01373001 -0.00024351
v 0.12811601 -0.01337257 -0.00181562
v 0.14059639 -0.01868412 -0.01257989
v 0.14089894 -0.02546230 -0.01265034
v 0.13334131 -0.03060669 -0.00857425
v 0.13495064 -0.03058241 -0.00166219
v 0.13586468 -0.02514485 0.00269443
v 0.12487739 -0.01686238 0.00283134
v 0.12103063 -0.00231405 0.00869974
v 0.09575349 0.02878759 -0.01856059
v 0.09507090 0.03585337 -0.02101722
v 0.11827779 0.02552887 -0.00964981
v 0.12764722 0.01389709 -0.01285094
v 0.12743783 0.02079320 -0.01344654
v 0.12290668 0.00893476 0.00324765
v 0.13774049 0.00860534 -0.00258824
v 0.14706290 -0.00307311 -0.00801530
v 0.14683914 0.00461742 -0.00769025
v 0.13114524 -0.00813299 0.00537005
v 0.12682998 -0.00688570 0.00681373
v 0.12966561 -0.01726547 0.00298944
v 0.13475841 -0.01376103 -0.00254020
v 0.14073479 -0.01458308 -0.00852990
v 0.12631309 -0.00241024 0.00912952
v 0.12106359 0.00477140 0.00751728
v 0.10160822 0.02939746 -0.01874694
v 0.10116726 0.03626056 -0.02131879
v 0.09592998 0.02639870 -0.01137859
v 0.12756997 0.00964986 -0.00738895
v 0.11448008 0.01078826 -0.00018534
v 0.12668711 0.00789651 0.00563383
v 0.13101381 0.00855698 0.00438035
v 0.14676690 -0.00810964 -0.00247067
v 0.13849753 -0.00814231 0.00404143
v 0.13189471 -0.00299024 0.00909778
v 0.13577598 -0.01773489 0.00222468
v 0.14148486 -0.03029832 -0.00790343
v 0.14167148 -0.02964311 -0.00175881
v 0.14193672 -0.02473207 0.00191167
v 0.12621808 0.00419349 0.00822449
v 0.11254454 0.01658590 0.00282818
v 0.09416211 0.04132591 -0.01600093
v 0.10205221 0.02697037 -0.01298743
v 0.11364609 0.02605514 -0.00413018
v 0.12733603 0.02528710 -0.00871778
v 0.13600045 0.01420180 -0.01149306
v 0.13574660 0.02122518 -0.01174396
v 0.12171227 0.01078011 -0.00065935
v 0.11787224 0.01205469 0.00085279
v 0.13187027 0.00413207 0.00849146
v 0.13824207 0.00832076 0.00364265
v 0.14618796 0.00838251 -0.00251895
v 0.13886964 -0.00337536 0.00820684
v 0.14112592 -0.01436331 -0.00300086
v 0.11710101 0.01654923 0.00253704
v 0.11213595 0.02274506 0.00063986
v 0.09018385 0.03812065 -0.00650412
v 0.09093547 0.04115433 -0.01071364
v 0.10147738 0.04140314 -0.01684311
v 0.09253955 0.02916081 -0.00680363
v 0.11731994 0.02518766 -0.00215250
v 0.12110257 0.02541956 -0.00318918
v 0.13504821 0.01016346 -0.00603780
v 0.12759691 0.01080119 -0.00126216
v 0.12197816 0.01584183 0.00213698
v 0.13878465 0.00360955 0.00795454
v 0.14631426 -0.00749386 0.00344351
v 0.14169919 -0.01795684 0.00137797
v 0.14827269 -0.01904777 -0.01223698
v 0.14862931 -0.02569675 -0.01194176
v 0.11674577 0.02214214 0.00070125
v 0.09078181 0.03337579 -0.00498039
v 0.09414744 0.03778047 -0.00657058
v 0.09394294 0.04034016 -0.00911832
v 0.09689474 0.04116083 -0.01052752
v 0.10826647 0.03648660 -0.02161497
v 0.10803807 0.02993032 -0.01917943
v 0.10266447 0.02926579 -0.00852054
v 0.09808946 0.02952476 -0.00716493
v 0.09535426 0.03055575 -0.00601533
v 0.12159771 0.02174157 0.00072092
v 0.12722331 0.02516657 -0.00243571
v 0.13490212 0.02524192 -0.00691003
v 0.12746894 0.01513571 0.00214145
v 0.14580542 0.00762377 0.00342709
v 0.15667301 -0.00241704 -0.00755635
v 0.15642059 0.00514550 -0.00704494
v 0.14602560 -0.00324440 0.00727490
v 0.14876688 -0.01460327 -0.00759754
v 0.09481007 0.03366842 -0.00517797
v 0.09774369 0.03812198 -0.00691974
v 0.10222471 0.04127411 -0.01139778
v 0.10811102 0.02765022 -0.01363620
v 0.10271364 0.03333590 -0.00630811
v 0.09833527 0.03362417 -0.00550985
v 0.12725359 0.02099396 0.00155473
v 0.13397002 0.01130391 -0.00065118
v 0.14587533 0.00310481 0.00729027
v 0.15637952 -0.00757330 -0.00139982
v 0.15591937 -0.01976823 -0.01202837
v 0.15596122 -0.02640375 -0.01150757
v 0.14913654 -0.03028447 -0.00589618
v 0.14707381 -0.02848952 -0.00096115
v 0.14680809 -0.02391002 0.00137976
v 0.10242724 0.03815372 -0.00750566
v 0.10865420 0.04138368 -0.01704136
v 0.13412130 0.02456458 -0.00129390
v 0.14324409 0.01410594 -0.01012102
v 0.14319593 0.02100516 -0.01053962
v 0.13355172 0.01520582 0.00248146
v 0.15564507 0.00848556 -0.00114515
v 0.16429740 -0.00221088 -0.00708172
v 0.16394770 0.00504243 -0.00624052
v 0.14676601 -0.01489353 -0.00273296
v 0.15634942 -0.01544690 -0.00817147
v 0.15244788 -0.02831387 -0.00088796
v 0.14990819 -0.02714552 -0.00004292
v 0.14988393 -0.02347089 0.00112599
v 0.10809368 0.02974640 -0.00958058
v 0.13364017 0.02055967 0.00219169
v 0.14259475 0.01039217 -0.00374582
v 0.16466331 -0.00694582 -0.00249070
v 0.15280473 -0.00649509 0.00362730
v 0.14669400 -0.01815434 0.00058866
v 0.14951146 -0.01563450 -0.00180861
v 0.15185112 -0.01520840 -0.00296122
v 0.16278869 -0.02022914 -0.01104325
v 0.16278541 -0.02632074 -0.01054186
v 0.15663362 -0.03022321 -0.00697806
v 0.15284967 -0.02393859 0.00095785
v 0.10812318 0.04088975 -0.01171851
v 0.11433214 0.03014132 -0.01944712
v 0.11436635 0.03626418 -0.02173969
v 0.10771346 0.03340406 -0.00746945
v 0.14280140 0.02518760 -0.00504407
v 0.15027303 0.01361453 -0.00950572
v 0.15024096 0.02030095 -0.01027054
v 0.15198267 0.00668414 0.00371861
v 0.16347235 0.00827350 -0.00141254
v 0.17061919 -0.00186225 -0.00632781
v 0.16983485 0.00472243 -0.00531307
v 0.15881652 -0.00639961 0.00340655
v 0.15578842 -0.00556666 0.00442031
v 0.15172535 -0.00279412 0.00634727
v 0.14966547 -0.01841771 0.00031865
v 0.15255886 -0.01850685 0.00015154
v 0.15664291 -0.01550772 -0.00367075
v 0.16273749 -0.01611602 -0.00778693
v 0.16736144 -0.02092290 -0.00961983
v 0.16733885 -0.02564365 -0.00905931
v 0.15724266 -0.02911421 -0.00172102
v 0.10773230 0.03782944 -0.00826830
v 0.11413383 0.02793539 -0.01345429
v 0.15034312 0.01038534 -0.00437641
v 0.13959616 0.01207068 0.00051215
v 0.15143931 0.00253603 0.00634435
v 0.15518665 0.00566212 0.00446844
v 0.15812206 0.00655325 0.00355130
v 0.17512316 -0.00123615 -0.00480524
v 0.17458284 0.00400471 -0.00411591
v 0.17075330 -0.00605147 -0.00222814
v 0.16444761 -0.00680906 0.00281802
v 0.15892118 -0.00268929 0.00597534
v 0.15540820 -0.00245601 0.00601357
v 0.15672845 -0.01873234 -0.00022399
v 0.16768289 -0.01739665 -0.00739780
v 0.16959769 -0.02177561 -0.00821367
v 0.16967589 -0.02451027 -0.00794104
v 0.16301376 -0.02958845 -0.00669512
v 0.15681082 -0.02474595 0.00056320
v 0.11434954 0.04125679 -0.01649204
v 0.12088716 0.03022303 -0.01941305
v 0.12111974 0.03612823 -0.02131245
v 0.13996327 0.02375701 -0.00050899
v 0.15026295 0.02456885 -0.00643530
v 0.15664482 0.01366153 -0.00932747
v 0.15651292 0.01992889 -0.00987059
v 0.14552367 0.01221750 0.00065824
v 0.14267063 0.01303936 0.00145793
v 0.13903105 0.01572233 0.00257736
v 0.15525848 0.00253011 0.00599664
v 0.15878326 0.00283745 0.00581151
v 0.16304964 0.00680887 0.00315920
v 0.16901118 0.00794718 -0.00120509
v 0.17760462 -0.00012023 -0.00318751
v 0.17734492 0.00286406 -0.00295618
v 0.17584598 -0.00472952 -0.00139931
v 0.16341448 -0.00306612 0.00585407
v 0.16178101 -0.01595407 -0.00412756
v 0.17086130 -0.02028436 -0.00667658
v 0.17092150 -0.02499247 -0.00611648
v 0.16796064 -0.02807304 -0.00604314
v 0.16253841 -0.02906015 -0.00232986
v 0.12055528 0.02776608 -0.01451153
v 0.11184448 0.03024259 -0.00994083
v 0.13927037 0.02034237 0.00214908
v 0.14282393 0.02286953 0.00036439
v 0.14564013 0.02380618 -0.00094131
v 0.16177666 0.01439195 -0.00858951
v 0.16149354 0.01940813 -0.00881016
v 0.15662885 0.01054906 -0.00443155
v 0.15059870 0.01174339 0.00003469
v 0.14626211 0.01603594 0.00238425
v 0.14280730 0.01597028 0.00253525
v 0.16283929 0.00309427 0.00568029
v 0.17427689 0.00712895 -0.00106177
v 0.17866117 0.00422376 -0.00074884
v 0.17898357 -0.00126476 -0.00084355
v 0.16989690 -0.00677603 0.00246990
v 0.16071242 -0.01893407 -0.00095418
v 0.16696668 -0.01670137 -0.00431684
v 0.16770715 -0.02832050 -0.00275490
v 0.16101444 -0.02578346 -0.00027010
v 0.11205149 0.04010054 -0.01152983
v 0.12078708 0.04079203 -0.01752135
v 0.12633240 0.03036665 -0.01886880
v 0.12694091 0.03571818 -0.02030519
v 0.11596751 0.03005627 -0.01045954
v 0.11370796 0.03096166 -0.00967050
v 0.11123019 0.03339799 -0.00832921
v 0.14289707 0.02023796 0.00202179
v 0.14634800 0.02071473 0.00156891
v 0.15056783 0.02422893 -0.00211450
v 0.15624613 0.02409777 -0.00642496
v 0.16455323 0.01594033 -0.00750595
v 0.16429186 0.01860698 -0.00756299
v 0.16227806 0.01146143 -0.00467801
v 0.15043211 0.01566512 0.00213042
v 0.16807294 0.00695257 0.00283930
v 0.17563289 -0.00580484 0.00253204
v 0.16771799 -0.00325130 0.00546491
v 0.16578120 -0.01775101 -0.00248304
v 0.17135686 -0.01938535 -0.00394294
v 0.17155308 -0.02517606 -0.00312260
v 0.16666555 -0.02704080 -0.00121292
v 0.11133969 0.03722347 -0.00892568
v 0.11384845 0.03919069 -0.01088440
v 0.11601007 0.03993668 -0.01216444
v 0.13045621 0.03073745 -0.01763308
v 0.13120908 0.03503882 -0.01870644
v 0.12570298 0.02811805 -0.01487350
v 0.11989290 0.02934374 -0.01117316
v 0.11620080 0.03302477 -0.00911090
v 0.11358452 0.03335358 -0.00881380
v 0.15052581 0.02103713 0.00104621
v 0.16160345 0.02318382 -0.00609159
v 0.16545725 0.02027287 -0.00550705
v 0.16614074 0.01520508 -0.00508660
v 0.15621161 0.01139074 -0.00050676
v 0.16694587 0.00389445 0.00507247
v 0.17360890 0.00711363 0.00249681
v 0.17962492 -0.00185544 0.00249568
v 0.17900437 0.00481825 0.00252172
v 0.17456204 -0.00428174 0.00486454
v 0.16246629 -0.02062131 -0.00057834
v 0.16569537 -0.01975325 -0.00112042
v 0.17030323 -0.01928679 -0.00256041
v 0.17075020 -0.02508251 -0.00155917
v 0.16608685 -0.02461020 -0.00037777
v 0.16255802 -0.02404478 -0.00023070
v 0.11366320 0.03680043 -0.00932747
v 0.11621809 0.03694977 -0.00972071
v 0.11999255 0.04023815 -0.01306477
v 0.12660390 0.04014877 -0.01718220
v 0.13251883 0.03154578 -0.01687664
v 0.13303286 0.03395095 -0.01741749
v 0.13004303 0.02895834 -0.01481974
v 0.11958385 0.03249615 -0.00936565
v 0.15563017 0.02419889 -0.00275671
v 0.16220284 0.01140102 -0.00078601
v 0.15548790 0.01483097 0.00147337
v 0.17299092 0.00570645 0.00411817
v 0.17858464 -0.00208569 0.00504908
v 0.17800730 0.00444525 0.00480661
v 0.17350626 -0.00176973 0.00593176
v 0.16910595 -0.00134832 0.00569525
v 0.16965371 -0.01976518 -0.00164792
v 0.17018849 -0.02440200 -0.00089541
v 0.11958164 0.03709836 -0.01008645
v 0.13148093 0.03870570 -0.01644886
v 0.13422054 0.03509080 -0.01564622
v 0.13323891 0.03087466 -0.01489967
v 0.12438369 0.02888183 -0.01179481
v 0.15505570 0.02146310 0.00022811
v 0.16117114 0.02391251 -0.00311100
v 0.16680777 0.01492842 -0.00175107
v 0.16587842 0.02149864 -0.00286555
v 0.16157305 0.01337697 0.00094444
v 0.16865277 0.00243830 0.00547865
v 0.17293644 0.00333112 0.00556132
v 0.17735523 -0.00131703 0.00622925
v 0.17697316 0.00341102 0.00596669
v 0.12462330 0.03984935 -0.01325619
v 0.12946677 0.02912994 -0.01222181
v 0.12341684 0.03156276 -0.00993052
v 0.16061401 0.02261268 -0.00120336
v 0.16604841 0.01528289 0.00045806
v 0.16507268 0.02164098 -0.00093436
v 0.16113985 0.01596599 0.00179994
v 0.15723497 0.01663988 0.00164050
v 0.12340343 0.03716602 -0.01055625
v 0.13016641 0.03928068 -0.01305646
v 0.13355809 0.03114044 -0.01235950
v 0.13415986 0.03604715 -0.01270002
v 0.12867010 0.03035646 -0.01089585
v 0.15689921 0.01992833 0.00099033
v 0.16073251 0.02081578 0.00049740
v 0.16510725 0.01601454 0.00173020
v 0.16450357 0.02087735 0.00040412
v 0.12858850 0.03820851 -0.01154590
v 0.13296443 0.03155296 -0.01110995
v 0.13329893 0.03645628 -0.01118582
v 0.12828970 0.03235345 -0.01004666
v 0.12518924 0.03308295 -0.00983489
v 0.12521726 0.03581890 -0.01018995
v 0.12812972 0.03655495 -0.01050735
v 0.13210928 0.03239601 -0.01022536
v 0.13220143 0.03621476 -0.01038259
v 0.02137339 0.00141802 0.01657179
v 0.06511426 0.03384500 -0.02610922
v 0.05604762 0.03153711 -0.02604371
v 0.05234277 0.03850264 -0.02116007
v 0.06219369 0.04037620 -0.02167556
v 0.06756330 0.02623739 -0.02549744
v 0.05976373 0.02389608 -0.02518129
v 0.07037371 0.01999622 -0.02326459
v 0.06311876 0.01779136 -0.02303910
v 0.07914770 0.00909842 -0.02061734
v 0.07105583 0.00722293 -0.02033371
v 0.08641595 -0.00971853 -0.01725256
v 0.08092725 -0.00481430 -0.01797244
v 0.08761644 -0.00239208 -0.01763365
v 0.09000605 -0.00653929 -0.01658070
v 0.09506935 -0.00690955 -0.01502562
v 0.09299427 -0.01172011 -0.01605198
v 0.08346605 0.00314093 -0.01905683
v 0.07567364 0.00123135 -0.01897576
v 0.05727422 0.00182842 -0.01874405
v 0.05812496 -0.00418464 -0.01791897
v 0.07177120 -0.01918080 -0.01778653
v 0.06668931 -0.01153462 -0.01751080
v 0.07387871 -0.02761945 -0.01661342
v 0.09067917 -0.01790131 -0.01697192
v 0.08090973 -0.01619106 -0.01743656
v 0.07392204 -0.00820280 -0.01732212
v 0.06759417 -0.00161932 -0.01786235
v 0.06296694 0.00410978 -0.01904920
v 0.05525273 0.01410943 -0.02256030
v 0.05176067 0.02047982 -0.02545053
v 0.04764354 0.02894231 -0.02704298
v 0.04377031 0.03709551 -0.02148324
v 0.08922744 -0.02671021 -0.01508614
v 0.08153081 -0.02644991 -0.01550445
v 0.04704672 0.00965797 -0.02202329
v 0.04280835 0.01650990 -0.02600878
v 0.09466881 -0.00106184 -0.01598534
v 0.08749861 0.00977819 -0.01889482
v 0.07367212 0.03385996 -0.02404797
v 0.07472312 0.02639925 -0.02314442
v 0.07169968 0.04036273 -0.02098635
v 0.07727695 0.02074325 -0.02137682
v 0.09096110 0.00407255 -0.01729223
v -0.00131691 -0.03349812 -0.00979435
v 0.03563511 -0.04968452 -0.02161777
v 0.04395270 -0.04827232 -0.01519254
v 0.03082365 -0.04567938 -0.03023145
v 0.03087533 -0.03910945 -0.03636602
v 0.03486466 -0.03044042 -0.03862646
v 0.04141390 -0.02318322 -0.03531739
v 0.04983366 -0.04376599 -0.01131129
v 0.05834973 -0.02755553 -0.02213323
v 0.05983925 -0.03374163 -0.01733398
v 0.07374913 -0.03429203 -0.01160273
v 0.08797657 -0.03301652 -0.00769541
v 0.08094317 -0.03343028 -0.00913626
v 0.05734700 -0.04008573 -0.01226786
v 0.07012349 -0.03630222 -0.00378814
v 0.07626373 -0.03190752 0.00225174
v 0.08598351 -0.03093858 0.00227645
v 0.06497192 -0.03407863 -0.01427224
v 0.06458133 -0.02894109 -0.01850191
v 0.06329602 -0.03840842 -0.00813723
v 0.05363470 -0.02397189 -0.02561787
v 0.06154162 -0.02206855 -0.02072024
v 0.04184419 -0.01315823 -0.02780187
v 0.04806393 -0.01876678 -0.02733773
v 0.05740899 -0.01549475 -0.02088657
v 0.05124623 -0.00973011 -0.02063611
v 0.03400040 -0.00430673 -0.02485737
v 0.03704685 0.00302806 -0.02239096
v 0.03206241 -0.00736723 -0.02795103
v 0.03262132 0.01238414 -0.02671468
v 0.02777249 0.02282911 -0.02870667
v 0.03835505 0.02593471 -0.02822953
v 0.03447360 0.03526824 -0.02195901
v 0.02399790 0.03265520 -0.02175683
v 0.03330016 0.03775283 -0.00932288
v 0.02294594 0.03576788 -0.00794625
v 0.03461331 0.03097676 0.00301883
v 0.02491355 0.02903255 0.00507456
v 0.05422431 -0.04072087 -0.00604898
v 0.05868375 -0.03832735 -0.00141594
v 0.08357102 -0.02021291 0.00924665
v 0.07441384 -0.01966567 0.01049015
v 0.06478548 -0.01913279 0.01174983
v 0.06255621 -0.03470978 0.00249597
v 0.03470129 -0.00831651 0.01519269
v 0.03139174 0.00414190 0.01511946
v 0.02798885 0.01706270 0.01230446
v 0.06783187 0.04234996 -0.01410088
v 0.06632143 0.03821419 -0.00630528
v 0.05947685 0.04141219 -0.01312894
v 0.05970371 0.03588701 -0.00388414
v 0.05078310 0.03944465 -0.01151747
v 0.05165911 0.03377276 -0.00119740
v 0.04251450 0.03872862 -0.01038992
v 0.04347557 0.03239953 0.00089115
v 0.04400367 -0.00691376 0.01422629
v 0.04100561 0.00581191 0.01339206
v 0.03786397 0.01920098 0.00967339
v 0.05299622 -0.00610069 0.01328880
v 0.04994571 0.00728051 0.01173520
v 0.04673916 0.02096020 0.00728726
v 0.06215632 -0.00544375 0.01243502
v 0.05879444 0.00878988 0.01014641
v 0.05495441 0.02268727 0.00519088
v 0.07169884 -0.00520685 0.01110807
v 0.06802607 0.01033057 0.00818282
v 0.06326038 0.02509248 0.00230634
v 0.08251894 -0.00526048 0.00858301
v 0.07887018 0.01191159 0.00426510
v 0.07169825 0.02793542 -0.00268504
v 0.05521411 -0.01824410 0.01193488
v 0.05558926 -0.03256867 0.00550067
v 0.04619426 -0.01832583 0.01224115
v 0.03735566 -0.01940505 0.01222262
v 0.04413521 -0.03396512 0.00401625
v 0.05003935 -0.03237770 0.00583798
v 0.04927576 -0.03827303 -0.00044742
v 0.05360526 -0.03571717 0.00304443
v 0.01850975 -0.02568557 0.00991461
v 0.03192019 -0.02948882 0.00604019
v 0.04021680 -0.02758021 0.00794154
v 0.04813951 -0.02681399 0.00889611
v 0.05596745 -0.02706424 0.00868791
v 0.06472892 -0.02868474 0.00695992
v 0.08282405 0.01589356 -0.02039701
v 0.07473660 0.01476793 -0.02200392
v 0.06704611 0.01263351 -0.02187344
v 0.05904913 0.00903908 -0.02072892
v 0.05240583 0.00491019 -0.01987147
v 0.04722416 -0.00086579 -0.01985624
v 0.04259944 -0.00589463 -0.02214035
v 0.03591549 -0.00912674 -0.02768832
v 0.00128150 -0.03441346 -0.00230271
v 0.00400114 -0.02571061 0.01293159
v -0.00149602 -0.02874590 -0.01612434
v -0.00901431 -0.02260682 -0.01640818
v 0.00378340 -0.03424403 -0.01267627
v 0.01060408 -0.03741101 -0.00870225
v 0.01094145 -0.03459536 0.00001130
v 0.00117141 -0.01164405 0.01982042
v 0.01298720 -0.02896947 0.00852826
v 0.01651657 -0.02077387 0.01303458
v 0.00911200 -0.01732057 0.01621008
v -0.01020598 -0.01158953 -0.02090383
v -0.00063550 -0.01442571 -0.02348453
v 0.00750303 -0.03200359 -0.02007720
v 0.00585139 -0.02461398 -0.02326027
v 0.01204336 -0.03742171 -0.01675805
v 0.01876575 -0.04120687 -0.01497072
v 0.01898831 -0.03963176 -0.00692877
v 0.01947504 -0.03582290 0.00078613
v 0.02110320 -0.03003479 0.00682086
v -0.00059581 0.00186050 0.01989326
v 0.01331699 -0.00882464 0.01750654
v 0.00635028 -0.00406969 0.01883647
v 0.02339804 -0.02303103 0.01079512
v 0.02650297 -0.01652169 0.01412848
v 0.02004606 -0.01276706 0.01608801
v -0.00272393 -0.00486470 -0.02333364
v -0.01167309 -0.00197357 -0.02156353
v 0.00749856 -0.01574424 -0.02651051
v 0.00536770 -0.00657099 -0.02588746
v 0.01153880 -0.00756831 -0.02827621
v 0.01081514 -0.02978689 -0.02555397
v 0.01365256 -0.03575958 -0.02386573
v 0.01302463 -0.01473586 -0.02957407
v 0.01097447 -0.02270500 -0.02814871
v 0.01948327 -0.04077256 -0.02253553
v 0.02605432 -0.04463059 -0.02123702
v 0.02655935 -0.04429445 -0.01396042
v 0.02752692 -0.03721589 -0.00009462
v 0.02726406 -0.04157133 -0.00671363
v 0.02792341 -0.03118802 0.00475749
v 0.02992594 -0.02564708 0.00870126
v -0.00187886 0.01558012 0.01608649
v -0.00482786 0.02426659 0.00338411
v 0.00430906 0.00894099 0.01735878
v 0.01036996 0.00374349 0.01743284
v 0.02324688 -0.00477102 0.01687151
v 0.01656824 -0.00049205 0.01702702
v 0.02984393 -0.00936843 0.01561943
v 0.03279960 -0.02020836 0.01198417
v 0.03602779 -0.01428650 0.01422578
v -0.00508994 0.00367837 -0.02271214
v -0.01258028 0.00875522 -0.02098292
v 0.00271159 0.00162453 -0.02496508
v 0.01001948 0.00044890 -0.02736801
v 0.01628160 -0.00134181 -0.02809983
v 0.02298582 -0.00233053 -0.02772704
v 0.01703638 -0.00762583 -0.02961111
v 0.01424468 -0.02606226 -0.02980179
v 0.01476026 -0.01949561 -0.03036866
v 0.01721126 -0.03323851 -0.02965307
v 0.02198893 -0.03912977 -0.02884877
v 0.01838106 -0.01340253 -0.03111464
v 0.02284956 -0.00771825 -0.02973577
v 0.03260756 -0.04774095 -0.01915669
v 0.02711350 -0.04394264 -0.02751887
v 0.03272080 -0.04796433 -0.02600771
v 0.03390193 -0.04582895 -0.01310879
v 0.03488350 -0.04231084 -0.00716481
v 0.03453213 -0.03805643 -0.00158173
v 0.03475267 -0.03311796 0.00322816
v 0.03613085 -0.02837927 0.00710058
v 0.03877991 -0.02371400 0.01004654
v 0.00166738 0.02140290 0.00962928
v 0.00775427 0.01676778 0.01361474
v 0.00407118 0.02618152 0.00199288
v -0.00167364 0.02537793 -0.00528377
v -0.00700241 0.02259455 -0.01193050
v 0.01979142 0.00756168 0.01580268
v 0.01368690 0.01210673 0.01523048
v 0.02644014 0.00295663 0.01584905
v 0.03316510 -0.00216055 0.01569587
v 0.03937447 -0.00754052 0.01469424
v 0.04177612 -0.01873980 0.01231781
v 0.04523021 -0.01298657 0.01354879
v -0.00672889 0.01395545 -0.02016371
v -0.00053138 0.01059183 -0.02340588
v 0.00632441 0.00912847 -0.02706826
v 0.01411837 0.00675724 -0.02851883
v 0.02199113 0.00478160 -0.02739903
v 0.02896351 -0.00416777 -0.02695009
v 0.02949405 0.00207091 -0.02496275
v 0.03533757 -0.00141846 -0.02310225
v 0.02072161 -0.02343098 -0.03346449
v 0.02311248 -0.03089280 -0.03424269
v 0.02381480 -0.01153261 -0.03088939
v 0.02069563 -0.01639569 -0.03201234
v 0.03031981 -0.04265290 -0.03362858
v 0.02654374 -0.03739139 -0.03397542
v 0.02837723 -0.00809972 -0.02922466
v 0.03292274 -0.00606759 -0.02666861
v 0.03965360 -0.04961048 -0.01787597
v 0.04109299 -0.04642809 -0.01290929
v 0.04024589 -0.05139156 -0.03162742
v 0.03905916 -0.05182268 -0.02495560
v 0.03465390 -0.04721593 -0.03295466
v 0.04194212 -0.04245544 -0.00824654
v 0.04129761 -0.03896493 -0.00284776
v 0.04202127 -0.03104622 0.00592455
v 0.04107577 -0.03502998 0.00224599
v 0.04423338 -0.02703745 0.00852162
v 0.04747945 -0.02285079 0.01058847
v 0.01025409 0.02422114 0.00796422
v 0.01657522 0.02029096 0.01157638
v 0.00691324 0.02930113 -0.00580150
v 0.01307005 0.02999623 0.00104326
v 0.00186348 0.02600358 -0.01247582
v -0.00216728 0.02034460 -0.01750982
v 0.02312511 0.01570071 0.01337829
v 0.02961540 0.01051967 0.01414347
v 0.03625369 0.00501074 0.01430467
v 0.04263109 -0.00064304 0.01421800
v 0.05426329 -0.01259013 0.01296651
v 0.04848653 -0.00650144 0.01372054
v 0.05062187 -0.01823853 0.01215053
v 0.00268459 0.01882069 -0.02285686
v 0.00964183 0.01651909 -0.02704975
v 0.01791757 0.01366042 -0.02879950
v 0.02670032 0.01066798 -0.02750427
v 0.03475595 0.00787208 -0.02447802
v 0.04494494 -0.00372411 -0.02042669
v 0.03839535 -0.00488984 -0.02328473
v 0.04267383 0.00091033 -0.02073118
v 0.02873439 -0.01481060 -0.03268686
v 0.02880943 -0.02120926 -0.03529376
v 0.03239459 -0.03491398 -0.03805739
v 0.03023392 -0.02833936 -0.03718507
v 0.03365576 -0.00804443 -0.02782056
v 0.03086466 -0.01056508 -0.03003764
v 0.03487980 -0.04030805 -0.03800315
v 0.03844303 -0.04498109 -0.03769338
v 0.03963870 -0.00777878 -0.02492651
v 0.04591560 -0.05343765 -0.02342185
v 0.04662651 -0.05043126 -0.01796842
v 0.04736441 -0.04607104 -0.01306424
v 0.04733419 -0.04238982 -0.00868249
v 0.04360157 -0.04929649 -0.03748474
v 0.05016822 -0.05240741 -0.03601697
v 0.04674482 -0.05455168 -0.03029755
v 0.04707503 -0.03943367 -0.00314358
v 0.04670519 -0.03632606 0.00184575
v 0.04720926 -0.03310109 0.00511345
v 0.04895145 -0.02986745 0.00731784
v 0.05203205 -0.02677829 0.00896198
v 0.05600154 -0.02294771 0.01030228
v 0.01984674 0.02762375 0.00609827
v 0.02635986 0.02327131 0.00941381
v 0.00661540 0.02579456 -0.01933080
v 0.01123232 0.03108113 -0.01375097
v 0.02376497 0.03341468 -0.00081542
v 0.01735777 0.03397632 -0.00705335
v 0.03293312 0.01821210 0.01104105
v 0.03932488 0.01251834 0.01209268
v 0.05171406 0.00065920 0.01313850
v 0.04552925 0.00655161 0.01253209
v 0.05754364 -0.00574077 0.01290482
v 0.06005496 -0.01843893 0.01177794
v 0.06361759 -0.01270220 0.01264271
v 0.01324433 0.02427637 -0.02505600
v 0.03021991 0.01726167 -0.02851695
v 0.02175170 0.02124013 -0.02850983
v 0.03795958 0.01442677 -0.02631447
v 0.04486310 0.01282260 -0.02391443
v 0.04268521 0.00675277 -0.02193591
v 0.05461353 -0.00763318 -0.01889455
v 0.04688090 -0.00759616 -0.02130097
v 0.05214727 -0.00238417 -0.01885054
v 0.04961896 0.00707230 -0.02070433
v 0.04978466 0.00214366 -0.01958409
v 0.03873616 -0.01083684 -0.02777332
v 0.03731161 -0.01481784 -0.03143105
v 0.03700286 -0.02012679 -0.03497604
v 0.03814256 -0.02647230 -0.03762963
v 0.04132670 -0.03744281 -0.03998405
v 0.03939992 -0.03224041 -0.03934804
v 0.04498100 -0.04176994 -0.04047126
v 0.05021763 -0.04540519 -0.04060319
v 0.04648811 -0.01175004 -0.02407718
v 0.05299765 -0.05510535 -0.02808398
v 0.05195034 -0.05333995 -0.02242762
v 0.05228847 -0.04930276 -0.01778951
v 0.05159569 -0.04530441 -0.01410630
v 0.05202442 -0.04194801 -0.00875077
v 0.05172998 -0.03983192 -0.00310481
v 0.05573654 -0.04886328 -0.03893653
v 0.06121868 -0.05115148 -0.03584510
v 0.05624819 -0.05392680 -0.03290209
v 0.05156338 -0.03708115 0.00143832
v 0.05152488 -0.03432331 0.00440192
v 0.05274147 -0.03213716 0.00595385
v 0.05584037 -0.03012530 0.00700510
v 0.06015223 -0.02764545 0.00800008
v 0.06511378 -0.02432085 0.00933653
v 0.02986413 0.03007196 0.00409672
v 0.03583074 0.02524984 0.00688511
v 0.02305919 0.03541629 -0.01534224
v 0.01812679 0.03090770 -0.02109045
v 0.03377706 0.03537234 -0.00257826
v 0.02824050 0.03695389 -0.00863582
v 0.04831451 0.01426685 0.00994003
v 0.04238081 0.02009202 0.00839549
v 0.05434471 0.00804302 0.01096413
v 0.06072289 0.00178770 0.01205838
v 0.06680787 -0.00522720 0.01178870
v 0.06967616 -0.01950412 0.01116288
v 0.07307601 -0.01300112 0.01157507
v 0.02556497 0.02833505 -0.02645195
v 0.04062706 0.02086286 -0.02783811
v 0.03328425 0.02445518 -0.02858627
v 0.04742420 0.01860474 -0.02570271
v 0.05347258 0.01709384 -0.02394131
v 0.05124205 0.01209260 -0.02228844
v 0.06224823 -0.01369119 -0.01908898
v 0.05443442 -0.01243868 -0.02071002
v 0.06270164 -0.00797460 -0.01759389
v 0.05517447 0.00309657 -0.01915398
v 0.05738729 -0.00045287 -0.01820448
v 0.05554163 0.00717762 -0.02017367
v 0.05713934 0.01147800 -0.02159443
v 0.04499596 -0.01588171 -0.02754882
v 0.04475123 -0.02073995 -0.03158587
v 0.04710251 -0.03158493 -0.03714761
v 0.04588526 -0.02636052 -0.03472233
v 0.04904521 -0.03512700 -0.03836527
v 0.05338848 -0.03813783 -0.03889355
v 0.05777991 -0.04146591 -0.03961337
v 0.06251407 -0.04503672 -0.03909069
v 0.05234545 -0.01706090 -0.02360186
v 0.06158108 -0.05423116 -0.02942771
v 0.05830634 -0.05398549 -0.02539325
v 0.05639535 -0.05148118 -0.02129316
v 0.05546808 -0.04697660 -0.01808095
v 0.05488610 -0.04182667 -0.01398334
v 0.05571574 -0.04125544 -0.00915018
v 0.05654240 -0.03962390 -0.00366065
v 0.05591577 -0.03724200 0.00109997
v 0.06653464 -0.04865680 -0.03723410
v 0.06998253 -0.05127575 -0.03482738
v 0.06568462 -0.05295694 -0.03266805
v 0.05500740 -0.03439734 0.00410426
v 0.06395733 -0.03205378 0.00467694
v 0.05893385 -0.03339315 0.00442249
v 0.06996781 -0.03012752 0.00531977
v 0.07553315 -0.02610956 0.00747356
v 0.03914237 0.03173884 0.00194854
v 0.04462880 0.02693301 0.00457600
v 0.03351593 0.03766065 -0.01604390
v 0.02941263 0.03411081 -0.02192119
v 0.03805667 0.03834271 -0.00985092
v 0.04285592 0.03650983 -0.00431955
v 0.05081308 0.02179177 0.00625613
v 0.05689782 0.01605433 0.00819770
v 0.06333566 0.00952200 0.00926808
v 0.07028431 0.00259505 0.01076168
v 0.07643974 -0.00500656 0.01000836
v 0.07894373 -0.01992434 0.00994250
v 0.08203804 -0.01329283 0.00917315
v 0.03614306 0.03111007 -0.02631748
v 0.04977673 0.02441876 -0.02683777
v 0.04310620 0.02745872 -0.02766109
v 0.05923611 0.01605942 -0.02274087
v 0.05587572 0.02227792 -0.02518532
v 0.06139368 0.02064712 -0.02403873
v 0.05965602 -0.01883805 -0.02086958
v 0.06956744 -0.01532657 -0.01766416
v 0.06673932 -0.02104315 -0.01932359
v 0.07017606 -0.01001499 -0.01713648
v 0.06332278 -0.00314229 -0.01755235
v 0.07068324 -0.00480938 -0.01753709
v 0.05963659 0.00275101 -0.01875088
v 0.06105334 0.00667887 -0.01977465
v 0.06507766 0.00135588 -0.01829574
v 0.06309336 0.01100206 -0.02131471
v 0.06504363 0.01520408 -0.02244321
v 0.05099368 -0.02169898 -0.02679950
v 0.05156243 -0.02611052 -0.02855155
v 0.05253977 -0.03279878 -0.03366852
v 0.06049567 -0.03544609 -0.03401116
v 0.06502026 -0.03805835 -0.03653285
v 0.06955338 -0.04248458 -0.03845155
v 0.07255846 -0.04685564 -0.03800792
v 0.05688888 -0.02290127 -0.02283758
v 0.06982112 -0.05382924 -0.02984819
v 0.06624711 -0.05364179 -0.02626142
v 0.06309009 -0.05157622 -0.02261034
v 0.06060594 -0.04781314 -0.01981679
v 0.05900359 -0.04302097 -0.01902914
v 0.05728167 -0.03777429 -0.01943415
v 0.05628330 -0.04073809 -0.01775035
v 0.05839413 -0.03490446 -0.01797533
v 0.05903143 -0.03726663 -0.01513863
v 0.06021297 -0.03910624 -0.01025525
v 0.06102943 -0.03910421 -0.00441092
v 0.06072390 -0.03678656 0.00041521
v 0.07402205 -0.04982833 -0.03617525
v 0.07594198 -0.05140967 -0.03456536
v 0.07317412 -0.05285047 -0.03252226
v 0.07310313 -0.03454074 -0.00131476
v 0.06654519 -0.03579268 -0.00018510
v 0.08488858 -0.02642390 0.00678119
v 0.08165777 -0.03130564 0.00234881
v 0.04763085 0.03306689 -0.00017732
v 0.05293542 0.02879426 0.00250551
v 0.03924471 0.03627654 -0.02178454
v 0.04275465 0.03898647 -0.01639962
v 0.05103332 0.03748651 -0.00606674
v 0.04672378 0.03906821 -0.01090646
v 0.05913329 0.02378972 0.00386521
v 0.06559741 0.01814738 0.00580493
v 0.07267147 0.01135794 0.00638714
v 0.08048654 0.00361785 0.00899667
v 0.09193808 -0.01587216 0.00700402
v 0.08737510 -0.00952012 0.00659657
v 0.08806998 -0.02044210 0.00834870
v 0.04547554 0.03349309 -0.02525985
v 0.05804080 0.02761524 -0.02613088
v 0.05188096 0.03030214 -0.02648216
v 0.06686640 0.01914167 -0.02335414
v 0.06378704 0.02535047 -0.02549332
v 0.06886870 0.02290969 -0.02442351
v 0.07714504 -0.01188354 -0.01741782
v 0.07574242 -0.01795782 -0.01715812
v 0.06310064 -0.02552422 -0.01987436
v 0.07319796 -0.02334776 -0.01757312
v 0.06921536 -0.02870321 -0.01752502
v 0.07174850 -0.00011818 -0.01854810
v 0.07828659 -0.00188128 -0.01841900
v 0.07753909 -0.00648257 -0.01783666
v 0.06699997 0.00577539 -0.01974824
v 0.06903422 0.01000020 -0.02108949
v 0.07325286 0.00429305 -0.01958251
v 0.07095152 0.01390330 -0.02213514
v 0.07245815 0.01738889 -0.02256402
v 0.05372900 -0.02984553 -0.02820951
v 0.05616546 -0.02573231 -0.02411774
v 0.05681872 -0.02875527 -0.02320188
v 0.05630034 -0.03220477 -0.02460164
v 0.05755293 -0.03349892 -0.02950934
v 0.06255919 -0.03430081 -0.02476758
v 0.06677639 -0.03466994 -0.02891156
v 0.07191980 -0.03596549 -0.03339496
v 0.07641661 -0.03879456 -0.03712121
v 0.07856977 -0.04634064 -0.03822270
v 0.07753068 -0.04953017 -0.03636241
v 0.06085938 -0.02777756 -0.02029306
v 0.07627296 -0.05365087 -0.03010857
v 0.07354474 -0.05367998 -0.02702701
v 0.07093722 -0.05216012 -0.02359051
v 0.06815606 -0.04870284 -0.02071255
v 0.06534642 -0.04446167 -0.01921496
v 0.06245089 -0.03993792 -0.01960483
v 0.05720890 -0.03254401 -0.02092147
v 0.05929410 -0.03573276 -0.02166077
v 0.05966502 -0.03048988 -0.01952365
v 0.06189656 -0.03335236 -0.01595011
v 0.06457895 -0.03650063 -0.01121494
v 0.06657296 -0.03768790 -0.00623488
v 0.08127040 -0.05027658 -0.03519905
v 0.07911056 -0.05250290 -0.03274709
v 0.07261306 -0.03591125 -0.00793678
v 0.07763940 -0.03380659 -0.01026970
v 0.07960981 -0.03413015 -0.00406960
v 0.08998948 -0.03047388 0.00220633
v 0.09298146 -0.02583350 0.00571775
v 0.08711725 -0.03298736 -0.00276196
v 0.08449686 -0.03328864 -0.00832087
v 0.05573255 0.03460247 -0.00228599
v 0.06095040 0.03110995 -0.00050735
v 0.05119574 0.03989348 -0.01679212
v 0.04809386 0.03779452 -0.02121431
v 0.05920583 0.03954292 -0.00825876
v 0.05509120 0.04038726 -0.01231560
v 0.06708270 0.02671479 0.00000262
v 0.07495910 0.02079275 0.00255963
v 0.09206003 0.00310578 0.00793698
v 0.08591181 0.00885991 0.00475436
v 0.08780831 -0.00295129 0.00790381
v 0.09649664 -0.02093003 0.00661376
v 0.10201377 -0.01756252 0.00546265
v 0.09786034 -0.01397036 0.00412062
v 0.09272361 -0.00720269 0.00544286
v 0.09218162 -0.00953108 0.00431493
v 0.05392414 0.03543591 -0.02442783
v 0.06638306 0.02993613 -0.02637658
v 0.06057322 0.03298847 -0.02623588
v 0.07575524 0.02337384 -0.02219251
v 0.07391661 0.02050931 -0.02260366
v 0.07129413 0.02657418 -0.02472150
v 0.08352512 -0.00749888 -0.01758388
v 0.08395278 -0.01227992 -0.01748687
v 0.08134049 -0.02179093 -0.01679593
v 0.07772118 -0.02672536 -0.01564634
v 0.06508088 -0.03147384 -0.01662698
v 0.07410300 -0.03135578 -0.01443258
v 0.06909806 -0.03449992 -0.01305091
v 0.08418047 -0.00350473 -0.01794216
v 0.07958007 0.00232412 -0.01914349
v 0.08561718 0.00026245 -0.01834249
v 0.07696408 0.01202666 -0.02128962
v 0.07509470 0.00832153 -0.02065912
v 0.08130515 0.00613036 -0.01978013
v 0.07864827 0.01539004 -0.02139255
v 0.07980472 0.01837011 -0.02082336
v 0.06689948 -0.03735930 -0.02124873
v 0.07234383 -0.03575270 -0.02392212
v 0.07743037 -0.03566672 -0.02830699
v 0.08114743 -0.03550171 -0.03337020
v 0.08542407 -0.03698336 -0.03664097
v 0.08121979 -0.04157973 -0.03871968
v 0.08606827 -0.04310555 -0.03846425
v 0.08330160 -0.04712766 -0.03730249
v 0.08249736 -0.05270678 -0.03010833
v 0.07962245 -0.05329137 -0.02710220
v 0.07656121 -0.05260407 -0.02442262
v 0.07487637 -0.05059415 -0.02193052
v 0.07371455 -0.04703638 -0.01976559
v 0.07094765 -0.04230213 -0.01924157
v 0.08723187 -0.04784587 -0.03555986
v 0.08494794 -0.05087513 -0.03301585
v 0.08149946 -0.03050107 -0.01299831
v 0.09460562 -0.03199013 -0.00231096
v 0.09147668 -0.03261145 -0.00725207
v 0.09781253 -0.02947845 0.00194001
v 0.10165077 -0.02579666 0.00479805
v 0.08545029 -0.02661558 -0.01536793
v 0.08864212 -0.03065650 -0.01205900
v 0.06333566 0.03722280 -0.00531694
v 0.06770569 0.03403768 -0.00429028
v 0.06064075 0.04167792 -0.01788542
v 0.05721343 0.03960205 -0.02154818
v 0.06652313 0.04108580 -0.00987652
v 0.06404358 0.04209450 -0.01386172
v 0.08319503 0.01496620 0.00183532
v 0.08622926 0.02069774 0.00120741
v 0.07842350 0.02592844 -0.00269207
v 0.09827763 -0.00200660 0.00782984
v 0.10291439 0.00281238 0.00836763
v 0.09851927 0.00717206 0.00535634
v 0.08939177 0.01167778 0.00050700
v 0.09064406 0.01001561 0.00168940
v 0.10656875 -0.02202872 0.00562358
v 0.11174810 -0.01860440 0.00452355
v 0.10742968 -0.01484523 0.00341928
v 0.09634215 -0.01170744 0.00148708
v 0.10357869 -0.01247566 0.00093091
v 0.10112101 -0.01184792 -0.00168091
v 0.09539175 -0.00951848 0.00226474
v 0.09844548 -0.00950449 0.00026399
v 0.09707463 -0.00717970 0.00477195
v 0.09782004 -0.01090545 -0.00118199
v 0.06372607 0.03762769 -0.02450868
v 0.07423401 0.03004659 -0.02401915
v 0.06965566 0.03412232 -0.02534983
v 0.08030963 0.02110101 -0.01960322
v 0.07751536 0.02622110 -0.02120602
v 0.08124697 0.02327861 -0.01815218
v 0.08908921 -0.00483125 -0.01698366
v 0.08848929 -0.00786453 -0.01682845
v 0.09178442 -0.01448626 -0.01672947
v 0.08629948 -0.01740147 -0.01733571
v 0.08961970 -0.01103039 -0.01677686
v 0.08991992 -0.02217713 -0.01659438
v 0.09289163 0.00151838 -0.01661488
v 0.09105456 -0.00165190 -0.01701298
v 0.08725953 0.00371972 -0.01843244
v 0.08325684 0.00958799 -0.02003098
v 0.08534116 0.01290831 -0.01967528
v 0.08927524 0.00687828 -0.01802450
v 0.08728766 0.01676445 -0.01912424
v 0.08622855 0.02007156 -0.01753014
v 0.07681400 -0.03962049 -0.02003080
v 0.08133376 -0.03644831 -0.02316478
v 0.08550018 -0.03450186 -0.02784863
v 0.08969295 -0.03473875 -0.03235400
v 0.09321487 -0.03643179 -0.03511846
v 0.08957875 -0.03921210 -0.03783736
v 0.09326047 -0.04112410 -0.03778851
v 0.08999199 -0.04432917 -0.03743091
v 0.08811909 -0.05077873 -0.02999395
v 0.08542120 -0.05175389 -0.02668533
v 0.08212978 -0.05162261 -0.02362648
v 0.07837659 -0.05063258 -0.02191496
v 0.07929325 -0.04732848 -0.01961407
v 0.09059215 -0.04844201 -0.03357860
v 0.09331268 -0.04517277 -0.03633967
v 0.09868407 -0.03172848 -0.00679335
v 0.10223967 -0.03130061 -0.00249076
v 0.09568280 -0.03000077 -0.01108652
v 0.09287256 -0.02660021 -0.01464292
v 0.10639983 -0.02965877 0.00128019
v 0.11140823 -0.02677348 0.00346151
v 0.07303792 0.03519494 -0.00530902
v 0.06911361 0.03876785 -0.00689206
v 0.07263106 0.03066574 -0.00530887
v 0.06989729 0.04204899 -0.01794946
v 0.06735170 0.04066959 -0.02153352
v 0.07294315 0.04121399 -0.01016083
v 0.07119811 0.04220903 -0.01405841
v 0.09299266 0.01575427 0.00189024
v 0.09633899 0.02025866 0.00221336
v 0.09077048 0.02400668 -0.00121334
v 0.07976359 0.02621175 -0.00569105
v 0.07724953 0.02797399 -0.00708780
v 0.10198289 -0.00836959 0.00244436
v 0.10391057 -0.00559035 0.00646353
v 0.10811871 -0.00178085 0.00898752
v 0.11309612 0.00215135 0.00887713
v 0.10870868 0.00637364 0.00686538
v 0.09659028 0.00946278 0.00097328
v 0.10529196 0.00924961 0.00284201
v 0.10309404 0.00958379 -0.00135300
v 0.09360099 0.00993874 -0.00087869
v 0.09689999 0.00928147 -0.00272229
v 0.09339070 0.01156806 -0.00033903
v 0.09809506 0.00907679 -0.00249085
v 0.11596322 -0.02305733 0.00413787
v 0.11936021 -0.01952739 0.00364143
v 0.11618274 -0.01567531 0.00265709
v 0.11230731 -0.01296682 0.00043261
v 0.10832202 -0.01176912 -0.00232667
v 0.10107601 -0.01172043 -0.00500691
v 0.10539716 -0.01205706 -0.00576064
v 0.10403204 -0.01285837 -0.00896823
v 0.10179651 -0.00967047 -0.00162178
v 0.10012019 -0.01069377 -0.00370714
v 0.10254776 -0.01078694 -0.00633958
v 0.10221332 -0.01196205 -0.00809923
v 0.07287800 0.03748832 -0.02303293
v 0.07666099 0.03363064 -0.02284268
v 0.07952994 0.02980088 -0.02145475
v 0.08241314 0.02395917 -0.01589149
v 0.08412677 0.02316666 -0.01349977
v 0.08441395 0.02200105 -0.01556686
v 0.09525156 -0.00407145 -0.01539046
v 0.09214073 -0.00673892 -0.01602802
v 0.09405214 -0.00950823 -0.01534310
v 0.09472150 -0.01784537 -0.01618561
v 0.09629786 -0.01216320 -0.01475567
v 0.09869689 -0.01427719 -0.01377362
v 0.09746581 -0.02204953 -0.01517189
v 0.09819770 -0.00019058 -0.01471514
v 0.09418964 0.00451370 -0.01571670
v 0.09874839 0.00341164 -0.01333684
v 0.09386545 0.01408074 -0.01659906
v 0.09158361 0.00998355 -0.01729199
v 0.09593976 0.00717889 -0.01428249
v 0.08870542 0.02292256 -0.01417008
v 0.09301025 0.02122338 -0.01634437
v 0.08196670 -0.04307972 -0.01851904
v 0.08601266 -0.03856241 -0.01987642
v 0.09005678 -0.03567059 -0.02351981
v 0.09363681 -0.03476863 -0.02780241
v 0.09646136 -0.03849663 -0.03621173
v 0.09670377 -0.03567390 -0.03133821
v 0.09968781 -0.03749988 -0.03346047
v 0.09984863 -0.04043354 -0.03629678
v 0.09644330 -0.04256094 -0.03730875
v 0.09348106 -0.04932770 -0.02997306
v 0.09114587 -0.04996379 -0.02617553
v 0.08832049 -0.04979907 -0.02326638
v 0.08434606 -0.04879718 -0.02078924
v 0.08746797 -0.04530562 -0.01893860
v 0.10002339 -0.04395790 -0.03658599
v 0.09694535 -0.04584275 -0.03554803
v 0.09981269 -0.02620462 -0.01320571
v 0.10298014 -0.02943362 -0.01058030
v 0.10684508 -0.03131837 -0.00722492
v 0.11159730 -0.03147983 -0.00381196
v 0.11615342 -0.02996351 -0.00014335
v 0.11956519 -0.02693498 0.00251535
v 0.07570875 0.03875569 -0.00677606
v 0.07775551 0.03169020 -0.00541452
v 0.07926387 0.03547900 -0.00501919
v 0.07602209 0.04152527 -0.01714048
v 0.07482755 0.04004584 -0.02032155
v 0.07934046 0.04103457 -0.00970852
v 0.07721668 0.04186989 -0.01353779
v 0.09860241 0.00993154 -0.00183904
v 0.09910482 0.01259937 0.00138336
v 0.10210925 0.01640116 0.00314537
v 0.10583615 0.02025507 0.00253561
v 0.10108912 0.02359883 0.00047693
v 0.08762872 0.02596773 -0.00639707
v 0.09665948 0.02558597 -0.00375229
v 0.09335631 0.02562707 -0.00838634
v 0.08525145 0.02498515 -0.00935975
v 0.08027643 0.02593713 -0.00794634
v 0.08119422 0.02564169 -0.00935262
v 0.07854599 0.02812913 -0.00730485
v 0.10654980 -0.00898094 0.00004494
v 0.10495889 -0.00964315 -0.00421888
v 0.10958838 -0.00785481 0.00399956
v 0.11371803 -0.00559643 0.00743043
v 0.11751169 -0.00225141 0.00872764
v 0.12084180 0.00142533 0.00848579
v 0.11768502 0.00524630 0.00731108
v 0.11437571 0.00846449 0.00447002
v 0.11102659 0.00977370 0.00015455
v 0.10344517 0.00870442 -0.00552523
v 0.10860300 0.00912555 -0.00434870
v 0.10628921 0.00687910 -0.00816634
v 0.09930074 0.00774781 -0.00529528
v 0.09953755 0.00750961 -0.00535551
v 0.10015213 0.00653069 -0.00911191
v 0.10225415 0.00646611 -0.00899297
v 0.12239331 -0.02349676 0.00364783
v 0.12508798 -0.02018742 0.00351548
v 0.12231725 -0.01652891 0.00272521
v 0.11977905 -0.01383338 0.00054255
v 0.11674625 -0.01237959 -0.00252777
v 0.10913050 -0.01320822 -0.00940418
v 0.11286223 -0.01224855 -0.00621679
v 0.10201615 -0.01838551 -0.01377544
v 0.10200447 -0.01431548 -0.01203111
v 0.10591668 -0.01532741 -0.01211676
v 0.10001510 -0.01005479 -0.01189017
v 0.10341567 -0.00951002 -0.00813144
v 0.10164887 -0.01203344 -0.01026431
v 0.07816297 0.03713044 -0.02170959
v 0.08216214 0.02683846 -0.01894552
v 0.08088869 0.03374191 -0.02189952
v 0.08344197 0.03044500 -0.02091002
v 0.08448416 0.02525117 -0.01605529
v 0.08361071 0.02397266 -0.01329392
v 0.08289105 0.02451806 -0.01112542
v 0.08480281 0.02403960 -0.01159808
v 0.09823531 -0.00700955 -0.01346576
v 0.10177094 -0.00311627 -0.01225355
v 0.10434657 -0.02244104 -0.01394385
v 0.09900475 0.00557107 -0.01151413
v 0.10348082 0.00453549 -0.01118660
v 0.09880883 0.01149296 -0.01400214
v 0.09649372 0.01799217 -0.01585966
v 0.10127932 0.01500192 -0.01520306
v 0.09844971 0.00796038 -0.01176685
v 0.09191829 0.02457358 -0.01219770
v 0.09600496 0.02309578 -0.01376674
v 0.10019690 0.02100160 -0.01484579
v 0.09122866 -0.04166589 -0.01878536
v 0.09465444 -0.03860154 -0.02083513
v 0.09741968 -0.03696790 -0.02399743
v 0.10001349 -0.03668918 -0.02776021
v 0.10298741 -0.03947170 -0.03391838
v 0.10232627 -0.03780547 -0.03064457
v 0.10443825 -0.03927071 -0.03108647
v 0.10579211 -0.04121733 -0.03266713
v 0.10363585 -0.04216674 -0.03553557
v 0.09583205 -0.04778476 -0.03325781
v 0.09679407 -0.04905368 -0.03019398
v 0.09628218 -0.04904363 -0.02663985
v 0.09542871 -0.04822012 -0.02255693
v 0.09197962 -0.04719917 -0.02058885
v 0.09583372 -0.04428876 -0.01945800
v 0.10620660 -0.04413892 -0.03414634
v 0.10343492 -0.04491377 -0.03562343
v 0.10024160 -0.04623054 -0.03512061
v 0.09833461 -0.04798276 -0.03320366
v 0.10759532 -0.02622107 -0.01347792
v 0.11224306 -0.02944689 -0.01188123
v 0.11752713 -0.03133746 -0.00819173
v 0.12100685 -0.03122440 -0.00312075
v 0.12296939 -0.02914955 0.00081176
v 0.12493092 -0.02669087 0.00264341
v 0.08155048 0.02665702 -0.00864029
v 0.08143240 0.02913800 -0.00622648
v 0.08202624 0.03875785 -0.00664335
v 0.08280367 0.03237280 -0.00490409
v 0.08504152 0.03572448 -0.00506642
v 0.08057809 0.04136594 -0.01651078
v 0.07926655 0.03981235 -0.01950037
v 0.08501261 0.04080703 -0.00924167
v 0.08252198 0.04183014 -0.01294065
v 0.10246456 0.00849678 -0.00477642
v 0.10107803 0.00761705 -0.00880668
v 0.10449088 0.01010228 -0.00101045
v 0.10724807 0.01288772 0.00190905
v 0.10982716 0.01654816 0.00300446
v 0.11217088 0.01988032 0.00208548
v 0.10933501 0.02318412 0.00072506
v 0.10581475 0.02556359 -0.00225368
v 0.10195786 0.02617572 -0.00651136
v 0.09876323 0.02500027 -0.01066917
v 0.11125571 -0.00903658 -0.00297469
v 0.11533082 -0.00912995 0.00091290
v 0.10497421 -0.00581076 -0.00964788
v 0.10802734 -0.00780454 -0.00675616
v 0.11914271 -0.00815207 0.00442001
v 0.12169909 -0.00566937 0.00742525
v 0.12385529 -0.00231606 0.00894210
v 0.12618959 0.00106120 0.00903386
v 0.12378150 0.00439630 0.00783545
v 0.12176418 0.00738768 0.00580543
v 0.11950958 0.00933148 0.00197095
v 0.11260504 0.00752239 -0.00660923
v 0.11637652 0.00933380 -0.00263360
v 0.10538298 0.00119923 -0.01127914
v 0.10914940 0.00472286 -0.00981975
v 0.12731510 -0.02414296 0.00354433
v 0.12971121 -0.02086341 0.00376967
v 0.12719643 -0.01709962 0.00290227
v 0.12463158 -0.01470625 0.00120372
v 0.12291133 -0.01325504 -0.00107619
v 0.11801118 -0.01326085 -0.00933036
v 0.12130988 -0.01258548 -0.00473103
v 0.11330044 -0.01518705 -0.01274684
v 0.10878903 -0.01867232 -0.01400614
v 0.08218551 0.03733828 -0.02103502
v 0.08647937 0.02770283 -0.01890475
v 0.08528417 0.03431597 -0.02156258
v 0.08896041 0.03102379 -0.02082548
v 0.08964193 0.02585543 -0.01602790
v 0.08651626 0.02475411 -0.01308444
v 0.08369935 0.02530550 -0.01067102
v 0.10848445 -0.00193692 -0.01025826
v 0.11294287 -0.02215701 -0.01498511
v 0.10280132 0.00927325 -0.01170212
v 0.10462564 0.01844090 -0.01569360
v 0.10991120 0.01537325 -0.01585189
v 0.10586250 0.01183104 -0.01420623
v 0.10341871 0.02355780 -0.01243261
v 0.10883564 0.02191136 -0.01449865
v 0.09874314 -0.04146087 -0.02044737
v 0.10077047 -0.03978598 -0.02244136
v 0.10266525 -0.03897506 -0.02498889
v 0.10424477 -0.03900960 -0.02806154
v 0.10489696 -0.04039914 -0.02558815
v 0.10628575 -0.04082281 -0.02884004
v 0.10679251 -0.04272545 -0.02581826
v 0.10776085 -0.04337216 -0.02974781
v 0.10133106 -0.04920720 -0.03046292
v 0.09888393 -0.04927565 -0.02714032
v 0.10156947 -0.04848382 -0.02438363
v 0.09859908 -0.04844419 -0.02382469
v 0.10300589 -0.04711278 -0.02257591
v 0.09975958 -0.04607010 -0.02093640
v 0.10260391 -0.04349793 -0.02151731
v 0.10765845 -0.04615898 -0.02640852
v 0.10761791 -0.04699952 -0.03060356
v 0.10538191 -0.04639686 -0.03431389
v 0.10341108 -0.04754262 -0.03395101
v 0.11828184 -0.02577033 -0.01451063
v 0.12331223 -0.02896250 -0.01160914
v 0.12632293 -0.03142617 -0.00350490
v 0.12599438 -0.02949909 0.00050700
v 0.12915474 -0.02798065 0.00194138
v 0.08466148 0.02742090 -0.00808305
v 0.08625799 0.03003732 -0.00581834
v 0.08823860 0.03309150 -0.00492218
v 0.09039289 0.03580899 -0.00534135
v 0.08769405 0.03840609 -0.00654680
v 0.08605343 0.04152299 -0.01543990
v 0.08384323 0.04007568 -0.01881307
v 0.09037530 0.03997184 -0.00842455
v 0.08841085 0.04152140 -0.01160765
v 0.10611439 0.00813158 -0.00842747
v 0.10911351 0.00872460 -0.00442246
v 0.11162746 0.01045201 -0.00065115
v 0.11332303 0.01332365 0.00203651
v 0.11485362 0.01659510 0.00266364
v 0.11673236 0.01950451 0.00191826
v 0.11447155 0.02238978 0.00065440
v 0.11267310 0.02499487 -0.00138080
v 0.11035949 0.02619566 -0.00503147
v 0.10711157 0.02566136 -0.00910905
v 0.11222994 -0.00512728 -0.00912142
v 0.11694199 -0.00807548 -0.00679192
v 0.12168854 -0.00931809 -0.00260237
v 0.12462705 -0.00909023 0.00217500
v 0.12540746 -0.00744293 0.00594580
v 0.12656033 -0.00531196 0.00824422
v 0.12893832 -0.00261261 0.00927669
v 0.13196170 0.00068769 0.00927746
v 0.12892359 0.00418661 0.00850114
v 0.12645453 0.00661835 0.00701270
v 0.12531108 0.00844285 0.00465694
v 0.12217474 0.00849855 -0.00457489
v 0.12472910 0.00939474 0.00052309
v 0.11270857 0.00182817 -0.01040345
v 0.11752832 0.00570236 -0.00881785
v 0.13256395 -0.02500929 0.00310746
v 0.13592416 -0.02138103 0.00306439
v 0.13264263 -0.01748499 0.00269008
v 0.12912947 -0.01475094 0.00087789
v 0.12582749 -0.01353575 -0.00098830
v 0.12642980 -0.01293063 -0.00466466
v 0.12341803 -0.01538459 -0.01168928
v 0.11832738 -0.01810402 -0.01434228
v 0.08770180 0.03801372 -0.02045840
v 0.09178710 0.03526030 -0.02128386
v 0.09535843 0.03205752 -0.02056864
v 0.09269530 0.02828353 -0.01879609
v 0.09597224 0.02666508 -0.01541829
v 0.09234118 0.02562343 -0.01233047
v 0.08827406 0.02619692 -0.01013049
v 0.11765522 -0.00136590 -0.01084703
v 0.12334830 -0.02164193 -0.01409045
v 0.11044407 0.00928707 -0.01196328
v 0.11445159 0.01957308 -0.01558310
v 0.11937547 0.01641104 -0.01475182
v 0.11510104 0.01233883 -0.01431343
v 0.11305600 0.02470862 -0.01122901
v 0.11891079 0.02305369 -0.01298520
v 0.10413021 -0.04167958 -0.02326384
v 0.10592210 -0.04472054 -0.02357280
v 0.10620719 -0.04864503 -0.03079864
v 0.10425180 -0.04927243 -0.02663460
v 0.10634619 -0.04874218 -0.02652493
v 0.10502928 -0.04770119 -0.02407464
v 0.12784088 -0.02531698 -0.01310343
v 0.13277823 -0.02846044 -0.01146424
v 0.12864149 -0.03091021 -0.00835717
v 0.13413721 -0.03133617 -0.00504968
v 0.13131511 -0.03067656 -0.00129339
v 0.13558346 -0.02836437 0.00101751
v 0.08998805 0.02847229 -0.00731510
v 0.09146178 0.03107636 -0.00548992
v 0.09231222 0.03782547 -0.00653753
v 0.09298503 0.03355512 -0.00506461
v 0.09440941 0.03576631 -0.00554591
v 0.09203881 0.04158122 -0.01319253
v 0.09049577 0.04087000 -0.01741064
v 0.09403569 0.03941986 -0.00790769
v 0.09285599 0.04073916 -0.00982440
v 0.11426890 0.00862428 -0.00782958
v 0.11619276 0.00935058 -0.00297096
v 0.11659527 0.01145140 0.00038502
v 0.11754870 0.01377943 0.00198585
v 0.11947018 0.01628572 0.00233451
v 0.12176120 0.01894791 0.00178033
v 0.11910677 0.02196942 0.00067955
v 0.11705244 0.02415397 -0.00075889
v 0.11597621 0.02564183 -0.00299510
v 0.11535609 0.02628590 -0.00682640
v 0.12314987 -0.00491326 -0.00932667
v 0.12851918 -0.00746986 -0.00571066
v 0.13009167 -0.00914041 0.00254372
v 0.12846631 -0.00748603 0.00615442
v 0.13164300 -0.00603262 0.00765252
v 0.13518143 -0.00326278 0.00877512
v 0.13884461 0.00019746 0.00862178
v 0.13515371 0.00390326 0.00824973
v 0.13166338 0.00679690 0.00684437
v 0.12833244 0.00824095 0.00507632
v 0.12992996 0.00944537 0.00141910
v 0.12314850 0.00330530 -0.00989056
v 0.12829697 0.00687636 -0.00629780
v 0.13906562 -0.02501198 0.00223660
v 0.14187068 -0.02128362 0.00223631
v 0.13885218 -0.01786923 0.00180128
v 0.13536006 -0.01507811 0.00025967
v 0.13131034 -0.01339333 -0.00233451
v 0.12872499 -0.01389205 -0.00873777
v 0.13399863 -0.01353944 -0.00549024
v 0.13277286 -0.01588112 -0.01093546
v 0.12781614 -0.01850820 -0.01292220
v 0.09469092 0.03927998 -0.01951322
v 0.09849143 0.02922630 -0.01852489
v 0.09797966 0.03616134 -0.02105352
v 0.10135305 0.03244228 -0.02078253
v 0.10185987 0.02743100 -0.01592141
v 0.09916121 0.02670938 -0.01233947
v 0.09393048 0.02758572 -0.00863329
v 0.12867290 -0.00015897 -0.00908107
v 0.13245440 -0.02182467 -0.01332635
v 0.11945748 0.01019001 -0.01098090
v 0.12328088 0.02044417 -0.01409888
v 0.12753046 0.01732725 -0.01381394
v 0.12360239 0.01355827 -0.01310021
v 0.12324661 0.02538095 -0.00945508
v 0.12741560 0.02352373 -0.01149675
v 0.13682729 -0.02534863 -0.01279432
v 0.14121443 -0.02846531 -0.01082954
v 0.13761353 -0.03043720 -0.00833818
v 0.14164513 -0.03064571 -0.00461325
v 0.13848048 -0.03015224 -0.00184971
v 0.14183021 -0.02761228 0.00040266
v 0.09437454 0.02990466 -0.00629759
v 0.09512067 0.03182948 -0.00547984
v 0.09584194 0.03792113 -0.00667524
v 0.09652126 0.03370268 -0.00530279
v 0.09806198 0.03597214 -0.00582829
v 0.09506273 0.04077759 -0.00975400
v 0.09576523 0.04157988 -0.01285210
v 0.09743983 0.03993802 -0.00848860
v 0.12083894 0.00956829 -0.00311780
v 0.11939615 0.01135232 0.00017351
v 0.12198621 0.01298248 0.00114962
v 0.12464827 0.01536600 0.00199270
v 0.12735236 0.01810166 0.00234181
v 0.12430948 0.02135929 0.00095695
v 0.12142211 0.02393490 -0.00095543
v 0.11878282 0.02538690 -0.00272247
v 0.12024176 0.02615189 -0.00600231
v 0.13367224 -0.00366693 -0.00746340
v 0.13807768 -0.00676396 -0.00545758
v 0.13354957 -0.00874733 -0.00184709
v 0.13822591 -0.00891829 0.00101545
v 0.13463235 -0.00834999 0.00470358
v 0.13873929 -0.00628819 0.00654352
v 0.14254969 -0.00338392 0.00771660
v 0.14594066 -0.00006479 0.00782767
v 0.14244998 0.00336267 0.00766805
v 0.13863879 0.00644609 0.00633940
v 0.13437915 0.00862765 0.00396559
v 0.13329369 0.00886726 -0.00248072
v 0.13796741 0.00918480 0.00047946
v 0.13345087 0.00400608 -0.00765574
v 0.13770324 0.00698553 -0.00544235
v 0.14453322 -0.02433603 0.00162008
v 0.14676261 -0.02093854 0.00138462
v 0.14440221 -0.01804013 0.00091293
v 0.14141053 -0.01555532 -0.00048569
v 0.13806295 -0.01412686 -0.00287360
v 0.13718736 -0.01444190 -0.00854525
v 0.14088589 -0.01415258 -0.00577757
v 0.14061707 -0.01606680 -0.01095578
v 0.13668293 -0.01862152 -0.01251823
v 0.09793913 0.04133497 -0.01660788
v 0.10120142 0.03972325 -0.01969016
v 0.10500705 0.03646312 -0.02152580
v 0.10807359 0.03284983 -0.02107957
v 0.10509163 0.02971878 -0.01897326
v 0.10809731 0.02804152 -0.01639986
v 0.10525745 0.02728237 -0.01340097
v 0.10232383 0.02778414 -0.01047212
v 0.10011935 0.02924766 -0.00784570
v 0.09741390 0.02791301 -0.00879475
v 0.09647971 0.03003391 -0.00646946
v 0.13800764 0.00036152 -0.00817034
v 0.14066076 -0.02200680 -0.01322013
v 0.12766188 0.01109293 -0.01058394
v 0.12365925 0.00935771 -0.00737140
v 0.13183737 0.02117789 -0.01228794
v 0.13599461 0.01781533 -0.01245108
v 0.13205707 0.01421725 -0.01209044
v 0.12396401 0.02532625 -0.00310904
v 0.12725645 0.02593339 -0.00552738
v 0.13119805 0.02529143 -0.00766218
v 0.13534570 0.02373410 -0.00958273
v 0.14471680 -0.02550115 -0.01226646
v 0.14879704 -0.02859134 -0.00989258
v 0.14499694 -0.03019062 -0.00717944
v 0.14769691 -0.02983777 -0.00290796
v 0.14457023 -0.02909013 -0.00144225
v 0.14686954 -0.02651153 0.00046977
v 0.09834552 0.03142092 -0.00602156
v 0.09986031 0.03821748 -0.00722364
v 0.10033119 0.03344093 -0.00583529
v 0.10257429 0.03580590 -0.00648719
v 0.09926963 0.04132470 -0.01111096
v 0.10183322 0.04166307 -0.01396015
v 0.10237479 0.04006615 -0.00921011
v 0.12758160 0.00975092 -0.00410452
v 0.12451482 0.01071454 -0.00121042
v 0.12757128 0.01256839 0.00087029
v 0.13047105 0.01508548 0.00237674
v 0.13352865 0.01788649 0.00279495
v 0.13038486 0.02075220 0.00207230
v 0.12722677 0.02345792 0.00000516
v 0.14238387 -0.00334208 -0.00780195
v 0.14698493 -0.00645158 -0.00574407
v 0.14238232 -0.00827619 -0.00248832
v 0.14649880 -0.00828778 0.00071073
v 0.14242923 -0.00789285 0.00367558
v 0.14613712 -0.00578040 0.00568292
v 0.14911008 -0.00302261 0.00676230
v 0.15151489 -0.00012359 0.00670430
v 0.14888000 0.00280709 0.00681117
v 0.14585513 0.00576440 0.00578490
v 0.14204484 0.00798840 0.00354636
v 0.14186525 0.00838422 -0.00265720
v 0.14590341 0.00851261 0.00050896
v 0.14218777 0.00434169 -0.00763303
v 0.14648491 0.00706914 -0.00546736
v 0.14836913 -0.01829785 0.00042737
v 0.14849299 -0.02359866 0.00123376
v 0.14978284 -0.02087701 0.00100681
v 0.14663070 -0.01606569 -0.00081679
v 0.14415449 -0.01455722 -0.00297785
v 0.14421797 -0.01462592 -0.00823316
v 0.14721191 -0.01447475 -0.00489104
v 0.14826548 -0.01628293 -0.01067820
v 0.14434081 -0.01882290 -0.01241598
v 0.10528952 0.04141747 -0.01696771
v 0.10850978 0.03983208 -0.02005300
v 0.11103100 0.03010359 -0.01940107
v 0.11127752 0.03643366 -0.02169663
v 0.11432731 0.03287702 -0.02133849
v 0.11433774 0.02824720 -0.01665282
v 0.11081314 0.02783708 -0.01379073
v 0.10815436 0.02839292 -0.01137874
v 0.10548764 0.02948597 -0.00914025
v 0.10276788 0.03112513 -0.00705165
v 0.14704692 0.00101344 -0.00870037
v 0.14842731 -0.02238632 -0.01264700
v 0.13573688 0.01140340 -0.00907239
v 0.13146156 0.01002021 -0.00671431
v 0.13953179 0.02115802 -0.01106888
v 0.14332026 0.01755662 -0.01113811
v 0.13969219 0.01425185 -0.01070285
v 0.13060176 0.02490552 -0.00174692
v 0.13446802 0.02542148 -0.00402531
v 0.13864559 0.02528425 -0.00604153
v 0.14297086 0.02372409 -0.00842109
v 0.15235502 -0.02605348 -0.01177970
v 0.15631759 -0.02882871 -0.00954908
v 0.15314156 -0.03029796 -0.00669196
v 0.15143788 -0.02979648 -0.00273997
v 0.15082371 -0.02771578 -0.00044057
v 0.14889526 -0.02778308 -0.00044227
v 0.14994061 -0.02571676 0.00065458
v 0.10531056 0.03335800 -0.00691625
v 0.10769606 0.03564014 -0.00747713
v 0.10514796 0.03803305 -0.00784820
v 0.10528952 0.04112854 -0.01162708
v 0.10842705 0.04149504 -0.01420909
v 0.10787410 0.03962481 -0.00971839
v 0.13439888 0.01039099 -0.00312546
v 0.13079756 0.01104958 -0.00098425
v 0.13369828 0.01291951 0.00127152
v 0.13644487 0.01546321 0.00254861
v 0.13907588 0.01805936 0.00269127
v 0.13666630 0.02043268 0.00216955
v 0.13384575 0.02288940 0.00081876
v 0.15201181 -0.00271371 -0.00788394
v 0.15664244 -0.00562596 -0.00541770
v 0.15140897 -0.00777600 -0.00221276
v 0.15398908 -0.00735969 0.00156128
v 0.14986151 -0.00696156 0.00335407
v 0.15211862 -0.00499654 0.00523740
v 0.15353990 0.00246256 0.00608772
v 0.15376413 -0.00256215 0.00612116
v 0.15532571 0.00008558 0.00628984
v 0.15152556 0.00487043 0.00533450
v 0.14920157 0.00720039 0.00345293
v 0.15077442 0.00839545 -0.00207359
v 0.15308034 0.00789929 0.00159875
v 0.15174299 0.00498745 -0.00747490
v 0.15613860 0.00761668 -0.00463116
v 0.14959508 -0.01657863 -0.00078300
v 0.14856201 -0.01525753 -0.00225237
v 0.15095574 -0.01845528 0.00023997
v 0.15127093 -0.02359823 0.00102612
v 0.15273565 -0.02123849 0.00088790
v 0.15032876 -0.01536643 -0.00236467
v 0.15094733 -0.01466217 -0.00498751
v 0.15292662 -0.01503929 -0.00812557
v 0.15612757 -0.01699777 -0.01037186
v 0.15221870 -0.01942448 -0.01219904
v 0.11138672 0.04131393 -0.01700497
v 0.11436343 0.03963497 -0.02021626
v 0.11779076 0.03619586 -0.02164283
v 0.12097162 0.03292272 -0.02103984
v 0.11772645 0.03012098 -0.01949278
v 0.12081170 0.02839816 -0.01695192
v 0.11763060 0.02769740 -0.01422608
v 0.11253572 0.02902986 -0.01136360
v 0.11021483 0.02999236 -0.00987920
v 0.10788858 0.03143941 -0.00826105
v 0.15668434 0.00148438 -0.00819468
v 0.15582317 -0.02318329 -0.01245910
v 0.14291096 0.01151794 -0.00758666
v 0.13849014 0.01027897 -0.00511897
v 0.14682794 0.02066491 -0.01036853
v 0.15023428 0.01683573 -0.01070467
v 0.14682901 0.01381452 -0.00971976
v 0.13737893 0.02419586 -0.00092492
v 0.14088368 0.02475106 -0.00243193
v 0.14689195 0.02491835 -0.00597221
v 0.15020764 0.02292139 -0.00859624
v 0.15960735 -0.02648246 -0.01111159
v 0.16291356 -0.02831494 -0.00874156
v 0.15998024 -0.03001527 -0.00692007
v 0.15692729 -0.03031766 -0.00411665
v 0.15469056 -0.02877335 -0.00127086
v 0.15282279 -0.02630545 0.00034267
v 0.10978848 0.03753322 -0.00865197
v 0.10966259 0.03341452 -0.00794384
v 0.11125153 0.03534699 -0.00834918
v 0.11037248 0.04054157 -0.01172370
v 0.11284375 0.04095239 -0.01352677
v 0.11157626 0.03880380 -0.01003480
v 0.14053255 0.01103014 -0.00125349
v 0.13697761 0.01165507 -0.00017267
v 0.13916528 0.01365586 0.00182375
v 0.14125478 0.02026442 0.00211084
v 0.14109153 0.01588836 0.00256038
v 0.14287031 0.01817023 0.00255874
v 0.13951689 0.02233847 0.00106871
v 0.16064036 -0.00230656 -0.00742924
v 0.16449720 -0.00507606 -0.00522274
v 0.16103029 -0.00730391 -0.00228027
v 0.15817732 -0.00730308 0.00150764
v 0.15689343 -0.00598391 0.00394201
v 0.15477479 -0.00595934 0.00401992
v 0.15561312 -0.00447979 0.00524321
v 0.15521747 0.00446277 0.00521055
v 0.15400380 0.00615430 0.00413284
v 0.15694743 0.00267658 0.00589040
v 0.15701067 -0.00253199 0.00597632
v 0.15890127 0.00017275 0.00627008
v 0.15630043 0.00615524 0.00401074
v 0.15723473 0.00775841 0.00160107
v 0.16045469 0.00527931 -0.00666016
v 0.16010427 0.00844130 -0.00151846
v 0.16372705 0.00735882 -0.00386226
v 0.15229732 -0.01647406 -0.00123325
v 0.15457475 -0.01863932 -0.00000289
v 0.15475363 -0.02434381 0.00082988
v 0.15668350 -0.02179394 0.00063226
v 0.15408897 -0.01529497 -0.00337255
v 0.15647596 -0.01506461 -0.00582832
v 0.15963244 -0.02002520 -0.01159605
v 0.15963596 -0.01578457 -0.00800911
v 0.16286677 -0.01766696 -0.00954002
v 0.11769223 0.04103466 -0.01736224
v 0.12108302 0.03915267 -0.01991004
v 0.12374789 0.03030400 -0.01923418
v 0.12415040 0.03591432 -0.02092421
v 0.12661821 0.03274135 -0.02022731
v 0.12606937 0.02883690 -0.01683655
v 0.12321132 0.02791964 -0.01473105
v 0.11544317 0.02889831 -0.01162410
v 0.12021399 0.02828000 -0.01262033
v 0.11783344 0.02967347 -0.01080257
v 0.11453485 0.03051370 -0.01002777
v 0.11301047 0.03059880 -0.00981623
v 0.11140352 0.03169638 -0.00891414
v 0.16415220 0.00150697 -0.00751397
v 0.16273463 -0.02350265 -0.01158184
v 0.15035141 0.01142540 -0.00711608
v 0.14682025 0.01033042 -0.00419632
v 0.15357006 0.01362073 -0.00943846
v 0.15349895 0.02007570 -0.01011139
v 0.15660232 0.01667737 -0.01052135
v 0.14175129 0.02328826 -0.00001755
v 0.14387989 0.02332889 -0.00018081
v 0.14468253 0.02472319 -0.00258049
v 0.14800745 0.02408790 -0.00168025
v 0.15046382 0.02499604 -0.00410768
v 0.15334761 0.02430917 -0.00652039
v 0.15639818 0.02242645 -0.00829446
v 0.16534436 -0.02604076 -0.00982597
v 0.16761732 -0.02712225 -0.00767323
v 0.16566682 -0.02900405 -0.00632089
v 0.16294783 -0.02984956 -0.00439918
v 0.15983057 -0.02919394 -0.00207731
v 0.15711683 -0.02714998 -0.00022623
v 0.11255169 0.03695175 -0.00913206
v 0.11244756 0.03339443 -0.00860089
v 0.11362612 0.03508120 -0.00885949
v 0.11320019 0.03961641 -0.01117182
v 0.11463416 0.03955476 -0.01142758
v 0.11555189 0.04088596 -0.01391789
v 0.11373502 0.03826327 -0.01012662
v 0.14451683 0.01109225 -0.00098291
v 0.14374000 0.01259744 0.00111237
v 0.14153010 0.01258914 0.00108495
v 0.14271557 0.01416305 0.00201845
v 0.14289629 0.02189128 0.00118983
v 0.14451027 0.02043039 0.00184530
v 0.14442497 0.01600564 0.00249913
v 0.14637005 0.01848831 0.00230446
v 0.16763431 -0.00211207 -0.00669712
v 0.17077351 -0.00437042 -0.00451487
v 0.16787434 -0.00650319 -0.00248611
v 0.16470546 -0.00746798 0.00038680
v 0.16151470 -0.00672140 0.00302011
v 0.15898657 -0.00498876 0.00489536
v 0.15856093 0.00491226 0.00490770
v 0.16085666 0.00297147 0.00578433
v 0.16123539 -0.00287557 0.00593272
v 0.16299856 0.00016656 0.00621858
v 0.16049242 0.00674396 0.00330341
v 0.16316515 0.00790732 0.00102860
v 0.16701341 0.00488361 -0.00581419
v 0.16628706 0.00816270 -0.00135505
v 0.16936821 0.00687728 -0.00328141
v 0.15671575 -0.01663687 -0.00181428
v 0.15872288 -0.02522694 0.00020528
v 0.16000968 -0.02225002 0.00008741
v 0.15859574 -0.01883862 -0.00056806
v 0.15921175 -0.01571758 -0.00391412
v 0.16234726 -0.01564397 -0.00596511
v 0.16530746 -0.02052693 -0.01040465
v 0.16538042 -0.01661084 -0.00762582
v 0.16755790 -0.01883175 -0.00861931
v 0.11787689 0.04017223 -0.01276225
v 0.12037832 0.04096008 -0.01517382
v 0.12373567 0.04050271 -0.01747665
v 0.12703359 0.03837902 -0.01913282
v 0.12862480 0.03049343 -0.01832509
v 0.12935746 0.03543027 -0.01955760
v 0.13084918 0.03274023 -0.01876557
v 0.13021004 0.02957689 -0.01621491
v 0.12800568 0.02847233 -0.01490241
v 0.12512130 0.02819213 -0.01312217
v 0.12205547 0.02904518 -0.01156557
v 0.11616522 0.03137837 -0.00961947
v 0.11967719 0.03067259 -0.01008096
v 0.11786085 0.03277288 -0.00921246
v 0.11480421 0.03322686 -0.00899342
v 0.11363328 0.03191962 -0.00920847
v 0.17027247 0.00153217 -0.00662678
v 0.16722929 -0.02346390 -0.00979844
v 0.15670979 0.01163208 -0.00698990
v 0.15356934 0.01046837 -0.00443932
v 0.15047097 0.01065666 -0.00187802
v 0.14792836 0.01190727 0.00031754
v 0.15942109 0.01387163 -0.00908524
v 0.15922338 0.01969310 -0.00941259
v 0.16162694 0.01684057 -0.00937057
v 0.14614135 0.02249487 0.00041115
v 0.14842802 0.02092569 0.00128809
v 0.15056819 0.02293821 -0.00044185
v 0.15303874 0.02420838 -0.00250125
v 0.15600842 0.02471982 -0.00446659
v 0.15902978 0.02380615 -0.00625020
v 0.16150343 0.02155399 -0.00756264
v 0.16882390 -0.02513993 -0.00833932
v 0.17022830 -0.02482624 -0.00721958
v 0.16974157 -0.02679152 -0.00597700
v 0.16797113 -0.02850738 -0.00435925
v 0.16519552 -0.02886268 -0.00253198
v 0.16181022 -0.02782234 -0.00103310
v 0.11482745 0.03680466 -0.00953257
v 0.11622089 0.03497399 -0.00913432
v 0.11616951 0.03860686 -0.01078522
v 0.14604568 0.01386801 0.00177541
v 0.14830047 0.01594166 0.00229922
v 0.15042043 0.01842239 0.00198263
v 0.17309523 -0.00156966 -0.00565475
v 0.17549610 -0.00321943 -0.00335351
v 0.17343134 -0.00553570 -0.00182274
v 0.17052096 -0.00696235 0.00018999
v 0.16719502 -0.00681941 0.00265563
v 0.16397280 -0.00542897 0.00462410
v 0.16291606 0.00521875 0.00465009
v 0.16467166 0.00339457 0.00546855
v 0.16535091 -0.00330208 0.00563920
v 0.16618305 0.00005782 0.00591525
v 0.16555536 0.00686422 0.00302890
v 0.16861850 0.00784853 0.00103751
v 0.17238224 0.00442773 -0.00473589
v 0.17168331 0.00763150 -0.00109604
v 0.17445844 0.00589325 -0.00262555
v 0.16113329 -0.01692381 -0.00242046
v 0.16196281 -0.02475393 -0.00030154
v 0.16227454 -0.02226124 -0.00025994
v 0.16182041 -0.02004505 -0.00074255
v 0.16434139 -0.01627266 -0.00424579
v 0.16752750 -0.01665108 -0.00589141
v 0.16880882 -0.02134366 -0.00878972
v 0.16961199 -0.01856185 -0.00705299
v 0.17014915 -0.02103660 -0.00765243
v 0.11783719 0.03706935 -0.00992230
v 0.11972481 0.03886953 -0.01142800
v 0.12224239 0.04002695 -0.01319006
v 0.12568033 0.04042510 -0.01505464
v 0.12924308 0.03960138 -0.01681584
v 0.13147432 0.03704184 -0.01783508
v 0.13173783 0.03113424 -0.01712793
v 0.13239944 0.03449940 -0.01791584
v 0.13288766 0.03269833 -0.01729429
v 0.13278329 0.03115746 -0.01607043
v 0.13177615 0.02965825 -0.01478547
v 0.12981516 0.02883028 -0.01340753
v 0.12692308 0.02889993 -0.01208282
v 0.12370074 0.02984880 -0.01087731
v 0.12131965 0.03206185 -0.00957099
v 0.11956543 0.03481666 -0.00929618
v 0.17478502 0.00144392 -0.00511441
v 0.16971511 -0.02316052 -0.00816241
v 0.16201580 0.01260086 -0.00677872
v 0.15953213 0.01089220 -0.00451702
v 0.15645981 0.01044919 -0.00217611
v 0.15334207 0.01155316 -0.00024012
v 0.15054941 0.01336719 0.00143301
v 0.16354132 0.01517805 -0.00794840
v 0.16324389 0.01902895 -0.00810778
v 0.16450369 0.01728611 -0.00763398
v 0.15264207 0.02114359 0.00068989
v 0.15530187 0.02316000 -0.00129473
v 0.15840727 0.02409040 -0.00299418
v 0.16147995 0.02403086 -0.00444394
v 0.16383570 0.02207198 -0.00580782
v 0.16484571 0.01936915 -0.00674361
v 0.17134649 -0.02260689 -0.00639656
v 0.17146218 -0.02513007 -0.00467733
v 0.16991609 -0.02718628 -0.00289622
v 0.16720432 -0.02770818 -0.00170088
v 0.16407514 -0.02688560 -0.00083807
v 0.15272945 0.01529678 0.00189465
v 0.15442491 0.01816892 0.00163946
v 0.17666852 -0.00071499 -0.00388792
v 0.17825800 -0.00068412 -0.00223431
v 0.17774552 -0.00337405 -0.00102481
v 0.17591870 -0.00568420 0.00066957
v 0.17273873 -0.00646281 0.00241566
v 0.16894001 -0.00556883 0.00425625
v 0.16739899 0.00585245 0.00402421
v 0.16806006 0.00302725 0.00530034
v 0.16861570 -0.00207294 0.00553146
v 0.16846800 0.00029140 0.00575450
v 0.17075491 0.00701719 0.00266692
v 0.17396808 0.00758436 0.00081620
v 0.17629313 0.00343188 -0.00343999
v 0.17682898 0.00610407 -0.00085905
v 0.17792493 0.00350302 -0.00203416
v 0.16325766 -0.01800509 -0.00190473
v 0.16630930 -0.01711449 -0.00327888
v 0.16628164 -0.02635703 -0.00099173
v 0.16395527 -0.02442251 -0.00031278
v 0.16593379 -0.02205736 -0.00038782
v 0.16365772 -0.02005097 -0.00083530
v 0.16557252 -0.01838388 -0.00199223
v 0.16949934 -0.01758049 -0.00410023
v 0.17138940 -0.01970426 -0.00536254
v 0.12136865 0.03707542 -0.01026124
v 0.12381715 0.03889364 -0.01189107
v 0.12728578 0.03963973 -0.01327497
v 0.13094234 0.03952398 -0.01452291
v 0.13323265 0.03721710 -0.01604360
v 0.13357919 0.03450160 -0.01681030
v 0.13425881 0.03285678 -0.01529312
v 0.13359624 0.03087782 -0.01350141
v 0.13174587 0.02984985 -0.01225209
v 0.12906039 0.02966943 -0.01146233
v 0.12589890 0.03060266 -0.01051319
v 0.12284154 0.03459781 -0.00959170
v 0.17756867 0.00138249 -0.00320050
v 0.16527200 0.01551356 -0.00660497
v 0.16464972 0.01279574 -0.00487626
v 0.16231918 0.01099583 -0.00252312
v 0.15921229 0.01125699 -0.00068831
v 0.15582299 0.01274874 0.00069055
v 0.16630334 0.01791462 -0.00527996
v 0.15775663 0.02238139 -0.00078744
v 0.16082639 0.02337893 -0.00206274
v 0.16375756 0.02329882 -0.00316530
v 0.16587889 0.02104490 -0.00414872
v 0.17203563 -0.02225310 -0.00363150
v 0.17121679 -0.02507684 -0.00204197
v 0.16895074 -0.02664173 -0.00151828
v 0.15617663 0.02053364 0.00066274
v 0.15665138 0.01592939 0.00158495
v 0.15693432 0.01823284 0.00151640
v 0.17943013 0.00144746 -0.00074521
v 0.17948234 -0.00164521 0.00079444
v 0.17805219 -0.00437383 0.00259188
v 0.17518896 -0.00513507 0.00405028
v 0.17119169 -0.00422445 0.00495386
v 0.16983533 0.00520291 0.00436452
v 0.17328161 0.00639137 0.00349334
v 0.17022139 0.00293662 0.00541720
v 0.17284560 0.00482043 0.00463083
v 0.17388630 -0.00339106 0.00514397
v 0.17069441 -0.00164650 0.00573149
v 0.17329997 0.00077414 0.00622472
v 0.17645776 0.00679027 0.00252095
v 0.17907667 0.00468986 0.00083211
v 0.16824812 -0.01804221 -0.00270233
v 0.17084622 -0.01928411 -0.00302377
v 0.17045510 -0.02508486 -0.00121632
v 0.16844362 -0.02470169 -0.00058404
v 0.17051059 -0.02209235 -0.00100067
v 0.16796452 -0.01955188 -0.00144669
v 0.16992772 -0.01933391 -0.00210896
v 0.12576592 0.03809573 -0.01134628
v 0.12931937 0.03880855 -0.01216382
v 0.13269824 0.03833704 -0.01287383
v 0.13442624 0.03563481 -0.01410592
v 0.13441908 0.03330737 -0.01254559
v 0.13331872 0.03136238 -0.01163793
v 0.13119680 0.03055277 -0.01113600
v 0.12837619 0.03101530 -0.01057804
v 0.12624133 0.03264152 -0.00992572
v 0.12461358 0.03247132 -0.00985298
v 0.12453884 0.03632986 -0.01033002
v 0.12509364 0.03449028 -0.00988716
v 0.16673684 0.01498025 -0.00335836
v 0.16496664 0.01230373 -0.00106663
v 0.16194618 0.01230332 0.00021833
v 0.15857959 0.01373514 0.00107050
v 0.16703719 0.01844417 -0.00239635
v 0.15836012 0.02043735 0.00070894
v 0.16056907 0.02206739 -0.00059444
v 0.16289586 0.02262231 -0.00140554
v 0.16559416 0.02167045 -0.00181544
v 0.17131943 -0.02200932 -0.00195053
v 0.16127259 0.01443463 0.00127631
v 0.15866011 0.01628041 0.00168633
v 0.16099125 0.01843410 0.00159323
v 0.18011856 0.00145238 0.00249645
v 0.17932749 -0.00197635 0.00407895
v 0.17711681 -0.00380082 0.00476506
v 0.17590350 0.00574594 0.00428471
v 0.17861289 0.00467440 0.00387499
v 0.17560768 0.00372260 0.00574985
v 0.17739326 0.00412013 0.00542948
v 0.17780423 -0.00200672 0.00573680
v 0.17607743 -0.00184319 0.00611779
v 0.17763251 0.00102355 0.00639197
v 0.12621224 0.03625219 -0.01036072
v 0.12809265 0.03765821 -0.01120216
v 0.13150328 0.03790235 -0.01150787
v 0.13374019 0.03626405 -0.01177603
v 0.13376683 0.03378486 -0.01087910
v 0.13256460 0.03181913 -0.01066118
v 0.13068849 0.03216007 -0.01019442
v 0.12820941 0.03458821 -0.00995028
v 0.16655529 0.01509994 -0.00043899
v 0.16429424 0.01366421 0.00084561
v 0.16633189 0.01868149 -0.00006109
v 0.16296405 0.02097707 0.00039726
v 0.16472316 0.02143594 -0.00025660
v 0.16572237 0.01536553 0.00124717
v 0.16358030 0.01575374 0.00183856
v 0.16524607 0.01859214 0.00142795
v 0.17900628 0.00120764 0.00533155
v 0.13068539 0.03663885 -0.01061279
v 0.13278681 0.03651937 -0.01071894
v 0.13247609 0.03430321 -0.01004237
v -0.00896066 -0.02821775 -0.01205134
v 0.00638705 -0.03585947 -0.00582516
v 0.01089823 -0.02357522 0.01269662
v -0.00943804 -0.01700961 -0.01931855
v 0.00365818 -0.02998941 -0.01848719
v 0.01489580 -0.03932387 -0.01153597
v 0.01595807 -0.03278210 0.00454038
v 0.00770390 -0.01065613 0.01837543
v 0.02161342 -0.01826421 0.01373988
v -0.01095968 -0.00673177 -0.02138972
v 0.00626975 -0.01109708 -0.02622750
v 0.01067656 -0.03422267 -0.02157930
v 0.00936592 -0.01949135 -0.02702105
v 0.02260381 -0.04300249 -0.01828641
v 0.02333117 -0.03886545 -0.00284946
v 0.02552271 -0.02731843 0.00780183
v 0.00522500 0.00234921 0.01840785
v 0.01833957 -0.00669611 0.01717442
v 0.03133446 -0.01521850 0.01434463
v -0.01223350 0.00320292 -0.02161419
v 0.00425702 -0.00240861 -0.02543578
v 0.01665515 -0.00462024 -0.02886939
v 0.01207578 -0.02464182 -0.02857158
v 0.01763546 -0.03746472 -0.02641690
v 0.01760584 -0.01061461 -0.03038293
v 0.02934241 -0.04622240 -0.02344579
v 0.03090352 -0.04370389 -0.01006803
v 0.03111327 -0.03489325 0.00167376
v 0.03438699 -0.02448492 0.00948945
v 0.00323087 0.01572496 0.01471516
v -0.00015634 0.02472591 0.00250241
v 0.01510429 0.00568110 0.01661679
v 0.02827996 -0.00327678 0.01633090
v 0.04062849 -0.01353540 0.01393536
v -0.01282620 0.01435255 -0.01949346
v 0.00100905 0.00587875 -0.02457133
v 0.01553982 0.00255252 -0.02823314
v 0.02958733 -0.00135154 -0.02560332
v 0.01832545 -0.02847210 -0.03206509
v 0.01893246 -0.01506228 -0.03133482
v 0.02620828 -0.04093079 -0.03097653
v 0.02832055 -0.00635139 -0.02823889
v 0.03677517 -0.04766528 -0.01544708
v 0.03640962 -0.04989661 -0.02919251
v 0.03823102 -0.04065464 -0.00491321
v 0.03844565 -0.03191532 0.00467166
v 0.04316396 -0.02314026 0.01039883
v 0.01210314 0.01850989 0.01255292
v 0.00834423 0.02809435 0.00154942
v -0.00232482 0.02371577 -0.01243636
v 0.02472711 0.00923483 0.01497427
v 0.03794134 -0.00133966 0.01496604
v 0.04973817 -0.01272687 0.01323998
v -0.00168759 0.01566305 -0.02114874
v 0.01195914 0.01146301 -0.02834111
v 0.02848178 0.00627919 -0.02583033
v 0.04030758 -0.00234103 -0.02149248
v 0.02441686 -0.01871471 -0.03367770
v 0.02791500 -0.03312900 -0.03619936
v 0.02909988 -0.00942349 -0.02960926
v 0.03416258 -0.04397123 -0.03585714
v 0.03632647 -0.00662181 -0.02557254
v 0.04265857 -0.05189309 -0.02095294
v 0.04469925 -0.04431061 -0.01077348
v 0.04489577 -0.05239467 -0.03433910
v 0.04408556 -0.03758923 -0.00043163
v 0.04556537 -0.03035776 0.00679696
v 0.05171239 -0.02277806 0.01054674
v 0.02148765 0.02188415 0.01042724
v 0.00629276 0.02845735 -0.01301712
v 0.01836210 0.03189007 0.00016394
v 0.03446889 0.01155938 0.01312497
v 0.04719532 0.00002115 0.01366332
v 0.05895299 -0.01255847 0.01284578
v 0.00775015 0.02157834 -0.02411938
v 0.02426368 0.01559155 -0.02862021
v 0.04015106 0.01030381 -0.02397040
v 0.04978114 -0.00549824 -0.01950398
v 0.04614711 0.00419093 -0.02046332
v 0.03378671 -0.01233972 -0.03070170
v 0.03342575 -0.02383778 -0.03673995
v 0.03657883 -0.03624486 -0.03932229
v 0.04360116 -0.04560013 -0.03947473
v 0.04302806 -0.00958190 -0.02448648
v 0.04920912 -0.05469621 -0.02599511
v 0.04971701 -0.04802468 -0.01572630
v 0.04959697 -0.04093263 -0.00585487
v 0.05572569 -0.05181640 -0.03629866
v 0.04929823 -0.03525961 0.00334752
v 0.05234718 -0.02978367 0.00736940
v 0.06044078 -0.02352514 0.00996605
v 0.03117907 0.02434538 0.00817516
v 0.01731479 0.03362196 -0.01457387
v 0.02889317 0.03453319 -0.00165498
v 0.04394907 0.01345337 0.01111686
v 0.05619740 0.00125328 0.01268363
v 0.06839448 -0.01287894 0.01226807
v 0.01958698 0.02669052 -0.02596748
v 0.03564358 0.01908644 -0.02819812
v 0.04929608 0.01511536 -0.02391988
v 0.05867827 -0.01045718 -0.01878697
v 0.05340159 0.00034303 -0.01874545
v 0.05334067 0.00950194 -0.02106604
v 0.04105324 -0.01763154 -0.03174642
v 0.04285175 -0.02904153 -0.03775096
v 0.04703504 -0.03815543 -0.04013810
v 0.05650413 -0.04518791 -0.04012582
v 0.04950035 -0.01418212 -0.02362248
v 0.05716497 -0.05469954 -0.02908781
v 0.05421150 -0.05065543 -0.01974607
v 0.05335861 -0.04274623 -0.01163509
v 0.05396515 -0.03864989 -0.00088984
v 0.06591058 -0.05106162 -0.03525183
v 0.05308896 -0.03364966 0.00487509
v 0.05967498 -0.03087635 0.00620157
v 0.07023543 -0.02525909 0.00832736
v 0.04030716 0.02612201 0.00571135
v 0.02844030 0.03678509 -0.01571929
v 0.03845245 0.03602295 -0.00340652
v 0.05261940 0.01515683 0.00910378
v 0.06533355 0.00218732 0.01141101
v 0.07746160 -0.01290684 0.01038423
v 0.03108263 0.02982258 -0.02645606
v 0.04533207 0.02270165 -0.02743268
v 0.05750513 0.01898088 -0.02389151
v 0.06475246 -0.01738420 -0.01921701
v 0.06667423 -0.00646694 -0.01717198
v 0.05778629 0.00504397 -0.01934066
v 0.06126297 0.00009339 -0.01803699
v 0.06114477 0.01347646 -0.02200916
v 0.04834282 -0.02387177 -0.03067878
v 0.04985178 -0.03324956 -0.03650856
v 0.05910969 -0.03810677 -0.03746879
v 0.06781965 -0.04583200 -0.03844514
v 0.05471951 -0.02016771 -0.02333137
v 0.06581837 -0.05395304 -0.02961856
v 0.05947006 -0.05157726 -0.02210879
v 0.05699438 -0.04229113 -0.01844317
v 0.05702597 -0.03874246 -0.01634330
v 0.05836213 -0.04019996 -0.00668055
v 0.05760497 -0.03563975 0.00262529
v 0.07333094 -0.05144726 -0.03458485
v 0.06864178 -0.03341588 0.00225520
v 0.08044463 -0.02641663 0.00718009
v 0.04884213 0.02784491 0.00356618
v 0.03828555 0.03841060 -0.01618224
v 0.04702508 0.03694185 -0.00525743
v 0.06119990 0.01701793 0.00711030
v 0.07505965 0.00325145 0.00969803
v 0.08710778 -0.01462266 0.00796518
v 0.04094172 0.03233915 -0.02580595
v 0.05400294 0.02605066 -0.02640739
v 0.06527334 0.02203302 -0.02444449
v 0.07327598 -0.01384386 -0.01728025
v 0.06826460 -0.02495224 -0.01887116
v 0.07460457 -0.00326970 -0.01811945
v 0.06505764 0.00848172 -0.02050093
v 0.06922048 0.00292164 -0.01903316
v 0.06884944 0.01652313 -0.02270234
v 0.05440444 -0.02729498 -0.02601829
v 0.05476481 -0.03204659 -0.02906829
v 0.06179154 -0.03435915 -0.02939168
v 0.07089031 -0.03870067 -0.03673950
v 0.07578492 -0.04812968 -0.03738895
v 0.05901921 -0.02531003 -0.02185610
v 0.07326102 -0.05373336 -0.02998978
v 0.06706953 -0.05176546 -0.02305332
v 0.06172234 -0.04373521 -0.01902217
v 0.05694872 -0.03432584 -0.02111319
v 0.05814570 -0.03127736 -0.02019611
v 0.06152767 -0.03654718 -0.01335844
v 0.06374335 -0.03775763 -0.00241610
v 0.07847565 -0.05105793 -0.03484562
v 0.07620728 -0.03501115 -0.00588325
v 0.08892047 -0.02624253 0.00622320
v 0.08332253 -0.03344181 -0.00317240
v 0.05701751 0.02980066 0.00123501
v 0.04704887 0.03944959 -0.01655078
v 0.05508739 0.03839077 -0.00704959
v 0.06991398 0.01963893 0.00406340
v 0.08626246 0.00348400 0.00826496
v 0.09680206 -0.01679772 0.00603631
v 0.08977586 -0.00709389 0.00602362
v 0.04974020 0.03459140 -0.02477551
v 0.06223857 0.02902456 -0.02638838
v 0.07244444 0.02334944 -0.02368075
v 0.08055633 -0.00965070 -0.01768646
v 0.07702434 -0.02231228 -0.01675519
v 0.06936610 -0.03165339 -0.01551908
v 0.08193231 -0.00069375 -0.01851165
v 0.07300913 0.01117761 -0.02140042
v 0.07727933 0.00535618 -0.01982963
v 0.07612360 0.01794671 -0.02196118
v 0.06277996 -0.03650982 -0.02153495
v 0.07237512 -0.03518040 -0.02866080
v 0.08095604 -0.03791496 -0.03713566
v 0.08220440 -0.04470044 -0.03855559
v 0.06185532 -0.03066735 -0.01827291
v 0.07950795 -0.05339818 -0.03011581
v 0.07405317 -0.05247193 -0.02412540
v 0.06960678 -0.04558970 -0.01941982
v 0.06824815 -0.03641632 -0.00975338
v 0.08417642 -0.04921396 -0.03544566
v 0.07809591 -0.03055605 -0.01350784
v 0.09088171 -0.03252157 -0.00249910
v 0.09733075 -0.02557093 0.00516796
v 0.08520049 -0.03070266 -0.01254809
v 0.06467205 0.03267269 -0.00254285
v 0.05588806 0.04084697 -0.01740545
v 0.06321514 0.04057788 -0.00927386
v 0.08078974 0.02113213 0.00128338
v 0.09772056 0.00295305 0.00808528
v 0.08687675 0.01144861 0.00176340
v 0.10694510 -0.01814351 0.00521386
v 0.09940445 -0.01237689 0.00143027
v 0.09583223 -0.00846705 0.00335073
v 0.09519613 -0.01049990 0.00162986
v 0.05881435 0.03685630 -0.02464008
v 0.07050216 0.03024741 -0.02554509
v 0.07861197 0.02339217 -0.02035564
v 0.08623457 -0.00596699 -0.01734373
v 0.08775848 -0.01377577 -0.01726761
v 0.08566296 -0.02199789 -0.01682723
v 0.08926207 0.00097530 -0.01770037
v 0.08103806 0.01258643 -0.02071473
v 0.08528912 0.00664430 -0.01918468
v 0.08342624 0.01906361 -0.01940283
v 0.07170659 -0.03864620 -0.02058679
v 0.08128715 -0.03510140 -0.02799791
v 0.08958346 -0.03650789 -0.03594369
v 0.08977121 -0.04197001 -0.03819612
v 0.08534169 -0.05183050 -0.03002214
v 0.07935727 -0.05227580 -0.02408692
v 0.07660091 -0.04882791 -0.02053100
v 0.09022981 -0.04642875 -0.03595892
v 0.09828949 -0.03155998 -0.00230548
v 0.09208220 -0.03041099 -0.01155993
v 0.10640043 -0.02621556 0.00444555
v 0.07012963 0.03504878 -0.00529021
v 0.06569475 0.04219387 -0.01814967
v 0.06963956 0.04127597 -0.01018119
v 0.09130687 0.02031880 0.00165299
v 0.07640016 0.02760344 -0.00558317
v 0.09994262 -0.00606649 0.00569299
v 0.10806578 0.00254842 0.00881094
v 0.10048699 0.00926791 0.00202808
v 0.09317076 0.01067491 -0.00091690
v 0.09438378 0.00963770 -0.00013998
v 0.11602145 -0.01911128 0.00395650
v 0.10789198 -0.01264223 0.00082058
v 0.10273272 -0.01200839 -0.00523081
v 0.10067779 -0.01011995 -0.00286910
v 0.10019982 -0.01129178 -0.00441310
v 0.06865144 0.03783579 -0.02396384
v 0.07716805 0.02982131 -0.02250141
v 0.08306921 0.02305353 -0.01576445
v 0.09203506 -0.00432810 -0.01635835
v 0.09114075 -0.00894940 -0.01621825
v 0.09549052 -0.01465150 -0.01565287
v 0.09376043 -0.02208957 -0.01605740
v 0.09617591 0.00228430 -0.01514515
v 0.08976108 0.01337655 -0.01832142
v 0.09293687 0.00711254 -0.01644439
v 0.08799928 0.02144859 -0.01601866
v 0.08144385 -0.03940083 -0.01985610
v 0.08979851 -0.03437117 -0.02785298
v 0.09649676 -0.03676476 -0.03424084
v 0.09647173 -0.04056848 -0.03719747
v 0.09073943 -0.04997575 -0.03004131
v 0.08515531 -0.05076094 -0.02339229
v 0.08313686 -0.04620662 -0.01911229
v 0.09650773 -0.04437121 -0.03664702
v 0.09925586 -0.02968123 -0.01070735
v 0.10664684 -0.03134645 -0.00290024
v 0.11598808 -0.02697344 0.00285062
v 0.07621264 0.03534912 -0.00519070
v 0.07321191 0.04180029 -0.01754332
v 0.07626373 0.04108800 -0.00991696
v 0.09564382 0.01228128 0.00051415
v 0.10132200 0.02029894 0.00260776
v 0.09171122 0.02569185 -0.00481790
v 0.08284336 0.02565268 -0.00722232
v 0.07905477 0.02701504 -0.00804508
v 0.10368365 -0.00922765 -0.00081649
v 0.10871190 -0.00550856 0.00715739
v 0.11735892 0.00167689 0.00861937
v 0.10983825 0.00892558 0.00383574
v 0.10537839 0.00872020 -0.00490829
v 0.09939539 0.00763279 -0.00551921
v 0.10148978 0.00831661 -0.00575054
v 0.12236571 -0.01983999 0.00359002
v 0.11641383 -0.01340451 0.00038499
v 0.10869855 -0.01214101 -0.00581983
v 0.10352492 -0.01508808 -0.01200923
v 0.10218555 -0.01073609 -0.00936463
v 0.10151827 -0.01319913 -0.01134869
v 0.07588083 0.03717074 -0.02214259
v 0.08146799 0.03006860 -0.02108181
v 0.08311069 0.02471492 -0.01603732
v 0.08342463 0.02417896 -0.01136094
v 0.09857744 -0.00369647 -0.01403144
v 0.09720033 -0.00978887 -0.01388851
v 0.10077918 -0.02232699 -0.01417810
v 0.10095918 0.00490726 -0.01139203
v 0.09744900 0.01469418 -0.01540339
v 0.09834117 0.00680079 -0.01179993
v 0.08748186 0.02411172 -0.01181084
v 0.09621590 0.02069337 -0.01512372
v 0.09057593 -0.03824039 -0.02024418
v 0.09702355 -0.03558339 -0.02773961
v 0.10250175 -0.03844691 -0.03257415
v 0.10341603 -0.04069146 -0.03489333
v 0.09535778 -0.04908068 -0.03000918
v 0.09165281 -0.04895387 -0.02300343
v 0.09175187 -0.04471867 -0.01900887
v 0.10361761 -0.04379823 -0.03576237
v 0.09761739 -0.04669914 -0.03462303
v 0.10710144 -0.02946872 -0.01103139
v 0.11668491 -0.03144057 -0.00403193
v 0.12247044 -0.02673975 0.00259742
v 0.07970071 0.02875699 -0.00668648
v 0.08222950 0.03563362 -0.00502366
v 0.07832694 0.04141026 -0.01682290
v 0.08216751 0.04099923 -0.00949496
v 0.10042566 0.00831038 -0.00510502
v 0.10327065 0.01272706 0.00186750
v 0.10942817 0.02011862 0.00228101
v 0.10134977 0.02556327 -0.00279656
v 0.09494251 0.02465641 -0.01142690
v 0.11048687 -0.00896163 0.00056446
v 0.10523242 -0.00838060 -0.00743458
v 0.11813980 -0.00572472 0.00721765
v 0.12370068 0.00125760 0.00871617
v 0.11846054 0.00792344 0.00505358
v 0.11207676 0.00916250 -0.00349066
v 0.10598063 0.00430102 -0.01041347
v 0.12734836 -0.02049465 0.00361297
v 0.12245184 -0.01432927 0.00094122
v 0.11732215 -0.01243832 -0.00588524
v 0.10911393 -0.01539854 -0.01235092
v 0.08012849 0.03718310 -0.02133346
v 0.08587188 0.03076430 -0.02085114
v 0.08669907 0.02568384 -0.01605624
v 0.08285606 0.02490127 -0.01084110
v 0.10494632 -0.00242922 -0.01088309
v 0.10822970 -0.02243043 -0.01429439
v 0.10017979 0.00885493 -0.01180947
v 0.10523450 0.01509626 -0.01548040
v 0.10407966 0.02133974 -0.01461804
v 0.09799993 -0.03916607 -0.02157053
v 0.10254157 -0.03797612 -0.02783510
v 0.10534590 -0.03988225 -0.02840301
v 0.10708970 -0.04196347 -0.02929810
v 0.09876871 -0.04909286 -0.03035077
v 0.09858477 -0.04866794 -0.02495727
v 0.09923726 -0.04771250 -0.02233675
v 0.09949559 -0.04385623 -0.02021635
v 0.10803050 -0.04532409 -0.03023198
v 0.10305333 -0.04582484 -0.03521311
v 0.11806071 -0.02935736 -0.01222467
v 0.12407565 -0.03067227 -0.00139597
v 0.12688172 -0.02724027 0.00233033
v 0.08370221 0.02956285 -0.00596374
v 0.08785427 0.03580213 -0.00518584
v 0.08307940 0.04141643 -0.01608580
v 0.08787543 0.04045014 -0.00884396
v 0.10546219 0.00853130 -0.00461841
v 0.11061168 0.01303278 0.00197819
v 0.11445242 0.01966707 0.00197959
v 0.10967034 0.02535386 -0.00178078
v 0.10268265 0.02532344 -0.00981119
v 0.11187947 -0.00779818 -0.00655881
v 0.12032318 -0.00923544 0.00112930
v 0.12439132 -0.00541956 0.00788438
v 0.12894666 0.00092307 0.00922719
v 0.12431622 0.00690670 0.00653172
v 0.12084770 0.00949845 -0.00137049
v 0.11278051 0.00508809 -0.00918800
v 0.13269585 -0.02118215 0.00352332
v 0.12672293 -0.01477794 0.00106680
v 0.12406647 -0.01286932 -0.00293252
v 0.11829829 -0.01513642 -0.01240426
v 0.08461386 0.03762879 -0.02081513
v 0.09222746 0.03149818 -0.02075753
v 0.09285808 0.02620446 -0.01573831
v 0.08560556 0.02573603 -0.01049176
v 0.11252981 -0.00170362 -0.01028869
v 0.11834633 -0.02176421 -0.01506165
v 0.10625947 0.00924893 -0.01183987
v 0.11481440 0.01591463 -0.01553249
v 0.11398429 0.02260075 -0.01394197
v 0.10321039 -0.04031901 -0.02365759
v 0.10513705 -0.04313111 -0.02333134
v 0.10408551 -0.04911269 -0.03064743
v 0.10427582 -0.04843278 -0.02465028
v 0.10587424 -0.04648317 -0.02379444
v 0.10716903 -0.04800547 -0.03083774
v 0.12800688 -0.02864233 -0.01144212
v 0.12999707 -0.03152622 -0.00474909
v 0.13217115 -0.02836437 0.00146610
v 0.08893561 0.03060535 -0.00565258
v 0.09254885 0.03573934 -0.00545433
v 0.08932459 0.04162299 -0.01449996
v 0.09238309 0.03958844 -0.00807312
v 0.11290753 0.00899778 -0.00397241
v 0.11553949 0.01363912 0.00210899
v 0.11923844 0.01933561 0.00184044
v 0.11499494 0.02454357 -0.00096476
v 0.11159497 0.02598426 -0.00828567
v 0.12275344 -0.00805537 -0.00650418
v 0.12719631 -0.00861691 0.00412950
v 0.12888598 -0.00560696 0.00813535
v 0.13522792 0.00042530 0.00900570
v 0.12881905 0.00672195 0.00706547
v 0.12705529 0.00909636 0.00287730
v 0.12287790 0.00641261 -0.00772297
v 0.13904679 -0.02140142 0.00267813
v 0.13208580 -0.01490762 0.00061205
v 0.13001317 -0.01310472 -0.00547156
v 0.12803727 -0.01570611 -0.01140189
v 0.09124875 0.03866567 -0.02001551
v 0.09819055 0.03238666 -0.02052084
v 0.09883291 0.02713834 -0.01556042
v 0.09121668 0.02678283 -0.00954229
v 0.12325442 -0.00081629 -0.01030722
v 0.12778777 -0.02178817 -0.01346958
v 0.11503661 0.00958890 -0.01165259
v 0.12343758 0.01689273 -0.01417387
v 0.12325746 0.02334624 -0.01224083
v 0.13718325 -0.02842295 -0.01113546
v 0.13809031 -0.03105335 -0.00496954
v 0.13886857 -0.02803236 0.00060633
v 0.09354115 0.03153455 -0.00542614
v 0.09618580 0.03584867 -0.00567916
v 0.09387273 0.04132502 -0.01148257
v 0.09560817 0.03962035 -0.00808680
v 0.11831433 0.01010533 -0.00142208
v 0.11965251 0.01346093 0.00160024
v 0.12451762 0.01845326 0.00197899
v 0.11910212 0.02403484 -0.00087008
v 0.11767459 0.02609529 -0.00476879
v 0.13359404 -0.00702357 -0.00530529
v 0.13403761 -0.00907799 0.00163081
v 0.13497925 -0.00626104 0.00711337
v 0.14252430 0.00001891 0.00826406
v 0.13500941 0.00677770 0.00659966
v 0.13376456 0.00941957 0.00083366
v 0.13328081 0.00701112 -0.00553855
v 0.14449185 -0.02110442 0.00177157
v 0.13850838 -0.01532054 -0.00020325
v 0.13759929 -0.01393340 -0.00571668
v 0.13686728 -0.01598870 -0.01093972
v 0.09785414 0.03958629 -0.01952592
v 0.10499465 0.03270997 -0.02095014
v 0.10520619 0.02778069 -0.01621765
v 0.09965616 0.02767320 -0.00974146
v 0.09566760 0.02873476 -0.00752091
v 0.13358343 0.00016941 -0.00816366
v 0.13664925 -0.02191145 -0.01320750
v 0.12360865 0.01075727 -0.01077569
v 0.13202155 0.01781755 -0.01301509
v 0.12361163 0.02601186 -0.00616956
v 0.13156134 0.02371548 -0.01028186
v 0.14490712 -0.02848644 -0.01031566
v 0.14483023 -0.03027332 -0.00394732
v 0.14451200 -0.02709416 0.00041625
v 0.09663481 0.03170215 -0.00567514
v 0.10013157 0.03591743 -0.00611502
v 0.09854609 0.04170013 -0.01364404
v 0.09963202 0.04010467 -0.00890073
v 0.12410825 0.00963632 -0.00398108
v 0.12466943 0.01262374 0.00086364
v 0.13038754 0.01790710 0.00275269
v 0.12417608 0.02373632 -0.00068581
v 0.14242625 -0.00661597 -0.00562197
v 0.14235383 -0.00858382 0.00075752
v 0.14250952 -0.00613197 0.00606337
v 0.14892048 -0.00011501 0.00722346
v 0.14232427 0.00610561 0.00607833
v 0.14187622 0.00880149 0.00037012
v 0.14198661 0.00699762 -0.00555715
v 0.14844298 -0.02086485 0.00112104
v 0.14426148 -0.01577569 -0.00074205
v 0.14408678 -0.01427788 -0.00553399
v 0.14421964 -0.01618383 -0.01078251
v 0.10513014 0.03981999 -0.01990211
v 0.11108559 0.03290512 -0.02126008
v 0.11098301 0.02823543 -0.01660147
v 0.10538107 0.02807235 -0.01101169
v 0.10032570 0.03117575 -0.00645643
v 0.14232761 0.00063525 -0.00848174
v 0.14452827 -0.02210368 -0.01295286
v 0.13187999 0.01140397 -0.00976810
v 0.13977075 0.01775921 -0.01168174
v 0.13083541 0.02574578 -0.00469512
v 0.13911587 0.02373816 -0.00883198
v 0.15268099 -0.02877516 -0.00980794
v 0.14973748 -0.02899927 -0.00158960
v 0.14860862 -0.02599710 0.00058395
v 0.10520399 0.03573048 -0.00695086
v 0.10528833 0.04160579 -0.01416346
v 0.10521787 0.03989383 -0.00947642
v 0.13106018 0.01007509 -0.00365749
v 0.13063002 0.01269337 0.00109124
v 0.13648319 0.01797183 0.00274131
v 0.13049644 0.02320414 0.00059393
v 0.15181547 -0.00613332 -0.00563613
v 0.15055066 -0.00780697 0.00088727
v 0.14940292 -0.00540937 0.00538078
v 0.15361488 -0.00001719 0.00640827
v 0.14892757 0.00533986 0.00550491
v 0.14980358 0.00821741 0.00082266
v 0.15140247 0.00730436 -0.00512460
v 0.14835352 -0.01635266 -0.00078920
v 0.15113312 -0.02099609 0.00094557
v 0.14929897 -0.01479621 -0.00369605
v 0.15247911 -0.01659977 -0.01059979
v 0.11142677 0.03979545 -0.02013880
v 0.11774284 0.03287951 -0.02126673
v 0.11770743 0.02821419 -0.01686624
v 0.11053622 0.02867519 -0.01157174
v 0.10544342 0.03126815 -0.00773793
v 0.15200073 0.00136099 -0.00850752
v 0.15218657 -0.02279330 -0.01258248
v 0.13931036 0.01148619 -0.00825864
v 0.14686173 0.01714934 -0.01083687
v 0.13798755 0.02516830 -0.00326622
v 0.14672720 0.02333900 -0.00845483
v 0.15978968 -0.02863740 -0.00920469
v 0.15399271 -0.03019602 -0.00358295
v 0.15123367 -0.02591573 0.00054011
v 0.10969913 0.03550698 -0.00796786
v 0.11092705 0.04126997 -0.01407439
v 0.11000288 0.03922759 -0.00993258
v 0.13761246 0.01060018 -0.00232953
v 0.13659829 0.01326050 0.00152829
v 0.14114118 0.01812145 0.00264743
v 0.13696223 0.02260215 0.00092500
v 0.16085291 -0.00542203 -0.00545630
v 0.15601408 -0.00677724 0.00276330
v 0.15412682 -0.00466121 0.00522560
v 0.15360260 0.00456690 0.00525722
v 0.15700001 0.00014434 0.00626415
v 0.15512794 0.00720713 0.00283474
v 0.16022187 0.00763369 -0.00421467
v 0.15078354 -0.01655161 -0.00096187
v 0.15465152 -0.02150394 0.00082046
v 0.15354300 -0.01481311 -0.00557759
v 0.15969610 -0.01728698 -0.00999671
v 0.11773276 0.03940928 -0.02014080
v 0.12392443 0.03282532 -0.02072972
v 0.12354273 0.02858286 -0.01695687
v 0.11773533 0.02850768 -0.01224825
v 0.11385953 0.02965995 -0.01073253
v 0.10987025 0.03157085 -0.00865611
v 0.16058660 0.00153608 -0.00790972
v 0.15952146 -0.02343796 -0.01215938
v 0.14675808 0.01137177 -0.00729537
v 0.15351993 0.01674908 -0.01064819
v 0.14276397 0.02413284 -0.00129446
v 0.14747763 0.02494241 -0.00359660
v 0.15344226 0.02264187 -0.00852326
v 0.16549897 -0.02786849 -0.00820148
v 0.16002911 -0.03019762 -0.00433621
v 0.15486407 -0.02672138 0.00012276
v 0.11247897 0.03518894 -0.00863069
v 0.11402923 0.04043930 -0.01248172
v 0.11274761 0.03846497 -0.01003167
v 0.14255965 0.01169104 0.00003028
v 0.14116383 0.01398185 0.00197822
v 0.14137590 0.02204404 0.00118008
v 0.14451265 0.01832130 0.00243771
v 0.16782022 -0.00476171 -0.00492948
v 0.16135257 -0.00753928 0.00072768
v 0.15709156 -0.00466315 0.00506988
v 0.15678108 0.00467052 0.00507838
v 0.16103619 0.00018459 0.00626493
v 0.16018975 0.00790427 0.00111881
v 0.16659129 0.00719330 -0.00358504
v 0.15436852 -0.01648175 -0.00148162
v 0.15841883 -0.02205141 0.00036263
v 0.15946466 -0.01537656 -0.00593269
v 0.16542929 -0.01813561 -0.00911707
v 0.11782128 0.04104204 -0.01485652
v 0.12418216 0.03879860 -0.01964298
v 0.12900084 0.03268244 -0.01957220
v 0.12834758 0.02917146 -0.01659364
v 0.12267578 0.02820961 -0.01292232
v 0.11785907 0.03104944 -0.00981271
v 0.11476064 0.03170654 -0.00941846
v 0.11259407 0.03186119 -0.00907195
v 0.16736412 0.00147371 -0.00707811
v 0.16526490 -0.02349447 -0.01073179
v 0.15365255 0.01150263 -0.00704503
v 0.14736718 0.01073221 -0.00156114
v 0.15936589 0.01667150 -0.01011115
v 0.14437115 0.02212517 0.00087422
v 0.14830536 0.02281648 -0.00002337
v 0.15324211 0.02487538 -0.00437057
v 0.15910661 0.02208798 -0.00794816
v 0.16922337 -0.02617616 -0.00729594
v 0.16557610 -0.02936287 -0.00433296
v 0.15932912 -0.02755278 -0.00066641
v 0.11483347 0.03501584 -0.00900918
v 0.11480129 0.03836040 -0.01040950
v 0.14423209 0.01405654 0.00192517
v 0.14840239 0.01853248 0.00212878
v 0.17333245 -0.00391048 -0.00401822
v 0.16772288 -0.00727330 0.00019920
v 0.16145581 -0.00525602 0.00474459
v 0.16069454 0.00510702 0.00479737
v 0.16465360 0.00012331 0.00606748
v 0.16595477 0.00790486 0.00097665
v 0.17200100 0.00649684 -0.00296876
v 0.15888381 -0.01679791 -0.00208217
v 0.16122174 -0.02239070 -0.00023901
v 0.16499192 -0.01605255 -0.00595111
v 0.16915309 -0.01973668 -0.00810012
v 0.11785877 0.03880646 -0.01113883
v 0.12298167 0.04071763 -0.01520219
v 0.12951112 0.03781252 -0.01848990
v 0.13208401 0.03275543 -0.01797658
v 0.13165134 0.03019636 -0.01599663
v 0.12753624 0.02840354 -0.01335365
v 0.12158281 0.03022952 -0.01050687
v 0.11783981 0.03491850 -0.00916266
v 0.17278558 0.00153509 -0.00593486
v 0.16870838 -0.02333648 -0.00891384
v 0.15950614 0.01198550 -0.00691450
v 0.15348792 0.01056906 -0.00205860
v 0.14819509 0.01366627 0.00160429
v 0.16331649 0.01706686 -0.00849813
v 0.15283936 0.02303492 -0.00086516
v 0.15878701 0.02449226 -0.00447220
v 0.16348428 0.02071860 -0.00711393
v 0.17053783 -0.02290720 -0.00739720
v 0.16999865 -0.02717546 -0.00441590
v 0.16460925 -0.02786692 -0.00142720
v 0.15250850 0.01827526 0.00180346
v 0.17718053 -0.00220162 -0.00265804
v 0.17326033 -0.00649193 0.00038508
v 0.16634023 -0.00555728 0.00442618
v 0.16505432 0.00547928 0.00438035
v 0.16742474 0.00013071 0.00577554
v 0.17129046 0.00776887 0.00099382
v 0.17654657 0.00494956 -0.00223389
v 0.16363823 -0.01694184 -0.00291535
v 0.16391939 -0.02592291 -0.00069040
v 0.16382992 -0.02213458 -0.00033766
v 0.16333395 -0.01881007 -0.00146690
v 0.16984576 -0.01777319 -0.00559804
v 0.12168902 0.03885388 -0.01159960
v 0.12838155 0.04006524 -0.01481524
v 0.13283062 0.03596380 -0.01722389
v 0.13356745 0.03271916 -0.01649040
v 0.13186198 0.02956437 -0.01341981
v 0.12626696 0.02962761 -0.01116556
v 0.12127960 0.03469719 -0.00941992
v 0.17634243 0.00137954 -0.00419828
v 0.16409570 0.01375701 -0.00665498
v 0.15942919 0.01052894 -0.00232130
v 0.15304518 0.01309106 0.00105906
v 0.16544443 0.01754349 -0.00660753
v 0.15801030 0.02332857 -0.00175571
v 0.16396099 0.02304216 -0.00434482
v 0.17188984 -0.02239905 -0.00506696
v 0.16948670 -0.02695552 -0.00189266
v 0.15576750 0.01813652 0.00147414
v 0.17858058 0.00142165 -0.00208172
v 0.17812592 -0.00415877 0.00083420
v 0.17203671 -0.00550959 0.00404352
v 0.17018616 0.00618314 0.00364873
v 0.16995680 0.00420850 0.00483933
v 0.17081541 -0.00308970 0.00523326
v 0.17049515 0.00056910 0.00593373
v 0.17676884 0.00687625 0.00086072
v 0.16885561 -0.01774324 -0.00321636
v 0.16858882 -0.02628646 -0.00124636
v 0.16842479 -0.02196050 -0.00060603
v 0.16788977 -0.01844162 -0.00235531
v 0.12637824 0.03900423 -0.01215118
v 0.13320363 0.03812646 -0.01431304
v 0.13455600 0.03305819 -0.01378059
v 0.13150883 0.03016713 -0.01159918
v 0.12603611 0.03148361 -0.01021892
v 0.12411654 0.03448745 -0.00980467
v 0.16498303 0.01221996 -0.00285971
v 0.15885884 0.01245185 0.00035471
v 0.16687989 0.01822903 -0.00378764
v 0.15798187 0.02158587 -0.00011837
v 0.16334695 0.02311867 -0.00223297
v 0.17175376 -0.02207465 -0.00250158
v 0.15863538 0.01494541 0.00136888
v 0.15858817 0.01834943 0.00150788
v 0.17999262 0.00147324 0.00083432
v 0.17771250 -0.00414846 0.00400183
v 0.17617571 0.00631049 0.00359800
v 0.17562705 0.00512781 0.00479975
v 0.17641342 -0.00336093 0.00529823
v 0.17600328 0.00092726 0.00644007
v 0.17116481 -0.02205203 -0.00139549
v 0.12579387 0.03731792 -0.01090491
v 0.13205689 0.03815871 -0.01200610
v 0.13416570 0.03354972 -0.01160800
v 0.13086015 0.03098189 -0.01079828
v 0.12633014 0.03457864 -0.00992972
v 0.16468328 0.01289909 0.00008911
v 0.16689020 0.01861047 -0.00116837
v 0.16274339 0.02211984 -0.00073749
v 0.16384441 0.01428872 0.00132906
v 0.16347516 0.01851561 0.00162005
v 0.17979491 0.00133019 0.00408348
v 0.17830729 0.00112145 0.00603542
v 0.13105029 0.03761863 -0.01116502
v 0.13324100 0.03408559 -0.01032549
v 0.13070619 0.03443988 -0.00997698
v 0.16607302 0.01863354 0.00085318
f 721 627 2152
f 5 721 722
f 722 721 2152
f 719 627 2153
f 2153 627 723
f 2 724 723
f 723 724 2153
f 724 10 2153
f 2153 10 725
f 15 719 725
f 725 719 2153
f 727 705 2154
f 2154 705 728
f 728 19 2154
f 2154 19 729
f 18 720 729
f 729 720 2154
f 15 727 720
f 720 727 2154
f 11 731 730
f 730 731 2155
f 731 5 2155
f 2155 5 722
f 732 2 2156
f 2156 2 723
f 627 721 723
f 723 721 2156
f 721 5 2156
f 2156 5 733
f 3 732 733
f 733 732 2156
f 734 1 2157
f 2157 1 735
f 9 736 735
f 735 736 2157
f 736 10 2157
f 2157 10 724
f 724 2 2157
f 2157 2 734
f 725 10 2158
f 2158 10 737
f 14 738 737
f 737 738 2158
f 738 705 2158
f 2158 705 727
f 15 725 727
f 727 725 2158
f 19 740 729
f 729 740 2159
f 740 54 2159
f 2159 54 741
f 55 726 741
f 741 726 2159
f 726 18 2159
f 2159 18 729
f 31 743 742
f 742 743 2160
f 743 39 2160
f 2160 39 744
f 19 728 744
f 744 728 2160
f 728 705 2160
f 2160 705 742
f 745 11 2161
f 2161 11 730
f 746 16 2161
f 2161 16 745
f 5 731 747
f 747 731 2162
f 731 11 2162
f 2162 11 748
f 12 749 748
f 748 749 2162
f 749 6 2162
f 2162 6 747
f 2 732 734
f 734 732 2163
f 732 3 2163
f 2163 3 750
f 4 751 750
f 750 751 2163
f 751 1 2163
f 2163 1 734
f 5 747 733
f 733 747 2164
f 6 752 747
f 747 752 2164
f 752 8 2164
f 2164 8 753
f 3 733 753
f 753 733 2164
f 1 754 735
f 735 754 2165
f 754 23 2165
f 2165 23 755
f 30 756 755
f 755 756 2165
f 756 9 2165
f 2165 9 735
f 757 14 2166
f 2166 14 737
f 10 736 737
f 737 736 2166
f 736 9 2166
f 2166 9 758
f 13 757 758
f 758 757 2166
f 706 760 759
f 759 760 2167
f 760 31 2167
f 2167 31 742
f 705 738 742
f 742 738 2167
f 738 14 2167
f 2167 14 759
f 61 739 763
f 763 739 2168
f 739 55 2168
f 2168 55 741
f 741 54 2168
f 2168 54 764
f 62 763 764
f 764 763 2168
f 39 765 744
f 744 765 2169
f 765 583 2169
f 2169 583 766
f 54 740 766
f 766 740 2169
f 740 19 2169
f 2169 19 744
f 39 743 767
f 767 743 2170
f 743 31 2170
f 2170 31 768
f 700 769 768
f 768 769 2170
f 769 671 2170
f 2170 671 767
f 16 746 770
f 770 746 2171
f 771 20 2171
f 2171 20 770
f 16 772 745
f 745 772 2172
f 17 773 772
f 772 773 2172
f 773 12 2172
f 2172 12 748
f 11 745 748
f 748 745 2172
f 749 12 2173
f 2173 12 774
f 33 775 774
f 774 775 2173
f 775 26 2173
f 2173 26 776
f 6 749 776
f 776 749 2173
f 777 4 2174
f 2174 4 750
f 750 3 2174
f 2174 3 753
f 8 778 753
f 753 778 2174
f 7 777 778
f 778 777 2174
f 751 4 2175
f 2175 4 779
f 22 780 779
f 779 780 2175
f 23 754 780
f 780 754 2175
f 1 751 754
f 754 751 2175
f 8 752 781
f 781 752 2176
f 752 6 2176
f 2176 6 776
f 26 782 776
f 776 782 2176
f 782 27 2176
f 2176 27 781
f 783 30 2177
f 2177 30 755
f 23 784 755
f 755 784 2177
f 784 630 2177
f 2177 630 785
f 628 783 785
f 785 783 2177
f 9 756 758
f 758 756 2178
f 756 30 2178
f 2178 30 786
f 38 787 786
f 786 787 2178
f 787 13 2178
f 2178 13 758
f 757 13 2179
f 2179 13 788
f 32 789 788
f 788 789 2179
f 789 706 2179
f 2179 706 759
f 14 757 759
f 759 757 2179
f 707 791 790
f 790 791 2180
f 791 700 2180
f 2180 700 768
f 31 760 768
f 768 760 2180
f 760 706 2180
f 2180 706 790
f 792 48 2181
f 2181 48 761
f 61 763 761
f 761 763 2181
f 763 62 2181
f 2181 62 793
f 47 792 793
f 793 792 2181
f 40 795 794
f 794 795 2182
f 795 41 2182
f 2182 41 762
f 48 792 762
f 762 792 2182
f 792 47 2182
f 2182 47 794
f 766 583 2183
f 2183 583 797
f 79 798 797
f 797 798 2183
f 798 62 2183
f 2183 62 764
f 54 766 764
f 764 766 2183
f 583 765 799
f 799 765 2184
f 765 39 2184
f 2184 39 767
f 671 800 767
f 767 800 2184
f 800 672 2184
f 2184 672 799
f 671 769 801
f 801 769 2185
f 769 700 2185
f 2185 700 802
f 699 803 802
f 802 803 2185
f 803 682 2185
f 2185 682 801
f 2186 24 804
f 20 771 804
f 804 771 2186
f 20 805 770
f 770 805 2187
f 805 21 2187
f 2187 21 806
f 17 772 806
f 806 772 2187
f 772 16 2187
f 2187 16 770
f 773 17 2188
f 2188 17 807
f 807 42 2188
f 2188 42 808
f 808 33 2188
f 2188 33 774
f 12 773 774
f 774 773 2188
f 26 775 809
f 809 775 2189
f 775 33 2189
f 2189 33 810
f 654 811 810
f 810 811 2189
f 811 653 2189
f 2189 653 809
f 777 7 2190
f 2190 7 812
f 29 813 812
f 812 813 2190
f 813 22 2190
f 2190 22 779
f 4 777 779
f 779 777 2190
f 778 8 2191
f 2191 8 781
f 781 27 2191
f 2191 27 814
f 28 815 814
f 814 815 2191
f 815 7 2191
f 2191 7 778
f 816 630 2192
f 2192 630 784
f 23 780 784
f 784 780 2192
f 780 22 2192
f 2192 22 817
f 631 816 817
f 817 816 2192
f 27 782 818
f 818 782 2193
f 782 26 2193
f 2193 26 809
f 653 819 809
f 809 819 2193
f 819 655 2193
f 2193 655 818
f 30 783 786
f 786 783 2194
f 783 628 2194
f 2194 628 820
f 629 821 820
f 820 821 2194
f 821 38 2194
f 2194 38 786
f 46 823 822
f 822 823 2195
f 823 628 2195
f 2195 628 785
f 630 824 785
f 785 824 2195
f 824 37 2195
f 2195 37 822
f 13 787 788
f 788 787 2196
f 787 38 2196
f 2196 38 825
f 60 826 825
f 825 826 2196
f 826 32 2196
f 2196 32 788
f 827 707 2197
f 2197 707 790
f 706 789 790
f 790 789 2197
f 789 32 2197
f 2197 32 828
f 701 827 828
f 828 827 2197
f 700 791 802
f 802 791 2198
f 791 707 2198
f 2198 707 829
f 708 830 829
f 829 830 2198
f 830 699 2198
f 2198 699 802
f 831 47 2199
f 2199 47 793
f 62 798 793
f 793 798 2199
f 798 79 2199
f 2199 79 832
f 70 831 832
f 832 831 2199
f 833 40 2200
f 2200 40 794
f 47 831 794
f 794 831 2200
f 831 70 2200
f 2200 70 834
f 65 833 834
f 834 833 2200
f 25 836 835
f 835 836 2201
f 836 24 2201
f 2201 24 796
f 41 795 796
f 796 795 2201
f 795 40 2201
f 2201 40 835
f 837 79 2202
f 2202 79 797
f 797 583 2202
f 2202 583 799
f 799 672 2202
f 2202 672 838
f 673 837 838
f 838 837 2202
f 672 800 839
f 839 800 2203
f 800 671 2203
f 2203 671 801
f 682 840 801
f 801 840 2203
f 683 839 840
f 840 839 2203
f 841 685 2204
f 2204 685 842
f 682 803 842
f 842 803 2204
f 803 699 2204
f 2204 699 843
f 697 841 843
f 843 841 2204
f 805 20 2205
f 2205 20 804
f 24 836 804
f 804 836 2205
f 836 25 2205
f 2205 25 844
f 21 805 844
f 844 805 2205
f 21 845 806
f 806 845 2206
f 845 49 2206
f 2206 49 846
f 42 807 846
f 846 807 2206
f 807 17 2206
f 2206 17 806
f 847 656 2207
f 2207 656 848
f 654 810 848
f 848 810 2207
f 810 33 2207
f 2207 33 808
f 42 847 808
f 808 847 2207
f 849 717 2208
f 2208 717 850
f 653 811 850
f 850 811 2208
f 811 654 2208
f 2208 654 851
f 716 849 851
f 851 849 2208
f 7 815 812
f 812 815 2209
f 815 28 2209
f 2209 28 852
f 57 853 852
f 852 853 2209
f 853 29 2209
f 2209 29 812
f 854 631 2210
f 2210 631 817
f 22 813 817
f 817 813 2210
f 813 29 2210
f 2210 29 855
f 632 854 855
f 855 854 2210
f 27 818 814
f 814 818 2211
f 818 655 2211
f 2211 655 856
f 718 857 856
f 856 857 2211
f 857 28 2211
f 2211 28 814
f 630 816 824
f 824 816 2212
f 816 631 2212
f 2212 631 858
f 34 859 858
f 858 859 2212
f 859 37 2212
f 2212 37 824
f 717 860 850
f 850 860 2213
f 860 718 2213
f 2213 718 856
f 655 819 856
f 856 819 2213
f 819 653 2213
f 2213 653 850
f 628 823 820
f 820 823 2214
f 823 46 2214
f 2214 46 861
f 52 862 861
f 861 862 2214
f 862 629 2214
f 2214 629 820
f 38 821 825
f 825 821 2215
f 821 629 2215
f 2215 629 863
f 634 864 863
f 863 864 2215
f 864 60 2215
f 2215 60 825
f 865 36 2216
f 2216 36 866
f 45 867 866
f 866 867 2216
f 867 46 2216
f 2216 46 822
f 37 865 822
f 822 865 2216
f 32 826 828
f 828 826 2217
f 826 60 2217
f 2217 60 868
f 703 869 868
f 868 869 2217
f 869 701 2217
f 2217 701 828
f 707 827 829
f 829 827 2218
f 827 701 2218
f 2218 701 870
f 702 871 870
f 870 871 2218
f 871 708 2218
f 2218 708 829
f 699 830 843
f 843 830 2219
f 830 708 2219
f 2219 708 872
f 709 873 872
f 872 873 2219
f 873 697 2219
f 2219 697 843
f 874 70 2220
f 2220 70 832
f 79 837 832
f 832 837 2220
f 837 673 2220
f 2220 673 875
f 664 874 875
f 875 874 2220
f 876 25 2221
f 2221 25 835
f 40 833 835
f 835 833 2221
f 833 65 2221
f 2221 65 877
f 56 876 877
f 877 876 2221
f 662 879 878
f 878 879 2222
f 879 65 2222
f 2222 65 834
f 70 874 834
f 834 874 2222
f 874 664 2222
f 2222 664 878
f 880 673 2223
f 2223 673 838
f 672 839 838
f 838 839 2223
f 839 683 2223
f 2223 683 881
f 684 880 881
f 881 880 2223
f 686 883 882
f 882 883 2224
f 883 683 2224
f 2224 683 840
f 840 682 2224
f 2224 682 842
f 842 685 2224
f 2224 685 882
f 685 841 884
f 884 841 2225
f 841 697 2225
f 2225 697 885
f 669 886 885
f 885 886 2225
f 886 688 2225
f 2225 688 884
f 25 876 844
f 844 876 2226
f 876 56 2226
f 2226 56 887
f 49 845 887
f 887 845 2226
f 845 21 2226
f 2226 21 844
f 656 847 888
f 888 847 2227
f 847 42 2227
f 2227 42 846
f 49 889 846
f 846 889 2227
f 889 657 2227
f 2227 657 888
f 890 619 2228
f 2228 619 891
f 618 892 891
f 891 892 2228
f 892 654 2228
f 2228 654 848
f 656 890 848
f 848 890 2228
f 893 652 2229
f 2229 652 894
f 717 849 894
f 894 849 2229
f 849 716 2229
f 2229 716 895
f 603 893 895
f 895 893 2229
f 715 897 896
f 896 897 2230
f 897 716 2230
f 2230 716 851
f 654 892 851
f 851 892 2230
f 892 618 2230
f 2230 618 896
f 857 718 2231
f 2231 718 898
f 649 899 898
f 898 899 2231
f 899 57 2231
f 2231 57 852
f 28 857 852
f 852 857 2231
f 29 853 855
f 855 853 2232
f 853 57 2232
f 2232 57 900
f 633 901 900
f 900 901 2232
f 901 632 2232
f 2232 632 855
f 902 34 2233
f 2233 34 858
f 631 854 858
f 858 854 2233
f 854 632 2233
f 2233 632 903
f 43 902 903
f 903 902 2233
f 35 905 904
f 904 905 2234
f 905 36 2234
f 2234 36 865
f 37 859 865
f 865 859 2234
f 859 34 2234
f 2234 34 904
f 860 717 2235
f 2235 717 894
f 652 906 894
f 894 906 2235
f 906 649 2235
f 2235 649 898
f 718 860 898
f 898 860 2235
f 46 867 861
f 861 867 2236
f 867 45 2236
f 2236 45 907
f 53 908 907
f 907 908 2236
f 908 52 2236
f 2236 52 861
f 629 862 863
f 863 862 2237
f 862 52 2237
f 2237 52 909
f 69 910 909
f 909 910 2237
f 910 634 2237
f 2237 634 863
f 60 864 868
f 868 864 2238
f 864 634 2238
f 2238 634 911
f 911 665 2238
f 2238 665 912
f 703 868 912
f 912 868 2238
f 36 913 866
f 866 913 2239
f 51 914 913
f 913 914 2239
f 59 915 914
f 914 915 2239
f 915 45 2239
f 2239 45 866
f 701 869 870
f 870 869 2240
f 869 703 2240
f 2240 703 916
f 704 917 916
f 916 917 2240
f 917 702 2240
f 2240 702 870
f 708 871 872
f 872 871 2241
f 871 702 2241
f 2241 702 918
f 698 919 918
f 918 919 2241
f 919 709 2241
f 2241 709 872
f 710 921 920
f 920 921 2242
f 921 669 2242
f 2242 669 885
f 697 873 885
f 885 873 2242
f 873 709 2242
f 2242 709 920
f 922 664 2243
f 2243 664 875
f 673 880 875
f 875 880 2243
f 880 684 2243
f 2243 684 923
f 663 922 923
f 923 922 2243
f 660 925 924
f 924 925 2244
f 925 56 2244
f 2244 56 877
f 65 879 877
f 877 879 2244
f 879 662 2244
f 2244 662 924
f 661 927 926
f 926 927 2245
f 927 662 2245
f 2245 662 878
f 664 922 878
f 878 922 2245
f 922 663 2245
f 2245 663 926
f 883 686 2246
f 2246 686 928
f 687 929 928
f 928 929 2246
f 929 684 2246
f 2246 684 881
f 683 883 881
f 881 883 2246
f 930 686 2247
f 2247 686 882
f 685 884 882
f 882 884 2247
f 688 931 884
f 884 931 2247
f 689 930 931
f 931 930 2247
f 688 886 932
f 932 886 2248
f 886 669 2248
f 2248 669 933
f 668 934 933
f 933 934 2248
f 934 691 2248
f 2248 691 932
f 889 49 2249
f 2249 49 887
f 56 925 887
f 887 925 2249
f 925 660 2249
f 2249 660 935
f 657 889 935
f 935 889 2249
f 619 890 936
f 936 890 2250
f 890 656 2250
f 2250 656 888
f 657 937 888
f 888 937 2250
f 937 658 2250
f 2250 658 936
f 619 938 891
f 891 938 2251
f 938 613 2251
f 2251 613 939
f 612 940 939
f 939 940 2251
f 940 618 2251
f 2251 618 891
f 941 651 2252
f 2252 651 942
f 652 893 942
f 942 893 2252
f 893 603 2252
f 2252 603 943
f 605 941 943
f 943 941 2252
f 897 715 2253
f 2253 715 944
f 602 945 944
f 944 945 2253
f 603 895 945
f 945 895 2253
f 716 897 895
f 895 897 2253
f 946 715 2254
f 2254 715 896
f 618 940 896
f 896 940 2254
f 940 612 2254
f 2254 612 947
f 714 946 947
f 947 946 2254
f 57 899 900
f 900 899 2255
f 899 649 2255
f 2255 649 948
f 650 949 948
f 948 949 2255
f 949 633 2255
f 2255 633 900
f 950 43 2256
f 2256 43 903
f 632 901 903
f 903 901 2256
f 901 633 2256
f 2256 633 951
f 63 950 951
f 951 950 2256
f 34 902 904
f 904 902 2257
f 902 43 2257
f 2257 43 952
f 44 953 952
f 952 953 2257
f 953 35 2257
f 2257 35 904
f 905 35 2258
f 2258 35 954
f 50 955 954
f 954 955 2258
f 955 51 2258
f 2258 51 913
f 36 905 913
f 913 905 2258
f 649 906 948
f 948 906 2259
f 906 652 2259
f 2259 652 942
f 651 956 942
f 942 956 2259
f 956 650 2259
f 2259 650 948
f 45 915 907
f 907 915 2260
f 915 59 2260
f 2260 59 957
f 64 958 957
f 957 958 2260
f 958 53 2260
f 2260 53 907
f 908 53 2261
f 2261 53 959
f 68 960 959
f 959 960 2261
f 960 69 2261
f 2261 69 909
f 52 908 909
f 909 908 2261
f 634 910 911
f 911 910 2262
f 910 69 2262
f 2262 69 961
f 640 962 961
f 961 962 2262
f 962 665 2262
f 2262 665 911
f 916 703 2263
f 2263 703 912
f 665 963 912
f 912 963 2263
f 963 666 2263
f 2263 666 964
f 964 704 2263
f 2263 704 916
f 914 51 2264
f 2264 51 965
f 67 966 965
f 965 966 2264
f 966 76 2264
f 2264 76 967
f 967 59 2264
f 2264 59 914
f 702 917 918
f 918 917 2265
f 917 704 2265
f 2265 704 968
f 968 698 2265
f 2265 698 918
f 969 710 2266
f 2266 710 920
f 709 919 920
f 920 919 2266
f 919 698 2266
f 2266 698 970
f 670 969 970
f 970 969 2266
f 642 972 971
f 971 972 2267
f 972 668 2267
f 2267 668 933
f 669 921 933
f 933 921 2267
f 921 710 2267
f 2267 710 971
f 973 663 2268
f 2268 663 923
f 684 929 923
f 923 929 2268
f 929 687 2268
f 2268 687 974
f 681 973 974
f 974 973 2268
f 659 976 975
f 975 976 2269
f 976 660 2269
f 2269 660 924
f 662 927 924
f 924 927 2269
f 927 661 2269
f 2269 661 975
f 977 661 2270
f 2270 661 926
f 663 973 926
f 926 973 2270
f 973 681 2270
f 2270 681 978
f 680 977 978
f 978 977 2270
f 979 687 2271
f 2271 687 928
f 686 930 928
f 928 930 2271
f 930 689 2271
f 2271 689 980
f 690 979 980
f 980 979 2271
f 981 689 2272
f 2272 689 931
f 931 688 2272
f 2272 688 932
f 691 982 932
f 932 982 2272
f 692 981 982
f 982 981 2272
f 691 934 983
f 983 934 2273
f 934 668 2273
f 2273 668 984
f 667 985 984
f 984 985 2273
f 985 694 2273
f 2273 694 983
f 937 657 2274
f 2274 657 935
f 660 976 935
f 935 976 2274
f 976 659 2274
f 2274 659 986
f 658 937 986
f 986 937 2274
f 613 938 987
f 987 938 2275
f 938 619 2275
f 2275 619 936
f 658 988 936
f 936 988 2275
f 988 614 2275
f 2275 614 987
f 989 612 2276
f 2276 612 939
f 613 990 939
f 939 990 2276
f 990 589 2276
f 2276 589 991
f 591 989 991
f 991 989 2276
f 651 941 992
f 992 941 2277
f 941 605 2277
f 2277 605 993
f 604 994 993
f 993 994 2277
f 994 648 2277
f 2277 648 992
f 995 605 2278
f 2278 605 943
f 603 996 943
f 943 996 2278
f 996 610 2278
f 2278 610 997
f 609 995 997
f 997 995 2278
f 998 602 2279
f 2279 602 944
f 715 946 944
f 944 946 2279
f 946 714 2279
f 2279 714 999
f 611 998 999
f 999 998 2279
f 945 602 2280
f 2280 602 998
f 998 611 2280
f 2280 611 1000
f 610 996 1000
f 1000 996 2280
f 996 603 2280
f 2280 603 945
f 1001 714 2281
f 2281 714 947
f 612 989 947
f 947 989 2281
f 989 591 2281
f 2281 591 1002
f 713 1001 1002
f 1002 1001 2281
f 633 949 951
f 951 949 2282
f 949 650 2282
f 2282 650 1003
f 647 1004 1003
f 1003 1004 2282
f 63 951 1004
f 1004 951 2282
f 43 950 952
f 952 950 2283
f 950 63 2283
f 2283 63 1005
f 1005 44 2283
f 2283 44 952
f 953 44 2284
f 2284 44 1006
f 58 1007 1006
f 1006 1007 2284
f 1007 50 2284
f 2284 50 954
f 35 953 954
f 954 953 2284
f 955 50 2285
f 2285 50 1008
f 66 1009 1008
f 1008 1009 2285
f 1009 67 2285
f 2285 67 965
f 51 955 965
f 965 955 2285
f 650 956 1003
f 1003 956 2286
f 956 651 2286
f 2286 651 992
f 648 1010 992
f 992 1010 2286
f 1010 647 2286
f 2286 647 1003
f 59 967 957
f 957 967 2287
f 967 76 2287
f 2287 76 1011
f 81 1012 1011
f 1011 1012 2287
f 1012 64 2287
f 2287 64 957
f 53 958 959
f 959 958 2288
f 958 64 2288
f 2288 64 1013
f 82 1014 1013
f 1013 1014 2288
f 1014 68 2288
f 2288 68 959
f 77 1016 1015
f 1015 1016 2289
f 1016 78 2289
f 2289 78 1017
f 69 960 1017
f 1017 960 2289
f 960 68 2289
f 2289 68 1015
f 1017 78 2290
f 2290 78 1018
f 636 1019 1018
f 1018 1019 2290
f 1019 640 2290
f 2290 640 961
f 69 1017 961
f 961 1017 2290
f 963 665 2291
f 2291 665 962
f 962 640 2291
f 2291 640 1020
f 1020 646 2291
f 2291 646 1021
f 666 963 1021
f 1021 963 2291
f 666 1022 964
f 964 1022 2292
f 1022 670 2292
f 2292 670 970
f 698 968 970
f 970 968 2292
f 968 704 2292
f 2292 704 964
f 1023 75 2293
f 2293 75 1024
f 80 1025 1024
f 1024 1025 2293
f 76 966 1025
f 1025 966 2293
f 966 67 2293
f 2293 67 1023
f 1026 642 2294
f 2294 642 971
f 710 969 971
f 971 969 2294
f 969 670 2294
f 2294 670 1027
f 641 1026 1027
f 1027 1026 2294
f 1028 667 2295
f 2295 667 984
f 668 972 984
f 984 972 2295
f 972 642 2295
f 2295 642 1029
f 643 1028 1029
f 1029 1028 2295
f 1030 681 2296
f 2296 681 974
f 687 979 974
f 974 979 2296
f 979 690 2296
f 2296 690 1031
f 679 1030 1031
f 1031 1030 2296
f 1032 659 2297
f 2297 659 975
f 661 977 975
f 975 977 2297
f 977 680 2297
f 2297 680 1033
f 615 1032 1033
f 1033 1032 2297
f 678 1035 1034
f 1034 1035 2298
f 1035 680 2298
f 2298 680 978
f 681 1030 978
f 978 1030 2298
f 1030 679 2298
f 2298 679 1034
f 1036 690 2299
f 2299 690 980
f 689 981 980
f 980 981 2299
f 981 692 2299
f 2299 692 1037
f 693 1036 1037
f 1037 1036 2299
f 1038 692 2300
f 2300 692 982
f 982 691 2300
f 2300 691 983
f 694 1039 983
f 983 1039 2300
f 695 1038 1039
f 1039 1038 2300
f 1040 156 2301
f 2301 156 1041
f 694 985 1041
f 1041 985 2301
f 985 667 2301
f 2301 667 1042
f 116 1040 1042
f 1042 1040 2301
f 988 658 2302
f 2302 658 986
f 659 1032 986
f 986 1032 2302
f 1032 615 2302
f 2302 615 1043
f 614 988 1043
f 1043 988 2302
f 589 990 1044
f 1044 990 2303
f 990 613 2303
f 2303 613 987
f 614 1045 987
f 987 1045 2303
f 1045 585 2303
f 2303 585 1044
f 1046 591 2304
f 2304 591 991
f 589 1047 991
f 991 1047 2304
f 1047 588 2304
f 2304 588 1048
f 590 1046 1048
f 1048 1046 2304
f 605 995 993
f 993 995 2305
f 995 609 2305
f 2305 609 1049
f 608 1050 1049
f 1049 1050 2305
f 1050 604 2305
f 2305 604 993
f 648 994 1051
f 1051 994 2306
f 994 604 2306
f 2306 604 1052
f 606 1053 1052
f 1052 1053 2306
f 1053 645 2306
f 2306 645 1051
f 610 1054 997
f 997 1054 2307
f 1054 601 2307
f 2307 601 1055
f 595 1056 1055
f 1055 1056 2307
f 1056 609 2307
f 2307 609 997
f 1057 611 2308
f 2308 611 999
f 714 1001 999
f 999 1001 2308
f 1001 713 2308
f 2308 713 1058
f 593 1057 1058
f 1058 1057 2308
f 1054 610 2309
f 2309 610 1000
f 611 1057 1000
f 1000 1057 2309
f 1057 593 2309
f 2309 593 1059
f 601 1054 1059
f 1059 1054 2309
f 1060 713 2310
f 2310 713 1002
f 591 1046 1002
f 1002 1046 2310
f 1046 590 2310
f 2310 590 1061
f 712 1060 1061
f 1061 1060 2310
f 63 1004 1062
f 1062 1004 2311
f 1004 647 2311
f 2311 647 1063
f 635 1064 1063
f 1063 1064 2311
f 1064 71 2311
f 2311 71 1062
f 63 1062 1005
f 1005 1062 2312
f 71 1065 1062
f 1062 1065 2312
f 72 1066 1065
f 1065 1066 2312
f 44 1005 1066
f 1066 1005 2312
f 44 1066 1006
f 1006 1066 2313
f 1066 72 2313
f 2313 72 1067
f 83 1068 1067
f 1067 1068 2313
f 1068 58 2313
f 2313 58 1006
f 1007 58 2314
f 2314 58 1069
f 73 1070 1069
f 1069 1070 2314
f 1070 66 2314
f 2314 66 1008
f 50 1007 1008
f 1008 1007 2314
f 74 1072 1071
f 1071 1072 2315
f 1072 75 2315
f 2315 75 1023
f 67 1009 1023
f 1023 1009 2315
f 1009 66 2315
f 2315 66 1071
f 647 1010 1063
f 1063 1010 2316
f 1010 648 2316
f 2316 648 1051
f 645 1073 1051
f 1051 1073 2316
f 1073 635 2316
f 2316 635 1063
f 1025 80 2317
f 2317 80 1074
f 88 1075 1074
f 1074 1075 2317
f 1075 81 2317
f 2317 81 1011
f 76 1025 1011
f 1011 1025 2317
f 64 1012 1013
f 1013 1012 2318
f 1012 81 2318
f 2318 81 1076
f 95 1077 1076
f 1076 1077 2318
f 1077 82 2318
f 2318 82 1013
f 68 1014 1015
f 1015 1014 2319
f 1014 82 2319
f 2319 82 1078
f 89 1079 1078
f 1078 1079 2319
f 1079 77 2319
f 2319 77 1015
f 71 1080 1065
f 1065 1080 2320
f 1080 78 2320
f 2320 78 1016
f 77 1081 1016
f 1016 1081 2320
f 1081 72 2320
f 2320 72 1065
f 1082 636 2321
f 2321 636 1018
f 78 1080 1018
f 1018 1080 2321
f 71 1064 1080
f 1080 1064 2321
f 1064 635 2321
f 2321 635 1082
f 636 1083 1019
f 1019 1083 2322
f 1083 644 2322
f 2322 644 1084
f 646 1020 1084
f 1084 1020 2322
f 640 1019 1020
f 1020 1019 2322
f 646 1085 1021
f 1021 1085 2323
f 1085 641 2323
f 2323 641 1027
f 670 1022 1027
f 1027 1022 2323
f 1022 666 2323
f 2323 666 1021
f 1072 74 2324
f 2324 74 1086
f 87 1087 1086
f 1086 1087 2324
f 1087 80 2324
f 2324 80 1024
f 1024 75 2324
f 2324 75 1072
f 637 1089 1088
f 1088 1089 2325
f 1089 639 2325
f 2325 639 1090
f 642 1026 1090
f 1090 1026 2325
f 1026 641 2325
f 2325 641 1088
f 667 1028 1042
f 1042 1028 2326
f 1028 643 2326
f 2326 643 1091
f 113 1092 1091
f 1091 1092 2326
f 1092 116 2326
f 2326 116 1042
f 1093 643 2327
f 2327 643 1029
f 642 1090 1029
f 1029 1090 2327
f 1090 639 2327
f 2327 639 1094
f 638 1093 1094
f 1094 1093 2327
f 1095 679 2328
f 2328 679 1031
f 690 1036 1031
f 1031 1036 2328
f 1036 693 2328
f 2328 693 1096
f 677 1095 1096
f 1096 1095 2328
f 586 1098 1097
f 1097 1098 2329
f 1098 615 2329
f 2329 615 1033
f 680 1035 1033
f 1033 1035 2329
f 1035 678 2329
f 2329 678 1097
f 676 1100 1099
f 1099 1100 2330
f 1100 678 2330
f 2330 678 1034
f 679 1095 1034
f 1034 1095 2330
f 1095 677 2330
f 2330 677 1099
f 1101 693 2331
f 2331 693 1037
f 692 1038 1037
f 1037 1038 2331
f 1038 695 2331
f 2331 695 1102
f 696 1101 1102
f 1102 1101 2331
f 193 1104 1103
f 1103 1104 2332
f 695 1039 1104
f 1104 1039 2332
f 694 1105 1039
f 1039 1105 2332
f 158 1103 1105
f 1105 1103 2332
f 115 1107 1106
f 1106 1107 2333
f 155 1108 1107
f 1107 1108 2333
f 156 1040 1108
f 1108 1040 2333
f 1040 116 2333
f 2333 116 1106
f 1109 158 2334
f 2334 158 1105
f 694 1041 1105
f 1105 1041 2334
f 1041 156 2334
f 2334 156 1110
f 157 1109 1110
f 1110 1109 2334
f 1045 614 2335
f 2335 614 1043
f 615 1098 1043
f 1043 1098 2335
f 1098 586 2335
f 2335 586 1111
f 585 1045 1111
f 1111 1045 2335
f 588 1047 1112
f 1112 1047 2336
f 1047 589 2336
f 2336 589 1044
f 585 1113 1044
f 1044 1113 2336
f 1113 584 2336
f 2336 584 1112
f 625 1115 1114
f 1114 1115 2337
f 1115 590 2337
f 2337 590 1048
f 588 1116 1048
f 1048 1116 2337
f 1116 623 2337
f 2337 623 1114
f 594 1118 1117
f 1117 1118 2338
f 608 1049 1118
f 1118 1049 2338
f 609 1056 1049
f 1049 1056 2338
f 1056 595 2338
f 2338 595 1117
f 604 1050 1052
f 1052 1050 2339
f 608 1119 1050
f 1050 1119 2339
f 617 1120 1119
f 1119 1120 2339
f 1120 606 2339
f 2339 606 1052
f 645 1053 1121
f 1121 1053 2340
f 1053 606 2340
f 2340 606 1122
f 637 1123 1122
f 1122 1123 2340
f 1123 644 2340
f 2340 644 1121
f 1124 595 2341
f 2341 595 1055
f 601 1125 1055
f 1055 1125 2341
f 1125 600 2341
f 2341 600 1126
f 596 1124 1126
f 1126 1124 2341
f 713 1060 1058
f 1058 1060 2342
f 1060 712 2342
f 2342 712 1127
f 592 1128 1127
f 1127 1128 2342
f 1128 593 2342
f 2342 593 1058
f 1125 601 2343
f 2343 601 1059
f 593 1128 1059
f 1059 1128 2343
f 1128 592 2343
f 2343 592 1129
f 600 1125 1129
f 1129 1125 2343
f 1130 712 2344
f 2344 712 1061
f 590 1115 1061
f 1061 1115 2344
f 1115 625 2344
f 2344 625 1131
f 711 1130 1131
f 1131 1130 2344
f 1081 77 2345
f 2345 77 1079
f 89 1132 1079
f 1079 1132 2345
f 1132 83 2345
f 2345 83 1067
f 72 1081 1067
f 1067 1081 2345
f 58 1068 1069
f 1069 1068 2346
f 1068 83 2346
f 2346 83 1133
f 96 1134 1133
f 1133 1134 2346
f 1134 73 2346
f 2346 73 1069
f 1070 73 2347
f 2347 73 1135
f 85 1136 1135
f 1135 1136 2347
f 1136 84 2347
f 2347 84 1137
f 66 1070 1137
f 1137 1070 2347
f 66 1137 1071
f 1071 1137 2348
f 84 1138 1137
f 1137 1138 2348
f 1138 86 2348
f 2348 86 1139
f 1139 74 2348
f 2348 74 1071
f 644 1083 1121
f 1121 1083 2349
f 1083 636 2349
f 2349 636 1082
f 635 1073 1082
f 1082 1073 2349
f 1073 645 2349
f 2349 645 1121
f 1087 87 2350
f 2350 87 1140
f 90 1141 1140
f 1140 1141 2350
f 1141 88 2350
f 2350 88 1074
f 80 1087 1074
f 1074 1087 2350
f 1075 88 2351
f 2351 88 1142
f 1142 102 2351
f 2351 102 1143
f 1143 95 2351
f 2351 95 1076
f 81 1075 1076
f 1076 1075 2351
f 82 1077 1078
f 1078 1077 2352
f 1077 95 2352
f 2352 95 1144
f 103 1145 1144
f 1144 1145 2352
f 1145 89 2352
f 2352 89 1078
f 644 1123 1084
f 1084 1123 2353
f 1123 637 2353
f 2353 637 1088
f 641 1085 1088
f 1088 1085 2353
f 1085 646 2353
f 2353 646 1084
f 74 1139 1086
f 1086 1139 2354
f 86 1146 1139
f 1139 1146 2354
f 1146 94 2354
f 2354 94 1147
f 87 1086 1147
f 1147 1086 2354
f 606 1120 1122
f 1122 1120 2355
f 1120 617 2355
f 2355 617 1148
f 639 1089 1148
f 1148 1089 2355
f 1089 637 2355
f 2355 637 1122
f 1149 113 2356
f 2356 113 1091
f 643 1093 1091
f 1091 1093 2356
f 1093 638 2356
f 2356 638 1150
f 130 1149 1150
f 1150 1149 2356
f 114 1152 1151
f 1151 1152 2357
f 1152 115 2357
f 2357 115 1106
f 116 1092 1106
f 1106 1092 2357
f 1092 113 2357
f 2357 113 1151
f 639 1148 1094
f 1094 1148 2358
f 1148 617 2358
f 2358 617 1153
f 616 1154 1153
f 1153 1154 2358
f 1154 638 2358
f 2358 638 1094
f 1155 677 2359
f 2359 677 1096
f 693 1101 1096
f 1096 1101 2359
f 1101 696 2359
f 2359 696 1156
f 675 1155 1156
f 1156 1155 2359
f 587 1158 1157
f 1157 1158 2360
f 1158 586 2360
f 2360 586 1097
f 678 1100 1097
f 1097 1100 2360
f 1100 676 2360
f 2360 676 1157
f 674 1160 1159
f 1159 1160 2361
f 1160 676 2361
f 2361 676 1099
f 677 1155 1099
f 1099 1155 2361
f 1155 675 2361
f 2361 675 1159
f 695 1161 1102
f 1102 1161 2362
f 195 1162 1161
f 1161 1162 2362
f 1162 222 2362
f 2362 222 1163
f 696 1102 1163
f 1163 1102 2362
f 1164 172 2363
f 2363 172 1165
f 192 1166 1165
f 1165 1166 2363
f 1166 193 2363
f 2363 193 1103
f 158 1164 1103
f 1103 1164 2363
f 1167 195 2364
f 2364 195 1161
f 695 1104 1161
f 1161 1104 2364
f 1104 193 2364
f 2364 193 1168
f 194 1167 1168
f 1168 1167 2364
f 115 1169 1107
f 1107 1169 2365
f 1169 154 2365
f 2365 154 1170
f 205 1171 1170
f 1170 1171 2365
f 1171 155 2365
f 2365 155 1107
f 156 1108 1172
f 1172 1108 2366
f 1108 155 2366
f 2366 155 1173
f 148 1174 1173
f 1173 1174 2366
f 1174 147 2366
f 2366 147 1172
f 146 1176 1175
f 1175 1176 2367
f 1176 145 2367
f 2367 145 1177
f 158 1109 1177
f 1177 1109 2367
f 1109 157 2367
f 2367 157 1175
f 147 1178 1172
f 1172 1178 2368
f 146 1175 1178
f 1178 1175 2368
f 1175 157 2368
f 2368 157 1110
f 156 1172 1110
f 1110 1172 2368
f 1113 585 2369
f 2369 585 1111
f 586 1158 1111
f 1111 1158 2369
f 1158 587 2369
f 2369 587 1179
f 584 1113 1179
f 1179 1113 2369
f 623 1116 1180
f 1180 1116 2370
f 1116 588 2370
f 2370 588 1112
f 584 1181 1112
f 1112 1181 2370
f 1181 622 2370
f 2370 622 1180
f 1182 625 2371
f 2371 625 1114
f 623 1183 1114
f 1114 1183 2371
f 1183 174 2371
f 2371 174 1184
f 177 1182 1184
f 1184 1182 2371
f 595 1124 1117
f 1117 1124 2372
f 1124 596 2372
f 2372 596 1185
f 597 1186 1185
f 1185 1186 2372
f 1186 594 2372
f 2372 594 1117
f 1187 607 2373
f 2373 607 1188
f 608 1118 1188
f 1188 1118 2373
f 1118 594 2373
f 2373 594 1189
f 599 1187 1189
f 1189 1187 2373
f 1190 616 2374
f 2374 616 1153
f 1153 617 2374
f 2374 617 1119
f 608 1188 1119
f 1119 1188 2374
f 607 1190 1188
f 1188 1190 2374
f 620 1192 1191
f 1191 1192 2375
f 1192 596 2375
f 2375 596 1126
f 600 1193 1126
f 1126 1193 2375
f 1193 626 2375
f 2375 626 1191
f 1194 592 2376
f 2376 592 1127
f 712 1130 1127
f 1127 1130 2376
f 1130 711 2376
f 2376 711 1195
f 621 1194 1195
f 1195 1194 2376
f 626 1193 1196
f 1196 1193 2377
f 1193 600 2377
f 2377 600 1129
f 592 1194 1129
f 1129 1194 2377
f 1194 621 2377
f 2377 621 1196
f 1197 711 2378
f 2378 711 1131
f 625 1182 1131
f 1131 1182 2378
f 1182 177 2378
f 2378 177 1198
f 138 1197 1198
f 1198 1197 2378
f 1132 89 2379
f 2379 89 1145
f 103 1199 1145
f 1145 1199 2379
f 1199 96 2379
f 2379 96 1133
f 83 1132 1133
f 1133 1132 2379
f 73 1134 1135
f 1135 1134 2380
f 1134 96 2380
f 2380 96 1200
f 126 1201 1200
f 1200 1201 2380
f 1201 85 2380
f 2380 85 1135
f 1136 85 2381
f 2381 85 1202
f 92 1203 1202
f 1202 1203 2381
f 1203 91 2381
f 2381 91 1204
f 84 1136 1204
f 1204 1136 2381
f 1138 84 2382
f 2382 84 1204
f 91 1205 1204
f 1204 1205 2382
f 1205 93 2382
f 2382 93 1206
f 86 1138 1206
f 1206 1138 2382
f 1140 87 2383
f 2383 87 1147
f 94 1207 1147
f 1147 1207 2383
f 101 1208 1207
f 1207 1208 2383
f 1208 90 2383
f 2383 90 1140
f 1141 90 2384
f 2384 90 1209
f 112 1210 1209
f 1209 1210 2384
f 1210 102 2384
f 2384 102 1142
f 88 1141 1142
f 1142 1141 2384
f 112 1211 1210
f 1210 1211 2385
f 1211 103 2385
f 2385 103 1144
f 95 1143 1144
f 1144 1143 2385
f 1143 102 2385
f 2385 102 1210
f 94 1146 1212
f 1212 1146 2386
f 1146 86 2386
f 2386 86 1206
f 93 1213 1206
f 1206 1213 2386
f 1213 100 2386
f 2386 100 1212
f 131 1215 1214
f 1214 1215 2387
f 1215 114 2387
f 2387 114 1151
f 113 1149 1151
f 1151 1149 2387
f 1149 130 2387
f 2387 130 1214
f 1216 130 2388
f 2388 130 1150
f 638 1154 1150
f 1150 1154 2388
f 1154 616 2388
f 2388 616 1217
f 104 1216 1217
f 1217 1216 2388
f 1152 114 2389
f 2389 114 1218
f 153 1219 1218
f 1218 1219 2389
f 1219 154 2389
f 2389 154 1169
f 115 1152 1169
f 1169 1152 2389
f 225 1221 1220
f 1220 1221 2390
f 1221 675 2390
f 2390 675 1156
f 696 1222 1156
f 1156 1222 2390
f 224 1220 1222
f 1222 1220 2390
f 624 1224 1223
f 1223 1224 2391
f 1224 587 2391
f 2391 587 1157
f 676 1160 1157
f 1157 1160 2391
f 1160 674 2391
f 2391 674 1223
f 228 1226 1225
f 1225 1226 2392
f 1226 674 2392
f 2392 674 1159
f 675 1221 1159
f 1159 1221 2392
f 1221 225 2392
f 2392 225 1225
f 206 1228 1227
f 1227 1228 2393
f 1228 221 2393
f 2393 221 1229
f 222 1162 1229
f 1229 1162 2393
f 1162 195 2393
f 2393 195 1227
f 222 1230 1163
f 1163 1230 2394
f 1230 223 2394
f 2394 223 1231
f 224 1222 1231
f 1231 1222 2394
f 1222 696 2394
f 2394 696 1163
f 162 1233 1232
f 1232 1233 2395
f 1233 172 2395
f 2395 172 1164
f 158 1177 1164
f 1164 1177 2395
f 1177 145 2395
f 2395 145 1232
f 172 1234 1165
f 1165 1234 2396
f 1234 220 2396
f 2396 220 1235
f 239 1236 1235
f 1235 1236 2396
f 1236 192 2396
f 2396 192 1165
f 193 1166 1237
f 1237 1166 2397
f 1166 192 2397
f 2397 192 1238
f 185 1239 1238
f 1238 1239 2397
f 1239 184 2397
f 2397 184 1237
f 183 1241 1240
f 1240 1241 2398
f 182 1242 1241
f 1241 1242 2398
f 195 1167 1242
f 1242 1167 2398
f 1167 194 2398
f 2398 194 1240
f 184 1243 1237
f 1237 1243 2399
f 183 1240 1243
f 1243 1240 2399
f 1240 194 2399
f 2399 194 1168
f 193 1237 1168
f 1168 1237 2399
f 154 1244 1170
f 1170 1244 2400
f 1244 219 2400
f 2400 219 1245
f 260 1246 1245
f 1245 1246 2400
f 1246 205 2400
f 2400 205 1170
f 155 1171 1173
f 1173 1171 2401
f 1171 205 2401
f 2401 205 1247
f 203 1248 1247
f 1247 1248 2401
f 1248 148 2401
f 2401 148 1173
f 147 1174 1249
f 1249 1174 2402
f 1174 148 2402
f 2402 148 1250
f 125 1251 1250
f 1250 1251 2402
f 1251 124 2402
f 2402 124 1249
f 1252 145 2403
f 2403 145 1176
f 146 1253 1176
f 1176 1253 2403
f 1253 123 2403
f 2403 123 1254
f 122 1252 1254
f 1254 1252 2403
f 146 1178 1253
f 1253 1178 2404
f 1178 147 2404
f 2404 147 1249
f 124 1255 1249
f 1249 1255 2404
f 1255 123 2404
f 2404 123 1253
f 1181 584 2405
f 2405 584 1179
f 587 1224 1179
f 1179 1224 2405
f 1224 624 2405
f 2405 624 1256
f 622 1181 1256
f 1256 1181 2405
f 1183 623 2406
f 2406 623 1180
f 622 1257 1180
f 1180 1257 2406
f 1257 175 2406
f 2406 175 1258
f 174 1183 1258
f 1258 1183 2406
f 174 1259 1184
f 1184 1259 2407
f 1259 178 2407
f 2407 178 1260
f 179 1261 1260
f 1260 1261 2407
f 1261 177 2407
f 2407 177 1184
f 1262 598 2408
f 2408 598 1263
f 1263 597 2408
f 2408 597 1185
f 596 1192 1185
f 1185 1192 2408
f 1192 620 2408
f 2408 620 1262
f 598 1264 1263
f 1263 1264 2409
f 1264 599 2409
f 2409 599 1189
f 594 1186 1189
f 1189 1186 2409
f 1186 597 2409
f 2409 597 1263
f 607 1187 1265
f 1265 1187 2410
f 1187 599 2410
f 2410 599 1266
f 121 1267 1266
f 1266 1267 2410
f 1267 105 2410
f 2410 105 1265
f 616 1190 1217
f 1217 1190 2411
f 1190 607 2411
f 2411 607 1265
f 105 1268 1265
f 1265 1268 2411
f 1268 104 2411
f 2411 104 1217
f 1269 620 2412
f 2412 620 1191
f 626 1270 1191
f 1191 1270 2412
f 1270 140 2412
f 2412 140 1271
f 119 1269 1271
f 1271 1269 2412
f 137 1273 1272
f 1272 1273 2413
f 1273 621 2413
f 2413 621 1195
f 711 1197 1195
f 1195 1197 2413
f 1197 138 2413
f 2413 138 1272
f 1270 626 2414
f 2414 626 1196
f 621 1273 1196
f 1196 1273 2414
f 1273 137 2414
f 2414 137 1274
f 140 1270 1274
f 1274 1270 2414
f 177 1261 1198
f 1198 1261 2415
f 1261 179 2415
f 2415 179 1275
f 180 1276 1275
f 1275 1276 2415
f 1276 138 2415
f 2415 138 1198
f 103 1277 1199
f 1199 1277 2416
f 1277 133 2416
f 2416 133 1278
f 126 1200 1278
f 1278 1200 2416
f 1200 96 2416
f 2416 96 1199
f 85 1201 1202
f 1202 1201 2417
f 1201 126 2417
f 2417 126 1279
f 151 1280 1279
f 1279 1280 2417
f 1280 92 2417
f 2417 92 1202
f 91 1203 1281
f 1281 1203 2418
f 1203 92 2418
f 2418 92 1282
f 98 1283 1282
f 1282 1283 2418
f 1283 97 2418
f 2418 97 1281
f 97 1284 1281
f 1281 1284 2419
f 1284 99 2419
f 2419 99 1285
f 93 1205 1285
f 1285 1205 2419
f 1205 91 2419
f 2419 91 1281
f 1207 94 2420
f 2420 94 1212
f 100 1286 1212
f 1212 1286 2420
f 152 1287 1286
f 1286 1287 2420
f 1287 101 2420
f 2420 101 1207
f 90 1208 1209
f 1209 1208 2421
f 1208 101 2421
f 2421 101 1288
f 135 1289 1288
f 1288 1289 2421
f 1289 112 2421
f 2421 112 1209
f 1211 112 2422
f 2422 112 1289
f 135 1290 1289
f 1289 1290 2422
f 1290 133 2422
f 2422 133 1277
f 103 1211 1277
f 1277 1211 2422
f 1291 111 2423
f 2423 111 1292
f 100 1213 1292
f 1292 1213 2423
f 1213 93 2423
f 2423 93 1285
f 99 1291 1285
f 1285 1291 2423
f 107 1294 1293
f 1293 1294 2424
f 1294 131 2424
f 2424 131 1214
f 130 1216 1214
f 1214 1216 2424
f 1216 104 2424
f 2424 104 1293
f 1215 131 2425
f 2425 131 1295
f 171 1296 1295
f 1295 1296 2425
f 1296 153 2425
f 2425 153 1218
f 114 1215 1218
f 1218 1215 2425
f 1219 153 2426
f 2426 153 1297
f 1297 218 2426
f 2426 218 1298
f 1298 219 2426
f 2426 219 1244
f 154 1219 1244
f 1244 1219 2426
f 1299 225 2427
f 2427 225 1220
f 224 1300 1220
f 1220 1300 2427
f 240 1301 1300
f 1300 1301 2427
f 226 1299 1301
f 1301 1299 2427
f 207 1303 1302
f 1302 1303 2428
f 1303 624 2428
f 2428 624 1223
f 674 1226 1223
f 1223 1226 2428
f 1226 228 2428
f 2428 228 1302
f 1299 226 2429
f 2429 226 1304
f 227 1305 1304
f 1304 1305 2429
f 1305 228 2429
f 2429 228 1225
f 225 1299 1225
f 1225 1299 2429
f 201 1307 1306
f 1306 1307 2430
f 1307 206 2430
f 2430 206 1227
f 195 1242 1227
f 1227 1242 2430
f 1242 182 2430
f 2430 182 1306
f 1228 206 2431
f 2431 206 1308
f 250 1309 1308
f 1308 1309 2431
f 1309 261 2431
f 2431 261 1310
f 221 1228 1310
f 1310 1228 2431
f 1311 222 2432
f 2432 222 1229
f 221 1312 1229
f 1229 1312 2432
f 1312 213 2432
f 2432 213 1313
f 212 1311 1313
f 1313 1311 2432
f 1311 212 2433
f 2433 212 1314
f 211 1315 1314
f 1314 1315 2433
f 1315 223 2433
f 2433 223 1230
f 222 1311 1230
f 1230 1311 2433
f 1315 211 2434
f 2434 211 1316
f 210 1317 1316
f 1316 1317 2434
f 224 1231 1317
f 1317 1231 2434
f 1231 223 2434
f 2434 223 1315
f 1318 162 2435
f 2435 162 1232
f 145 1252 1232
f 1232 1252 2435
f 1252 122 2435
f 2435 122 1319
f 132 1318 1319
f 1319 1318 2435
f 1233 162 2436
f 2436 162 1320
f 215 1321 1320
f 1320 1321 2436
f 220 1234 1321
f 1321 1234 2436
f 172 1233 1234
f 1234 1233 2436
f 220 1322 1235
f 1235 1322 2437
f 1322 273 2437
f 2437 273 1323
f 289 1324 1323
f 1323 1324 2437
f 1324 239 2437
f 2437 239 1235
f 192 1236 1238
f 1238 1236 2438
f 1236 239 2438
f 2438 239 1325
f 232 1326 1325
f 1325 1326 2438
f 1326 185 2438
f 2438 185 1238
f 184 1239 1327
f 1327 1239 2439
f 1239 185 2439
f 2439 185 1328
f 1328 144 2439
f 2439 144 1329
f 143 1327 1329
f 1329 1327 2439
f 1330 182 2440
f 2440 182 1241
f 183 1331 1241
f 1241 1331 2440
f 1331 142 2440
f 2440 142 1332
f 141 1330 1332
f 1332 1330 2440
f 1331 183 2441
f 2441 183 1243
f 1243 184 2441
f 2441 184 1327
f 1327 143 2441
f 2441 143 1333
f 142 1331 1333
f 1333 1331 2441
f 238 1335 1334
f 1334 1335 2442
f 1335 272 2442
f 2442 272 1336
f 260 1245 1336
f 1336 1245 2442
f 1245 219 2442
f 2442 219 1334
f 205 1246 1247
f 1247 1246 2443
f 1246 260 2443
f 2443 260 1337
f 258 1338 1337
f 1337 1338 2443
f 1338 203 2443
f 2443 203 1247
f 1339 125 2444
f 2444 125 1250
f 148 1248 1250
f 1250 1248 2444
f 1248 203 2444
f 2444 203 1340
f 163 1339 1340
f 1340 1339 2444
f 105 1342 1341
f 1341 1342 2445
f 124 1251 1342
f 1342 1251 2445
f 1251 125 2445
f 2445 125 1343
f 1343 106 2445
f 2445 106 1341
f 118 1345 1344
f 1344 1345 2446
f 1345 122 2446
f 2446 122 1254
f 1254 123 2446
f 2446 123 1346
f 121 1344 1346
f 1346 1344 2446
f 1267 121 2447
f 2447 121 1346
f 123 1255 1346
f 1346 1255 2447
f 1255 124 2447
f 2447 124 1342
f 105 1267 1342
f 1342 1267 2447
f 175 1257 1347
f 1347 1257 2448
f 1257 622 2448
f 2448 622 1256
f 624 1303 1256
f 1256 1303 2448
f 1303 207 2448
f 2448 207 1347
f 174 1258 1348
f 1348 1258 2449
f 175 1349 1258
f 1258 1349 2449
f 176 1350 1349
f 1349 1350 2449
f 1350 173 2449
f 2449 173 1348
f 173 1351 1348
f 1348 1351 2450
f 1351 198 2450
f 2450 198 1352
f 178 1259 1352
f 1352 1259 2450
f 1259 174 2450
f 2450 174 1348
f 1353 210 2451
f 2451 210 1316
f 211 1354 1316
f 1316 1354 2451
f 1354 179 2451
f 2451 179 1260
f 178 1353 1260
f 1260 1353 2451
f 598 1262 1355
f 1355 1262 2452
f 1262 620 2452
f 2452 620 1269
f 119 1356 1269
f 1269 1356 2452
f 1356 118 2452
f 2452 118 1355
f 1264 598 2453
f 2453 598 1355
f 118 1344 1355
f 1355 1344 2453
f 1344 121 2453
f 2453 121 1266
f 599 1264 1266
f 1266 1264 2453
f 1268 105 2454
f 2454 105 1341
f 106 1357 1341
f 1341 1357 2454
f 1357 107 2454
f 2454 107 1293
f 104 1268 1293
f 1293 1268 2454
f 140 1358 1271
f 1271 1358 2455
f 1358 142 2455
f 2455 142 1333
f 143 1359 1333
f 1333 1359 2455
f 119 1271 1359
f 1359 1271 2455
f 1360 137 2456
f 2456 137 1272
f 138 1361 1272
f 1272 1361 2456
f 1361 139 2456
f 2456 139 1362
f 136 1360 1362
f 1362 1360 2456
f 137 1363 1274
f 1274 1363 2457
f 1363 141 2457
f 2457 141 1332
f 142 1358 1332
f 1332 1358 2457
f 1358 140 2457
f 2457 140 1274
f 1354 211 2458
f 2458 211 1314
f 212 1364 1314
f 1314 1364 2458
f 1364 180 2458
f 2458 180 1275
f 179 1354 1275
f 1275 1354 2458
f 138 1276 1361
f 1361 1276 2459
f 1276 180 2459
f 2459 180 1365
f 1365 181 2459
f 2459 181 1366
f 139 1361 1366
f 1366 1361 2459
f 1278 133 2460
f 2460 133 1367
f 164 1368 1367
f 1367 1368 2460
f 1368 151 2460
f 2460 151 1279
f 126 1278 1279
f 1279 1278 2460
f 92 1280 1282
f 1282 1280 2461
f 1280 151 2461
f 2461 151 1369
f 165 1370 1369
f 1369 1370 2461
f 1370 98 2461
f 2461 98 1282
f 97 1283 1371
f 1371 1283 2462
f 1283 98 2462
f 2462 98 1372
f 109 1373 1372
f 1372 1373 2462
f 1373 108 2462
f 2462 108 1371
f 1371 108 2463
f 2463 108 1374
f 110 1375 1374
f 1374 1375 2463
f 1375 99 2463
f 2463 99 1284
f 97 1371 1284
f 1284 1371 2463
f 1376 129 2464
f 2464 129 1377
f 1377 169 2464
f 2464 169 1378
f 152 1286 1378
f 1378 1286 2464
f 100 1376 1286
f 1286 1376 2464
f 1287 152 2465
f 2465 152 1379
f 170 1380 1379
f 1379 1380 2465
f 1380 135 2465
f 2465 135 1288
f 101 1287 1288
f 1288 1287 2465
f 135 1380 1290
f 1290 1380 2466
f 1380 170 2466
f 2466 170 1381
f 1381 164 2466
f 2466 164 1367
f 133 1290 1367
f 1367 1290 2466
f 1382 127 2467
f 2467 127 1383
f 111 1291 1383
f 1383 1291 2467
f 1291 99 2467
f 2467 99 1375
f 110 1382 1375
f 1375 1382 2467
f 1384 128 2468
f 2468 128 1385
f 129 1376 1385
f 1385 1376 2468
f 100 1292 1376
f 1376 1292 2468
f 111 1384 1292
f 1292 1384 2468
f 1294 107 2469
f 2469 107 1386
f 150 1387 1386
f 1386 1387 2469
f 1387 171 2469
f 2469 171 1295
f 131 1294 1295
f 1295 1294 2469
f 1296 171 2470
f 2470 171 1388
f 236 1389 1388
f 1388 1389 2470
f 218 1297 1389
f 1389 1297 2470
f 153 1296 1297
f 1297 1296 2470
f 1390 237 2471
f 2471 237 1391
f 238 1334 1391
f 1391 1334 2471
f 1334 219 2471
f 2471 219 1298
f 218 1390 1298
f 1298 1390 2471
f 230 1393 1392
f 1392 1393 2472
f 1393 240 2472
f 2472 240 1300
f 224 1317 1300
f 1300 1317 2472
f 1317 210 2472
f 2472 210 1392
f 1394 226 2473
f 2473 226 1301
f 240 1395 1301
f 1301 1395 2473
f 1395 251 2473
f 2473 251 1396
f 241 1394 1396
f 1396 1394 2473
f 1305 227 2474
f 2474 227 1397
f 208 1398 1397
f 1397 1398 2474
f 1398 207 2474
f 2474 207 1302
f 228 1305 1302
f 1302 1305 2474
f 1394 241 2475
f 2475 241 1399
f 242 1400 1399
f 1399 1400 2475
f 1400 227 2475
f 2475 227 1304
f 226 1394 1304
f 1304 1394 2475
f 1401 201 2476
f 2476 201 1306
f 182 1330 1306
f 1306 1330 2476
f 1330 141 2476
f 2476 141 1402
f 159 1401 1402
f 1402 1401 2476
f 1307 201 2477
f 2477 201 1403
f 244 1404 1403
f 1403 1404 2477
f 1404 250 2477
f 2477 250 1308
f 206 1307 1308
f 1308 1307 2477
f 1309 250 2478
f 2478 250 1405
f 305 1406 1405
f 1405 1406 2478
f 1406 320 2478
f 2478 320 1407
f 261 1309 1407
f 1407 1309 2478
f 1312 221 2479
f 2479 221 1310
f 261 1408 1310
f 1310 1408 2479
f 1408 252 2479
f 2479 252 1409
f 213 1312 1409
f 1409 1312 2479
f 1364 212 2480
f 2480 212 1313
f 213 1410 1313
f 1313 1410 2480
f 181 1365 1410
f 1410 1365 2480
f 180 1364 1365
f 1365 1364 2480
f 1318 132 2481
f 2481 132 1411
f 186 1412 1411
f 1411 1412 2481
f 1412 215 2481
f 2481 215 1320
f 162 1318 1320
f 1320 1318 2481
f 117 1414 1413
f 1413 1414 2482
f 1414 132 2482
f 2482 132 1319
f 122 1345 1319
f 1319 1345 2482
f 118 1413 1345
f 1345 1413 2482
f 1321 215 2483
f 2483 215 1415
f 264 1416 1415
f 1415 1416 2483
f 1416 273 2483
f 2483 273 1322
f 220 1321 1322
f 1322 1321 2483
f 288 1418 1417
f 1417 1418 2484
f 304 1419 1418
f 1418 1419 2484
f 1419 289 2484
f 2484 289 1323
f 1323 273 2484
f 2484 273 1417
f 239 1324 1325
f 1325 1324 2485
f 1324 289 2485
f 2485 289 1420
f 279 1421 1420
f 1420 1421 2485
f 1421 232 2485
f 2485 232 1325
f 144 1328 1422
f 1422 1328 2486
f 185 1326 1328
f 1328 1326 2486
f 1326 232 2486
f 2486 232 1423
f 1423 202 2486
f 2486 202 1422
f 119 1359 1424
f 1424 1359 2487
f 1359 143 2487
f 2487 143 1329
f 144 1425 1329
f 1329 1425 2487
f 1425 120 2487
f 2487 120 1424
f 249 1427 1426
f 1426 1427 2488
f 1427 285 2488
f 2488 285 1428
f 272 1335 1428
f 1428 1335 2488
f 1335 238 2488
f 2488 238 1426
f 272 1429 1336
f 1336 1429 2489
f 1429 265 2489
f 2489 265 1430
f 1430 258 2489
f 2489 258 1337
f 260 1336 1337
f 1337 1336 2489
f 1431 163 2490
f 2490 163 1340
f 203 1338 1340
f 1340 1338 2490
f 1338 258 2490
f 2490 258 1432
f 235 1431 1432
f 1432 1431 2490
f 125 1339 1343
f 1343 1339 2491
f 163 1433 1339
f 1339 1433 2491
f 1433 149 2491
f 2491 149 1434
f 1434 106 2491
f 2491 106 1343
f 1349 175 2492
f 2492 175 1347
f 207 1398 1347
f 1347 1398 2492
f 1398 208 2492
f 2492 208 1435
f 176 1349 1435
f 1435 1349 2492
f 1436 173 2493
f 2493 173 1350
f 176 1437 1350
f 1350 1437 2493
f 1437 197 2493
f 2493 197 1438
f 196 1436 1438
f 1438 1436 2493
f 196 1439 1436
f 1436 1439 2494
f 1439 209 2494
f 2494 209 1440
f 198 1351 1440
f 1440 1351 2494
f 1351 173 2494
f 2494 173 1436
f 1441 230 2495
f 2495 230 1392
f 210 1353 1392
f 1392 1353 2495
f 1353 178 2495
f 2495 178 1352
f 198 1441 1352
f 1352 1441 2495
f 118 1356 1413
f 1413 1356 2496
f 1356 119 2496
f 2496 119 1424
f 120 1442 1424
f 1424 1442 2496
f 1442 117 2496
f 2496 117 1413
f 1357 106 2497
f 2497 106 1434
f 149 1443 1434
f 1434 1443 2497
f 1443 150 2497
f 2497 150 1386
f 107 1357 1386
f 1386 1357 2497
f 1360 136 2498
f 2498 136 1444
f 159 1402 1444
f 1444 1402 2498
f 1402 141 2498
f 2498 141 1363
f 137 1360 1363
f 1363 1360 2498
f 139 1445 1362
f 1362 1445 2499
f 1445 200 2499
f 2499 200 1446
f 199 1447 1446
f 1446 1447 2499
f 1447 136 2499
f 2499 136 1362
f 1445 139 2500
f 2500 139 1366
f 181 1448 1366
f 1366 1448 2500
f 1448 231 2500
f 2500 231 1449
f 200 1445 1449
f 1449 1445 2500
f 151 1368 1369
f 1369 1368 2501
f 1368 164 2501
f 2501 164 1450
f 187 1451 1450
f 1450 1451 2501
f 1451 165 2501
f 2501 165 1369
f 98 1370 1372
f 1372 1370 2502
f 1370 165 2502
f 2502 165 1452
f 1452 167 2502
f 2502 167 1453
f 1453 109 2502
f 2502 109 1372
f 1373 109 2503
f 2503 109 1453
f 1453 167 2503
f 2503 167 1454
f 1454 166 2503
f 2503 166 1455
f 108 1373 1455
f 1455 1373 2503
f 1374 108 2504
f 2504 108 1455
f 166 1456 1455
f 1455 1456 2504
f 1456 168 2504
f 2504 168 1457
f 110 1374 1457
f 1457 1374 2504
f 1385 128 2505
f 2505 128 1458
f 190 1459 1458
f 1458 1459 2505
f 1459 169 2505
f 2505 169 1377
f 1377 129 2505
f 2505 129 1385
f 1459 190 2506
f 2506 190 1460
f 191 1461 1460
f 1460 1461 2506
f 152 1378 1461
f 1461 1378 2506
f 169 1459 1378
f 1378 1459 2506
f 1461 191 2507
f 2507 191 1462
f 188 1463 1462
f 1462 1463 2507
f 1463 170 2507
f 2507 170 1379
f 152 1461 1379
f 1379 1461 2507
f 188 1464 1463
f 1463 1464 2508
f 1464 187 2508
f 2508 187 1450
f 164 1381 1450
f 1450 1381 2508
f 1381 170 2508
f 2508 170 1463
f 1382 110 2509
f 2509 110 1457
f 168 1465 1457
f 1457 1465 2509
f 189 1466 1465
f 1465 1466 2509
f 127 1382 1466
f 1466 1382 2509
f 134 1468 1467
f 1467 1468 2510
f 128 1384 1468
f 1468 1384 2510
f 1384 111 2510
f 2510 111 1383
f 127 1467 1383
f 1383 1467 2510
f 150 1469 1387
f 1387 1469 2511
f 1469 217 2511
f 2511 217 1470
f 236 1388 1470
f 1470 1388 2511
f 1388 171 2511
f 2511 171 1387
f 1471 248 2512
f 2512 248 1472
f 237 1390 1472
f 1472 1390 2512
f 1390 218 2512
f 2512 218 1389
f 236 1471 1389
f 1389 1471 2512
f 248 1473 1472
f 1472 1473 2513
f 1473 249 2513
f 2513 249 1426
f 238 1391 1426
f 1426 1391 2513
f 1391 237 2513
f 2513 237 1472
f 243 1475 1474
f 1474 1475 2514
f 1475 251 2514
f 2514 251 1395
f 240 1393 1395
f 1395 1393 2514
f 1393 230 2514
f 2514 230 1474
f 1396 251 2515
f 2515 251 1476
f 336 1477 1476
f 1476 1477 2515
f 1477 321 2515
f 2515 321 1478
f 1478 241 2515
f 2515 241 1396
f 1400 242 2516
f 2516 242 1479
f 229 1480 1479
f 1479 1480 2516
f 1480 208 2516
f 2516 208 1397
f 227 1400 1397
f 1397 1400 2516
f 241 1478 1399
f 1399 1478 2517
f 1478 321 2517
f 2517 321 1481
f 322 1482 1481
f 1481 1482 2517
f 242 1399 1482
f 1482 1399 2517
f 1401 159 2518
f 2518 159 1483
f 214 1484 1483
f 1483 1484 2518
f 1484 244 2518
f 2518 244 1403
f 201 1401 1403
f 1403 1401 2518
f 1404 244 2519
f 2519 244 1485
f 294 1486 1485
f 1485 1486 2519
f 1486 305 2519
f 2519 305 1405
f 250 1404 1405
f 1405 1404 2519
f 319 1488 1487
f 1487 1488 2520
f 335 1489 1488
f 1488 1489 2520
f 1489 320 2520
f 2520 320 1406
f 1406 305 2520
f 2520 305 1487
f 1408 261 2521
f 2521 261 1407
f 1407 320 2521
f 2521 320 1490
f 308 1491 1490
f 1490 1491 2521
f 1491 252 2521
f 2521 252 1408
f 1448 181 2522
f 2522 181 1410
f 213 1409 1410
f 1410 1409 2522
f 1409 252 2522
f 2522 252 1492
f 231 1448 1492
f 1492 1448 2522
f 1414 117 2523
f 2523 117 1493
f 160 1494 1493
f 1493 1494 2523
f 1494 186 2523
f 2523 186 1411
f 132 1414 1411
f 1411 1414 2523
f 1412 186 2524
f 2524 186 1495
f 245 1496 1495
f 1495 1496 2524
f 1496 264 2524
f 2524 264 1415
f 215 1412 1415
f 1415 1412 2524
f 1497 284 2525
f 2525 284 1498
f 1498 288 2525
f 2525 288 1417
f 273 1416 1417
f 1417 1416 2525
f 1416 264 2525
f 2525 264 1497
f 299 1500 1499
f 1499 1500 2526
f 1500 314 2526
f 2526 314 1501
f 1501 304 2526
f 2526 304 1418
f 1418 288 2526
f 2526 288 1499
f 1419 304 2527
f 2527 304 1502
f 1502 295 2527
f 2527 295 1503
f 1503 279 2527
f 2527 279 1420
f 289 1419 1420
f 1420 1419 2527
f 1504 202 2528
f 2528 202 1423
f 232 1421 1423
f 1423 1421 2528
f 1421 279 2528
f 2528 279 1505
f 255 1504 1505
f 1505 1504 2528
f 120 1425 1506
f 1506 1425 2529
f 1425 144 2529
f 2529 144 1422
f 202 1507 1422
f 1422 1507 2529
f 1507 161 2529
f 2529 161 1506
f 1427 249 2530
f 2530 249 1508
f 271 1509 1508
f 1508 1509 2530
f 1509 300 2530
f 2530 300 1510
f 285 1427 1510
f 1510 1427 2530
f 1429 272 2531
f 2531 272 1428
f 285 1511 1428
f 1428 1511 2531
f 266 1512 1511
f 1511 1512 2531
f 1512 265 2531
f 2531 265 1429
f 1430 265 2532
f 2532 265 1512
f 266 1513 1512
f 1512 1513 2532
f 1513 235 2532
f 2532 235 1432
f 258 1430 1432
f 1432 1430 2532
f 1433 163 2533
f 2533 163 1431
f 235 1514 1431
f 1431 1514 2533
f 1514 216 2533
f 2533 216 1515
f 149 1433 1515
f 1515 1433 2533
f 1437 176 2534
f 2534 176 1435
f 208 1480 1435
f 1435 1480 2534
f 1480 229 2534
f 2534 229 1516
f 197 1437 1516
f 1516 1437 2534
f 1438 197 2535
f 2535 197 1517
f 275 1518 1517
f 1517 1518 2535
f 1518 274 2535
f 2535 274 1519
f 196 1438 1519
f 1519 1438 2535
f 1439 196 2536
f 2536 196 1519
f 274 1520 1519
f 1519 1520 2536
f 1520 292 2536
f 2536 292 1521
f 209 1439 1521
f 1521 1439 2536
f 1522 243 2537
f 2537 243 1474
f 230 1441 1474
f 1474 1441 2537
f 1441 198 2537
f 2537 198 1440
f 209 1522 1440
f 1440 1522 2537
f 1442 120 2538
f 2538 120 1506
f 161 1523 1506
f 1506 1523 2538
f 1523 160 2538
f 2538 160 1493
f 117 1442 1493
f 1493 1442 2538
f 1443 149 2539
f 2539 149 1515
f 1515 216 2539
f 2539 216 1524
f 217 1469 1524
f 1524 1469 2539
f 150 1443 1469
f 1469 1443 2539
f 136 1447 1444
f 1444 1447 2540
f 1447 199 2540
f 2540 199 1525
f 214 1483 1525
f 1525 1483 2540
f 1483 159 2540
f 2540 159 1444
f 200 1526 1446
f 1446 1526 2541
f 254 1527 1526
f 1526 1527 2541
f 1527 253 2541
f 2541 253 1528
f 1528 199 2541
f 2541 199 1446
f 200 1449 1526
f 1526 1449 2542
f 231 1529 1449
f 1449 1529 2542
f 276 1530 1529
f 1529 1530 2542
f 1530 254 2542
f 2542 254 1526
f 1451 187 2543
f 2543 187 1531
f 166 1454 1531
f 1531 1454 2543
f 167 1452 1454
f 1454 1452 2543
f 165 1451 1452
f 1452 1451 2543
f 187 1464 1531
f 1531 1464 2544
f 1464 188 2544
f 2544 188 1532
f 168 1456 1532
f 1532 1456 2544
f 1456 166 2544
f 2544 166 1531
f 1468 134 2545
f 2545 134 1533
f 1533 204 2545
f 2545 204 1534
f 1534 190 2545
f 2545 190 1458
f 128 1468 1458
f 1458 1468 2545
f 204 1535 1534
f 1534 1535 2546
f 189 1536 1535
f 1535 1536 2546
f 1536 191 2546
f 2546 191 1460
f 190 1534 1460
f 1460 1534 2546
f 191 1536 1462
f 1462 1536 2547
f 1536 189 2547
f 2547 189 1465
f 1465 168 2547
f 2547 168 1532
f 1532 188 2547
f 2547 188 1462
f 1467 127 2548
f 2548 127 1466
f 1466 189 2548
f 2548 189 1535
f 1535 204 2548
f 2548 204 1533
f 1533 134 2548
f 2548 134 1467
f 217 1537 1470
f 1470 1537 2549
f 1537 247 2549
f 2549 247 1538
f 269 1539 1538
f 1538 1539 2549
f 236 1470 1539
f 1539 1470 2549
f 236 1539 1471
f 1471 1539 2550
f 1539 269 2550
f 2550 269 1540
f 270 1541 1540
f 1540 1541 2550
f 1541 248 2550
f 2550 248 1471
f 248 1541 1473
f 1473 1541 2551
f 1541 270 2551
f 2551 270 1542
f 1542 271 2551
f 2551 271 1508
f 249 1473 1508
f 1508 1473 2551
f 1475 243 2552
f 2552 243 1543
f 324 1544 1543
f 1543 1544 2552
f 1544 336 2552
f 2552 336 1476
f 251 1475 1476
f 1476 1475 2552
f 321 1477 1545
f 1545 1477 2553
f 1477 336 2553
f 2553 336 1546
f 354 1547 1546
f 1546 1547 2553
f 1547 337 2553
f 2553 337 1545
f 242 1482 1479
f 1479 1482 2554
f 1482 322 2554
f 2554 322 1548
f 306 1549 1548
f 1548 1549 2554
f 1549 229 2554
f 2554 229 1479
f 1545 337 2555
f 2555 337 1550
f 1550 338 2555
f 2555 338 1551
f 322 1481 1551
f 1551 1481 2555
f 321 1545 1481
f 1481 1545 2555
f 1484 214 2556
f 2556 214 1552
f 262 1553 1552
f 1552 1553 2556
f 1553 294 2556
f 2556 294 1485
f 244 1484 1485
f 1485 1484 2556
f 1554 313 2557
f 2557 313 1555
f 1555 319 2557
f 2557 319 1487
f 305 1486 1487
f 1487 1486 2557
f 1486 294 2557
f 2557 294 1554
f 329 1557 1556
f 1556 1557 2558
f 1557 345 2558
f 2558 345 1558
f 335 1488 1558
f 1558 1488 2558
f 1488 319 2558
f 2558 319 1556
f 1489 335 2559
f 2559 335 1559
f 325 1560 1559
f 1559 1560 2559
f 1560 308 2559
f 2559 308 1490
f 320 1489 1490
f 1490 1489 2559
f 1529 231 2560
f 2560 231 1492
f 252 1491 1492
f 1492 1491 2560
f 1491 308 2560
f 2560 308 1561
f 276 1529 1561
f 1561 1529 2560
f 1494 160 2561
f 2561 160 1562
f 233 1563 1562
f 1562 1563 2561
f 1563 245 2561
f 2561 245 1495
f 186 1494 1495
f 1495 1494 2561
f 283 1565 1564
f 1564 1565 2562
f 1565 284 2562
f 2562 284 1497
f 264 1496 1497
f 1497 1496 2562
f 1496 245 2562
f 2562 245 1564
f 1566 299 2563
f 2563 299 1499
f 288 1498 1499
f 1499 1498 2563
f 1498 284 2563
f 2563 284 1565
f 283 1566 1565
f 1565 1566 2563
f 1500 299 2564
f 2564 299 1567
f 317 1568 1567
f 1567 1568 2564
f 1568 330 2564
f 2564 330 1569
f 314 1500 1569
f 1569 1500 2564
f 304 1501 1502
f 1502 1501 2565
f 1501 314 2565
f 2565 314 1570
f 296 1571 1570
f 1570 1571 2565
f 1571 295 2565
f 2565 295 1502
f 1503 295 2566
f 2566 295 1571
f 296 1572 1571
f 1571 1572 2566
f 1572 255 2566
f 2566 255 1505
f 279 1503 1505
f 1505 1503 2566
f 161 1507 1573
f 1573 1507 2567
f 1507 202 2567
f 2567 202 1504
f 255 1574 1504
f 1504 1574 2567
f 1574 234 2567
f 2567 234 1573
f 1509 271 2568
f 2568 271 1575
f 1575 303 2568
f 2568 303 1576
f 1576 332 2568
f 2568 332 1577
f 300 1509 1577
f 1577 1509 2568
f 1511 285 2569
f 2569 285 1510
f 300 1578 1510
f 1510 1578 2569
f 1578 286 2569
f 2569 286 1579
f 266 1511 1579
f 1579 1511 2569
f 235 1513 1580
f 1580 1513 2570
f 1513 266 2570
f 2570 266 1579
f 286 1581 1579
f 1579 1581 2570
f 1581 259 2570
f 2570 259 1580
f 235 1580 1514
f 1514 1580 2571
f 259 1582 1580
f 1580 1582 2571
f 246 1583 1582
f 1582 1583 2571
f 1583 216 2571
f 2571 216 1514
f 229 1549 1516
f 1516 1549 2572
f 306 1584 1549
f 1549 1584 2572
f 1584 275 2572
f 2572 275 1517
f 197 1516 1517
f 1517 1516 2572
f 1585 274 2573
f 2573 274 1518
f 275 1586 1518
f 1518 1586 2573
f 1586 291 2573
f 2573 291 1587
f 290 1585 1587
f 1587 1585 2573
f 290 1588 1585
f 1585 1588 2574
f 1588 307 2574
f 2574 307 1589
f 292 1520 1589
f 1589 1520 2574
f 1520 274 2574
f 2574 274 1585
f 1522 209 2575
f 2575 209 1521
f 292 1590 1521
f 1521 1590 2575
f 1590 324 2575
f 2575 324 1543
f 243 1522 1543
f 1543 1522 2575
f 1523 161 2576
f 2576 161 1573
f 234 1591 1573
f 1573 1591 2576
f 1591 233 2576
f 2576 233 1562
f 160 1523 1562
f 1562 1523 2576
f 216 1583 1524
f 1524 1583 2577
f 1583 246 2577
f 2577 246 1592
f 247 1537 1592
f 1592 1537 2577
f 1537 217 2577
f 2577 217 1524
f 199 1528 1525
f 1525 1528 2578
f 1528 253 2578
f 2578 253 1593
f 262 1552 1593
f 1593 1552 2578
f 214 1525 1552
f 1552 1525 2578
f 1527 254 2579
f 2579 254 1594
f 278 1595 1594
f 1594 1595 2579
f 1595 277 2579
f 2579 277 1596
f 253 1527 1596
f 1596 1527 2579
f 254 1530 1594
f 1594 1530 2580
f 276 1597 1530
f 1530 1597 2580
f 1597 309 2580
f 2580 309 1598
f 1598 278 2580
f 2580 278 1594
f 247 1599 1538
f 1538 1599 2581
f 1599 268 2581
f 2581 268 1600
f 301 1601 1600
f 1600 1601 2581
f 1601 269 2581
f 2581 269 1538
f 269 1601 1540
f 1540 1601 2582
f 1601 301 2582
f 2582 301 1602
f 302 1603 1602
f 1602 1603 2582
f 1603 270 2582
f 2582 270 1540
f 270 1603 1542
f 1542 1603 2583
f 1603 302 2583
f 2583 302 1604
f 303 1575 1604
f 1604 1575 2583
f 1575 271 2583
f 2583 271 1542
f 344 1606 1605
f 1605 1606 2584
f 1606 354 2584
f 2584 354 1546
f 336 1544 1546
f 1546 1544 2584
f 1544 324 2584
f 2584 324 1605
f 1607 337 2585
f 2585 337 1547
f 1547 354 2585
f 2585 354 1608
f 359 1609 1608
f 1608 1609 2585
f 355 1607 1609
f 1609 1607 2585
f 338 1610 1551
f 1551 1610 2586
f 1610 339 2586
f 2586 339 1611
f 306 1548 1611
f 1611 1548 2586
f 1548 322 2586
f 2586 322 1551
f 1607 355 2587
f 2587 355 1612
f 339 1610 1612
f 1612 1610 2587
f 1610 338 2587
f 2587 338 1550
f 337 1607 1550
f 1550 1607 2587
f 1613 312 2588
f 2588 312 1614
f 313 1554 1614
f 1614 1554 2588
f 294 1553 1554
f 1554 1553 2588
f 262 1613 1553
f 1553 1613 2588
f 1615 329 2589
f 2589 329 1556
f 319 1555 1556
f 1556 1555 2589
f 1555 313 2589
f 2589 313 1614
f 312 1615 1614
f 1614 1615 2589
f 1557 329 2590
f 2590 329 1616
f 348 1617 1616
f 1616 1617 2590
f 1617 360 2590
f 2590 360 1618
f 345 1557 1618
f 1618 1557 2590
f 335 1558 1559
f 1559 1558 2591
f 1558 345 2591
f 2591 345 1619
f 326 1620 1619
f 1619 1620 2591
f 1620 325 2591
f 2591 325 1559
f 1560 325 2592
f 2592 325 1620
f 1620 326 2592
f 2592 326 1621
f 1621 276 2592
f 2592 276 1561
f 308 1560 1561
f 1561 1560 2592
f 1563 233 2593
f 2593 233 1622
f 256 1623 1622
f 1622 1623 2593
f 1623 263 2593
f 2593 263 1624
f 245 1563 1624
f 1624 1563 2593
f 245 1624 1564
f 1564 1624 2594
f 263 1625 1624
f 1624 1625 2594
f 1625 298 2594
f 2594 298 1626
f 1626 283 2594
f 2594 283 1564
f 1566 283 2595
f 2595 283 1626
f 298 1627 1626
f 1626 1627 2595
f 1627 317 2595
f 2595 317 1567
f 299 1566 1567
f 1567 1566 2595
f 1568 317 2596
f 2596 317 1628
f 1628 352 2596
f 2596 352 1629
f 1629 362 2596
f 2596 362 1630
f 330 1568 1630
f 1630 1568 2596
f 314 1569 1570
f 1570 1569 2597
f 330 1631 1569
f 1569 1631 2597
f 1631 315 2597
f 2597 315 1632
f 296 1570 1632
f 1632 1570 2597
f 255 1572 1633
f 1633 1572 2598
f 1572 296 2598
f 2598 296 1632
f 315 1634 1632
f 1632 1634 2598
f 280 1633 1634
f 1634 1633 2598
f 1635 234 2599
f 2599 234 1574
f 255 1633 1574
f 1574 1633 2599
f 1633 280 2599
f 2599 280 1636
f 257 1635 1636
f 1636 1635 2599
f 303 1637 1576
f 1576 1637 2600
f 1637 368 2600
f 2600 368 1638
f 388 1639 1638
f 1638 1639 2600
f 1639 332 2600
f 2600 332 1576
f 1578 300 2601
f 2601 300 1577
f 332 1640 1577
f 1577 1640 2601
f 1640 318 2601
f 2601 318 1641
f 286 1578 1641
f 1641 1578 2601
f 259 1581 1642
f 1642 1581 2602
f 1581 286 2602
f 2602 286 1641
f 318 1643 1641
f 1641 1643 2602
f 1643 287 2602
f 2602 287 1642
f 1582 259 2603
f 2603 259 1642
f 1642 287 2603
f 2603 287 1644
f 267 1645 1644
f 1644 1645 2603
f 1645 246 2603
f 2603 246 1582
f 1586 275 2604
f 2604 275 1584
f 306 1646 1584
f 1584 1646 2604
f 1646 323 2604
f 2604 323 1647
f 291 1586 1647
f 1647 1586 2604
f 291 1648 1587
f 1587 1648 2605
f 340 1649 1648
f 1648 1649 2605
f 1649 341 2605
f 2605 341 1650
f 1650 290 2605
f 2605 290 1587
f 1588 290 2606
f 2606 290 1650
f 341 1651 1650
f 1650 1651 2606
f 1651 357 2606
f 2606 357 1652
f 307 1588 1652
f 1652 1588 2606
f 1653 342 2607
f 2607 342 1654
f 343 1655 1654
f 1654 1655 2607
f 1655 292 2607
f 2607 292 1589
f 307 1653 1589
f 1589 1653 2607
f 1655 343 2608
f 2608 343 1656
f 344 1605 1656
f 1656 1605 2608
f 324 1590 1605
f 1605 1590 2608
f 292 1655 1590
f 1590 1655 2608
f 234 1635 1591
f 1591 1635 2609
f 1635 257 2609
f 2609 257 1657
f 1657 256 2609
f 2609 256 1622
f 233 1591 1622
f 1622 1591 2609
f 246 1645 1592
f 1592 1645 2610
f 1645 267 2610
f 2610 267 1658
f 268 1599 1658
f 1658 1599 2610
f 1599 247 2610
f 2610 247 1592
f 1593 253 2611
f 2611 253 1596
f 277 1659 1596
f 1596 1659 2611
f 1659 293 2611
f 2611 293 1660
f 262 1593 1660
f 1660 1593 2611
f 278 1661 1595
f 1595 1661 2612
f 1661 311 2612
f 2612 311 1662
f 310 1663 1662
f 1662 1663 2612
f 1663 277 2612
f 2612 277 1595
f 276 1621 1597
f 1597 1621 2613
f 1621 326 2613
f 2613 326 1664
f 346 1665 1664
f 1664 1665 2613
f 1665 309 2613
f 2613 309 1597
f 278 1598 1661
f 1661 1598 2614
f 1598 309 2614
f 2614 309 1666
f 347 1667 1666
f 1666 1667 2614
f 311 1661 1667
f 1667 1661 2614
f 268 1668 1600
f 1600 1668 2615
f 1668 334 2615
f 2615 334 1669
f 366 1670 1669
f 1669 1670 2615
f 1670 301 2615
f 2615 301 1600
f 301 1670 1602
f 1602 1670 2616
f 1670 366 2616
f 2616 366 1671
f 367 1672 1671
f 1671 1672 2616
f 1672 302 2616
f 2616 302 1602
f 302 1672 1604
f 1604 1672 2617
f 1672 367 2617
f 2617 367 1673
f 368 1637 1673
f 1673 1637 2617
f 1637 303 2617
f 2617 303 1604
f 1674 359 2618
f 2618 359 1608
f 354 1606 1608
f 1608 1606 2618
f 1606 344 2618
f 2618 344 1656
f 343 1674 1656
f 1656 1674 2618
f 355 1609 1675
f 1675 1609 2619
f 1609 359 2619
f 2619 359 1676
f 358 1677 1676
f 1676 1677 2619
f 1677 369 2619
f 2619 369 1675
f 356 1679 1678
f 1678 1679 2620
f 1679 323 2620
f 2620 323 1646
f 306 1611 1646
f 1646 1611 2620
f 1611 339 2620
f 2620 339 1678
f 1675 369 2621
f 2621 369 1680
f 356 1678 1680
f 1680 1678 2621
f 1678 339 2621
f 2621 339 1612
f 355 1675 1612
f 1612 1675 2621
f 262 1660 1613
f 1613 1660 2622
f 293 1681 1660
f 1660 1681 2622
f 1681 328 2622
f 2622 328 1682
f 312 1613 1682
f 1682 1613 2622
f 1615 312 2623
f 2623 312 1682
f 328 1683 1682
f 1682 1683 2623
f 1683 348 2623
f 2623 348 1616
f 329 1615 1616
f 1616 1615 2623
f 1617 348 2624
f 2624 348 1684
f 1684 374 2624
f 2624 374 1685
f 384 1686 1685
f 1685 1686 2624
f 360 1617 1686
f 1686 1617 2624
f 1619 345 2625
f 2625 345 1618
f 360 1687 1618
f 1618 1687 2625
f 1687 346 2625
f 2625 346 1664
f 1664 326 2625
f 2625 326 1619
f 1623 256 2626
f 2626 256 1688
f 281 1689 1688
f 1688 1689 2626
f 1689 297 2626
f 2626 297 1690
f 263 1623 1690
f 1690 1623 2626
f 1625 263 2627
f 2627 263 1690
f 297 1691 1690
f 1690 1691 2627
f 331 1692 1691
f 1691 1692 2627
f 298 1625 1692
f 1692 1625 2627
f 298 1692 1627
f 1627 1692 2628
f 1692 331 2628
f 2628 331 1693
f 352 1628 1693
f 1693 1628 2628
f 1628 317 2628
f 2628 317 1627
f 1629 352 2629
f 2629 352 1694
f 408 1695 1694
f 1694 1695 2629
f 1695 420 2629
f 2629 420 1696
f 362 1629 1696
f 1696 1629 2629
f 1631 330 2630
f 2630 330 1630
f 362 1697 1630
f 1630 1697 2630
f 1697 349 2630
f 2630 349 1698
f 315 1631 1698
f 1698 1631 2630
f 1699 280 2631
f 2631 280 1634
f 1634 315 2631
f 2631 315 1698
f 349 1700 1698
f 1698 1700 2631
f 316 1699 1700
f 1700 1699 2631
f 1701 257 2632
f 2632 257 1636
f 280 1699 1636
f 1636 1699 2632
f 1699 316 2632
f 2632 316 1702
f 282 1701 1702
f 1702 1701 2632
f 1703 388 2633
f 2633 388 1638
f 368 1704 1638
f 1638 1704 2633
f 1704 382 2633
f 2633 382 1705
f 1705 409 2633
f 2633 409 1703
f 332 1639 1640
f 1640 1639 2634
f 1639 388 2634
f 2634 388 1706
f 1706 378 2634
f 2634 378 1707
f 318 1640 1707
f 1707 1640 2634
f 287 1643 1708
f 1708 1643 2635
f 1643 318 2635
f 2635 318 1707
f 378 1709 1707
f 1707 1709 2635
f 353 1708 1709
f 1709 1708 2635
f 1644 287 2636
f 2636 287 1708
f 353 1710 1708
f 1708 1710 2636
f 333 1711 1710
f 1710 1711 2636
f 1711 267 2636
f 2636 267 1644
f 1648 291 2637
f 2637 291 1647
f 1647 323 2637
f 2637 323 1712
f 1712 370 2637
f 2637 370 1713
f 1713 340 2637
f 2637 340 1648
f 341 1649 1714
f 1714 1649 2638
f 1649 340 2638
f 2638 340 1715
f 397 1716 1715
f 1715 1716 2638
f 1716 396 2638
f 2638 396 1714
f 396 1717 1714
f 1714 1717 2639
f 1717 417 2639
f 2639 417 1718
f 357 1651 1718
f 1718 1651 2639
f 1651 341 2639
f 2639 341 1714
f 1653 307 2640
f 2640 307 1652
f 357 1719 1652
f 1652 1719 2640
f 1719 383 2640
f 2640 383 1720
f 342 1653 1720
f 1720 1653 2640
f 1721 358 2641
f 2641 358 1676
f 359 1674 1676
f 1676 1674 2641
f 1674 343 2641
f 2641 343 1654
f 342 1721 1654
f 1654 1721 2641
f 257 1701 1657
f 1657 1701 2642
f 1701 282 2642
f 2642 282 1722
f 1722 281 2642
f 2642 281 1688
f 256 1657 1688
f 1688 1657 2642
f 267 1711 1658
f 1658 1711 2643
f 1711 333 2643
f 2643 333 1723
f 334 1668 1723
f 1723 1668 2643
f 1668 268 2643
f 2643 268 1658
f 277 1663 1659
f 1659 1663 2644
f 1663 310 2644
f 2644 310 1724
f 1724 327 2644
f 2644 327 1725
f 1725 293 2644
f 2644 293 1659
f 311 1726 1662
f 1662 1726 2645
f 1726 373 2645
f 2645 373 1727
f 372 1728 1727
f 1727 1728 2645
f 1728 310 2645
f 2645 310 1662
f 309 1665 1666
f 1666 1665 2646
f 1665 346 2646
f 2646 346 1729
f 371 1730 1729
f 1729 1730 2646
f 1730 347 2646
f 2646 347 1666
f 1726 311 2647
f 2647 311 1667
f 1667 347 2647
f 2647 347 1731
f 399 1732 1731
f 1731 1732 2647
f 373 1726 1732
f 1732 1726 2647
f 334 1733 1669
f 1669 1733 2648
f 1733 365 2648
f 2648 365 1734
f 393 1735 1734
f 1734 1735 2648
f 1735 366 2648
f 2648 366 1669
f 380 1737 1736
f 1736 1737 2649
f 381 1738 1737
f 1737 1738 2649
f 1738 367 2649
f 2649 367 1671
f 366 1736 1671
f 1671 1736 2649
f 1738 381 2650
f 2650 381 1739
f 382 1704 1739
f 1739 1704 2650
f 1704 368 2650
f 2650 368 1673
f 367 1738 1673
f 1673 1738 2650
f 1677 358 2651
f 2651 358 1740
f 398 1741 1740
f 1740 1741 2651
f 1741 416 2651
f 2651 416 1742
f 369 1677 1742
f 1742 1677 2651
f 1712 323 2652
f 2652 323 1679
f 356 1743 1679
f 1679 1743 2652
f 1743 395 2652
f 2652 395 1744
f 370 1712 1744
f 1744 1712 2652
f 369 1742 1680
f 1680 1742 2653
f 1742 416 2653
f 2653 416 1745
f 395 1743 1745
f 1745 1743 2653
f 1743 356 2653
f 2653 356 1680
f 293 1725 1681
f 1681 1725 2654
f 1725 327 2654
f 2654 327 1746
f 361 1747 1746
f 1746 1747 2654
f 1747 328 2654
f 2654 328 1681
f 328 1747 1683
f 1683 1747 2655
f 1747 361 2655
f 2655 361 1748
f 374 1684 1748
f 1748 1684 2655
f 348 1683 1684
f 1684 1683 2655
f 374 1749 1685
f 1685 1749 2656
f 1749 444 2656
f 2656 444 1750
f 460 1751 1750
f 1750 1751 2656
f 1751 384 2656
f 2656 384 1685
f 1687 360 2657
f 2657 360 1686
f 1686 384 2657
f 2657 384 1752
f 1752 371 2657
f 2657 371 1729
f 346 1687 1729
f 1729 1687 2657
f 1689 281 2658
f 2658 281 1753
f 350 1754 1753
f 1753 1754 2658
f 1754 363 2658
f 2658 363 1755
f 297 1689 1755
f 1755 1689 2658
f 1691 297 2659
f 2659 297 1755
f 363 1756 1755
f 1755 1756 2659
f 1756 387 2659
f 2659 387 1757
f 331 1691 1757
f 1757 1691 2659
f 331 1757 1693
f 1693 1757 2660
f 387 1758 1757
f 1757 1758 2660
f 408 1694 1758
f 1758 1694 2660
f 1694 352 2660
f 2660 352 1693
f 1759 420 2661
f 2661 420 1695
f 408 1760 1695
f 1695 1760 2661
f 1760 428 2661
f 2661 428 1761
f 445 1759 1761
f 1761 1759 2661
f 1697 362 2662
f 2662 362 1696
f 420 1762 1696
f 1696 1762 2662
f 402 1763 1762
f 1762 1763 2662
f 349 1697 1763
f 1763 1697 2662
f 1764 316 2663
f 2663 316 1700
f 349 1763 1700
f 1700 1763 2663
f 1763 402 2663
f 2663 402 1765
f 375 1764 1765
f 1765 1764 2663
f 1766 282 2664
f 2664 282 1702
f 316 1764 1702
f 1702 1764 2664
f 1764 375 2664
f 2664 375 1767
f 1767 351 2664
f 2664 351 1766
f 409 1768 1703
f 1703 1768 2665
f 1768 389 2665
f 2665 389 1769
f 378 1706 1769
f 1769 1706 2665
f 1706 388 2665
f 2665 388 1703
f 409 1705 1770
f 1770 1705 2666
f 1705 382 2666
f 2666 382 1771
f 394 1772 1771
f 1771 1772 2666
f 1772 410 2666
f 2666 410 1770
f 389 1773 1769
f 1769 1773 2667
f 1773 390 2667
f 2667 390 1774
f 1774 353 2667
f 2667 353 1709
f 1709 378 2667
f 2667 378 1769
f 1710 353 2668
f 2668 353 1775
f 1775 379 2668
f 2668 379 1776
f 364 1777 1776
f 1776 1777 2668
f 1777 333 2668
f 2668 333 1710
f 340 1713 1715
f 1715 1713 2669
f 1713 370 2669
f 2669 370 1778
f 435 1779 1778
f 1778 1779 2669
f 397 1715 1779
f 1779 1715 2669
f 397 1780 1716
f 1716 1780 2670
f 437 1781 1780
f 1780 1781 2670
f 1781 436 2670
f 2670 436 1782
f 1782 396 2670
f 2670 396 1716
f 1717 396 2671
f 2671 396 1782
f 436 1783 1782
f 1782 1783 2671
f 1783 458 2671
f 2671 458 1784
f 417 1717 1784
f 1784 1717 2671
f 1785 459 2672
f 2672 459 1786
f 383 1719 1786
f 1786 1719 2672
f 1719 357 2672
f 2672 357 1718
f 417 1785 1718
f 1718 1785 2672
f 1721 342 2673
f 2673 342 1720
f 383 1787 1720
f 1720 1787 2673
f 1787 398 2673
f 2673 398 1740
f 358 1721 1740
f 1740 1721 2673
f 1722 282 2674
f 2674 282 1766
f 1766 351 2674
f 2674 351 1788
f 1788 350 2674
f 2674 350 1753
f 281 1722 1753
f 1753 1722 2674
f 333 1777 1723
f 1723 1777 2675
f 1777 364 2675
f 2675 364 1789
f 365 1733 1789
f 1789 1733 2675
f 1733 334 2675
f 2675 334 1723
f 1724 310 2676
f 2676 310 1728
f 372 1790 1728
f 1728 1790 2676
f 385 1791 1790
f 1790 1791 2676
f 327 1724 1791
f 1791 1724 2676
f 373 1792 1727
f 1727 1792 2677
f 1792 401 2677
f 2677 401 1793
f 400 1794 1793
f 1793 1794 2677
f 1794 372 2677
f 2677 372 1727
f 347 1730 1731
f 1731 1730 2678
f 1730 371 2678
f 2678 371 1795
f 1795 438 2678
f 2678 438 1796
f 399 1731 1796
f 1796 1731 2678
f 1792 373 2679
f 2679 373 1732
f 399 1797 1732
f 1732 1797 2679
f 1797 439 2679
f 2679 439 1798
f 401 1792 1798
f 1798 1792 2679
f 365 1799 1734
f 1734 1799 2680
f 1799 392 2680
f 2680 392 1800
f 433 1801 1800
f 1800 1801 2680
f 1801 393 2680
f 2680 393 1734
f 366 1735 1736
f 1736 1735 2681
f 1735 393 2681
f 2681 393 1802
f 1802 415 2681
f 2681 415 1803
f 1803 380 2681
f 2681 380 1736
f 1804 394 2682
f 2682 394 1771
f 382 1739 1771
f 1771 1739 2682
f 1739 381 2682
f 2682 381 1737
f 380 1804 1737
f 1737 1804 2682
f 416 1741 1805
f 1805 1741 2683
f 1741 398 2683
f 2683 398 1806
f 484 1807 1806
f 1806 1807 2683
f 1807 500 2683
f 2683 500 1805
f 1808 478 2684
f 2684 478 1809
f 435 1778 1809
f 1809 1778 2684
f 1778 370 2684
f 2684 370 1744
f 395 1808 1744
f 1744 1808 2684
f 1805 500 2685
f 2685 500 1810
f 478 1808 1810
f 1810 1808 2685
f 1808 395 2685
f 2685 395 1745
f 416 1805 1745
f 1745 1805 2685
f 327 1791 1746
f 1746 1791 2686
f 385 1811 1791
f 1791 1811 2686
f 419 1812 1811
f 1811 1812 2686
f 1812 361 2686
f 2686 361 1746
f 361 1812 1748
f 1748 1812 2687
f 1812 419 2687
f 2687 419 1813
f 444 1749 1813
f 1813 1749 2687
f 1749 374 2687
f 2687 374 1748
f 1814 460 2688
f 2688 460 1750
f 444 1815 1750
f 1750 1815 2688
f 1815 468 2688
f 2688 468 1816
f 485 1814 1816
f 1816 1814 2688
f 384 1751 1752
f 1752 1751 2689
f 1751 460 2689
f 2689 460 1817
f 438 1795 1817
f 1817 1795 2689
f 1795 371 2689
f 2689 371 1752
f 1754 350 2690
f 2690 350 1818
f 376 1819 1818
f 1818 1819 2690
f 1819 386 2690
f 2690 386 1820
f 363 1754 1820
f 1820 1754 2690
f 406 1822 1821
f 1821 1822 2691
f 1822 407 2691
f 2691 407 1823
f 387 1756 1823
f 1823 1756 2691
f 1756 363 2691
f 2691 363 1821
f 1824 428 2692
f 2692 428 1760
f 1760 408 2692
f 2692 408 1758
f 1758 387 2692
f 2692 387 1823
f 407 1824 1823
f 1823 1824 2692
f 1759 445 2693
f 2693 445 1825
f 1825 421 2693
f 2693 421 1826
f 1826 402 2693
f 2693 402 1762
f 420 1759 1762
f 1762 1759 2693
f 1827 445 2694
f 2694 445 1761
f 428 1828 1761
f 1761 1828 2694
f 1828 427 2694
f 2694 427 1829
f 446 1827 1829
f 1829 1827 2694
f 1826 421 2695
f 2695 421 1830
f 422 1831 1830
f 1830 1831 2695
f 1831 375 2695
f 2695 375 1765
f 402 1826 1765
f 1765 1826 2695
f 1832 351 2696
f 2696 351 1767
f 375 1833 1767
f 1767 1833 2696
f 1833 403 2696
f 2696 403 1834
f 377 1832 1834
f 1834 1832 2696
f 409 1770 1768
f 1768 1770 2697
f 1770 410 2697
f 2697 410 1835
f 390 1773 1835
f 1835 1773 2697
f 1773 389 2697
f 2697 389 1768
f 410 1772 1836
f 1836 1772 2698
f 1772 394 2698
f 2698 394 1837
f 434 1838 1837
f 1837 1838 2698
f 429 1836 1838
f 1838 1836 2698
f 353 1774 1775
f 1775 1774 2699
f 1774 390 2699
f 2699 390 1839
f 411 1840 1839
f 1839 1840 2699
f 1840 379 2699
f 2699 379 1775
f 1841 364 2700
f 2700 364 1776
f 379 1842 1776
f 1776 1842 2700
f 1842 412 2700
f 2700 412 1843
f 391 1841 1843
f 1843 1841 2700
f 1780 397 2701
f 2701 397 1779
f 435 1844 1779
f 1779 1844 2701
f 1844 479 2701
f 2701 479 1845
f 437 1780 1845
f 1845 1780 2701
f 1846 436 2702
f 2702 436 1781
f 1781 437 2702
f 2702 437 1847
f 481 1848 1847
f 1847 1848 2702
f 1848 480 2702
f 2702 480 1846
f 1783 436 2703
f 2703 436 1846
f 480 1849 1846
f 1846 1849 2703
f 1849 505 2703
f 2703 505 1850
f 458 1783 1850
f 1850 1783 2703
f 1851 417 2704
f 2704 417 1784
f 458 1852 1784
f 1784 1852 2704
f 1852 506 2704
f 2704 506 1853
f 482 1851 1853
f 1853 1851 2704
f 1851 482 2705
f 2705 482 1854
f 483 1855 1854
f 1854 1855 2705
f 1855 459 2705
f 2705 459 1785
f 417 1851 1785
f 1785 1851 2705
f 1856 484 2706
f 2706 484 1806
f 398 1787 1806
f 1806 1787 2706
f 1787 383 2706
f 2706 383 1786
f 459 1856 1786
f 1786 1856 2706
f 351 1832 1788
f 1788 1832 2707
f 1832 377 2707
f 2707 377 1857
f 376 1818 1857
f 1857 1818 2707
f 350 1788 1818
f 1818 1788 2707
f 364 1841 1789
f 1789 1841 2708
f 1841 391 2708
f 2708 391 1858
f 392 1799 1858
f 1858 1799 2708
f 1799 365 2708
f 2708 365 1789
f 1790 372 2709
f 2709 372 1794
f 400 1859 1794
f 1794 1859 2709
f 1859 418 2709
f 2709 418 1860
f 385 1790 1860
f 1860 1790 2709
f 1861 400 2710
f 2710 400 1793
f 401 1862 1793
f 1793 1862 2710
f 1862 441 2710
f 2710 441 1863
f 440 1861 1863
f 1863 1861 2710
f 1864 461 2711
f 2711 461 1865
f 462 1866 1865
f 1865 1866 2711
f 1866 399 2711
f 2711 399 1796
f 438 1864 1796
f 1796 1864 2711
f 399 1866 1797
f 1797 1866 2712
f 1866 462 2712
f 2712 462 1867
f 487 1868 1867
f 1867 1868 2712
f 1868 439 2712
f 2712 439 1797
f 1862 401 2713
f 2713 401 1798
f 439 1869 1798
f 1798 1869 2713
f 1869 488 2713
f 2713 488 1870
f 441 1862 1870
f 1870 1862 2713
f 392 1871 1800
f 1800 1871 2714
f 1871 414 2714
f 2714 414 1872
f 456 1873 1872
f 1872 1873 2714
f 1873 433 2714
f 2714 433 1800
f 1874 457 2715
f 2715 457 1875
f 415 1802 1875
f 1875 1802 2715
f 393 1801 1802
f 1802 1801 2715
f 433 1874 1801
f 1801 1874 2715
f 1804 380 2716
f 2716 380 1803
f 415 1876 1803
f 1803 1876 2716
f 1876 434 2716
f 2716 434 1837
f 394 1804 1837
f 1837 1804 2716
f 500 1807 1877
f 1877 1807 2717
f 1807 484 2717
f 2717 484 1878
f 508 1879 1878
f 1878 1879 2717
f 1879 525 2717
f 2717 525 1877
f 501 1881 1880
f 1880 1881 2718
f 1881 502 2718
f 2718 502 1882
f 435 1809 1882
f 1882 1809 2718
f 1809 478 2718
f 2718 478 1880
f 525 1883 1877
f 1877 1883 2719
f 1883 501 2719
f 2719 501 1880
f 478 1810 1880
f 1880 1810 2719
f 1810 500 2719
f 2719 500 1877
f 442 1885 1884
f 1884 1885 2720
f 1885 443 2720
f 2720 443 1886
f 419 1811 1886
f 1886 1811 2720
f 1811 385 2720
f 2720 385 1884
f 468 1815 1887
f 1887 1815 2721
f 1815 444 2721
f 2721 444 1813
f 419 1886 1813
f 1813 1886 2721
f 1886 443 2721
f 2721 443 1887
f 485 1888 1814
f 1814 1888 2722
f 1888 461 2722
f 2722 461 1864
f 438 1817 1864
f 1864 1817 2722
f 460 1814 1817
f 1817 1814 2722
f 1889 485 2723
f 2723 485 1816
f 468 1890 1816
f 1816 1890 2723
f 1890 467 2723
f 2723 467 1891
f 486 1889 1891
f 1891 1889 2723
f 1819 376 2724
f 2724 376 1892
f 404 1893 1892
f 1892 1893 2724
f 1893 425 2724
f 2724 425 1894
f 386 1819 1894
f 1894 1819 2724
f 363 1820 1821
f 1821 1820 2725
f 386 1895 1820
f 1820 1895 2725
f 1895 426 2725
f 2725 426 1896
f 406 1821 1896
f 1896 1821 2725
f 1897 427 2726
f 2726 427 1828
f 428 1824 1828
f 1828 1824 2726
f 1824 407 2726
f 2726 407 1822
f 406 1897 1822
f 1822 1897 2726
f 445 1827 1825
f 1825 1827 2727
f 1827 446 2727
f 2727 446 1898
f 1898 422 2727
f 2727 422 1830
f 1830 421 2727
f 2727 421 1825
f 1899 446 2728
f 2728 446 1829
f 1829 427 2728
f 2728 427 1900
f 452 1901 1900
f 1900 1901 2728
f 469 1899 1901
f 1901 1899 2728
f 375 1831 1833
f 1833 1831 2729
f 1831 422 2729
f 2729 422 1902
f 1902 447 2729
f 2729 447 1903
f 403 1833 1903
f 1903 1833 2729
f 1904 377 2730
f 2730 377 1834
f 403 1905 1834
f 1834 1905 2730
f 1905 448 2730
f 2730 448 1906
f 405 1904 1906
f 1906 1904 2730
f 410 1836 1835
f 1835 1836 2731
f 1836 429 2731
f 2731 429 1907
f 411 1839 1907
f 1907 1839 2731
f 1839 390 2731
f 2731 390 1835
f 1838 434 2732
f 2732 434 1908
f 477 1909 1908
f 1908 1909 2732
f 474 1910 1909
f 1909 1910 2732
f 1910 429 2732
f 2732 429 1838
f 1911 453 2733
f 2733 453 1912
f 412 1842 1912
f 1912 1842 2733
f 1842 379 2733
f 2733 379 1840
f 411 1911 1840
f 1840 1911 2733
f 1913 391 2734
f 2734 391 1843
f 412 1914 1843
f 1843 1914 2734
f 1914 430 2734
f 2734 430 1915
f 413 1913 1915
f 1915 1913 2734
f 1844 435 2735
f 2735 435 1882
f 502 1916 1882
f 1882 1916 2735
f 1916 527 2735
f 2735 527 1917
f 479 1844 1917
f 1917 1844 2735
f 1847 437 2736
f 2736 437 1845
f 479 1918 1845
f 1845 1918 2736
f 1918 528 2736
f 2736 528 1919
f 1919 481 2736
f 2736 481 1847
f 480 1848 1920
f 1920 1848 2737
f 1848 481 2737
f 2737 481 1921
f 504 1922 1921
f 1921 1922 2737
f 1922 503 2737
f 2737 503 1920
f 1920 503 2738
f 2738 503 1923
f 1923 531 2738
f 2738 531 1924
f 505 1849 1924
f 1924 1849 2738
f 480 1920 1849
f 1849 1920 2738
f 1925 547 2739
f 2739 547 1926
f 506 1852 1926
f 1926 1852 2739
f 1852 458 2739
f 2739 458 1850
f 505 1925 1850
f 1850 1925 2739
f 1927 482 2740
f 2740 482 1853
f 506 1928 1853
f 1853 1928 2740
f 1928 532 2740
f 2740 532 1929
f 507 1927 1929
f 1929 1927 2740
f 1927 507 2741
f 2741 507 1930
f 508 1931 1930
f 1930 1931 2741
f 1931 483 2741
f 2741 483 1854
f 482 1927 1854
f 1854 1927 2741
f 1931 508 2742
f 2742 508 1878
f 484 1856 1878
f 1878 1856 2742
f 1856 459 2742
f 2742 459 1855
f 483 1931 1855
f 1855 1931 2742
f 1892 376 2743
f 2743 376 1857
f 377 1904 1857
f 1857 1904 2743
f 1904 405 2743
f 2743 405 1932
f 404 1892 1932
f 1932 1892 2743
f 1913 413 2744
f 2744 413 1933
f 414 1871 1933
f 1933 1871 2744
f 1871 392 2744
f 2744 392 1858
f 391 1913 1858
f 1858 1913 2744
f 400 1861 1859
f 1859 1861 2745
f 1861 440 2745
f 2745 440 1934
f 1934 465 2745
f 2745 465 1935
f 418 1859 1935
f 1935 1859 2745
f 385 1860 1884
f 1884 1860 2746
f 1860 418 2746
f 2746 418 1936
f 466 1937 1936
f 1936 1937 2746
f 1937 442 2746
f 2746 442 1884
f 1938 440 2747
f 2747 440 1863
f 441 1939 1863
f 1863 1939 2747
f 1939 464 2747
f 2747 464 1940
f 463 1938 1940
f 1940 1938 2747
f 485 1889 1888
f 1888 1889 2748
f 1889 486 2748
f 2748 486 1941
f 1941 462 2748
f 2748 462 1865
f 1865 461 2748
f 2748 461 1888
f 486 1942 1941
f 1941 1942 2749
f 1942 509 2749
f 2749 509 1943
f 487 1867 1943
f 1943 1867 2749
f 462 1941 1867
f 1867 1941 2749
f 1944 533 2750
f 2750 533 1945
f 488 1869 1945
f 1945 1869 2750
f 1869 439 2750
f 2750 439 1868
f 487 1944 1868
f 1868 1944 2750
f 1939 441 2751
f 2751 441 1870
f 488 1946 1870
f 1870 1946 2751
f 1946 510 2751
f 2751 510 1947
f 464 1939 1947
f 1947 1939 2751
f 414 1948 1872
f 1872 1948 2752
f 432 1949 1948
f 1948 1949 2752
f 455 1950 1949
f 1949 1950 2752
f 1950 456 2752
f 2752 456 1872
f 1951 476 2753
f 2753 476 1952
f 457 1874 1952
f 1952 1874 2753
f 1874 433 2753
f 2753 433 1873
f 456 1951 1873
f 1873 1951 2753
f 1953 477 2754
f 2754 477 1908
f 434 1876 1908
f 1908 1876 2754
f 1876 415 2754
f 2754 415 1875
f 457 1953 1875
f 1875 1953 2754
f 525 1879 1954
f 1954 1879 2755
f 1879 508 2755
f 2755 508 1930
f 507 1955 1930
f 1930 1955 2755
f 1955 526 2755
f 2755 526 1954
f 525 1954 1883
f 1883 1954 2756
f 1954 526 2756
f 2756 526 1956
f 502 1881 1956
f 1956 1881 2756
f 1881 501 2756
f 2756 501 1883
f 467 1890 1957
f 1957 1890 2757
f 1890 468 2757
f 2757 468 1887
f 1887 443 2757
f 2757 443 1885
f 1885 442 2757
f 2757 442 1957
f 1942 486 2758
f 2758 486 1891
f 1891 467 2758
f 2758 467 1958
f 492 1959 1958
f 1958 1959 2758
f 509 1942 1959
f 1959 1942 2758
f 1960 423 2759
f 2759 423 1961
f 1961 451 2759
f 2759 451 1962
f 425 1893 1962
f 1962 1893 2759
f 404 1960 1893
f 1893 1960 2759
f 1963 473 2760
f 2760 473 1964
f 426 1895 1964
f 1964 1895 2760
f 1895 386 2760
f 2760 386 1894
f 425 1963 1894
f 1894 1963 2760
f 1897 406 2761
f 2761 406 1896
f 426 1965 1896
f 1896 1965 2761
f 1965 452 2761
f 2761 452 1900
f 427 1897 1900
f 1900 1897 2761
f 1898 446 2762
f 2762 446 1899
f 1899 469 2762
f 2762 469 1966
f 447 1902 1966
f 1966 1902 2762
f 422 1898 1902
f 1902 1898 2762
f 1967 469 2763
f 2763 469 1901
f 1901 452 2763
f 2763 452 1968
f 495 1969 1968
f 1968 1969 2763
f 514 1967 1969
f 1969 1967 2763
f 1970 493 2764
f 2764 493 1971
f 448 1905 1971
f 1971 1905 2764
f 1905 403 2764
f 2764 403 1903
f 447 1970 1903
f 1903 1970 2764
f 1972 405 2765
f 2765 405 1906
f 448 1973 1906
f 1906 1973 2765
f 1973 470 2765
f 2765 470 1974
f 424 1972 1974
f 1974 1972 2765
f 1910 474 2766
f 2766 474 1975
f 453 1911 1975
f 1975 1911 2766
f 1911 411 2766
f 2766 411 1907
f 429 1910 1907
f 1907 1910 2766
f 477 1976 1909
f 1909 1976 2767
f 1976 524 2767
f 2767 524 1977
f 1977 519 2767
f 2767 519 1978
f 474 1909 1978
f 1978 1909 2767
f 1979 475 2768
f 2768 475 1980
f 430 1914 1980
f 1980 1914 2768
f 1914 412 2768
f 2768 412 1912
f 453 1979 1912
f 1912 1979 2768
f 1981 413 2769
f 2769 413 1915
f 430 1982 1915
f 1915 1982 2769
f 1982 454 2769
f 2769 454 1983
f 431 1981 1983
f 1983 1981 2769
f 526 1984 1956
f 1956 1984 2770
f 1984 543 2770
f 2770 543 1985
f 527 1916 1985
f 1985 1916 2770
f 1916 502 2770
f 2770 502 1956
f 1986 557 2771
f 2771 557 1987
f 528 1918 1987
f 1987 1918 2771
f 1918 479 2771
f 2771 479 1917
f 527 1986 1917
f 1917 1986 2771
f 481 1919 1921
f 1921 1919 2772
f 528 1988 1919
f 1919 1988 2772
f 1988 544 2772
f 2772 544 1989
f 1989 504 2772
f 2772 504 1921
f 503 1922 1990
f 1990 1922 2773
f 1922 504 2773
f 2773 504 1991
f 1991 530 2773
f 2773 530 1992
f 1992 529 2773
f 2773 529 1990
f 529 1993 1990
f 1990 1993 2774
f 1993 546 2774
f 2774 546 1994
f 531 1923 1994
f 1994 1923 2774
f 1923 503 2774
f 2774 503 1990
f 1995 558 2775
f 2775 558 1996
f 547 1925 1996
f 1996 1925 2775
f 1925 505 2775
f 2775 505 1924
f 531 1995 1924
f 1924 1995 2775
f 1997 559 2776
f 2776 559 1998
f 532 1928 1998
f 1998 1928 2776
f 1928 506 2776
f 2776 506 1926
f 547 1997 1926
f 1926 1997 2776
f 526 1955 1984
f 1984 1955 2777
f 1955 507 2777
f 2777 507 1929
f 532 1999 1929
f 1929 1999 2777
f 1999 543 2777
f 2777 543 1984
f 1960 404 2778
f 2778 404 1932
f 405 1972 1932
f 1932 1972 2778
f 1972 424 2778
f 2778 424 2000
f 423 1960 2000
f 2000 1960 2778
f 1981 431 2779
f 2779 431 2001
f 2001 432 2779
f 2779 432 1948
f 1948 414 2779
f 2779 414 1933
f 413 1981 1933
f 1933 1981 2779
f 1938 463 2780
f 2780 463 2002
f 2002 491 2780
f 2780 491 2003
f 465 1934 2003
f 2003 1934 2780
f 1934 440 2780
f 2780 440 1938
f 2004 513 2781
f 2781 513 2005
f 466 1936 2005
f 2005 1936 2781
f 1936 418 2781
f 2781 418 1935
f 465 2004 1935
f 1935 2004 2781
f 442 1937 1957
f 1957 1937 2782
f 466 2006 1937
f 1937 2006 2782
f 2006 492 2782
f 2782 492 1958
f 467 1957 1958
f 1958 1957 2782
f 463 1940 2007
f 2007 1940 2783
f 464 2008 1940
f 1940 2008 2783
f 2008 490 2783
f 2783 490 2009
f 2009 489 2783
f 2783 489 2007
f 2010 548 2784
f 2784 548 2011
f 533 1944 2011
f 2011 1944 2784
f 1944 487 2784
f 2784 487 1943
f 509 2010 1943
f 1943 2010 2784
f 2012 549 2785
f 2785 549 2013
f 510 1946 2013
f 2013 1946 2785
f 1946 488 2785
f 2785 488 1945
f 533 2012 1945
f 1945 2012 2785
f 2008 464 2786
f 2786 464 1947
f 510 2014 1947
f 1947 2014 2786
f 2014 511 2786
f 2786 511 2015
f 490 2008 2015
f 2015 2008 2786
f 2001 431 2787
f 2787 431 1983
f 454 2016 1983
f 1983 2016 2787
f 2016 455 2787
f 2787 455 1949
f 1949 432 2787
f 2787 432 2001
f 2017 498 2788
f 2788 498 2018
f 476 1951 2018
f 2018 1951 2788
f 1951 456 2788
f 2788 456 1950
f 1950 455 2788
f 2788 455 2017
f 2019 499 2789
f 2789 499 2020
f 477 1953 2020
f 2020 1953 2789
f 1953 457 2789
f 2789 457 1952
f 476 2019 1952
f 1952 2019 2789
f 2010 509 2790
f 2790 509 1959
f 1959 492 2790
f 2790 492 2021
f 535 2022 2021
f 2021 2022 2790
f 548 2010 2022
f 2022 2010 2790
f 2023 449 2791
f 2791 449 2024
f 2024 472 2791
f 2791 472 2025
f 451 1961 2025
f 2025 1961 2791
f 1961 423 2791
f 2791 423 2023
f 2026 494 2792
f 2792 494 2027
f 473 1963 2027
f 2027 1963 2792
f 1963 425 2792
f 2792 425 1962
f 451 2026 1962
f 1962 2026 2792
f 2028 495 2793
f 2793 495 1968
f 452 1965 1968
f 1968 1965 2793
f 1965 426 2793
f 2793 426 1964
f 473 2028 1964
f 1964 2028 2793
f 1967 514 2794
f 2794 514 2029
f 493 1970 2029
f 2029 1970 2794
f 1970 447 2794
f 2794 447 1966
f 469 1967 1966
f 1966 1967 2794
f 514 1969 2030
f 2030 1969 2795
f 495 2031 1969
f 1969 2031 2795
f 2031 540 2795
f 2795 540 2032
f 2032 553 2795
f 2795 553 2030
f 2033 515 2796
f 2796 515 2034
f 470 1973 2034
f 2034 1973 2796
f 1973 448 2796
f 2796 448 1971
f 493 2033 1971
f 1971 2033 2796
f 2035 424 2797
f 2797 424 1974
f 470 2036 1974
f 1974 2036 2797
f 2036 471 2797
f 2797 471 2037
f 450 2035 2037
f 2037 2035 2797
f 2038 496 2798
f 2798 496 2039
f 475 1979 2039
f 2039 1979 2798
f 1979 453 2798
f 2798 453 1975
f 474 2038 1975
f 1975 2038 2798
f 2040 523 2799
f 2799 523 2041
f 524 1976 2041
f 2041 1976 2799
f 477 2020 1976
f 1976 2020 2799
f 499 2040 2020
f 2020 2040 2799
f 1977 524 2800
f 2800 524 2041
f 523 2042 2041
f 2041 2042 2800
f 520 2043 2042
f 2042 2043 2800
f 2043 519 2800
f 2800 519 1977
f 519 2043 1978
f 1978 2043 2801
f 2043 520 2801
f 2801 520 2044
f 496 2038 2044
f 2044 2038 2801
f 474 1978 2038
f 2038 1978 2801
f 2045 497 2802
f 2802 497 2046
f 454 1982 2046
f 2046 1982 2802
f 1982 430 2802
f 2802 430 1980
f 475 2045 1980
f 1980 2045 2802
f 2047 565 2803
f 2803 565 2048
f 557 1986 2048
f 2048 1986 2803
f 1986 527 2803
f 2803 527 1985
f 543 2047 1985
f 1985 2047 2803
f 2049 566 2804
f 2804 566 2050
f 544 1988 2050
f 2050 1988 2804
f 1988 528 2804
f 2804 528 1987
f 557 2049 1987
f 1987 2049 2804
f 1991 504 2805
f 2805 504 1989
f 544 2051 1989
f 1989 2051 2805
f 2051 545 2805
f 2805 545 2052
f 530 1991 2052
f 2052 1991 2805
f 1992 530 2806
f 2806 530 2052
f 545 2053 2052
f 2052 2053 2806
f 2053 546 2806
f 2806 546 1993
f 1993 529 2806
f 2806 529 1992
f 567 2055 2054
f 2054 2055 2807
f 558 1995 2055
f 2055 1995 2807
f 1995 531 2807
f 2807 531 1994
f 1994 546 2807
f 2807 546 2054
f 2056 569 2808
f 2808 569 2057
f 559 1997 2057
f 2057 1997 2808
f 1997 547 2808
f 2808 547 1996
f 558 2056 1996
f 1996 2056 2808
f 543 1999 2047
f 2047 1999 2809
f 1999 532 2809
f 2809 532 1998
f 559 2058 1998
f 1998 2058 2809
f 565 2047 2058
f 2058 2047 2809
f 2023 423 2810
f 2810 423 2000
f 424 2035 2000
f 2000 2035 2810
f 2035 450 2810
f 2810 450 2059
f 2059 449 2810
f 2810 449 2023
f 2007 489 2811
f 2811 489 2060
f 2060 512 2811
f 2811 512 2061
f 491 2002 2061
f 2061 2002 2811
f 2002 463 2811
f 2811 463 2007
f 2062 534 2812
f 2812 534 2063
f 513 2004 2063
f 2063 2004 2812
f 2004 465 2812
f 2812 465 2003
f 491 2062 2003
f 2003 2062 2812
f 2064 535 2813
f 2813 535 2021
f 492 2006 2021
f 2021 2006 2813
f 2006 466 2813
f 2813 466 2005
f 513 2064 2005
f 2005 2064 2813
f 2009 490 2814
f 2814 490 2015
f 511 2065 2015
f 2015 2065 2814
f 2065 512 2814
f 2814 512 2060
f 489 2009 2060
f 2060 2009 2814
f 2066 560 2815
f 2815 560 2067
f 549 2012 2067
f 2067 2012 2815
f 2012 533 2815
f 2815 533 2011
f 548 2066 2011
f 2011 2066 2815
f 2068 551 2816
f 2816 551 2069
f 511 2014 2069
f 2069 2014 2816
f 2014 510 2816
f 2816 510 2013
f 549 2068 2013
f 2013 2068 2816
f 497 2070 2046
f 2046 2070 2817
f 498 2017 2070
f 2070 2017 2817
f 455 2016 2017
f 2017 2016 2817
f 2016 454 2817
f 2817 454 2046
f 2071 522 2818
f 2818 522 2072
f 499 2019 2072
f 2072 2019 2818
f 2019 476 2818
f 2818 476 2018
f 498 2071 2018
f 2018 2071 2818
f 548 2022 2073
f 2073 2022 2819
f 535 2074 2022
f 2022 2074 2819
f 2074 564 2819
f 2819 564 2075
f 2075 570 2819
f 2819 570 2073
f 2059 450 2820
f 2820 450 2037
f 471 2076 2037
f 2037 2076 2820
f 472 2024 2076
f 2076 2024 2820
f 2024 449 2820
f 2820 449 2059
f 2077 516 2821
f 2821 516 2078
f 494 2026 2078
f 2078 2026 2821
f 2026 451 2821
f 2821 451 2025
f 472 2077 2025
f 2025 2077 2821
f 2079 518 2822
f 2822 518 2080
f 495 2028 2080
f 2080 2028 2822
f 2028 473 2822
f 2822 473 2027
f 494 2079 2027
f 2027 2079 2822
f 2081 536 2823
f 2823 536 2082
f 515 2033 2082
f 2082 2033 2823
f 2033 493 2823
f 2823 493 2029
f 514 2081 2029
f 2029 2081 2823
f 553 2083 2030
f 2030 2083 2824
f 2083 554 2824
f 2824 554 2084
f 536 2081 2084
f 2084 2081 2824
f 2081 514 2824
f 2824 514 2030
f 2085 539 2825
f 2825 539 2086
f 540 2031 2086
f 2086 2031 2825
f 2031 495 2825
f 2825 495 2080
f 518 2085 2080
f 2080 2085 2825
f 2083 553 2826
f 2826 553 2032
f 2032 540 2826
f 2826 540 2086
f 539 2087 2086
f 2086 2087 2826
f 554 2083 2087
f 2087 2083 2826
f 2088 517 2827
f 2827 517 2089
f 471 2036 2089
f 2089 2036 2827
f 2036 470 2827
f 2827 470 2034
f 515 2088 2034
f 2034 2088 2827
f 2090 521 2828
f 2828 521 2091
f 497 2045 2091
f 2091 2045 2828
f 2045 475 2828
f 2828 475 2039
f 496 2090 2039
f 2039 2090 2828
f 542 2093 2092
f 2092 2093 2829
f 523 2040 2093
f 2093 2040 2829
f 2040 499 2829
f 2829 499 2072
f 522 2092 2072
f 2072 2092 2829
f 2042 523 2830
f 2830 523 2093
f 2093 542 2830
f 2830 542 2094
f 2094 541 2830
f 2830 541 2095
f 520 2042 2095
f 2095 2042 2830
f 541 2096 2095
f 2095 2096 2831
f 521 2090 2096
f 2096 2090 2831
f 2090 496 2831
f 2831 496 2044
f 520 2095 2044
f 2044 2095 2831
f 2097 574 2832
f 2832 574 2098
f 566 2049 2098
f 2098 2049 2832
f 2049 557 2832
f 2832 557 2048
f 565 2097 2048
f 2048 2097 2832
f 2099 568 2833
f 2833 568 2100
f 545 2051 2100
f 2100 2051 2833
f 2051 544 2833
f 2833 544 2050
f 566 2099 2050
f 2050 2099 2833
f 546 2053 2054
f 2054 2053 2834
f 2053 545 2834
f 2834 545 2100
f 568 2101 2100
f 2100 2101 2834
f 2101 567 2834
f 2834 567 2054
f 2102 575 2835
f 2835 575 2103
f 569 2056 2103
f 2103 2056 2835
f 2056 558 2835
f 2835 558 2055
f 567 2102 2055
f 2055 2102 2835
f 2104 577 2836
f 2836 577 2105
f 578 2106 2105
f 2105 2106 2836
f 559 2057 2106
f 2106 2057 2836
f 569 2104 2057
f 2057 2104 2836
f 565 2058 2107
f 2107 2058 2837
f 559 2106 2058
f 2058 2106 2837
f 2106 578 2837
f 2837 578 2108
f 2108 579 2837
f 2837 579 2107
f 2109 550 2838
f 2838 550 2110
f 534 2062 2110
f 2110 2062 2838
f 2062 491 2838
f 2838 491 2061
f 512 2109 2061
f 2061 2109 2838
f 2111 552 2839
f 2839 552 2112
f 535 2064 2112
f 2112 2064 2839
f 2064 513 2839
f 2839 513 2063
f 534 2111 2063
f 2063 2111 2839
f 2109 512 2840
f 2840 512 2065
f 2065 511 2840
f 2840 511 2069
f 551 2113 2069
f 2069 2113 2840
f 550 2109 2113
f 2113 2109 2840
f 2073 570 2841
f 2841 570 2114
f 2114 571 2841
f 2841 571 2115
f 560 2066 2115
f 2115 2066 2841
f 548 2073 2066
f 2066 2073 2841
f 2116 562 2842
f 2842 562 2117
f 551 2068 2117
f 2117 2068 2842
f 2068 549 2842
f 2842 549 2067
f 560 2116 2067
f 2067 2116 2842
f 2091 521 2843
f 2843 521 2118
f 522 2071 2118
f 2118 2071 2843
f 2071 498 2843
f 2843 498 2070
f 2070 497 2843
f 2843 497 2091
f 2119 563 2844
f 2844 563 2120
f 564 2074 2120
f 2120 2074 2844
f 535 2112 2074
f 2074 2112 2844
f 552 2119 2112
f 2112 2119 2844
f 2114 570 2845
f 2845 570 2075
f 2075 564 2845
f 2845 564 2120
f 563 2121 2120
f 2120 2121 2845
f 571 2114 2121
f 2121 2114 2845
f 2077 472 2846
f 2846 472 2076
f 2076 471 2846
f 2846 471 2089
f 2089 517 2846
f 2846 517 2122
f 516 2077 2122
f 2122 2077 2846
f 2123 537 2847
f 2847 537 2124
f 518 2079 2124
f 2124 2079 2847
f 2079 494 2847
f 2847 494 2078
f 516 2123 2078
f 2078 2123 2847
f 2125 538 2848
f 2848 538 2126
f 2126 517 2848
f 2848 517 2088
f 2088 515 2848
f 2848 515 2082
f 536 2125 2082
f 2082 2125 2848
f 556 2128 2127
f 2127 2128 2849
f 538 2125 2128
f 2128 2125 2849
f 2125 536 2849
f 2849 536 2084
f 554 2127 2084
f 2084 2127 2849
f 555 2130 2129
f 2129 2130 2850
f 539 2085 2130
f 2130 2085 2850
f 2085 518 2850
f 2850 518 2124
f 537 2129 2124
f 2124 2129 2850
f 2127 554 2851
f 2851 554 2087
f 2087 539 2851
f 2851 539 2130
f 2130 555 2851
f 2851 555 2131
f 2131 556 2851
f 2851 556 2127
f 2096 541 2852
f 2852 541 2094
f 2094 542 2852
f 2852 542 2092
f 2092 522 2852
f 2852 522 2118
f 521 2096 2118
f 2118 2096 2852
f 579 2132 2107
f 2107 2132 2853
f 580 2133 2132
f 2132 2133 2853
f 574 2097 2133
f 2133 2097 2853
f 565 2107 2097
f 2097 2107 2853
f 2134 576 2854
f 2854 576 2135
f 568 2099 2135
f 2135 2099 2854
f 2099 566 2854
f 2854 566 2098
f 574 2134 2098
f 2098 2134 2854
f 567 2101 2102
f 2102 2101 2855
f 2101 568 2855
f 2855 568 2135
f 576 2136 2135
f 2135 2136 2855
f 2136 575 2855
f 2855 575 2102
f 581 2138 2137
f 2137 2138 2856
f 577 2104 2138
f 2138 2104 2856
f 2104 569 2856
f 2856 569 2103
f 575 2137 2103
f 2103 2137 2856
f 2132 579 2857
f 2857 579 2108
f 2108 578 2857
f 2857 578 2105
f 577 2139 2105
f 2105 2139 2857
f 580 2132 2139
f 2139 2132 2857
f 2140 561 2858
f 2858 561 2141
f 552 2111 2141
f 2141 2111 2858
f 2111 534 2858
f 2858 534 2110
f 550 2140 2110
f 2110 2140 2858
f 2140 550 2859
f 2859 550 2113
f 2113 551 2859
f 2859 551 2117
f 562 2142 2117
f 2117 2142 2859
f 561 2140 2142
f 2142 2140 2859
f 573 2144 2143
f 2143 2144 2860
f 562 2116 2144
f 2144 2116 2860
f 2116 560 2860
f 2860 560 2115
f 571 2143 2115
f 2115 2143 2860
f 572 2146 2145
f 2145 2146 2861
f 563 2119 2146
f 2146 2119 2861
f 2119 552 2861
f 2861 552 2141
f 561 2145 2141
f 2141 2145 2861
f 571 2121 2143
f 2143 2121 2862
f 2121 563 2862
f 2862 563 2146
f 2146 572 2862
f 2862 572 2147
f 2147 573 2862
f 2862 573 2143
f 2123 516 2863
f 2863 516 2122
f 517 2126 2122
f 2122 2126 2863
f 2126 538 2863
f 2863 538 2148
f 537 2123 2148
f 2148 2123 2863
f 2129 537 2864
f 2864 537 2148
f 538 2128 2148
f 2148 2128 2864
f 2128 556 2864
f 2864 556 2131
f 2131 555 2864
f 2864 555 2129
f 582 2150 2149
f 2149 2150 2865
f 576 2134 2150
f 2150 2134 2865
f 2134 574 2865
f 2865 574 2133
f 580 2149 2133
f 2133 2149 2865
f 575 2136 2137
f 2137 2136 2866
f 2136 576 2866
f 2866 576 2150
f 2150 582 2866
f 2866 582 2151
f 2151 581 2866
f 2866 581 2137
f 580 2139 2149
f 2149 2139 2867
f 2139 577 2867
f 2867 577 2138
f 2138 581 2867
f 2867 581 2151
f 2151 582 2867
f 2867 582 2149
f 561 2142 2145
f 2145 2142 2868
f 562 2144 2142
f 2142 2144 2868
f 2144 573 2868
f 2868 573 2147
f 2147 572 2868
f 2868 572 2145

