# https://github.com/mikedh/trimesh
v -0.01554263 -0.03917043 -0.01964810
v -0.00791079 -0.03563059 -0.01477036
v -0.00888777 -0.02757598 -0.02462590
v -0.01313341 -0.03112749 -0.02734214
v -0.00086898 -0.02116503 -0.02192584
v -0.01214004 -0.01129748 -0.02896231
v -0.01658630 -0.02075947 -0.03134441
v -0.01423383 -0.01791815 -0.03046378
v -0.02288169 -0.04216947 -0.01068154
v -0.01501703 -0.03675387 -0.00356579
v 0.00163162 -0.00910726 -0.02368814
v -0.01093102 -0.00361503 -0.02784538
v -0.03119057 -0.04008498 -0.00382033
v -0.02398169 -0.03373563 0.00342485
v -0.00548363 -0.03199819 0.00553483
v 0.00394946 -0.00076901 -0.02315596
v -0.00843883 0.00468089 -0.02762997
v -0.00234538 -0.01867457 0.01730102
v -0.01492870 -0.01521104 0.01589039
v 0.00601327 0.00867377 -0.02182719
v -0.00423056 0.01384541 -0.02568659
v -0.02191973 -0.03533841 -0.03193688
v -0.02333403 -0.04229824 -0.02533787
v 0.00712770 0.01902093 -0.01726648
v -0.00190562 0.02322196 -0.01848567
v -0.02298039 -0.00504376 -0.02893987
v -0.02311486 -0.00992886 -0.03053105
v -0.02552766 -0.01287963 -0.03154969
v -0.02542305 -0.02601195 -0.03546709
v -0.02963519 -0.04602576 -0.01692814
v -0.02811599 -0.02136743 0.01143843
v -0.03783190 -0.03634013 0.00028852
v -0.02263784 0.00086469 -0.02714753
v -0.03942156 -0.04129481 -0.03932723
v -0.05172455 -0.04149806 -0.04059392
v -0.04946315 -0.04944375 -0.03897026
v -0.03863722 -0.04842240 -0.03517920
v -0.03816456 -0.04458992 -0.01054031
v -0.02492523 -0.01083738 0.01591295
v -0.00255817 0.02708060 -0.00553480
v 0.00629538 0.02453128 -0.00476202
v -0.02036482 0.00894212 -0.02828431
v -0.04399747 -0.03405172 -0.03933862
v -0.05481458 -0.03479595 -0.03510427
v -0.05137008 -0.05453692 -0.03231093
v -0.04270309 -0.05337387 -0.02757293
v -0.00597620 0.02250920 0.00880232
v 0.00304395 0.02156250 0.01063380
v -0.01531708 0.01909843 -0.02794933
v -0.06384760 -0.04139387 -0.03860292
v -0.06168538 -0.04825416 -0.03802204
v -0.04947078 -0.05199883 -0.02021095
v -0.05478078 -0.05412309 -0.02444831
v -0.01169163 -0.00247254 0.01772553
v -0.00014323 -0.00475276 0.02020606
v -0.01189125 0.02850274 -0.02031505
v -0.03268272 -0.01732664 -0.03398612
v -0.06610709 -0.03558020 -0.03325367
v -0.06121945 -0.05323128 -0.03287607
v -0.04476488 -0.04071018 -0.00604895
v 0.00122428 0.00853187 0.01876229
v -0.00912523 0.01026326 0.01618177
v -0.05040532 -0.02972601 -0.03272009
v -0.06220639 -0.05373717 -0.02588433
v -0.01167977 0.03163915 -0.00628859
v -0.07580042 -0.04339923 -0.03875503
v -0.07076752 -0.04922558 -0.03669924
v -0.05768323 -0.04756341 -0.01925382
v -0.05392784 -0.04528614 -0.01635987
v -0.01481616 0.02597937 0.00710070
v -0.05602062 -0.03039450 -0.02444500
v -0.05877292 -0.03353646 -0.02477688
v -0.07709521 -0.03613081 -0.03347576
v -0.08017588 -0.04842919 -0.03703150
v -0.07584178 -0.05024148 -0.03579140
v -0.06972980 -0.05290550 -0.03262123
v -0.05940586 -0.03901814 -0.01996058
v -0.05752623 -0.03627497 -0.01889494
v -0.01826048 0.01396626 0.01431316
v -0.07612199 -0.05277051 -0.03263998
v -0.07021368 -0.05367324 -0.02671748
v -0.06413376 -0.04815589 -0.02025968
v -0.06717134 -0.03489600 -0.02451813
v -0.08555967 -0.04009856 -0.03838012
v -0.08551162 -0.03485120 -0.03292075
v -0.08668065 -0.04566397 -0.03739199
v -0.08209229 -0.05184689 -0.03294268
v -0.07643503 -0.05362223 -0.02726826
v -0.06631863 -0.04078649 -0.01951367
v -0.08258104 -0.05261555 -0.02691606
v -0.09321356 -0.03864326 -0.03711122
v -0.09336299 -0.03500866 -0.03187245
v -0.09327006 -0.04326331 -0.03749615
v -0.08780354 -0.04964697 -0.03317127
v -0.07199019 -0.04959647 -0.02127531
v -0.07730812 -0.03664576 -0.02347109
v -0.09977758 -0.03883369 -0.03525981
v -0.09976643 -0.03664110 -0.03103349
v -0.09990299 -0.04212469 -0.03677583
v -0.09386057 -0.04725229 -0.03428817
v -0.08829683 -0.05080913 -0.02658907
v -0.07660514 -0.05129477 -0.02269110
v -0.07648945 -0.04410025 -0.01889354
v -0.09633356 -0.02636954 -0.01399484
v -0.09894323 -0.01730855 -0.01460290
v -0.10520655 -0.01871225 -0.01369366
v -0.10351825 -0.02621284 -0.01304102
v -0.10514891 -0.04013060 -0.03196341
v -0.10384142 -0.03866388 -0.03015423
v -0.10624450 -0.04254369 -0.03344846
v -0.10013467 -0.04527423 -0.03591675
v -0.08105165 -0.04972620 -0.02121824
v -0.09386867 -0.02989979 0.00210160
v -0.10187966 -0.02947355 0.00167102
v -0.10165286 -0.02149199 0.00597849
v -0.09189999 -0.02055438 0.00750488
v -0.10824120 -0.00521667 -0.00907651
v -0.10174924 -0.00721447 -0.01101571
v -0.10193712 0.00138902 -0.01289549
v -0.10879916 0.00148081 -0.01063788
v -0.09916204 -0.01216781 -0.01282597
v -0.10346740 -0.01025434 -0.00506309
v -0.10219610 -0.01142419 -0.00730866
v -0.10282630 -0.01246256 -0.00874880
v -0.10611194 -0.01306877 -0.00940654
v -0.08567035 -0.03578082 -0.02320385
v -0.10573781 -0.04540024 -0.03442442
v -0.10076606 -0.04787652 -0.03357854
v -0.09681374 -0.04828465 -0.03252697
v -0.09510106 -0.03208603 -0.00694227
v -0.10250360 -0.03136722 -0.00688571
v -0.10744381 -0.00914371 -0.00340888
v -0.08668339 -0.04218225 -0.01850620
v -0.10525286 -0.04737798 -0.03370744
v -0.08807307 -0.04788782 -0.02065173
v -0.10206640 0.01183094 -0.01396316
v -0.09577692 0.01008568 -0.01486582
v -0.09192884 0.01818220 -0.01743093
v -0.10064656 0.01820238 -0.01558757
v -0.09671384 0.00504882 -0.01373857
v -0.09999824 0.00691915 -0.00895226
v -0.10072094 0.00622901 -0.00905216
v -0.10437500 0.00689226 -0.00893819
v -0.10924828 0.00729576 -0.00751746
v -0.09970260 -0.00892273 0.00151762
v -0.09785700 -0.01016681 -0.00065044
v -0.09888422 -0.01154622 -0.00154737
v -0.10449058 -0.01174285 -0.00226140
v -0.11317897 -0.01840451 -0.01446453
v -0.11257136 -0.02609469 -0.01433411
v -0.09400523 -0.03610742 -0.02378196
v -0.09471488 -0.04910296 -0.02528396
v -0.11135012 -0.02996145 0.00025329
v -0.11153930 -0.02264333 0.00479496
v -0.10276580 -0.01440468 0.00352082
v -0.09252310 -0.01217158 0.00459373
v -0.09325331 -0.00886291 0.00430849
v -0.09311485 -0.00340761 0.00725076
v -0.10307437 0.00791078 -0.00861937
v -0.11738181 -0.00519021 -0.00972781
v -0.11767519 0.00254071 -0.01067010
v -0.10527313 -0.00799047 0.00336540
v -0.11318517 -0.01320006 -0.00975460
v -0.09533787 -0.04146663 -0.01950577
v -0.10026932 -0.03799115 -0.02436161
v -0.10587096 -0.04150442 -0.02562004
v -0.10413384 -0.03950125 -0.02598119
v -0.10745579 -0.04420463 -0.02613324
v -0.09715456 -0.04923732 -0.02773255
v -0.09594011 -0.04662370 -0.02061740
v -0.11195415 -0.03138191 -0.00811994
v -0.10299116 -0.00174638 0.00838646
v -0.08408564 0.02739390 -0.01893529
v -0.08030796 0.02582078 -0.01918730
v -0.07894897 0.03361113 -0.02226311
v -0.08287126 0.03398405 -0.02174571
v -0.08281231 0.02149886 -0.01758057
v -0.08317769 0.02345872 -0.01326394
v -0.08549029 0.02281115 -0.01365438
v -0.09318852 0.02331809 -0.01465690
v -0.09961694 0.02322252 -0.01308304
v -0.09706914 0.00951369 -0.00231814
v -0.09715426 0.00904938 -0.00275436
v -0.10022390 0.00941064 -0.00212580
v -0.10713989 0.00996237 -0.00081640
v -0.11609358 -0.00926125 -0.00288472
v -0.10162574 -0.04155921 -0.02165923
v -0.10330331 -0.04536883 -0.02185217
v -0.10712278 -0.04786859 -0.02654690
v -0.10156411 -0.04934234 -0.02682912
v -0.10212529 -0.04807055 -0.02354687
v -0.10367811 0.00680513 0.00603539
v -0.09261072 0.00817318 0.00420991
v -0.09096831 0.01043699 0.00036627
v -0.08855224 0.01467769 0.00126299
v -0.08949059 0.02787500 -0.01895270
v -0.08839762 0.03466904 -0.02144828
v -0.08456051 0.02430480 -0.01319787
v -0.11034811 0.01191078 -0.01457652
v -0.10943890 0.01895207 -0.01597455
v -0.10104275 0.01000967 -0.00129753
v -0.11711454 0.00790554 -0.00589478
v -0.11259270 -0.01203600 -0.00276691
v -0.10597539 -0.04914741 -0.02729100
v -0.11199266 -0.01524893 0.00292480
v -0.09736276 0.01612871 0.00274372
v -0.07724810 0.03984690 -0.01986682
v -0.08135211 0.03989806 -0.01923218
v -0.08923304 0.02507461 -0.01286599
v -0.08080554 0.02613667 -0.00892407
v -0.08239573 0.02507413 -0.00948569
v -0.08996886 0.02561224 -0.00947925
v -0.09772229 0.02600550 -0.00756532
v -0.10999215 0.00818630 -0.00836322
v -0.11451179 -0.00800331 0.00432128
v -0.12324947 -0.01824025 -0.01341510
v -0.12347919 -0.02542081 -0.01372072
v -0.12003267 -0.02974657 0.00007632
v -0.11939842 -0.02335822 0.00368762
v -0.11318970 -0.00197538 0.00902355
v -0.09608757 0.02366905 -0.00029218
v -0.08485138 0.02527729 -0.00312498
v -0.07869947 0.02655572 -0.00700602
v -0.07543010 0.03074063 -0.00597861
v -0.07235199 0.03882395 -0.00698635
v -0.07903790 0.03875502 -0.00673637
v -0.07986426 0.04185795 -0.01331577
v -0.07438552 0.04200605 -0.01384351
v -0.08693570 0.04033768 -0.01826003
v -0.08263934 0.02694179 -0.00830433
v -0.10800982 0.02407332 -0.01201740
v -0.11539525 0.00956026 0.00097829
v -0.12879527 -0.00413876 -0.00826362
v -0.12857878 0.00376683 -0.00863037
v -0.12358147 -0.01331699 -0.00812835
v -0.12324458 -0.03122631 -0.00716427
v -0.12470639 -0.02856887 0.00136036
v -0.12508577 -0.02366525 0.00357965
v -0.11353356 0.00585242 0.00722936
v -0.08009416 0.03197022 -0.00499359
v -0.08487844 0.03863366 -0.00663990
v -0.08540720 0.04174055 -0.01244867
v -0.08717722 0.02789851 -0.00783151
v -0.10818738 0.01020345 -0.00093094
v -0.12785935 -0.00913704 -0.00119779
v -0.13256037 -0.01854015 -0.01268893
v -0.13250256 -0.02527330 -0.01304212
v -0.12817073 -0.03032513 -0.00057465
v -0.12957919 -0.02464590 0.00342306
v -0.10637909 0.01647986 0.00310576
v -0.08550876 0.03269574 -0.00494245
v -0.10634357 0.02632192 -0.00577268
v -0.11957937 0.01300312 -0.01360542
v -0.11917830 0.01999166 -0.01479611
v -0.12779540 0.00903869 -0.00241530
v -0.13809001 -0.00351424 -0.00757059
v -0.13787693 0.00415956 -0.00755820
v -0.12026930 -0.01277396 -0.00196898
v -0.13326001 -0.01416908 -0.00845963
v -0.11944461 -0.01615892 0.00250319
v -0.10562307 0.02348624 0.00067225
v -0.11899132 0.00900908 -0.00661770
v -0.13809329 -0.00845986 -0.00239199
v -0.12286478 -0.00797072 0.00492349
v -0.12450254 -0.01373539 -0.00027511
v -0.12811238 -0.01337677 -0.00184879
v -0.14059472 -0.01868716 -0.01261613
v -0.14089710 -0.02546541 -0.01268643
v -0.13333881 -0.03061000 -0.00860903
v -0.13494945 -0.03058533 -0.00169736
v -0.13586408 -0.02514769 0.00265902
v -0.12487167 -0.01686764 0.00279963
v -0.12102926 -0.00231527 0.00866374
v -0.09575480 0.02878546 -0.01859802
v -0.09507239 0.03585152 -0.02105397
v -0.11828125 0.02552899 -0.00968409
v -0.12765551 0.01389883 -0.01288548
v -0.12744641 0.02079493 -0.01348117
v -0.12290597 0.00893343 0.00321102
v -0.13774413 0.00860579 -0.00262594
v -0.14706755 -0.00307254 -0.00805280
v -0.14684415 0.00461806 -0.00772804
v -0.13114816 -0.00813226 0.00533345
v -0.12683105 -0.00688579 0.00677758
v -0.12966394 -0.01726886 0.00295529
v -0.13475728 -0.01376406 -0.00257576
v -0.14073354 -0.01458606 -0.00856632
v -0.12631404 -0.00241032 0.00909311
v -0.12106222 0.00477005 0.00748098
v -0.10160989 0.02939543 -0.01878506
v -0.10116982 0.03625888 -0.02135599
v -0.09593165 0.02639595 -0.01141623
v -0.12757856 0.00965180 -0.00742355
v -0.11448073 0.01078670 -0.00021994
v -0.12668824 0.00789623 0.00559685
v -0.13101661 0.00855748 0.00434291
v -0.14677143 -0.00810876 -0.00250787
v -0.13850117 -0.00814131 0.00400466
v -0.13189775 -0.00298929 0.00906095
v -0.13577545 -0.01773785 0.00218916
v -0.14148313 -0.03030134 -0.00793952
v -0.14167058 -0.02964595 -0.00179484
v -0.14193606 -0.02473491 0.00187549
v -0.12621903 0.00419332 0.00818777
v -0.11254483 0.01658394 0.00279388
v -0.09416431 0.04132374 -0.01603708
v -0.10205400 0.02696762 -0.01302570
v -0.11364651 0.02605386 -0.00416401
v -0.12734509 0.02528909 -0.00875255
v -0.13601100 0.01420407 -0.01152766
v -0.13575721 0.02122740 -0.01177874
v -0.12171769 0.01078086 -0.00069395
v -0.11787486 0.01205404 0.00081804
v -0.13187337 0.00413295 0.00845432
v -0.13824606 0.00832175 0.00360480
v -0.14619285 0.00838343 -0.00255701
v -0.13887352 -0.00337409 0.00816983
v -0.14112514 -0.01436612 -0.00303730
v -0.11710370 0.01654860 0.00250256
v -0.11213589 0.02274320 0.00060585
v -0.09018576 0.03811721 -0.00654030
v -0.09093732 0.04115134 -0.01074973
v -0.10148096 0.04140098 -0.01687974
v -0.09254152 0.02915741 -0.00684068
v -0.11732233 0.02518709 -0.00218666
v -0.12110806 0.02542035 -0.00322366
v -0.13505846 0.01016585 -0.00607231
v -0.12760615 0.01080352 -0.00129670
v -0.12198424 0.01584287 0.00210235
v -0.13878864 0.00361088 0.00791708
v -0.14631855 -0.00749272 0.00340623
v -0.14169872 -0.01795967 0.00134170
v -0.14827234 -0.01905038 -0.01227391
v -0.14862871 -0.02569944 -0.01197848
v -0.11674839 0.02214159 0.00066686
v -0.09078389 0.03337222 -0.00501704
v -0.09415007 0.03777739 -0.00660709
v -0.09394556 0.04033739 -0.00915459
v -0.09689772 0.04115815 -0.01056391
v -0.10826981 0.03648395 -0.02165300
v -0.10804051 0.02992754 -0.01921797
v -0.10266674 0.02926250 -0.00855857
v -0.09809166 0.02952159 -0.00720251
v -0.09535652 0.03055253 -0.00605252
v -0.12160355 0.02174256 0.00068632
v -0.12723321 0.02516897 -0.00247052
v -0.13491273 0.02524431 -0.00694481
v -0.12747842 0.01513820 0.00210676
v -0.14581013 0.00762495 0.00338906
v -0.15668124 -0.00241511 -0.00759345
v -0.15642887 0.00514741 -0.00708231
v -0.14602977 -0.00324316 0.00723740
v -0.14876676 -0.01460582 -0.00763458
v -0.09481245 0.03366514 -0.00521493
v -0.09774667 0.03811887 -0.00695655
v -0.10222870 0.04127122 -0.01143450
v -0.10811323 0.02764693 -0.01367489
v -0.10271674 0.03333241 -0.00634578
v -0.09833789 0.03362088 -0.00554705
v -0.12726319 0.02099644 0.00151989
v -0.13398027 0.01130648 -0.00068575
v -0.14587998 0.00310621 0.00725245
v -0.15638685 -0.00757121 -0.00143692
v -0.15592057 -0.01977050 -0.01206484
v -0.15596229 -0.02640601 -0.01154387
v -0.14913636 -0.03028689 -0.00593269
v -0.14707351 -0.02849193 -0.00099775
v -0.14680791 -0.02391244 0.00134301
v -0.10243118 0.03815044 -0.00754279
v -0.10865849 0.04138066 -0.01707900
v -0.13413167 0.02456706 -0.00132874
v -0.14325380 0.01410790 -0.01015568
v -0.14320552 0.02100708 -0.01057431
v -0.13356179 0.01520847 0.00244686
v -0.15565294 0.00848764 -0.00118273
v -0.16430795 -0.00220816 -0.00711736
v -0.16395843 0.00504520 -0.00627601
v -0.14676565 -0.01489612 -0.00277007
v -0.15635079 -0.01544896 -0.00820825
v -0.15244806 -0.02831594 -0.00092456
v -0.14990819 -0.02714775 -0.00007960
v -0.14988387 -0.02347317 0.00108927
v -0.10809654 0.02974282 -0.00961912
v -0.13365042 0.02056227 0.00215700
v -0.14260399 0.01039415 -0.00378054
v -0.16467273 -0.00694311 -0.00252631
v -0.15281087 -0.00649315 0.00358984
v -0.14669389 -0.01815682 0.00055182
v -0.14951152 -0.01563683 -0.00184557
v -0.15185153 -0.01521049 -0.00299817
v -0.16279048 -0.02023135 -0.01107916
v -0.16278702 -0.02632292 -0.01057762
v -0.15663469 -0.03022517 -0.00701419
v -0.15285003 -0.02394051 0.00092119
v -0.10812742 0.04088632 -0.01175612
v -0.11433554 0.03013783 -0.01948562
v -0.11437047 0.03626070 -0.02177835
v -0.10771686 0.03340033 -0.00750759
v -0.14281046 0.02518949 -0.00507885
v -0.15028107 0.01361626 -0.00953990
v -0.15024894 0.02030268 -0.01030460
v -0.15198904 0.00668608 0.00368068
v -0.16348231 0.00827625 -0.00144827
v -0.17062968 -0.00185957 -0.00636220
v -0.16984552 0.00472511 -0.00534752
v -0.15882409 -0.00639712 0.00336981
v -0.15579528 -0.00556438 0.00438312
v -0.15173113 -0.00279216 0.00630960
v -0.14966553 -0.01841994 0.00028172
v -0.15255940 -0.01850885 0.00011462
v -0.15664423 -0.01550952 -0.00370738
v -0.16273928 -0.01611804 -0.00782308
v -0.16736329 -0.02092503 -0.00965533
v -0.16734076 -0.02564574 -0.00909469
v -0.15724349 -0.02911594 -0.00175709
v -0.10773641 0.03782579 -0.00830612
v -0.11413717 0.02793211 -0.01349267
v -0.15035057 0.01038687 -0.00441083
v -0.13960505 0.01207263 0.00047722
v -0.15144521 0.00253800 0.00630650
v -0.15519392 0.00566445 0.00443098
v -0.15813005 0.00655579 0.00351429
v -0.17513353 -0.00123368 -0.00483859
v -0.17459309 0.00400718 -0.00414932
v -0.17076284 -0.00604889 -0.00226250
v -0.16445601 -0.00680637 0.00278243
v -0.15892869 -0.00268671 0.00593856
v -0.15541500 -0.00245366 0.00597620
v -0.15672934 -0.01873403 -0.00026062
v -0.16768461 -0.01739874 -0.00743350
v -0.16959947 -0.02177779 -0.00824896
v -0.16967750 -0.02451245 -0.00797632
v -0.16301513 -0.02959049 -0.00673071
v -0.15681165 -0.02474763 0.00052696
v -0.11435425 0.04125347 -0.01653075
v -0.12089193 0.03021951 -0.01945099
v -0.12112480 0.03612446 -0.02135104
v -0.13997245 0.02375898 -0.00054386
v -0.15027046 0.02457045 -0.00646931
v -0.15665251 0.01366337 -0.00936091
v -0.15652055 0.01993077 -0.00990373
v -0.14553106 0.01221896 0.00062338
v -0.14267862 0.01304100 0.00142300
v -0.13903987 0.01572432 0.00254250
v -0.15526539 0.00253246 0.00595915
v -0.15879101 0.00284003 0.00577474
v -0.16305864 0.00681165 0.00312337
v -0.16902107 0.00794983 -0.00123966
v -0.17761451 -0.00011788 -0.00322038
v -0.17735481 0.00286641 -0.00298911
v -0.17585534 -0.00472711 -0.00143260
v -0.16342252 -0.00306338 0.00581828
v -0.16178256 -0.01595590 -0.00416374
v -0.17086303 -0.02028645 -0.00671193
v -0.17092317 -0.02499456 -0.00615159
v -0.16796219 -0.02807502 -0.00607824
v -0.16253954 -0.02906190 -0.00236550
v -0.12055963 0.02776313 -0.01454914
v -0.11184782 0.03023924 -0.00997928
v -0.13927931 0.02034444 0.00211421
v -0.14283204 0.02287120 0.00032955
v -0.14564753 0.02380768 -0.00097594
v -0.16178423 0.01439388 -0.00862220
v -0.16150093 0.01941000 -0.00884268
v -0.15663600 0.01055076 -0.00446513
v -0.15060568 0.01174485 0.00000033
v -0.14626884 0.01603721 0.00234953
v -0.14281505 0.01597190 0.00250030
v -0.16284770 0.00309702 0.00564447
v -0.17428666 0.00713145 -0.00109529
v -0.17867070 0.00422602 -0.00078148
v -0.17899287 -0.00126253 -0.00087619
v -0.16990530 -0.00677343 0.00243536
v -0.16071361 -0.01893575 -0.00099030
v -0.16696841 -0.01670325 -0.00435254
v -0.16770840 -0.02832238 -0.00279006
v -0.16101563 -0.02578501 -0.00030577
v -0.11205596 0.04009726 -0.01156822
v -0.12079233 0.04078878 -0.01756051
v -0.12633735 0.03036303 -0.01890615
v -0.12694609 0.03571423 -0.02034327
v -0.11597151 0.03005351 -0.01049781
v -0.11371177 0.03095869 -0.00970894
v -0.11123377 0.03339457 -0.00836763
v -0.14290488 0.02023958 0.00198692
v -0.14635485 0.02071607 0.00153437
v -0.15057474 0.02423038 -0.00214842
v -0.15625316 0.02409949 -0.00645798
v -0.16456068 0.01594232 -0.00753811
v -0.16429913 0.01860898 -0.00759509
v -0.16228515 0.01146321 -0.00471070
v -0.15043855 0.01566646 0.00209618
v -0.16808200 0.00695528 0.00280455
v -0.17564142 -0.00580246 0.00249875
v -0.16772604 -0.00324864 0.00542992
v -0.16578287 -0.01775280 -0.00251877
v -0.17135847 -0.01938729 -0.00397822
v -0.17155457 -0.02517800 -0.00315771
v -0.16666692 -0.02704257 -0.00124818
v -0.11134398 0.03722021 -0.00896406
v -0.11385298 0.03918772 -0.01092318
v -0.11601508 0.03993402 -0.01220348
v -0.13046104 0.03073381 -0.01767024
v -0.13121420 0.03503500 -0.01874420
v -0.12570757 0.02811512 -0.01491043
v -0.11989731 0.02934146 -0.01121089
v -0.11620504 0.03302237 -0.00914943
v -0.11358863 0.03335070 -0.00885233
v -0.15053225 0.02103848 0.00101221
v -0.16161048 0.02318569 -0.00612393
v -0.16546440 0.02027481 -0.00553891
v -0.16614789 0.01520701 -0.00511858
v -0.15621817 0.01139225 -0.00054035
v -0.16695410 0.00389713 0.00503740
v -0.17361796 0.00711613 0.00246316
v -0.17963356 -0.00185324 0.00246316
v -0.17901331 0.00482048 0.00248915
v -0.17457008 -0.00427936 0.00483102
v -0.16246766 -0.02062289 -0.00061420
v -0.16569680 -0.01975499 -0.00115618
v -0.17030472 -0.01928870 -0.00259581
v -0.17075145 -0.02508439 -0.00159428
v -0.16608810 -0.02461187 -0.00041339
v -0.16255951 -0.02404634 -0.00026634
v -0.11366749 0.03679754 -0.00936607
v -0.11622262 0.03694737 -0.00975949
v -0.11999762 0.04023559 -0.01310396
v -0.12660944 0.04014548 -0.01722103
v -0.13252378 0.03154217 -0.01691386
v -0.13303781 0.03394722 -0.01745495
v -0.13004762 0.02895518 -0.01485661
v -0.11958838 0.03249417 -0.00940371
v -0.15563679 0.02420048 -0.00278997
v -0.16220957 0.01140271 -0.00081870
v -0.15549403 0.01483234 0.00143978
v -0.17299956 0.00570892 0.00408435
v -0.17859274 -0.00208349 0.00501639
v -0.17801565 0.00444745 0.00477391
v -0.17351419 -0.00176732 0.00589800
v -0.16911399 -0.00134574 0.00566059
v -0.16965508 -0.01976703 -0.00168338
v -0.17018974 -0.02440382 -0.00093058
v -0.11958641 0.03709634 -0.01012516
v -0.13148624 0.03870224 -0.01648721
v -0.13422567 0.03508731 -0.01568392
v -0.13324368 0.03087138 -0.01493660
v -0.12438816 0.02887943 -0.01183206
v -0.15506184 0.02146456 0.00019476
v -0.16117769 0.02391418 -0.00314340
v -0.16681445 0.01493027 -0.00178298
v -0.16588503 0.02150049 -0.00289735
v -0.16157925 0.01337849 0.00091180
v -0.16866094 0.00244089 0.00544384
v -0.17294478 0.00333359 0.00552750
v -0.17736310 -0.00131477 0.00619632
v -0.17698139 0.00341328 0.00593370
v -0.12462842 0.03984672 -0.01329514
v -0.12947136 0.02912729 -0.01225880
v -0.12342143 0.03156078 -0.00996819
v -0.16062039 0.02261426 -0.00123587
v -0.16605473 0.01528459 0.00042608
v -0.16507906 0.02164273 -0.00096628
v -0.16114599 0.01596751 0.00176725
v -0.15724105 0.01664131 0.00160733
v -0.12340838 0.03716391 -0.01059470
v -0.13017154 0.03927784 -0.01309505
v -0.13356274 0.03113751 -0.01239648
v -0.13416469 0.03604411 -0.01273772
v -0.12867469 0.03035401 -0.01093307
v -0.15690541 0.01992976 0.00095728
v -0.16073865 0.02081733 0.00046489
v -0.16511333 0.01601620 0.00169811
v -0.16450971 0.02087896 0.00037208
v -0.12859339 0.03820594 -0.01158425
v -0.13296902 0.03155031 -0.01114705
v -0.13330382 0.03645353 -0.01122382
v -0.12829423 0.03235118 -0.01008412
v -0.12519383 0.03308083 -0.00987270
v -0.12522203 0.03581672 -0.01022819
v -0.12813443 0.03655260 -0.01054552
v -0.13211387 0.03239350 -0.01026264
v -0.13220626 0.03621222 -0.01042047
v -0.02136064 0.00141456 0.01653883
v -0.06510729 0.03384006 -0.02614194
v -0.05603594 0.03153205 -0.02607587
v -0.05233145 0.03849756 -0.02119181
v -0.06218654 0.04037107 -0.02170774
v -0.06755614 0.02623250 -0.02553061
v -0.05975211 0.02389085 -0.02521369
v -0.07036686 0.01999174 -0.02329764
v -0.06310755 0.01778655 -0.02307108
v -0.07914096 0.00909539 -0.02065033
v -0.07104570 0.00721955 -0.02036542
v -0.08640742 -0.00972302 -0.01728526
v -0.08091825 -0.00481793 -0.01800543
v -0.08760983 -0.00239573 -0.01766771
v -0.08999926 -0.00654346 -0.01661432
v -0.09506309 -0.00691398 -0.01505962
v -0.09298587 -0.01172546 -0.01608440
v -0.08345962 0.00313788 -0.01909047
v -0.07566404 0.00122815 -0.01900825
v -0.05726141 0.00182517 -0.01877540
v -0.05811232 -0.00418741 -0.01795098
v -0.07175881 -0.01918446 -0.01781848
v -0.06667691 -0.01153786 -0.01754296
v -0.07386637 -0.02762303 -0.01664495
v -0.09066838 -0.01790741 -0.01700297
v -0.08089846 -0.01619574 -0.01746833
v -0.07391071 -0.00820629 -0.01735434
v -0.06758207 -0.00162242 -0.01789397
v -0.06295431 0.00410632 -0.01908001
v -0.05524015 0.01410502 -0.02259216
v -0.05174798 0.02047513 -0.02548298
v -0.04763138 0.02893781 -0.02707517
v -0.04375863 0.03709092 -0.02151489
v -0.08921528 -0.02671668 -0.01511675
v -0.08151853 -0.02645480 -0.01553544
v -0.04703403 0.00965409 -0.02205536
v -0.04279554 0.01650599 -0.02604127
v -0.09466380 -0.00106562 -0.01602021
v -0.08749515 0.00977576 -0.01892889
v -0.07367069 0.03385617 -0.02408257
v -0.07472199 0.02639543 -0.02317938
v -0.07169825 0.04035868 -0.02102029
v -0.07727504 0.02073963 -0.02141121
v -0.09095734 0.00406967 -0.01732695
v 0.00133443 -0.03349895 -0.00982538
v -0.03561807 -0.04968631 -0.02164698
v -0.04393476 -0.04827475 -0.01522091
v -0.03080833 -0.04568086 -0.03026146
v -0.03086191 -0.03911093 -0.03639644
v -0.03485256 -0.03044226 -0.03865689
v -0.04140288 -0.02318513 -0.03534803
v -0.04981798 -0.04376831 -0.01134050
v -0.05834079 -0.02755577 -0.02216282
v -0.05982971 -0.03374190 -0.01736361
v -0.07373655 -0.03429532 -0.01163414
v -0.08796388 -0.03302287 -0.00772610
v -0.08093023 -0.03343489 -0.00916737
v -0.05733633 -0.04008631 -0.01229826
v -0.07011014 -0.03630542 -0.00381982
v -0.07625008 -0.03191148 0.00222021
v -0.08597022 -0.03094456 0.00224560
v -0.06496119 -0.03407994 -0.01430327
v -0.06457114 -0.02894224 -0.01853302
v -0.06328398 -0.03841027 -0.00816840
v -0.05362570 -0.02397221 -0.02564833
v -0.06153089 -0.02207042 -0.02075148
v -0.04183203 -0.01316101 -0.02783415
v -0.04805279 -0.01876883 -0.02736905
v -0.05739719 -0.01549755 -0.02091858
v -0.05123413 -0.00973303 -0.02066889
v -0.03398824 -0.00430932 -0.02489057
v -0.03703415 0.00302488 -0.02242351
v -0.03205019 -0.00736972 -0.02798462
v -0.03260839 0.01238101 -0.02674732
v -0.02775985 0.02282614 -0.02873906
v -0.03834265 0.02593087 -0.02826175
v -0.03446186 0.03526424 -0.02199060
v -0.02398592 0.03265198 -0.02178866
v -0.03328872 0.03774824 -0.00935441
v -0.02293432 0.03576399 -0.00797787
v -0.03460157 0.03097134 0.00298691
v -0.02490163 0.02902805 0.00504264
v -0.05421036 -0.04072306 -0.00607964
v -0.05867022 -0.03832988 -0.00144747
v -0.08355814 -0.02021798 0.00921527
v -0.07440042 -0.01966917 0.01045832
v -0.06477171 -0.01913590 0.01171750
v -0.06254262 -0.03471271 0.00246397
v -0.03468770 -0.00832020 0.01515970
v -0.03137821 0.00413766 0.01508701
v -0.02797610 0.01705815 0.01227221
v -0.06782931 0.04234501 -0.01413396
v -0.06631708 0.03820847 -0.00633791
v -0.05946857 0.04140645 -0.01316077
v -0.05969375 0.03588075 -0.00391594
v -0.05077171 0.03943904 -0.01154917
v -0.05164748 0.03376659 -0.00122917
v -0.04250312 0.03872352 -0.01042157
v -0.04346400 0.03239371 0.00085920
v -0.04398978 -0.00691761 0.01419368
v -0.04099137 0.00580712 0.01336026
v -0.03785068 0.01919574 0.00964198
v -0.05298227 -0.00610442 0.01325661
v -0.04993141 0.00727560 0.01170409
v -0.04672587 0.02095493 0.00725645
v -0.06214255 -0.00544737 0.01240325
v -0.05878049 0.00878506 0.01011562
v -0.05494130 0.02268166 0.00516027
v -0.07168514 -0.00521045 0.01107651
v -0.06801254 0.01032580 0.00815222
v -0.06324852 0.02508678 0.00227553
v -0.08250844 -0.00526364 0.00855035
v -0.07886159 0.01190772 0.00423276
v -0.07169259 0.02793039 -0.00271720
v -0.05520034 -0.01824737 0.01190218
v -0.05557537 -0.03257145 0.00546819
v -0.04618055 -0.01832924 0.01220810
v -0.03734195 -0.01940807 0.01218909
v -0.04412085 -0.03396754 0.00398377
v -0.05002540 -0.03238035 0.00580537
v -0.04926097 -0.03827551 -0.00047898
v -0.05359107 -0.03571994 0.00301209
v -0.01849616 -0.02568779 0.00988087
v -0.03190631 -0.02949111 0.00600681
v -0.04020298 -0.02758248 0.00790817
v -0.04812562 -0.02681647 0.00886333
v -0.05595350 -0.02706705 0.00865537
v -0.06471509 -0.02868779 0.00692779
v -0.08282095 0.01589070 -0.02043065
v -0.07472980 0.01476433 -0.02203670
v -0.06703544 0.01262956 -0.02190515
v -0.05903637 0.00903508 -0.02075991
v -0.05239308 0.00490669 -0.01990300
v -0.04721165 -0.00086889 -0.01988837
v -0.04258740 -0.00589730 -0.02217346
v -0.03590345 -0.00912937 -0.02772152
v -0.00126487 -0.03441407 -0.00233403
v -0.00398713 -0.02571096 0.01289982
v 0.00151366 -0.02874695 -0.01615569
v 0.00903404 -0.02260711 -0.01643711
v -0.00376701 -0.03424528 -0.01270872
v -0.01058882 -0.03741224 -0.00873557
v -0.01092619 -0.03459660 -0.00002185
v -0.00115931 -0.01164390 0.01978895
v -0.01297289 -0.02897109 0.00849494
v -0.01650333 -0.02077611 0.01300091
v -0.00909895 -0.01732177 0.01617724
v 0.01022613 -0.01159000 -0.02093291
v 0.00065231 -0.01442705 -0.02351665
v -0.00748843 -0.03200506 -0.02011079
v -0.00583655 -0.02461554 -0.02329352
v -0.01202792 -0.03742224 -0.01679125
v -0.01874864 -0.04120709 -0.01500264
v -0.01897204 -0.03963249 -0.00696146
v -0.01945990 -0.03582443 0.00075275
v -0.02108920 -0.03003689 0.00678712
v 0.00060725 0.00186080 0.01986146
v -0.01330447 -0.00882664 0.01747328
v -0.00633800 -0.00407064 0.01880363
v -0.02338475 -0.02303371 0.01076129
v -0.02648973 -0.01652476 0.01409486
v -0.02003312 -0.01277000 0.01605430
v 0.00274074 -0.00486591 -0.02336544
v 0.01169306 -0.00197400 -0.02159274
v -0.00748479 -0.01574581 -0.02654374
v -0.00535387 -0.00657251 -0.02592039
v -0.01152563 -0.00756992 -0.02830935
v -0.01080066 -0.02978748 -0.02558741
v -0.01363665 -0.03575952 -0.02389818
v -0.01301128 -0.01473741 -0.02960730
v -0.01096082 -0.02270643 -0.02818221
v -0.01946646 -0.04077317 -0.02256709
v -0.02603698 -0.04463164 -0.02126741
v -0.02654141 -0.04429526 -0.01399106
v -0.02751076 -0.03721721 -0.00012708
v -0.02724665 -0.04157208 -0.00674504
v -0.02790922 -0.03119006 0.00472423
v -0.02991235 -0.02564957 0.00866750
v 0.00189030 0.01558029 0.01605451
v 0.00484103 0.02426638 0.00335228
v -0.00429726 0.00894007 0.01732600
v -0.01035774 0.00374150 0.01739964
v -0.02323395 -0.00477446 0.01683819
v -0.01655567 -0.00049487 0.01699364
v -0.02983069 -0.00937198 0.01558620
v -0.03278613 -0.02021130 0.01195046
v -0.03601414 -0.01428987 0.01419243
v 0.00510681 0.00367728 -0.02274367
v 0.01259959 0.00875492 -0.02101231
v -0.00269735 0.00162303 -0.02499780
v -0.01000661 0.00044732 -0.02740097
v -0.01626867 -0.00134371 -0.02813286
v -0.02297288 -0.00233264 -0.02776018
v -0.01702315 -0.00762759 -0.02964437
v -0.01423025 -0.02606259 -0.02983478
v -0.01474673 -0.01949662 -0.03040200
v -0.01719594 -0.03323911 -0.02968520
v -0.02197301 -0.03913088 -0.02888006
v -0.01836789 -0.01340414 -0.03114811
v -0.02283645 -0.00772018 -0.02976918
v -0.03258955 -0.04774260 -0.01918626
v -0.02709681 -0.04394422 -0.02754927
v -0.03270453 -0.04796589 -0.02603737
v -0.03388345 -0.04583041 -0.01313829
v -0.03486544 -0.04231219 -0.00719500
v -0.03451556 -0.03805798 -0.00161335
v -0.03473783 -0.03311995 0.00319532
v -0.03611696 -0.02838154 0.00706720
v -0.03876621 -0.02371660 0.01001310
v -0.00165528 0.02140193 0.00959662
v -0.00774229 0.01676589 0.01358172
v -0.00405884 0.02617981 0.00196022
v 0.00168723 0.02537680 -0.00531614
v 0.00701785 0.02259395 -0.01196203
v -0.01977879 0.00755821 0.01576978
v -0.01367480 0.01210396 0.01519749
v -0.02642709 0.00295279 0.01581627
v -0.03315127 -0.00216462 0.01566309
v -0.03936076 -0.00754424 0.01466143
v -0.04176253 -0.01874304 0.01228452
v -0.04521626 -0.01299022 0.01351598
v 0.00674558 0.01395451 -0.02019510
v 0.00054634 0.01059037 -0.02343822
v -0.00631124 0.00912692 -0.02710104
v -0.01410550 0.00675543 -0.02855158
v -0.02197838 0.00477932 -0.02743196
v -0.02895105 -0.00417010 -0.02698338
v -0.02948123 0.00206820 -0.02499551
v -0.03532505 -0.00142128 -0.02313527
v -0.02070796 -0.02343224 -0.03349680
v -0.02309799 -0.03089438 -0.03427434
v -0.02380204 -0.01153427 -0.03092280
v -0.02068263 -0.01639696 -0.03204545
v -0.03030550 -0.04265435 -0.03365889
v -0.02652866 -0.03739324 -0.03400624
v -0.02836484 -0.00810191 -0.02925819
v -0.03291070 -0.00607006 -0.02670214
v -0.03963602 -0.04961253 -0.01790482
v -0.04107445 -0.04643033 -0.01293796
v -0.04023445 -0.05139185 -0.03165722
v -0.03904516 -0.05182362 -0.02498502
v -0.03464097 -0.04721677 -0.03298458
v -0.04192406 -0.04245757 -0.00827590
v -0.04128104 -0.03896692 -0.00287849
v -0.04200709 -0.03104855 0.00589159
v -0.04106086 -0.03503214 0.00221366
v -0.04421949 -0.02703990 0.00848866
v -0.04746568 -0.02285369 0.01055542
v -0.01024222 0.02421859 0.00793165
v -0.01656306 0.02028754 0.01154387
v -0.00690114 0.02929897 -0.00583383
v -0.01305819 0.02999334 0.00101125
v -0.00185043 0.02600203 -0.01250833
v 0.00218189 0.02034336 -0.01754206
v -0.02311248 0.01569670 0.01334575
v -0.02960211 0.01051524 0.01411095
v -0.03623974 0.00500615 0.01427263
v -0.04261708 -0.00064735 0.01418588
v -0.05424935 -0.01259361 0.01293406
v -0.04847252 -0.00650523 0.01368809
v -0.05060816 -0.01824186 0.01211780
v -0.00267112 0.01881912 -0.02288935
v -0.00962907 0.01651744 -0.02708241
v -0.01790500 0.01365843 -0.02883223
v -0.02668750 0.01066534 -0.02753699
v -0.03474319 0.00786892 -0.02451062
v -0.04493254 -0.00372698 -0.02045938
v -0.03838313 -0.00489250 -0.02331796
v -0.04266107 0.00090716 -0.02076346
v -0.02872169 -0.01481269 -0.03271931
v -0.02879626 -0.02121150 -0.03532571
v -0.03238183 -0.03491567 -0.03808793
v -0.03022051 -0.02834156 -0.03721622
v -0.03364360 -0.00804693 -0.02785400
v -0.03085244 -0.01056741 -0.03007063
v -0.03486806 -0.04030897 -0.03803340
v -0.03843302 -0.04498105 -0.03772351
v -0.03962654 -0.00778146 -0.02495968
v -0.04590338 -0.05343824 -0.02345130
v -0.04661161 -0.05043291 -0.01799718
v -0.04734784 -0.04607344 -0.01309317
v -0.04731780 -0.04239218 -0.00871190
v -0.04359418 -0.04929505 -0.03751501
v -0.05016387 -0.05240415 -0.03604758
v -0.04673684 -0.05455035 -0.03032780
v -0.04705900 -0.03943609 -0.00317419
v -0.04669040 -0.03632857 0.00181368
v -0.04719520 -0.03310360 0.00508070
v -0.04893756 -0.02987004 0.00728512
v -0.05201817 -0.02678092 0.00892931
v -0.05598778 -0.02295071 0.01026955
v -0.01983476 0.02761990 0.00606620
v -0.02634752 0.02326673 0.00938174
v -0.00660282 0.02579271 -0.01936314
v -0.01122040 0.03107890 -0.01378295
v -0.02375335 0.03341050 -0.00084710
v -0.01734608 0.03397325 -0.00708514
v -0.03292006 0.01820720 0.01100907
v -0.03931111 0.01251331 0.01206097
v -0.05170006 0.00065496 0.01310682
v -0.04551524 0.00654684 0.01250070
v -0.05752981 -0.00574441 0.01287279
v -0.06004119 -0.01844208 0.01174539
v -0.06360376 -0.01270558 0.01261055
v -0.01323199 0.02427447 -0.02508825
v -0.03020722 0.01725868 -0.02854943
v -0.02173913 0.02123787 -0.02854225
v -0.03794676 0.01442324 -0.02634710
v -0.04485029 0.01281869 -0.02394670
v -0.04267240 0.00674917 -0.02196810
v -0.05460125 -0.00763610 -0.01892701
v -0.04686880 -0.00759895 -0.02133399
v -0.05213457 -0.00238714 -0.01888257
v -0.04960608 0.00706852 -0.02073604
v -0.04977185 0.00214027 -0.01961580
v -0.03872406 -0.01083960 -0.02780607
v -0.03729934 -0.01482058 -0.03146312
v -0.03699076 -0.02012927 -0.03500718
v -0.03813112 -0.02647422 -0.03766021
v -0.04131758 -0.03744276 -0.04001421
v -0.03938943 -0.03224151 -0.03937817
v -0.04497391 -0.04176862 -0.04050153
v -0.05021375 -0.04540177 -0.04063377
v -0.04647613 -0.01175288 -0.02410966
v -0.05299300 -0.05510217 -0.02811444
v -0.05194205 -0.05333877 -0.02245742
v -0.05227697 -0.04930329 -0.01781890
v -0.05158299 -0.04530549 -0.01413596
v -0.05200976 -0.04195026 -0.00878087
v -0.05171561 -0.03983422 -0.00313598
v -0.05573452 -0.04885850 -0.03896728
v -0.06121898 -0.05114491 -0.03587610
v -0.05624592 -0.05392211 -0.03293282
v -0.05154908 -0.03708383 0.00140655
v -0.05151093 -0.03432600 0.00436944
v -0.05272752 -0.03213985 0.00592124
v -0.05582643 -0.03012810 0.00697273
v -0.06013829 -0.02764840 0.00796783
v -0.06510007 -0.02432389 0.00930423
v -0.02985239 0.03006697 0.00406474
v -0.03581828 0.02524447 0.00685343
v -0.02304745 0.03541277 -0.01537371
v -0.01811469 0.03090515 -0.02112231
v -0.03376549 0.03536727 -0.00260997
v -0.02822906 0.03694971 -0.00866738
v -0.04830068 0.01426175 0.00990897
v -0.04236746 0.02008672 0.00836429
v -0.05433059 0.00803812 0.01093322
v -0.06070894 0.00178350 0.01202706
v -0.06679410 -0.00523083 0.01175693
v -0.06966245 -0.01950731 0.01113075
v -0.07306254 -0.01300465 0.01154321
v -0.02555281 0.02833210 -0.02648383
v -0.04061443 0.02085895 -0.02787042
v -0.03327179 0.02445183 -0.02861863
v -0.04741144 0.01860038 -0.02573508
v -0.05345994 0.01708922 -0.02397341
v -0.05122924 0.01208841 -0.02232042
v -0.06223625 -0.01369425 -0.01912093
v -0.05442244 -0.01244158 -0.02074242
v -0.06268913 -0.00797760 -0.01762596
v -0.05516160 0.00309315 -0.01918542
v -0.05737454 -0.00045598 -0.01823610
v -0.05552882 0.00717382 -0.02020496
v -0.05712658 0.01147379 -0.02162588
v -0.04498440 -0.01588414 -0.02758059
v -0.04474026 -0.02074187 -0.03161681
v -0.04709423 -0.03158473 -0.03717765
v -0.04587567 -0.02636140 -0.03475249
v -0.04903817 -0.03512594 -0.03839523
v -0.05338454 -0.03813447 -0.03892407
v -0.05777830 -0.04146077 -0.03964397
v -0.06251419 -0.04503003 -0.03912151
v -0.05233389 -0.01706332 -0.02363357
v -0.06158137 -0.05422452 -0.02945867
v -0.05830467 -0.05398021 -0.02542409
v -0.05639189 -0.05147713 -0.02132368
v -0.05546284 -0.04697365 -0.01811135
v -0.05487621 -0.04182665 -0.01401365
v -0.05570364 -0.04125669 -0.00918075
v -0.05652869 -0.03962627 -0.00369173
v -0.05590212 -0.03724456 0.00106803
v -0.06653512 -0.04864972 -0.03726479
v -0.06998283 -0.05126810 -0.03485814
v -0.06568497 -0.05294981 -0.03269890
v -0.05499339 -0.03440017 0.00407189
v -0.06394351 -0.03205685 0.00464493
v -0.05891991 -0.03339611 0.00439024
v -0.06995380 -0.03013084 0.00528798
v -0.07551956 -0.02611340 0.00744197
v -0.03913081 0.03173332 0.00191653
v -0.04461640 0.02692738 0.00454450
v -0.03350443 0.03765636 -0.01607537
v -0.02940089 0.03410722 -0.02195290
v -0.03804529 0.03833779 -0.00988239
v -0.04284453 0.03650435 -0.00435120
v -0.05079985 0.02178631 0.00622535
v -0.05688429 0.01604903 0.00816712
v -0.06332177 0.00951716 0.00923753
v -0.07027048 0.00259075 0.01073071
v -0.07642764 -0.00500985 0.00997624
v -0.07893056 -0.01992861 0.00991082
v -0.08202600 -0.01329700 0.00914124
v -0.03613108 0.03110628 -0.02634928
v -0.04976434 0.02441420 -0.02687019
v -0.04309392 0.02745451 -0.02769318
v -0.05922389 0.01605482 -0.02277285
v -0.05586332 0.02227296 -0.02521765
v -0.06138211 0.02064206 -0.02407110
v -0.05964482 -0.01884029 -0.02090126
v -0.06955528 -0.01532994 -0.01769623
v -0.06672752 -0.02104595 -0.01935509
v -0.07016426 -0.01001828 -0.01716864
v -0.06331033 -0.00314520 -0.01758417
v -0.07067162 -0.00481252 -0.01756909
v -0.05962384 0.00274765 -0.01878196
v -0.06104064 0.00667507 -0.01980561
v -0.06506526 0.00135266 -0.01832703
v -0.06308150 0.01099812 -0.02134600
v -0.06503278 0.01519977 -0.02247503
v -0.05098355 -0.02170014 -0.02683023
v -0.05155414 -0.02611026 -0.02858186
v -0.05253327 -0.03279729 -0.03369853
v -0.06049412 -0.03544050 -0.03404173
v -0.06502014 -0.03805135 -0.03656358
v -0.06955373 -0.04247693 -0.03848213
v -0.07255888 -0.04684765 -0.03803849
v -0.05687910 -0.02290219 -0.02286863
v -0.06982130 -0.05382171 -0.02987891
v -0.06624746 -0.05363473 -0.02629220
v -0.06309021 -0.05156941 -0.02264118
v -0.06060511 -0.04780698 -0.01984760
v -0.05900127 -0.04301588 -0.01905987
v -0.05727780 -0.03777029 -0.01946461
v -0.05627614 -0.04073647 -0.01778039
v -0.05838585 -0.03490372 -0.01800513
v -0.05902141 -0.03726702 -0.01516858
v -0.06020170 -0.03910738 -0.01028591
v -0.06101692 -0.03910629 -0.00444224
v -0.06071037 -0.03678922 0.00038359
v -0.07402241 -0.04982017 -0.03620574
v -0.07594210 -0.05140145 -0.03459573
v -0.07317430 -0.05284243 -0.03255293
v -0.07308942 -0.03454421 -0.00134626
v -0.06653160 -0.03579576 -0.00021687
v -0.08487546 -0.02642948 0.00675011
v -0.08164442 -0.03131059 0.00231770
v -0.04761928 0.03306089 -0.00020912
v -0.05292308 0.02878830 0.00247407
v -0.03923303 0.03627225 -0.02181631
v -0.04274321 0.03898172 -0.01643127
v -0.05102187 0.03748067 -0.00609845
v -0.04671246 0.03906285 -0.01093817
v -0.05912048 0.02378402 0.00383452
v -0.06558484 0.01814217 0.00577420
v -0.07266009 0.01135355 0.00635573
v -0.08047670 0.00361449 0.00896415
v -0.09192657 -0.01587868 0.00697303
v -0.08736479 -0.00952443 0.00656411
v -0.08805734 -0.02044815 0.00831774
v -0.04546362 0.03348862 -0.02529180
v -0.05802923 0.02761007 -0.02616337
v -0.05186886 0.03029738 -0.02651426
v -0.06685728 0.01913698 -0.02338666
v -0.06377751 0.02534534 -0.02552605
v -0.06886166 0.02290494 -0.02445668
v -0.07713383 -0.01188758 -0.01744983
v -0.07573050 -0.01796197 -0.01718989
v -0.06309038 -0.02552547 -0.01990563
v -0.07318538 -0.02335146 -0.01760483
v -0.06920379 -0.02870567 -0.01755640
v -0.07173759 -0.00012128 -0.01857999
v -0.07827729 -0.00188458 -0.01845178
v -0.07752877 -0.00648624 -0.01786911
v -0.06698841 0.00577196 -0.01977956
v -0.06902379 0.00999656 -0.02112105
v -0.07324296 0.00428986 -0.01961443
v -0.07094270 0.01389950 -0.02216721
v -0.07245141 0.01738491 -0.02259690
v -0.05372220 -0.02984412 -0.02823949
v -0.05615675 -0.02573233 -0.02414778
v -0.05681098 -0.02875454 -0.02323160
v -0.05629641 -0.03220094 -0.02463213
v -0.05755025 -0.03349423 -0.02953988
v -0.06255847 -0.03429394 -0.02479836
v -0.06677592 -0.03466276 -0.02894223
v -0.07191950 -0.03595797 -0.03342542
v -0.07641673 -0.03878637 -0.03715128
v -0.07857013 -0.04633203 -0.03825283
v -0.07753092 -0.04952175 -0.03639260
v -0.06084985 -0.02777820 -0.02032331
v -0.07627273 -0.05364274 -0.03013903
v -0.07354456 -0.05367219 -0.02705756
v -0.07093704 -0.05215259 -0.02362117
v -0.06815600 -0.04869566 -0.02074322
v -0.06534612 -0.04445468 -0.01924568
v -0.06245017 -0.03993122 -0.01963568
v -0.05720252 -0.03254203 -0.02095145
v -0.05929244 -0.03572696 -0.02169156
v -0.05965585 -0.03049002 -0.01955342
v -0.06188637 -0.03335324 -0.01598018
v -0.06456774 -0.03650210 -0.01124600
v -0.06656015 -0.03769048 -0.00626612
v -0.08127040 -0.05026799 -0.03522888
v -0.07911032 -0.05249459 -0.03277719
v -0.07260001 -0.03591452 -0.00796831
v -0.07762647 -0.03381055 -0.01030105
v -0.07959658 -0.03413448 -0.00410083
v -0.08997619 -0.03048101 0.00217584
v -0.09296811 -0.02584142 0.00568756
v -0.08710414 -0.03299361 -0.00279281
v -0.08448392 -0.03329409 -0.00835183
v -0.05572104 0.03459614 -0.00231770
v -0.06093949 0.03110392 -0.00053868
v -0.05118424 0.03988817 -0.01682377
v -0.04808229 0.03778966 -0.02124590
v -0.05919671 0.03953682 -0.00829062
v -0.05508095 0.04038151 -0.01234719
v -0.06707364 0.02670940 -0.00002879
v -0.07495159 0.02078816 0.00252742
v -0.09205478 0.00310300 0.00790194
v -0.08590508 0.00885664 0.00472069
v -0.08780062 -0.00295401 0.00786996
v -0.09648359 -0.02093846 0.00658396
v -0.10200036 -0.01757166 0.00543356
v -0.09784871 -0.01397796 0.00409025
v -0.09271717 -0.00720608 0.00540891
v -0.09217399 -0.00953530 0.00428176
v -0.05391270 0.03543088 -0.02445963
v -0.06637603 0.02993124 -0.02640954
v -0.06056350 0.03298334 -0.02626815
v -0.07575357 0.02337003 -0.02222714
v -0.07391220 0.02050514 -0.02263746
v -0.07129002 0.02656974 -0.02475563
v -0.08351618 -0.00750301 -0.01761684
v -0.08394301 -0.01228455 -0.01751897
v -0.08132869 -0.02179577 -0.01682746
v -0.07770878 -0.02672967 -0.01567769
v -0.06507045 -0.03147516 -0.01665789
v -0.07409036 -0.03135921 -0.01446393
v -0.06908631 -0.03450222 -0.01308212
v -0.08417279 -0.00350834 -0.01797557
v -0.07957202 0.00232100 -0.01917666
v -0.08561093 0.00025913 -0.01837653
v -0.07695746 0.01202348 -0.02132234
v -0.07508636 0.00831838 -0.02069157
v -0.08129859 0.00612740 -0.01981366
v -0.07864356 0.01538680 -0.02142581
v -0.07980216 0.01836682 -0.02085736
v -0.06689882 -0.03735230 -0.02127939
v -0.07234299 -0.03574537 -0.02395248
v -0.07742983 -0.03565873 -0.02833697
v -0.08114755 -0.03549318 -0.03339967
v -0.08542454 -0.03697462 -0.03666970
v -0.08122015 -0.04157098 -0.03874922
v -0.08606863 -0.04309678 -0.03849313
v -0.08330172 -0.04711891 -0.03733200
v -0.08249682 -0.05269827 -0.03013811
v -0.07962179 -0.05328314 -0.02713227
v -0.07656062 -0.05259607 -0.02445307
v -0.07487571 -0.05058644 -0.02196091
v -0.07371384 -0.04702867 -0.01979604
v -0.07094699 -0.04229463 -0.01927212
v -0.08723170 -0.04783728 -0.03558880
v -0.08494765 -0.05086656 -0.03304535
v -0.08148688 -0.03050590 -0.01302943
v -0.09459263 -0.03199832 -0.00234088
v -0.09146392 -0.03261887 -0.00728235
v -0.09779930 -0.02948740 0.00191030
v -0.10163748 -0.02580590 0.00476855
v -0.08543807 -0.02662124 -0.01539874
v -0.08862960 -0.03066297 -0.01208955
v -0.06332833 0.03721672 -0.00534898
v -0.06770051 0.03403212 -0.00432271
v -0.06063300 0.04167247 -0.01791739
v -0.05720401 0.03959685 -0.02158010
v -0.06651956 0.04108034 -0.00990924
v -0.06403840 0.04208908 -0.01389411
v -0.08318955 0.01496242 0.00180224
v -0.08622676 0.02069410 0.00117394
v -0.07841957 0.02592420 -0.00272480
v -0.09827256 -0.00200928 0.00779480
v -0.10290933 0.00280960 0.00833225
v -0.09851468 0.00716907 0.00532085
v -0.08938867 0.01167439 0.00047243
v -0.09064043 0.01001230 0.00165448
v -0.10655540 -0.02203793 0.00559467
v -0.11173570 -0.01861299 0.00449470
v -0.10741639 -0.01485438 0.00339061
v -0.09633249 -0.01171355 0.00145543
v -0.10356611 -0.01248430 0.00090176
v -0.10111028 -0.01185518 -0.00171152
v -0.09538466 -0.00952270 0.00223139
v -0.09843874 -0.00950864 0.00023049
v -0.09706873 -0.00718291 0.00473762
v -0.09781194 -0.01091073 -0.00121450
v -0.06371903 0.03762269 -0.02454117
v -0.07423282 0.03004282 -0.02405396
v -0.06965166 0.03411789 -0.02538338
v -0.08030879 0.02109763 -0.01963797
v -0.07751554 0.02621757 -0.02124158
v -0.08124727 0.02327526 -0.01818764
v -0.08908242 -0.00483520 -0.01701742
v -0.08848166 -0.00786887 -0.01686180
v -0.09177470 -0.01449203 -0.01676118
v -0.08628857 -0.01740694 -0.01736712
v -0.08961123 -0.01103541 -0.01680937
v -0.08990824 -0.02218346 -0.01662514
v -0.09288716 0.00151504 -0.01664972
v -0.09104896 -0.00165548 -0.01704741
v -0.08725441 0.00371671 -0.01846689
v -0.08325189 0.00958526 -0.02006465
v -0.08533782 0.01290579 -0.01970908
v -0.08927155 0.00687568 -0.01805896
v -0.08728498 0.01676195 -0.01915807
v -0.08622742 0.02006868 -0.01756471
v -0.07681310 -0.03961254 -0.02006090
v -0.08133286 -0.03644019 -0.02319428
v -0.08549970 -0.03449354 -0.02787730
v -0.08969295 -0.03473038 -0.03238195
v -0.09321523 -0.03642345 -0.03514594
v -0.08957916 -0.03920335 -0.03786549
v -0.09326082 -0.04111556 -0.03781617
v -0.08999217 -0.04432052 -0.03745928
v -0.08811820 -0.05077035 -0.03002298
v -0.08542007 -0.05174558 -0.02671471
v -0.08212852 -0.05161453 -0.02365628
v -0.07837564 -0.05062455 -0.02194518
v -0.07929206 -0.04732041 -0.01964408
v -0.09059161 -0.04843360 -0.03360710
v -0.09331262 -0.04516437 -0.03636757
v -0.09867138 -0.03173715 -0.00682312
v -0.10222697 -0.03130959 -0.00252026
v -0.09567040 -0.03000875 -0.01111636
v -0.09286052 -0.02660749 -0.01467305
v -0.10638678 -0.02966784 0.00125092
v -0.11139619 -0.02678199 0.00343233
v -0.07303840 0.03519029 -0.00534335
v -0.06911182 0.03876260 -0.00692552
v -0.07262909 0.03066096 -0.00534210
v -0.06989563 0.04204461 -0.01798311
v -0.06734776 0.04066488 -0.02156657
v -0.07294345 0.04120956 -0.01019514
v -0.07119703 0.04220452 -0.01409224
v -0.09299028 0.01575077 0.00185624
v -0.09633678 0.02025526 0.00217980
v -0.09076834 0.02400332 -0.00124648
v -0.07976264 0.02620776 -0.00572476
v -0.07724941 0.02796986 -0.00712189
v -0.10197729 -0.00837290 0.00240985
v -0.10390538 -0.00559326 0.00642869
v -0.10811383 -0.00178366 0.00895244
v -0.11309201 0.00214872 0.00884169
v -0.10870391 0.00637070 0.00682980
v -0.09658629 0.00945954 0.00093803
v -0.10528719 0.00924650 0.00280634
v -0.10308969 0.00958044 -0.00138843
v -0.09359789 0.00993548 -0.00091344
v -0.09689730 0.00927837 -0.00275701
v -0.09338814 0.01156478 -0.00037333
v -0.09809190 0.00907356 -0.00252584
v -0.11595225 -0.02306520 0.00410864
v -0.11935091 -0.01953443 0.00361145
v -0.11617166 -0.01568317 0.00262788
v -0.11229515 -0.01297530 0.00040397
v -0.10830945 -0.01177779 -0.00235549
v -0.10106611 -0.01172717 -0.00503802
v -0.10538501 -0.01206545 -0.00578979
v -0.10402125 -0.01286592 -0.00899836
v -0.10179055 -0.00967418 -0.00165585
v -0.10011256 -0.01069879 -0.00374001
v -0.10254061 -0.01079173 -0.00637272
v -0.10220426 -0.01196827 -0.00813091
v -0.07287669 0.03748446 -0.02306721
v -0.07666105 0.03362728 -0.02287787
v -0.07953030 0.02979754 -0.02149048
v -0.08241397 0.02395562 -0.01592755
v -0.08412737 0.02316312 -0.01353538
v -0.08441395 0.02199772 -0.01560205
v -0.09524596 -0.00407552 -0.01542503
v -0.09213424 -0.00674326 -0.01606193
v -0.09404474 -0.00951309 -0.01537618
v -0.09471083 -0.01785200 -0.01621634
v -0.09628952 -0.01216880 -0.01478800
v -0.09868753 -0.01428357 -0.01380494
v -0.09745425 -0.02205716 -0.01520205
v -0.09819287 -0.00019439 -0.01475000
v -0.09418643 0.00451092 -0.01575169
v -0.09874463 0.00340840 -0.01337197
v -0.09386295 0.01407858 -0.01663318
v -0.09158087 0.00998136 -0.01732624
v -0.09593701 0.00717641 -0.01431727
v -0.08870453 0.02291958 -0.01420438
v -0.09300798 0.02122108 -0.01637802
v -0.08196515 -0.04307168 -0.01854843
v -0.08601111 -0.03855442 -0.01990518
v -0.09005576 -0.03566271 -0.02354792
v -0.09363621 -0.03476072 -0.02782986
v -0.09646171 -0.03848840 -0.03623888
v -0.09670365 -0.03566591 -0.03136513
v -0.09968793 -0.03749200 -0.03348705
v -0.09984881 -0.04042554 -0.03632361
v -0.09644347 -0.04255265 -0.03733611
v -0.09347999 -0.04931966 -0.03000113
v -0.09114432 -0.04995568 -0.02620405
v -0.08831888 -0.04979106 -0.02329522
v -0.08434439 -0.04878920 -0.02081868
v -0.08746600 -0.04529777 -0.01896745
v -0.10002345 -0.04394983 -0.03661290
v -0.09694523 -0.04583462 -0.03557539
v -0.09980065 -0.02621298 -0.01323530
v -0.10296780 -0.02944244 -0.01060981
v -0.10683256 -0.03132720 -0.00725406
v -0.11158562 -0.03148812 -0.00384134
v -0.11614323 -0.02997107 -0.00017300
v -0.11955625 -0.02694183 0.00248525
v -0.07571000 0.03875133 -0.00681084
v -0.07775694 0.03168584 -0.00544950
v -0.07926542 0.03547468 -0.00505450
v -0.07602251 0.04152156 -0.01717517
v -0.07482737 0.04004217 -0.02035612
v -0.07934153 0.04103054 -0.00974354
v -0.07721728 0.04186598 -0.01357251
v -0.09860009 0.00992847 -0.00187358
v -0.09910274 0.01259609 0.00134909
v -0.10210723 0.01639787 0.00311136
v -0.10583448 0.02025219 0.00250179
v -0.10108691 0.02359569 0.00044340
v -0.08762681 0.02596459 -0.00643036
v -0.09665692 0.02558305 -0.00378543
v -0.09335405 0.02562429 -0.00841960
v -0.08525068 0.02498170 -0.00939378
v -0.08027667 0.02593325 -0.00798082
v -0.08119500 0.02563781 -0.00938782
v -0.07854706 0.02812495 -0.00733998
v -0.10654444 -0.00898427 0.00001019
v -0.10495323 -0.00964690 -0.00425312
v -0.10958332 -0.00785789 0.00396472
v -0.11371374 -0.00559908 0.00739533
v -0.11750901 -0.00225325 0.00869200
v -0.12084043 0.00142404 0.00844970
v -0.11768252 0.00524434 0.00727510
v -0.11437190 0.00846173 0.00443423
v -0.11102188 0.00977026 0.00011894
v -0.10344094 0.00870096 -0.00556070
v -0.10859829 0.00912194 -0.00438434
v -0.10628462 0.00687542 -0.00820178
v -0.09929854 0.00774501 -0.00533000
v -0.09953481 0.00750659 -0.00539047
v -0.10014951 0.00652801 -0.00914669
v -0.10225070 0.00646293 -0.00902814
v -0.12238574 -0.02350289 0.00361708
v -0.12508231 -0.02019266 0.00348374
v -0.12230974 -0.01653505 0.00269443
v -0.11977005 -0.01384028 0.00051260
v -0.11673570 -0.01238722 -0.00255704
v -0.10911846 -0.01321663 -0.00943315
v -0.11285073 -0.01225674 -0.00624561
v -0.10200471 -0.01839347 -0.01380512
v -0.10199386 -0.01432268 -0.01206157
v -0.10590488 -0.01533575 -0.01214591
v -0.10000801 -0.01005982 -0.01192319
v -0.10340971 -0.00951413 -0.00816563
v -0.10164100 -0.01203903 -0.01029670
v -0.07816303 0.03712703 -0.02174485
v -0.08216292 0.02683506 -0.01898167
v -0.08088893 0.03373869 -0.02193525
v -0.08344239 0.03044181 -0.02094617
v -0.08448529 0.02524774 -0.01609185
v -0.08361197 0.02396904 -0.01333016
v -0.08289206 0.02451430 -0.01116118
v -0.08480269 0.02403608 -0.01163289
v -0.09822935 -0.00701391 -0.01349980
v -0.10176557 -0.00312033 -0.01228827
v -0.10433447 -0.02244972 -0.01397294
v -0.09900177 0.00556824 -0.01154917
v -0.10347646 0.00453186 -0.01122200
v -0.09880650 0.01149087 -0.01403642
v -0.09649128 0.01799009 -0.01589346
v -0.10127676 0.01499991 -0.01523709
v -0.09844714 0.00795803 -0.01180139
v -0.09191614 0.02457091 -0.01223108
v -0.09600258 0.02309352 -0.01380035
v -0.10019422 0.02099960 -0.01487935
v -0.09122676 -0.04165818 -0.01881352
v -0.09465301 -0.03859387 -0.02086258
v -0.09741855 -0.03696034 -0.02402440
v -0.10001284 -0.03668153 -0.02778670
v -0.10298741 -0.03946393 -0.03394473
v -0.10232580 -0.03779782 -0.03067100
v -0.10443795 -0.03926311 -0.03111243
v -0.10579181 -0.04120980 -0.03269315
v -0.10363591 -0.04215891 -0.03556198
v -0.09583145 -0.04777659 -0.03328547
v -0.09679282 -0.04904591 -0.03022164
v -0.09628069 -0.04903593 -0.02666742
v -0.09542668 -0.04821256 -0.02258474
v -0.09197748 -0.04719146 -0.02061707
v -0.09583157 -0.04428137 -0.01948556
v -0.10620636 -0.04413132 -0.03417236
v -0.10343480 -0.04490594 -0.03564987
v -0.10024124 -0.04622259 -0.03514758
v -0.09833390 -0.04797481 -0.03323102
v -0.10758322 -0.02622975 -0.01350683
v -0.11223167 -0.02945499 -0.01191035
v -0.11751777 -0.03134445 -0.00822181
v -0.12099898 -0.03123058 -0.00315139
v -0.12296242 -0.02915537 0.00078073
v -0.12492508 -0.02669612 0.00261182
v -0.08155185 0.02665301 -0.00867617
v -0.08143413 0.02913383 -0.00626239
v -0.08202761 0.03875374 -0.00667879
v -0.08280540 0.03236862 -0.00494000
v -0.08504319 0.03572049 -0.00510249
v -0.08057845 0.04136236 -0.01654592
v -0.07926673 0.03980892 -0.01953551
v -0.08501387 0.04080328 -0.00927728
v -0.08252263 0.04182642 -0.01297596
v -0.10246241 0.00849404 -0.00481105
v -0.10107565 0.00761455 -0.00884134
v -0.10448909 0.01009947 -0.00104496
v -0.10724682 0.01288490 0.00187469
v -0.10982633 0.01654560 0.00297025
v -0.11217082 0.01987831 0.00205135
v -0.10933381 0.02318164 0.00069132
v -0.10581291 0.02556097 -0.00228712
v -0.10195529 0.02617315 -0.00654474
v -0.09876060 0.02499788 -0.01070237
v -0.11125058 -0.00904014 -0.00300941
v -0.11532634 -0.00913301 0.00087807
v -0.10496861 -0.00581478 -0.00968251
v -0.10802221 -0.00780822 -0.00679091
v -0.11914009 -0.00815405 0.00438473
v -0.12169778 -0.00567052 0.00738955
v -0.12385505 -0.00231671 0.00890586
v -0.12619048 0.00106111 0.00899720
v -0.12378138 0.00439559 0.00779888
v -0.12176311 0.00738637 0.00576898
v -0.11950731 0.00932932 0.00193459
v -0.11260033 0.00751866 -0.00664485
v -0.11637264 0.00933063 -0.00266951
v -0.10537821 0.00119539 -0.01131439
v -0.10914439 0.00471894 -0.00985515
v -0.12731141 -0.02414725 0.00351143
v -0.12970978 -0.02086671 0.00373551
v -0.12719262 -0.01710399 0.00286943
v -0.12462568 -0.01471159 0.00117213
v -0.12290412 -0.01326097 -0.00110728
v -0.11800182 -0.01326783 -0.00936016
v -0.12130207 -0.01259171 -0.00476158
v -0.11328912 -0.01519509 -0.01277563
v -0.10877693 -0.01868094 -0.01403481
v -0.08218563 0.03733500 -0.02107057
v -0.08648014 0.02769961 -0.01894125
v -0.08528441 0.03431289 -0.02159861
v -0.08896101 0.03102107 -0.02086207
v -0.08964294 0.02585244 -0.01606494
v -0.08651757 0.02475059 -0.01312113
v -0.08370095 0.02530168 -0.01070735
v -0.10847932 -0.00194084 -0.01029333
v -0.11293167 -0.02216507 -0.01501408
v -0.10279918 0.00927110 -0.01173669
v -0.10462362 0.01843916 -0.01572755
v -0.10991037 0.01537202 -0.01588613
v -0.10586047 0.01182922 -0.01424062
v -0.10341638 0.02355579 -0.01246619
v -0.10883468 0.02191006 -0.01453257
v -0.09874129 -0.04145354 -0.02047426
v -0.10076904 -0.03977864 -0.02246791
v -0.10266417 -0.03896776 -0.02501503
v -0.10424393 -0.03900218 -0.02808774
v -0.10489577 -0.04039196 -0.02561423
v -0.10628498 -0.04081551 -0.02886599
v -0.10679126 -0.04271839 -0.02584416
v -0.10776007 -0.04336480 -0.02977371
v -0.10133004 -0.04919955 -0.03048986
v -0.09888238 -0.04926794 -0.02716762
v -0.10156757 -0.04847652 -0.02441055
v -0.09859723 -0.04843668 -0.02385202
v -0.10300398 -0.04710566 -0.02260268
v -0.09975755 -0.04606288 -0.02096352
v -0.10260195 -0.04349088 -0.02154383
v -0.10765696 -0.04615192 -0.02643454
v -0.10761702 -0.04699210 -0.03062963
v -0.10538143 -0.04638926 -0.03434020
v -0.10341042 -0.04753491 -0.03397757
v -0.11827248 -0.02577730 -0.01454058
v -0.12330496 -0.02896828 -0.01164031
v -0.12631798 -0.03143089 -0.00353739
v -0.12598944 -0.02950388 0.00047487
v -0.12915254 -0.02798418 0.00190768
v -0.08466327 0.02741699 -0.00811943
v -0.08625978 0.03003341 -0.00585461
v -0.08824044 0.03308767 -0.00495851
v -0.09039485 0.03580545 -0.00537765
v -0.08769572 0.03840242 -0.00658274
v -0.08605391 0.04151967 -0.01547554
v -0.08384341 0.04007234 -0.01884863
v -0.09037709 0.03996859 -0.00846064
v -0.08841193 0.04151807 -0.01164344
v -0.10611242 0.00812932 -0.00846225
v -0.10911250 0.00872242 -0.00445712
v -0.11162716 0.01044997 -0.00068581
v -0.11332327 0.01332173 0.00200200
v -0.11485505 0.01659376 0.00262928
v -0.11673516 0.01950395 0.00188380
v -0.11447287 0.02238854 0.00062025
v -0.11267298 0.02499316 -0.00141472
v -0.11035877 0.02619381 -0.00506523
v -0.10710996 0.02565943 -0.00914264
v -0.11222488 -0.00513122 -0.00915638
v -0.11693776 -0.00807884 -0.00682700
v -0.12168646 -0.00932021 -0.00263777
v -0.12462682 -0.00909118 0.00213906
v -0.12540781 -0.00744338 0.00590977
v -0.12656140 -0.00531199 0.00820795
v -0.12894040 -0.00261211 0.00924000
v -0.13196474 0.00068859 0.00924027
v -0.12892556 0.00418698 0.00846410
v -0.12645566 0.00661817 0.00697571
v -0.12531155 0.00844216 0.00462016
v -0.12217307 0.00849631 -0.00461137
v -0.12472910 0.00939354 0.00048634
v -0.11270368 0.00182422 -0.01043883
v -0.11752462 0.00569895 -0.00885367
v -0.13256311 -0.02501224 0.00307268
v -0.13592362 -0.02138392 0.00302899
v -0.13264167 -0.01748800 0.00265506
v -0.12912697 -0.01475466 0.00084412
v -0.12582242 -0.01354069 -0.00102058
v -0.12642479 -0.01293539 -0.00469705
v -0.12341082 -0.01539040 -0.01172060
v -0.11831796 -0.01811099 -0.01437214
v -0.08770216 0.03801078 -0.02049437
v -0.09178793 0.03525796 -0.02132046
v -0.09535980 0.03205563 -0.02060577
v -0.09269631 0.02828103 -0.01883319
v -0.09597373 0.02666267 -0.01545593
v -0.09234279 0.02562048 -0.01236781
v -0.08827567 0.02619345 -0.01016733
v -0.11765146 -0.00136938 -0.01088250
v -0.12334073 -0.02164788 -0.01412153
v -0.11044317 0.00928549 -0.01199797
v -0.11445284 0.01957260 -0.01561731
v -0.11937898 0.01641130 -0.01478642
v -0.11510217 0.01233825 -0.01434803
v -0.11305678 0.02470778 -0.01126295
v -0.11891437 0.02305393 -0.01301956
v -0.10412866 -0.04167235 -0.02329001
v -0.10592043 -0.04471348 -0.02359894
v -0.10620618 -0.04863761 -0.03082490
v -0.10425019 -0.04926512 -0.02666125
v -0.10634458 -0.04873506 -0.02655119
v -0.10502756 -0.04769413 -0.02410108
v -0.12783557 -0.02532171 -0.01313612
v -0.13277513 -0.02846396 -0.01149872
v -0.12863725 -0.03091444 -0.00839016
v -0.13413548 -0.03133921 -0.00508472
v -0.13131309 -0.03067984 -0.00132775
v -0.13558263 -0.02836729 0.00098222
v -0.08999002 0.02846869 -0.00735191
v -0.09146380 0.03107285 -0.00552669
v -0.09231460 0.03782233 -0.00657400
v -0.09298742 0.03355177 -0.00510138
v -0.09441203 0.03576314 -0.00558266
v -0.09204060 0.04157847 -0.01322860
v -0.09049678 0.04086731 -0.01744658
v -0.09403831 0.03941690 -0.00794402
v -0.09285831 0.04073631 -0.00986063
v -0.11426967 0.00862320 -0.00786433
v -0.11619443 0.00934963 -0.00300577
v -0.11659706 0.01145035 0.00035042
v -0.11755145 0.01377880 0.00195116
v -0.11947447 0.01628587 0.00229996
v -0.12176722 0.01894890 0.00174573
v -0.11911106 0.02196966 0.00064495
v -0.11705482 0.02415338 -0.00079322
v -0.11597788 0.02564102 -0.00302917
v -0.11535776 0.02628523 -0.00686049
v -0.12314802 -0.00491571 -0.00936237
v -0.12852013 -0.00747074 -0.00574687
v -0.13009405 -0.00914005 0.00250733
v -0.12846810 -0.00748572 0.00611803
v -0.13164616 -0.00603164 0.00761583
v -0.13518512 -0.00326153 0.00873804
v -0.13884866 0.00019879 0.00858438
v -0.13515747 0.00390443 0.00821239
v -0.13166636 0.00679764 0.00680694
v -0.12833428 0.00824101 0.00503913
v -0.12993217 0.00944541 0.00138170
v -0.12314665 0.00330277 -0.00992668
v -0.12829792 0.00687539 -0.00633472
v -0.13906503 -0.02501488 0.00220090
v -0.14187008 -0.02128641 0.00220004
v -0.13885158 -0.01787213 0.00176534
v -0.13535929 -0.01508109 0.00022405
v -0.13130826 -0.01339686 -0.00236890
v -0.12872088 -0.01389641 -0.00877109
v -0.13399708 -0.01354252 -0.00552559
v -0.13277036 -0.01588446 -0.01097038
v -0.12781084 -0.01851294 -0.01295501
v -0.09469277 0.03927804 -0.01954958
v -0.09849310 0.02922434 -0.01856264
v -0.09798169 0.03615968 -0.02109051
v -0.10135496 0.03244051 -0.02082017
v -0.10186154 0.02742859 -0.01595971
v -0.09916288 0.02670676 -0.01237750
v -0.09393233 0.02758256 -0.00867057
v -0.12867403 -0.00015999 -0.00911775
v -0.13245112 -0.02182827 -0.01336092
v -0.11946100 0.01019011 -0.01101547
v -0.12328678 0.02044514 -0.01413339
v -0.12753886 0.01732900 -0.01384854
v -0.12360835 0.01355930 -0.01313478
v -0.12325323 0.02538219 -0.00948966
v -0.12742430 0.02352558 -0.01153144
v -0.13682491 -0.02535183 -0.01282990
v -0.14121264 -0.02846834 -0.01086566
v -0.13761163 -0.03044028 -0.00837368
v -0.14164382 -0.03064864 -0.00464922
v -0.13847923 -0.03015517 -0.00188529
v -0.14182955 -0.02761510 0.00036654
v -0.09437668 0.02990137 -0.00633481
v -0.09512299 0.03182622 -0.00551695
v -0.09584475 0.03791811 -0.00671184
v -0.09652388 0.03369945 -0.00533989
v -0.09806496 0.03596895 -0.00586531
v -0.09506547 0.04077486 -0.00979033
v -0.09576792 0.04157739 -0.01288843
v -0.09744275 0.03993507 -0.00852516
v -0.12084353 0.00956869 -0.00315249
v -0.11939985 0.01135220 0.00013879
v -0.12199205 0.01298341 0.00111490
v -0.12465620 0.01536781 0.00195801
v -0.12736201 0.01810421 0.00230712
v -0.12431741 0.02136109 0.00092220
v -0.12142789 0.02393581 -0.00099000
v -0.11878651 0.02538692 -0.00275680
v -0.12024659 0.02615242 -0.00603673
v -0.13367516 -0.00366702 -0.00750017
v -0.13808119 -0.00676364 -0.00549451
v -0.13355243 -0.00874702 -0.00188357
v -0.13822949 -0.00891749 0.00097862
v -0.13463581 -0.00834897 0.00466678
v -0.13874298 -0.00628705 0.00650659
v -0.14255381 -0.00338266 0.00767928
v -0.14594525 -0.00006335 0.00779009
v -0.14245421 0.00336391 0.00763041
v -0.13864291 0.00644726 0.00630170
v -0.13438267 0.00862842 0.00392798
v -0.13329673 0.00886746 -0.00251824
v -0.13797134 0.00918547 0.00044167
v -0.13345361 0.00400593 -0.00769305
v -0.13770694 0.00698584 -0.00548002
v -0.14453274 -0.02433864 0.00158352
v -0.14676237 -0.02094101 0.00134784
v -0.14440185 -0.01804278 0.00087628
v -0.14140999 -0.01555813 -0.00052208
v -0.13806206 -0.01412976 -0.00290954
v -0.13718563 -0.01444501 -0.00858107
v -0.14088476 -0.01415552 -0.00581396
v -0.14061552 -0.01606981 -0.01099205
v -0.13668072 -0.01862471 -0.01255396
v -0.09794199 0.04133290 -0.01664427
v -0.10120457 0.03972146 -0.01972702
v -0.10501015 0.03646100 -0.02156344
v -0.10807633 0.03284716 -0.02111772
v -0.10509366 0.02971636 -0.01901159
v -0.10809946 0.02803842 -0.01643845
v -0.10525948 0.02727930 -0.01343954
v -0.10232592 0.02778111 -0.01051044
v -0.10012168 0.02924450 -0.00788361
v -0.09741604 0.02791005 -0.00883248
v -0.09648198 0.03003073 -0.00650686
v -0.13801134 0.00036170 -0.00820750
v -0.14065897 -0.02200990 -0.01325637
v -0.12767029 0.01109473 -0.01061842
v -0.12366551 0.00935883 -0.00740609
v -0.13184810 0.02118020 -0.01232257
v -0.13600516 0.01781749 -0.01248571
v -0.13206762 0.01421956 -0.01212507
v -0.12397164 0.02532791 -0.00314373
v -0.12726587 0.02593562 -0.00556222
v -0.13120884 0.02529388 -0.00769696
v -0.13535637 0.02373635 -0.00961742
v -0.14471549 -0.02550408 -0.01230296
v -0.14879656 -0.02859392 -0.00992924
v -0.14499599 -0.03019341 -0.00721586
v -0.14769655 -0.02984020 -0.00294456
v -0.14456969 -0.02909273 -0.00147873
v -0.14686924 -0.02651398 0.00043321
v -0.09834808 0.03141768 -0.00605896
v -0.09986371 0.03821436 -0.00726047
v -0.10033417 0.03343762 -0.00587273
v -0.10257787 0.03580245 -0.00652459
v -0.09927297 0.04132201 -0.01114744
v -0.10183710 0.04166056 -0.01399681
v -0.10237873 0.04006302 -0.00924715
v -0.12759054 0.00975310 -0.00413913
v -0.12452221 0.01071615 -0.00124499
v -0.12758064 0.01257086 0.00083572
v -0.13048130 0.01508823 0.00234205
v -0.13353878 0.01788913 0.00276035
v -0.13039535 0.02075495 0.00203764
v -0.12723666 0.02346046 -0.00002968
v -0.14238805 -0.00334165 -0.00783926
v -0.14698958 -0.00645088 -0.00578144
v -0.14238620 -0.00827557 -0.00252536
v -0.14650315 -0.00828674 0.00067359
v -0.14243317 -0.00789184 0.00363860
v -0.14614147 -0.00577914 0.00564557
v -0.14911509 -0.00302096 0.00672463
v -0.15152067 -0.00012163 0.00666654
v -0.14888519 0.00280873 0.00677329
v -0.14585972 0.00576567 0.00574702
v -0.14204901 0.00798938 0.00350842
v -0.14186943 0.00838493 -0.00269499
v -0.14590824 0.00851365 0.00047100
v -0.14219195 0.00434207 -0.00767076
v -0.14648986 0.00706987 -0.00550532
v -0.14836907 -0.01830024 0.00039050
v -0.14849287 -0.02360103 0.00119695
v -0.14978296 -0.02087923 0.00096986
v -0.14663053 -0.01606820 -0.00085378
v -0.14415407 -0.01455991 -0.00301453
v -0.14421713 -0.01462870 -0.00826997
v -0.14721161 -0.01447730 -0.00492790
v -0.14826506 -0.01628549 -0.01071522
v -0.14433980 -0.01882580 -0.01245266
v -0.10529339 0.04141478 -0.01700485
v -0.10851347 0.03982925 -0.02009073
v -0.11103386 0.03010041 -0.01943961
v -0.11128116 0.03643052 -0.02173489
v -0.11433107 0.03287354 -0.02137706
v -0.11434114 0.02824380 -0.01669124
v -0.11081588 0.02783367 -0.01382950
v -0.10815680 0.02838944 -0.01141736
v -0.10549015 0.02948246 -0.00917849
v -0.10277069 0.03112174 -0.00708961
v -0.14705187 0.00101407 -0.00873798
v -0.14842689 -0.02238904 -0.01268390
v -0.13574719 0.01140567 -0.00910687
v -0.13147193 0.01002270 -0.00674888
v -0.13954216 0.02116010 -0.01110357
v -0.14333004 0.01755856 -0.01117271
v -0.13970238 0.01425402 -0.01073751
v -0.13061231 0.02490812 -0.00178179
v -0.13447845 0.02542384 -0.00406018
v -0.13865560 0.02528643 -0.00607634
v -0.14298046 0.02372607 -0.00845572
v -0.15235549 -0.02605581 -0.01181620
v -0.15631866 -0.02883089 -0.00958514
v -0.15314215 -0.03030007 -0.00672817
v -0.15143800 -0.02979865 -0.00277656
v -0.15082371 -0.02771792 -0.00047719
v -0.14889514 -0.02778543 -0.00047898
v -0.14994055 -0.02571906 0.00061783
v -0.10531384 0.03335433 -0.00695422
v -0.10769975 0.03563642 -0.00751504
v -0.10515195 0.03802951 -0.00788566
v -0.10529381 0.04112540 -0.01166421
v -0.10843140 0.04149179 -0.01424664
v -0.10787833 0.03962127 -0.00975606
v -0.13440901 0.01039341 -0.00315994
v -0.13080782 0.01105222 -0.00101882
v -0.13370836 0.01292208 0.00123695
v -0.13645434 0.01546550 0.00251392
v -0.13908482 0.01806138 0.00265634
v -0.13667601 0.02043502 0.00213468
v -0.13385606 0.02289200 0.00078401
v -0.15201807 -0.00271252 -0.00792140
v -0.15665025 -0.00562396 -0.00545481
v -0.15141469 -0.00777464 -0.00225016
v -0.15399551 -0.00735775 0.00152388
v -0.14986676 -0.00696010 0.00331664
v -0.15212446 -0.00499460 0.00519994
v -0.15354639 0.00246475 0.00605005
v -0.15377057 -0.00255996 0.00608355
v -0.15533257 0.00008792 0.00625241
v -0.15153182 0.00487239 0.00529650
v -0.14920706 0.00720195 0.00341484
v -0.15078044 0.00839688 -0.00211161
v -0.15308732 0.00790130 0.00156090
v -0.15174943 0.00498866 -0.00751275
v -0.15614676 0.00761865 -0.00466859
v -0.14959520 -0.01658093 -0.00082007
v -0.14856189 -0.01525993 -0.00228938
v -0.15095603 -0.01845739 0.00020298
v -0.15127110 -0.02360037 0.00098920
v -0.15273601 -0.02124046 0.00085109
v -0.15032893 -0.01536871 -0.00240171
v -0.15094769 -0.01466444 -0.00502452
v -0.15292764 -0.01504141 -0.00816253
v -0.15612882 -0.01699994 -0.01040855
v -0.15221953 -0.01942681 -0.01223576
v -0.11139113 0.04131065 -0.01704302
v -0.11436784 0.03963152 -0.02025488
v -0.11779559 0.03619219 -0.02168149
v -0.12097651 0.03291899 -0.02107799
v -0.11773074 0.03011749 -0.01953104
v -0.12081623 0.02839490 -0.01698959
v -0.11763459 0.02769440 -0.01426399
v -0.11253893 0.02902653 -0.01140216
v -0.11021793 0.02998881 -0.00991771
v -0.10789168 0.03143569 -0.00829941
v -0.15669262 0.00148624 -0.00823200
v -0.15582430 -0.02318552 -0.01249558
v -0.14292055 0.01151992 -0.00762126
v -0.13850003 0.01028115 -0.00515354
v -0.14683694 0.02066676 -0.01040298
v -0.15024239 0.01683750 -0.01073879
v -0.14683789 0.01381627 -0.00975430
v -0.13738883 0.02419814 -0.00095978
v -0.14089292 0.02475305 -0.00246674
v -0.14690012 0.02492002 -0.00600657
v -0.15021545 0.02292311 -0.00863016
v -0.15960884 -0.02648464 -0.01114747
v -0.16291517 -0.02831695 -0.00877714
v -0.15998143 -0.03001727 -0.00695595
v -0.15692812 -0.03031956 -0.00415272
v -0.15469110 -0.02877524 -0.00130722
v -0.15282309 -0.02630750 0.00030616
v -0.10979265 0.03752973 -0.00869012
v -0.10966617 0.03341096 -0.00798202
v -0.11125547 0.03534362 -0.00838742
v -0.11037689 0.04053818 -0.01176170
v -0.11284834 0.04094918 -0.01356524
v -0.11158061 0.03880051 -0.01007316
v -0.14054155 0.01103206 -0.00128832
v -0.13698721 0.01165736 -0.00020736
v -0.13917422 0.01365788 0.00178888
v -0.14126307 0.02026620 0.00207597
v -0.14109981 0.01589016 0.00252545
v -0.14287812 0.01817182 0.00252384
v -0.13952583 0.02234045 0.00103384
v -0.16065001 -0.00230406 -0.00746584
v -0.16450715 -0.00507335 -0.00525838
v -0.16103905 -0.00730136 -0.00231659
v -0.15818495 -0.00730068 0.00147069
v -0.15690070 -0.00598147 0.00390500
v -0.15478146 -0.00595712 0.00398251
v -0.15561992 -0.00447745 0.00520590
v -0.15522456 0.00446510 0.00517306
v -0.15401089 0.00615654 0.00409511
v -0.15695459 0.00267901 0.00585324
v -0.15701783 -0.00252951 0.00593922
v -0.15890867 0.00017526 0.00623330
v -0.15630800 0.00615768 0.00397342
v -0.15724295 0.00776083 0.00156391
v -0.16046464 0.00528181 -0.00669661
v -0.16011351 0.00844387 -0.00155500
v -0.16373742 0.00736156 -0.00389802
v -0.15229791 -0.01647608 -0.00127020
v -0.15457553 -0.01864108 -0.00003958
v -0.15475428 -0.02434550 0.00079346
v -0.15668428 -0.02179562 0.00059584
v -0.15408993 -0.01529688 -0.00340930
v -0.15647721 -0.01506650 -0.00586504
v -0.15963405 -0.02002735 -0.01163217
v -0.15963757 -0.01578656 -0.00804555
v -0.16286862 -0.01766905 -0.00957608
v -0.11769736 0.04103144 -0.01740143
v -0.12108821 0.03914905 -0.01994896
v -0.12375271 0.03030037 -0.01927170
v -0.12415552 0.03591045 -0.02096260
v -0.12662327 0.03273748 -0.02026504
v -0.12607408 0.02883364 -0.01687360
v -0.12321585 0.02791673 -0.01476836
v -0.11544704 0.02889539 -0.01166239
v -0.12021846 0.02827744 -0.01265797
v -0.11783755 0.02967096 -0.01084056
v -0.11453873 0.03051079 -0.01006612
v -0.11301398 0.03059563 -0.00985464
v -0.11140692 0.03169299 -0.00895262
v -0.16416311 0.00150971 -0.00754970
v -0.16273642 -0.02350482 -0.01161766
v -0.15035939 0.01142709 -0.00715041
v -0.14682865 0.01033212 -0.00423086
v -0.15357774 0.01362248 -0.00947228
v -0.15350670 0.02007749 -0.01014498
v -0.15661013 0.01667928 -0.01055470
v -0.14175969 0.02329005 -0.00005236
v -0.14388770 0.02333048 -0.00021550
v -0.14469057 0.02472482 -0.00261506
v -0.14801449 0.02408933 -0.00171453
v -0.15047097 0.02499758 -0.00414160
v -0.15335470 0.02431079 -0.00655386
v -0.15640557 0.02242829 -0.00832754
v -0.16534615 -0.02604290 -0.00986153
v -0.16761893 -0.02712437 -0.00770846
v -0.16566825 -0.02900605 -0.00635624
v -0.16294909 -0.02985146 -0.00443470
v -0.15983158 -0.02919569 -0.00211313
v -0.15711766 -0.02715167 -0.00026235
v -0.11255586 0.03694865 -0.00917053
v -0.11245143 0.03339130 -0.00863937
v -0.11363035 0.03507834 -0.00889808
v -0.11320472 0.03961334 -0.01121035
v -0.11463881 0.03955189 -0.01146638
v -0.11555678 0.04088294 -0.01395693
v -0.11373949 0.03826037 -0.01016521
v -0.14452493 0.01109388 -0.00101778
v -0.14374775 0.01259899 0.00107747
v -0.14153838 0.01259087 0.00104997
v -0.14272344 0.01416470 0.00198349
v -0.14290422 0.02189292 0.00115502
v -0.14451754 0.02043185 0.00181052
v -0.14443225 0.01600709 0.00246426
v -0.14637679 0.01848965 0.00226980
v -0.16764498 -0.00210937 -0.00673199
v -0.17078358 -0.00436782 -0.00454915
v -0.16788387 -0.00650054 -0.00252095
v -0.16471428 -0.00746530 0.00035122
v -0.16152292 -0.00671879 0.00298381
v -0.15899402 -0.00498623 0.00485855
v -0.15856880 0.00491483 0.00487083
v -0.16086459 0.00297413 0.00574788
v -0.16124326 -0.00287290 0.00589639
v -0.16300660 0.00016930 0.00618276
v -0.16050088 0.00674662 0.00326705
v -0.16317463 0.00791011 0.00099277
v -0.16702425 0.00488635 -0.00584924
v -0.16629708 0.00816542 -0.00139016
v -0.16937846 0.00687993 -0.00331593
v -0.15671682 -0.01663865 -0.00185090
v -0.15872377 -0.02522856 0.00016922
v -0.16001076 -0.02225162 0.00005150
v -0.15859687 -0.01884027 -0.00060439
v -0.15921313 -0.01571938 -0.00395051
v -0.16234887 -0.01564589 -0.00600129
v -0.16530925 -0.02052916 -0.01044026
v -0.16538233 -0.01661285 -0.00766176
v -0.16755974 -0.01883390 -0.00865495
v -0.11788189 0.04016965 -0.01280141
v -0.12038338 0.04095718 -0.01521301
v -0.12374103 0.04049940 -0.01751575
v -0.12703896 0.03837531 -0.01917130
v -0.12862974 0.03048982 -0.01836225
v -0.12936270 0.03542643 -0.01959553
v -0.13085431 0.03273644 -0.01880303
v -0.13021493 0.02957355 -0.01625183
v -0.12801039 0.02846928 -0.01493928
v -0.12512583 0.02818950 -0.01315922
v -0.12205982 0.02904284 -0.01160306
v -0.11616945 0.03137584 -0.00965783
v -0.11968160 0.03067050 -0.01011896
v -0.11786526 0.03277080 -0.00925079
v -0.11480832 0.03322419 -0.00903192
v -0.11363721 0.03191670 -0.00924698
v -0.17028326 0.00153480 -0.00666112
v -0.16723126 -0.02346605 -0.00983390
v -0.15671712 0.01163383 -0.00702336
v -0.15357661 0.01046995 -0.00447336
v -0.15047807 0.01065812 -0.00191236
v -0.14793545 0.01190865 0.00028285
v -0.15942872 0.01387354 -0.00911829
v -0.15923095 0.01969500 -0.00944540
v -0.16163462 0.01684253 -0.00940320
v -0.14614838 0.02249623 0.00037661
v -0.14843458 0.02092697 0.00125372
v -0.15057486 0.02293962 -0.00047585
v -0.15304536 0.02420985 -0.00253475
v -0.15601522 0.02472146 -0.00449952
v -0.15903676 0.02380790 -0.00628290
v -0.16151065 0.02155595 -0.00759503
v -0.16882569 -0.02514205 -0.00837454
v -0.17023003 -0.02482830 -0.00725481
v -0.16974306 -0.02679352 -0.00601211
v -0.16797268 -0.02850926 -0.00439456
v -0.16519666 -0.02886444 -0.00256738
v -0.16181141 -0.02782403 -0.00106880
v -0.11483192 0.03680200 -0.00957134
v -0.11622530 0.03497160 -0.00917295
v -0.11617422 0.03860433 -0.01082408
v -0.14605260 0.01386937 0.00174069
v -0.14830691 0.01594291 0.00226471
v -0.15042704 0.01842376 0.00194845
v -0.17310560 -0.00156711 -0.00568849
v -0.17550588 -0.00321705 -0.00338691
v -0.17344081 -0.00553318 -0.00185651
v -0.17052984 -0.00695976 0.00015557
v -0.16720349 -0.00681677 0.00262058
v -0.16398090 -0.00542624 0.00458845
v -0.16292471 0.00522153 0.00461432
v -0.16468000 0.00339730 0.00543308
v -0.16535890 -0.00329938 0.00560382
v -0.16619122 0.00006053 0.00588000
v -0.16556448 0.00686694 0.00299364
v -0.16862792 0.00785119 0.00100282
v -0.17239273 0.00443028 -0.00476974
v -0.17169303 0.00763403 -0.00113010
v -0.17446852 0.00589575 -0.00265908
v -0.16113472 -0.01692553 -0.00245658
v -0.16196406 -0.02475553 -0.00033736
v -0.16227591 -0.02226286 -0.00029564
v -0.16182172 -0.02004667 -0.00077856
v -0.16434294 -0.01627450 -0.00428170
v -0.16752923 -0.01665308 -0.00592723
v -0.16881067 -0.02134581 -0.00882524
v -0.16961384 -0.01856391 -0.00708848
v -0.17015088 -0.02103869 -0.00768772
v -0.11784178 0.03706719 -0.00996122
v -0.11972988 0.03886731 -0.01146701
v -0.12224758 0.04002441 -0.01322913
v -0.12568551 0.04042211 -0.01509356
v -0.12924838 0.03959801 -0.01685444
v -0.13147962 0.03703814 -0.01787314
v -0.13174260 0.03113063 -0.01716504
v -0.13240451 0.03449558 -0.01795343
v -0.13289267 0.03269466 -0.01733157
v -0.13278818 0.03115400 -0.01610759
v -0.13178086 0.02965503 -0.01482227
v -0.12981981 0.02882736 -0.01344439
v -0.12692767 0.02889739 -0.01211992
v -0.12370527 0.02984662 -0.01091477
v -0.12132424 0.03205989 -0.00960892
v -0.11957014 0.03481480 -0.00933465
v -0.17479545 0.00144644 -0.00514781
v -0.16971689 -0.02316270 -0.00819770
v -0.16202307 0.01260274 -0.00681135
v -0.15953928 0.01089396 -0.00455007
v -0.15646672 0.01045074 -0.00220969
v -0.15334862 0.01155456 -0.00027406
v -0.15055591 0.01336849 0.00139877
v -0.16354877 0.01518001 -0.00798073
v -0.16325134 0.01903095 -0.00814006
v -0.16451108 0.01728811 -0.00766620
v -0.15264827 0.02114489 0.00065628
v -0.15530813 0.02316149 -0.00132787
v -0.15841383 0.02409204 -0.00302693
v -0.16148674 0.02403261 -0.00447622
v -0.16384274 0.02207388 -0.00583985
v -0.16485286 0.01937108 -0.00677565
v -0.17134809 -0.02260895 -0.00643179
v -0.17146361 -0.02513207 -0.00471249
v -0.16991746 -0.02718819 -0.00293127
v -0.16720545 -0.02771004 -0.00173622
v -0.16407633 -0.02688732 -0.00087357
v -0.15273571 0.01529812 0.00186062
v -0.15443099 0.01817032 0.00160593
v -0.17667860 -0.00071261 -0.00392103
v -0.17826766 -0.00068180 -0.00226706
v -0.17775482 -0.00337176 -0.00105768
v -0.17592764 -0.00568182 0.00063628
v -0.17274719 -0.00646032 0.00238168
v -0.16894811 -0.00556623 0.00422153
v -0.16740763 0.00585510 0.00398922
v -0.16806835 0.00302990 0.00526547
v -0.16862375 -0.00207026 0.00549674
v -0.16847605 0.00029405 0.00571972
v -0.17076397 0.00701977 0.00263268
v -0.17397743 0.00758677 0.00078261
v -0.17630327 0.00343426 -0.00347310
v -0.17683870 0.00610640 -0.00089204
v -0.17793483 0.00350534 -0.00206691
v -0.16325927 -0.01800677 -0.00194064
v -0.16631073 -0.01711634 -0.00331476
v -0.16628283 -0.02635876 -0.00102699
v -0.16395652 -0.02442416 -0.00034839
v -0.16593504 -0.02205906 -0.00042346
v -0.16365916 -0.02005271 -0.00087112
v -0.16557407 -0.01838561 -0.00202802
v -0.16950089 -0.01758246 -0.00413588
v -0.17139101 -0.01970632 -0.00539789
v -0.12137353 0.03707339 -0.01029995
v -0.12382209 0.03889128 -0.01192993
v -0.12729084 0.03963696 -0.01331374
v -0.13094759 0.03952082 -0.01456138
v -0.13323778 0.03721358 -0.01608160
v -0.13358438 0.03449797 -0.01684788
v -0.13426369 0.03285335 -0.01533034
v -0.13360089 0.03087472 -0.01353833
v -0.13175035 0.02984701 -0.01228902
v -0.12906498 0.02966686 -0.01149938
v -0.12590343 0.03060048 -0.01055053
v -0.12284607 0.03459581 -0.00963002
v -0.17757863 0.00138484 -0.00323337
v -0.16527915 0.01551544 -0.00663713
v -0.16465676 0.01279755 -0.00490853
v -0.16232604 0.01099755 -0.00255582
v -0.15921891 0.01125856 -0.00072142
v -0.15582931 0.01275017 0.00065699
v -0.16631037 0.01791655 -0.00531176
v -0.15776294 0.02238293 -0.00082031
v -0.16083282 0.02338057 -0.00209513
v -0.16376430 0.02330067 -0.00319728
v -0.16588563 0.02104681 -0.00418058
v -0.17203724 -0.02225504 -0.00366673
v -0.17121828 -0.02507870 -0.00207707
v -0.16895205 -0.02664356 -0.00155339
v -0.15618265 0.02053504 0.00062957
v -0.15665752 0.01593076 0.00155166
v -0.15694034 0.01823427 0.00148323
v -0.17943949 0.00144969 -0.00077778
v -0.17949134 -0.00164304 0.00076193
v -0.17806071 -0.00437156 0.00255907
v -0.17519712 -0.00513269 0.00401682
v -0.17119974 -0.00422187 0.00491959
v -0.16984397 0.00520556 0.00433010
v -0.17329055 0.00639384 0.00345963
v -0.17022961 0.00293921 0.00538278
v -0.17285401 0.00482293 0.00459689
v -0.17389441 -0.00338865 0.00511020
v -0.17070246 -0.00164391 0.00569713
v -0.17330790 0.00077658 0.00619096
v -0.17646676 0.00679262 0.00248784
v -0.17908597 0.00469207 0.00079960
v -0.16824973 -0.01804404 -0.00273797
v -0.17084777 -0.01928602 -0.00305912
v -0.17045647 -0.02508662 -0.00125149
v -0.16844487 -0.02470342 -0.00061938
v -0.17051196 -0.02209417 -0.00103590
v -0.16796589 -0.01955364 -0.00148228
v -0.16992915 -0.01933579 -0.00214443
v -0.12577093 0.03809335 -0.01138476
v -0.12932438 0.03880586 -0.01220223
v -0.13270336 0.03833412 -0.01291206
v -0.13443124 0.03563159 -0.01414356
v -0.13442397 0.03330435 -0.01258293
v -0.13332331 0.03135957 -0.01167503
v -0.13120127 0.03055014 -0.01117310
v -0.12838072 0.03101291 -0.01061538
v -0.12624586 0.03263934 -0.00996342
v -0.12461817 0.03246926 -0.00989074
v -0.12454355 0.03632768 -0.01036838
v -0.12509817 0.03448816 -0.00992522
v -0.16674376 0.01498212 -0.00339028
v -0.16497320 0.01230549 -0.00109884
v -0.16195267 0.01230492 0.00018564
v -0.15858579 0.01373662 0.00103739
v -0.16704381 0.01844599 -0.00242814
v -0.15836626 0.02043884 0.00067607
v -0.16057533 0.02206900 -0.00062701
v -0.16290218 0.02262397 -0.00143763
v -0.16560072 0.02167221 -0.00184724
v -0.17132086 -0.02201117 -0.00198576
v -0.16127878 0.01443620 0.00124368
v -0.15866619 0.01628192 0.00165340
v -0.16099745 0.01843565 0.00156066
v -0.18012738 0.00145455 0.00246412
v -0.17933571 -0.00197418 0.00404638
v -0.17712486 -0.00379853 0.00473207
v -0.17591208 0.00574829 0.00425148
v -0.17862171 0.00467666 0.00384235
v -0.17561585 0.00372495 0.00571662
v -0.17740166 0.00412245 0.00539654
v -0.17781216 -0.00200446 0.00570399
v -0.17608541 -0.00184087 0.00608456
v -0.17764044 0.00102578 0.00635916
v -0.12621701 0.03624998 -0.01039895
v -0.12809753 0.03765576 -0.01124051
v -0.13150817 0.03789963 -0.01154605
v -0.13374501 0.03626119 -0.01181385
v -0.13377154 0.03378214 -0.01091662
v -0.13256913 0.03181650 -0.01069841
v -0.13069308 0.03215762 -0.01023170
v -0.12821406 0.03458594 -0.00998810
v -0.16656172 0.01510172 -0.00047097
v -0.16430050 0.01366587 0.00081322
v -0.16633821 0.01868321 -0.00009289
v -0.16297024 0.02097871 0.00036505
v -0.16472936 0.02143760 -0.00028858
v -0.16572857 0.01536717 0.00121519
v -0.16358638 0.01575525 0.00180629
v -0.16525215 0.01859378 0.00139597
v -0.17901450 0.00120987 0.00529897
v -0.13069016 0.03663634 -0.01065072
v -0.13279170 0.03651674 -0.01075694
v -0.13248080 0.03430067 -0.01007995
v 0.00897998 -0.02821782 -0.01207992
v -0.00637114 -0.03586060 -0.00585788
v -0.01088440 -0.02357663 0.01266348
v 0.00945795 -0.01701005 -0.01934764
v -0.00364220 -0.02999080 -0.01851997
v -0.01488000 -0.03932455 -0.01156902
v -0.01594347 -0.03278373 0.00450683
v -0.00769150 -0.01065709 0.01834249
v -0.02160043 -0.01826706 0.01370621
v 0.01097965 -0.00673222 -0.02141875
v -0.00625587 -0.01109866 -0.02626055
v -0.01066154 -0.03422325 -0.02161270
v -0.00935239 -0.01949293 -0.02705449
v -0.02258652 -0.04300307 -0.01831749
v -0.02331489 -0.03886645 -0.00288191
v -0.02550894 -0.02732085 0.00776806
v -0.00521308 0.00234833 0.01837501
v -0.01832688 -0.00669897 0.01714104
v -0.03132099 -0.01522176 0.01431116
v 0.01225328 0.00320251 -0.02164340
v -0.00424290 -0.00241017 -0.02546856
v -0.01664209 -0.00462206 -0.02890247
v -0.01206177 -0.02464258 -0.02860498
v -0.01761949 -0.03746520 -0.02644882
v -0.01759255 -0.01061631 -0.03041634
v -0.02932507 -0.04622395 -0.02347577
v -0.03088552 -0.04370488 -0.01009843
v -0.03109789 -0.03489497 0.00164112
v -0.03437340 -0.02448746 0.00945595
v -0.00321901 0.01572404 0.01468226
v 0.00016910 0.02472486 0.00246996
v -0.01509207 0.00567833 0.01658359
v -0.02826667 -0.00328059 0.01629782
v -0.04061472 -0.01353891 0.01390240
v 0.01284504 0.01435234 -0.01952308
v -0.00099456 0.00587734 -0.02460381
v -0.01552701 0.00255060 -0.02826604
v -0.02957469 -0.00135404 -0.02563652
v -0.01831102 -0.02847297 -0.03209734
v -0.01891929 -0.01506367 -0.03136814
v -0.02619231 -0.04093246 -0.03100717
v -0.02830815 -0.00635354 -0.02827233
v -0.03675675 -0.04766713 -0.01547617
v -0.03639609 -0.04989746 -0.02922225
v -0.03821373 -0.04065634 -0.00494370
v -0.03843117 -0.03191759 0.00463876
v -0.04315019 -0.02314310 0.01036564
v -0.01209116 0.01850720 0.01251996
v -0.00833231 0.02809193 0.00151703
v 0.00233901 0.02371456 -0.01246858
v -0.02471423 0.00923089 0.01494160
v -0.03792763 -0.00134381 0.01493344
v -0.04972440 -0.01273046 0.01320744
v 0.00170249 0.01566170 -0.02118099
v -0.01194656 0.01146131 -0.02837384
v -0.02846903 0.00627650 -0.02586305
v -0.04029518 -0.00234392 -0.02152535
v -0.02440381 -0.01871644 -0.03371027
v -0.02790070 -0.03313107 -0.03623036
v -0.02908766 -0.00942565 -0.02964267
v -0.03415024 -0.04397206 -0.03588727
v -0.03631443 -0.00662439 -0.02560583
v -0.04264396 -0.05189438 -0.02098203
v -0.04468173 -0.04431297 -0.01080248
v -0.04488808 -0.05239326 -0.03436935
v -0.04406983 -0.03759159 -0.00046304
v -0.04555136 -0.03036023 0.00676420
v -0.05169868 -0.02278098 0.01051387
v -0.02147543 0.02188019 0.01039499
v -0.00628054 0.02845539 -0.01304933
v -0.01835048 0.03188663 0.00013196
v -0.03445542 0.01155462 0.01309288
v -0.04718119 0.00001688 0.01363128
v -0.05893922 -0.01256187 0.01281330
v -0.00773758 0.02157669 -0.02415183
v -0.02425098 0.01558913 -0.02865276
v -0.04013830 0.01030027 -0.02400285
v -0.04976887 -0.00550110 -0.01953650
v -0.04613435 0.00418748 -0.02049538
v -0.03377432 -0.01234233 -0.03073427
v -0.03341335 -0.02384002 -0.03677121
v -0.03656763 -0.03624584 -0.03935254
v -0.04359388 -0.04559873 -0.03950506
v -0.04301596 -0.00958468 -0.02451944
v -0.04920089 -0.05469495 -0.02602515
v -0.04970288 -0.04802625 -0.01575527
v -0.04958153 -0.04093501 -0.00588524
v -0.05572361 -0.05181177 -0.03632942
v -0.04928386 -0.03526218 0.00331521
v -0.05233335 -0.02978636 0.00733680
v -0.06042701 -0.02352815 0.00993359
v -0.03116673 0.02434049 0.00814316
v -0.01730305 0.03361922 -0.01460576
v -0.02888167 0.03452859 -0.00168666
v -0.04393536 0.01344828 0.01108551
v -0.05618334 0.00124903 0.01265210
v -0.06838065 -0.01288235 0.01223606
v -0.01957470 0.02668821 -0.02599970
v -0.03563088 0.01908297 -0.02823049
v -0.04928339 0.01511118 -0.02395207
v -0.05866593 -0.01046013 -0.01881927
v -0.05338866 0.00033983 -0.01877722
v -0.05332786 0.00949793 -0.02109766
v -0.04104143 -0.01763403 -0.03177780
v -0.04284173 -0.02904264 -0.03778106
v -0.04702801 -0.03815433 -0.04016823
v -0.05650228 -0.04518291 -0.04015648
v -0.04948837 -0.01418486 -0.02365458
v -0.05716294 -0.05469453 -0.02911863
v -0.05420399 -0.05065386 -0.01977611
v -0.05334651 -0.04274730 -0.01166520
v -0.05395114 -0.03865235 -0.00092140
v -0.06591111 -0.05105443 -0.03528261
v -0.05307496 -0.03365244 0.00484261
v -0.05966109 -0.03087924 0.00616932
v -0.07022166 -0.02526236 0.00829548
v -0.04029471 0.02611652 0.00567964
v -0.02842867 0.03678121 -0.01575077
v -0.03844100 0.03601767 -0.00343823
v -0.05260569 0.01515165 0.00907287
v -0.06531954 0.00218301 0.01137993
v -0.07744861 -0.01291060 0.01035219
v -0.03107047 0.02981923 -0.02648810
v -0.04531956 0.02269749 -0.02746508
v -0.05749297 0.01897606 -0.02392372
v -0.06474066 -0.01738701 -0.01924902
v -0.06666201 -0.00647001 -0.01720405
v -0.05777347 0.00504043 -0.01937190
v -0.06125039 0.00009028 -0.01806846
v -0.06113273 0.01347221 -0.02204061
v -0.04833305 -0.02387277 -0.03070924
v -0.04984456 -0.03324862 -0.03653860
v -0.05910796 -0.03810143 -0.03749943
v -0.06782013 -0.04582455 -0.03847584
v -0.05470878 -0.02016930 -0.02336273
v -0.06581879 -0.05394598 -0.02964944
v -0.05946869 -0.05157171 -0.02213955
v -0.05699003 -0.04228748 -0.01847363
v -0.05701715 -0.03874190 -0.01637328
v -0.05834991 -0.04020154 -0.00671154
v -0.05759108 -0.03564246 0.00259328
v -0.07333112 -0.05143917 -0.03461540
v -0.06862789 -0.03341916 0.00222331
v -0.08043110 -0.02642130 0.00714862
v -0.04882973 0.02783914 0.00353476
v -0.03827405 0.03840600 -0.01621377
v -0.04701364 0.03693618 -0.00528902
v -0.06118655 0.01701264 0.00707963
v -0.07504773 0.00324759 0.00966614
v -0.08709610 -0.01462792 0.00793356
v -0.04092979 0.03233503 -0.02583796
v -0.05399084 0.02604590 -0.02643967
v -0.06526375 0.02202796 -0.02447709
v -0.07326418 -0.01384761 -0.01731214
v -0.06825298 -0.02495498 -0.01890254
v -0.07459402 -0.00327297 -0.01815185
v -0.06504583 0.00847804 -0.02053201
v -0.06920916 0.00291845 -0.01906469
v -0.06884044 0.01651884 -0.02273455
v -0.05439675 -0.02729420 -0.02604833
v -0.05475968 -0.03204391 -0.02909848
v -0.06179029 -0.03435301 -0.02942246
v -0.07089031 -0.03869304 -0.03677008
v -0.07578510 -0.04812143 -0.03741935
v -0.05900979 -0.02531056 -0.02188671
v -0.07326108 -0.05372548 -0.03002033
v -0.06706959 -0.05175846 -0.02308398
v -0.06172156 -0.04372869 -0.01905304
v -0.05694526 -0.03432153 -0.02114376
v -0.05813789 -0.03127653 -0.02022594
v -0.06151694 -0.03654818 -0.01338875
v -0.06373030 -0.03776015 -0.00244778
v -0.07847571 -0.05104953 -0.03487587
v -0.07619387 -0.03501488 -0.00591478
v -0.08890736 -0.02624924 0.00619251
v -0.08330923 -0.03344708 -0.00320339
v -0.05700541 0.02979461 0.00120366
v -0.04703748 0.03944455 -0.01658237
v -0.05507666 0.03838472 -0.00708130
v -0.06990379 0.01963397 0.00403211
v -0.08625507 0.00348108 0.00823137
v -0.09678954 -0.01680575 0.00600609
v -0.08976763 -0.00709754 0.00599039
v -0.04972839 0.03458669 -0.02480739
v -0.06222892 0.02901943 -0.02642092
v -0.07244021 0.02334511 -0.02371454
v -0.08054644 -0.00965478 -0.01771885
v -0.07701224 -0.02231651 -0.01678678
v -0.06935441 -0.03165570 -0.01555040
v -0.08192432 -0.00069713 -0.01854503
v -0.07300055 0.01117418 -0.02143258
v -0.07727116 0.00535314 -0.01986235
v -0.07611918 0.01794303 -0.02199468
v -0.06277931 -0.03650294 -0.02156574
v -0.07237464 -0.03517284 -0.02869111
v -0.08095646 -0.03790632 -0.03716516
v -0.08220482 -0.04469167 -0.03858507
v -0.06184548 -0.03066807 -0.01830307
v -0.07950753 -0.05338984 -0.03014600
v -0.07405281 -0.05246411 -0.02415603
v -0.06960618 -0.04558238 -0.01945043
v -0.06823605 -0.03641861 -0.00978467
v -0.08417636 -0.04920533 -0.03547508
v -0.07808310 -0.03056020 -0.01353922
v -0.09086889 -0.03252881 -0.00252941
v -0.09731740 -0.02557981 0.00513834
v -0.08518791 -0.03070830 -0.01257905
v -0.06466407 0.03266688 -0.00257459
v -0.05587834 0.04084154 -0.01743710
v -0.06320888 0.04057205 -0.00930604
v -0.08078492 0.02112801 0.00125051
v -0.09771568 0.00295026 0.00805002
v -0.08687168 0.01144520 0.00172952
v -0.10693169 -0.01815270 0.00518507
v -0.09939337 -0.01238424 0.00139979
v -0.09582579 -0.00847086 0.00331691
v -0.09518784 -0.01050488 0.00159723
v -0.05880487 0.03685122 -0.02467221
v -0.07049811 0.03024296 -0.02557883
v -0.07861161 0.02338869 -0.02039075
v -0.08622706 -0.00597097 -0.01737720
v -0.08774889 -0.01378099 -0.01729953
v -0.08565116 -0.02200350 -0.01685840
v -0.08925676 0.00097195 -0.01773486
v -0.08103323 0.01258355 -0.02074814
v -0.08528423 0.00664151 -0.01921874
v -0.08342451 0.01906057 -0.01943719
v -0.07170576 -0.03863871 -0.02061734
v -0.08128667 -0.03509311 -0.02802730
v -0.08958393 -0.03649928 -0.03597176
v -0.08977169 -0.04196136 -0.03822431
v -0.08534092 -0.05182212 -0.03005159
v -0.07935643 -0.05226767 -0.02411699
v -0.07659996 -0.04882003 -0.02056131
v -0.09022975 -0.04642017 -0.03598726
v -0.09827673 -0.03156878 -0.00233525
v -0.09206986 -0.03041842 -0.01159024
v -0.10638714 -0.02622480 0.00441653
v -0.07012737 0.03504364 -0.00532341
v -0.06569034 0.04218882 -0.01818243
v -0.06963813 0.04127098 -0.01021475
v -0.09130454 0.02031530 0.00161946
v -0.07639843 0.02759913 -0.00561658
v -0.09993726 -0.00606952 0.00565821
v -0.10806096 0.00254561 0.00877565
v -0.10048264 0.00926475 0.00199255
v -0.09316784 0.01067162 -0.00095159
v -0.09438026 0.00963440 -0.00017485
v -0.11601043 -0.01911914 0.00392729
v -0.10787910 -0.01265108 0.00079188
v -0.10272193 -0.01201582 -0.00526121
v -0.10067087 -0.01012440 -0.00290236
v -0.10019124 -0.01129751 -0.00444517
v -0.06864733 0.03783123 -0.02399713
v -0.07716811 0.02981787 -0.02253675
v -0.08306980 0.02305011 -0.01579994
v -0.09202886 -0.00433211 -0.01639271
v -0.09113324 -0.00895407 -0.01625153
v -0.09548098 -0.01465760 -0.01568437
v -0.09374893 -0.02209654 -0.01608768
v -0.09617203 0.00228102 -0.01518032
v -0.08975834 0.01337422 -0.01835546
v -0.09293377 0.00710998 -0.01647887
v -0.08799827 0.02144571 -0.01605302
v -0.08144253 -0.03939280 -0.01988554
v -0.08979797 -0.03436301 -0.02788106
v -0.09649688 -0.03675652 -0.03426802
v -0.09647220 -0.04056021 -0.03722462
v -0.09073842 -0.04996751 -0.03006989
v -0.08515376 -0.05075285 -0.02342173
v -0.08313507 -0.04619860 -0.01914167
v -0.09650779 -0.04436285 -0.03667444
v -0.09924358 -0.02968976 -0.01073703
v -0.10663408 -0.03135542 -0.00292939
v -0.11597729 -0.02698120 0.00282109
v -0.07621408 0.03534469 -0.00522566
v -0.07321155 0.04179629 -0.01757762
v -0.07626474 0.04108385 -0.00995177
v -0.09564167 0.01227800 0.00047979
v -0.10131997 0.02029565 0.00257415
v -0.09170902 0.02568875 -0.00485113
v -0.08284271 0.02564907 -0.00725624
v -0.07905555 0.02701105 -0.00807989
v -0.10367787 -0.00923121 -0.00085086
v -0.10870683 -0.00551149 0.00712249
v -0.11735636 0.00167505 0.00858355
v -0.10983354 0.00892244 0.00380003
v -0.10537386 0.00871671 -0.00494394
v -0.09939283 0.00762986 -0.00555396
v -0.10148615 0.00831333 -0.00578573
v -0.12235820 -0.01984616 0.00355926
v -0.11640304 -0.01341224 0.00035584
v -0.10868621 -0.01214957 -0.00584874
v -0.10351384 -0.01509586 -0.01203889
v -0.10217851 -0.01074094 -0.00939780
v -0.10150898 -0.01320553 -0.01138002
v -0.07588089 0.03716726 -0.02217764
v -0.08146840 0.03006535 -0.02111772
v -0.08311176 0.02471145 -0.01607352
v -0.08342528 0.02417533 -0.01139626
v -0.09857202 -0.00370055 -0.01406598
v -0.09719318 -0.00979386 -0.01392165
v -0.10076720 -0.02233522 -0.01420757
v -0.10095555 0.00490399 -0.01142728
v -0.09744662 0.01469211 -0.01543736
v -0.09833843 0.00679815 -0.01183480
v -0.08748090 0.02410853 -0.01184499
v -0.09621352 0.02069119 -0.01515734
v -0.09057438 -0.03823258 -0.02027223
v -0.09702289 -0.03557558 -0.02776650
v -0.10250163 -0.03843919 -0.03260040
v -0.10341609 -0.04068362 -0.03491959
v -0.09535664 -0.04907274 -0.03003696
v -0.09165096 -0.04894607 -0.02303180
v -0.09174991 -0.04471102 -0.01903695
v -0.10361749 -0.04379046 -0.03578874
v -0.09761709 -0.04669107 -0.03465044
v -0.10708922 -0.02947749 -0.01106054
v -0.11667508 -0.03144786 -0.00406173
v -0.12246317 -0.02674579 0.00256646
v -0.07970226 0.02875285 -0.00672209
v -0.08223110 0.03562944 -0.00505939
v -0.07832736 0.04140661 -0.01685792
v -0.08216858 0.04099529 -0.00953034
v -0.10042334 0.00830757 -0.00513965
v -0.10326880 0.01272390 0.00183317
v -0.10942733 0.02011610 0.00224698
v -0.10134745 0.02556037 -0.00282991
v -0.09494025 0.02465395 -0.01146030
v -0.11048162 -0.00896495 0.00052974
v -0.10522681 -0.00838454 -0.00746912
v -0.11813706 -0.00572665 0.00718215
v -0.12370044 0.00125693 0.00867978
v -0.11845803 0.00792137 0.00501737
v -0.11207205 0.00915885 -0.00352630
v -0.10597587 0.00429716 -0.01044878
v -0.12734479 -0.02049892 0.00357997
v -0.12244445 -0.01433535 0.00091049
v -0.11731231 -0.01244559 -0.00591484
v -0.10910189 -0.01540704 -0.01237974
v -0.08012861 0.03717982 -0.02136889
v -0.08587229 0.03076120 -0.02088740
v -0.08670020 0.02568050 -0.01609287
v -0.08285749 0.02489747 -0.01087719
v -0.10494107 -0.00243318 -0.01091796
v -0.10821766 -0.02243907 -0.01432317
v -0.10017741 0.00885268 -0.01184404
v -0.10523230 0.01509451 -0.01551449
v -0.10407740 0.02133793 -0.01465172
v -0.09799832 -0.03915861 -0.02159750
v -0.10254097 -0.03796864 -0.02786139
v -0.10534513 -0.03987495 -0.02842903
v -0.10708892 -0.04195617 -0.02932388
v -0.09876770 -0.04908503 -0.03037810
v -0.09858316 -0.04866037 -0.02498463
v -0.09923524 -0.04770517 -0.02236393
v -0.09949356 -0.04384895 -0.02024338
v -0.10802960 -0.04531680 -0.03025800
v -0.10305303 -0.04581700 -0.03523973
v -0.11805135 -0.02936428 -0.01225471
v -0.12406951 -0.03067766 -0.00142747
v -0.12687749 -0.02724476 0.00229776
v -0.08370399 0.02955877 -0.00599989
v -0.08785611 0.03579833 -0.00522211
v -0.08307981 0.04141294 -0.01612124
v -0.08787686 0.04044663 -0.00887978
v -0.10546011 0.00852867 -0.00465298
v -0.11061096 0.01303036 0.00194374
v -0.11445373 0.01966574 0.00194520
v -0.10966921 0.02535161 -0.00181440
v -0.10268021 0.02532122 -0.00984454
v -0.11187440 -0.00780189 -0.00659356
v -0.12032080 -0.00923752 0.00109398
v -0.12439138 -0.00542011 0.00784823
v -0.12894863 0.00092349 0.00919035
v -0.12431639 0.00690601 0.00649503
v -0.12084568 0.00949619 -0.00140682
v -0.11277574 0.00508418 -0.00922349
v -0.13269520 -0.02118510 0.00348839
v -0.12671864 -0.01478249 0.00103408
v -0.12406021 -0.01287481 -0.00296396
v -0.11828899 -0.01514337 -0.01243421
v -0.08461404 0.03762563 -0.02085093
v -0.09222829 0.03149584 -0.02079430
v -0.09285933 0.02620177 -0.01577556
v -0.08560723 0.02573230 -0.01052827
v -0.11252469 -0.00170755 -0.01032388
v -0.11833680 -0.02177114 -0.01509157
v -0.10625726 0.00924689 -0.01187453
v -0.11481565 0.01591413 -0.01556692
v -0.11398542 0.02260016 -0.01397616
v -0.10320896 -0.04031184 -0.02368391
v -0.10513550 -0.04312399 -0.02335748
v -0.10408443 -0.04910509 -0.03067410
v -0.10427397 -0.04842554 -0.02467683
v -0.10587239 -0.04647617 -0.02382070
v -0.10716808 -0.04799811 -0.03086394
v -0.12800187 -0.02864690 -0.01147491
v -0.12999403 -0.03152992 -0.00478280
v -0.13216996 -0.02836736 0.00143132
v -0.08893758 0.03060161 -0.00568923
v -0.09255117 0.03573606 -0.00549093
v -0.08932567 0.04161996 -0.01453590
v -0.09238541 0.03958541 -0.00810933
v -0.11290765 0.00899614 -0.00400719
v -0.11554092 0.01363787 0.00207448
v -0.11924279 0.01933582 0.00180593
v -0.11499625 0.02454244 -0.00099882
v -0.11159497 0.02598294 -0.00831950
v -0.12275141 -0.00805772 -0.00653970
v -0.12719750 -0.00861705 0.00409341
v -0.12888783 -0.00560658 0.00809890
v -0.13523161 0.00042658 0.00896856
v -0.12882119 0.00672221 0.00702825
v -0.12705642 0.00909590 0.00284025
v -0.12287605 0.00641011 -0.00775915
v -0.13904631 -0.02140424 0.00264224
v -0.13208449 -0.01491077 0.00057724
v -0.13001001 -0.01310861 -0.00550547
v -0.12803245 -0.01571069 -0.01143482
v -0.09124964 0.03866322 -0.02005178
v -0.09819239 0.03238495 -0.02055824
v -0.09883446 0.02713607 -0.01559836
v -0.09121847 0.02677952 -0.00957942
v -0.12325257 -0.00081881 -0.01034316
v -0.12778258 -0.02179285 -0.01350227
v -0.11503762 0.00958814 -0.01168725
v -0.12344354 0.01689374 -0.01420847
v -0.12326366 0.02334734 -0.01227537
v -0.13718116 -0.02842609 -0.01117098
v -0.13808870 -0.03105640 -0.00500515
v -0.13886774 -0.02803520 0.00057054
v -0.09354329 0.03153121 -0.00546312
v -0.09618866 0.03584551 -0.00571597
v -0.09387523 0.04132241 -0.01151881
v -0.09561098 0.03961744 -0.00812325
v -0.11831713 0.01010486 -0.00145674
v -0.11965662 0.01346105 0.00156561
v -0.12452543 0.01845508 0.00194439
v -0.11910605 0.02403497 -0.00090450
v -0.11767745 0.02609497 -0.00480300
v -0.13359696 -0.00702346 -0.00534195
v -0.13404077 -0.00907727 0.00159422
v -0.13498288 -0.00625988 0.00707644
v -0.14252830 0.00002020 0.00822669
v -0.13501310 0.00677869 0.00656208
v -0.13376790 0.00942014 0.00079605
v -0.13328367 0.00701113 -0.00557604
v -0.14449155 -0.02110707 0.00173491
v -0.13850754 -0.01532341 -0.00023928
v -0.13759786 -0.01393648 -0.00575253
v -0.13686538 -0.01599183 -0.01097566
v -0.09785664 0.03958451 -0.01956248
v -0.10499710 0.03270778 -0.02098808
v -0.10520798 0.02777792 -0.01625618
v -0.09965813 0.02767028 -0.00977936
v -0.09566969 0.02873166 -0.00755838
v -0.13358635 0.00016929 -0.00820062
v -0.13664687 -0.02191469 -0.01324305
v -0.12361473 0.01075831 -0.01081035
v -0.13203222 0.01781983 -0.01304972
v -0.12361896 0.02601331 -0.00620422
v -0.13157201 0.02371785 -0.01031667
v -0.14490592 -0.02848928 -0.01035219
v -0.14482951 -0.03027597 -0.00398380
v -0.14451164 -0.02709673 0.00037980
v -0.09663719 0.03169891 -0.00571236
v -0.10013485 0.03591413 -0.00615215
v -0.09854931 0.04169777 -0.01368043
v -0.09963560 0.04010174 -0.00893739
v -0.12411499 0.00963767 -0.00401571
v -0.12467706 0.01262544 0.00082898
v -0.13039780 0.01790985 0.00271806
v -0.12418407 0.02373811 -0.00072056
v -0.14243019 -0.00661548 -0.00565904
v -0.14235765 -0.00858299 0.00072068
v -0.14251333 -0.00613084 0.00602630
v -0.14892542 -0.00011336 0.00718570
v -0.14232856 0.00610680 0.00604054
v -0.14188039 0.00880228 0.00033227
v -0.14199090 0.00699817 -0.00559491
v -0.14844286 -0.02086724 0.00108424
v -0.14426124 -0.01577830 -0.00077873
v -0.14408624 -0.01428064 -0.00557065
v -0.14421874 -0.01618669 -0.01081920
v -0.10513383 0.03981768 -0.01993948
v -0.11108863 0.03290201 -0.02129847
v -0.11098570 0.02823214 -0.01664016
v -0.10538334 0.02806902 -0.01105019
v -0.10032827 0.03117243 -0.00649410
v -0.14233184 0.00063559 -0.00851902
v -0.14452708 -0.02210658 -0.01298952
v -0.13189042 0.01140637 -0.00980252
v -0.13978100 0.01776127 -0.01171643
v -0.13084608 0.02574836 -0.00473002
v -0.13912606 0.02374028 -0.00886670
v -0.15268153 -0.02877739 -0.00984433
v -0.14973736 -0.02900161 -0.00162622
v -0.14860857 -0.02599940 0.00054717
v -0.10520768 0.03572680 -0.00698858
v -0.10529256 0.04160291 -0.01420057
v -0.10522205 0.03989045 -0.00951374
v -0.13107038 0.01007767 -0.00369191
v -0.13064027 0.01269606 0.00105673
v -0.13649279 0.01797417 0.00270647
v -0.13050687 0.02320683 0.00055909
v -0.15182143 -0.00613205 -0.00567362
v -0.15055609 -0.00780553 0.00084996
v -0.14940804 -0.00540778 0.00534329
v -0.15362132 -0.00001500 0.00637063
v -0.14893281 0.00534148 0.00546688
v -0.14980936 0.00821881 0.00078458
v -0.15140873 0.00730564 -0.00516248
v -0.14835352 -0.01635502 -0.00082624
v -0.15113342 -0.02099822 0.00090864
v -0.14929909 -0.01479854 -0.00373313
v -0.15247989 -0.01660206 -0.01063669
v -0.11143076 0.03979224 -0.02017686
v -0.11774743 0.03287586 -0.02130520
v -0.11771142 0.02821089 -0.01690429
v -0.11053902 0.02867168 -0.01161033
v -0.10544628 0.03126448 -0.00777614
v -0.15200722 0.00136219 -0.00854519
v -0.15218717 -0.02279571 -0.01261923
v -0.13932055 0.01148839 -0.00829321
v -0.14687073 0.01715117 -0.01087144
v -0.13799751 0.02517054 -0.00330102
v -0.14673597 0.02334080 -0.00848919
v -0.15979099 -0.02863944 -0.00924060
v -0.15399325 -0.03019794 -0.00361919
v -0.15123379 -0.02591792 0.00050333
v -0.10970300 0.03550343 -0.00800601
v -0.11093134 0.04126660 -0.01411241
v -0.11000717 0.03922411 -0.00997064
v -0.13762212 0.01060245 -0.00236425
v -0.13660806 0.01326284 0.00149366
v -0.14114946 0.01812323 0.00261256
v -0.13697201 0.02260446 0.00089020
v -0.16086215 -0.00541957 -0.00549287
v -0.15602112 -0.00677496 0.00272605
v -0.15413326 -0.00465902 0.00518811
v -0.15360940 0.00456912 0.00521946
v -0.15700722 0.00014681 0.00622696
v -0.15513545 0.00720940 0.00279716
v -0.16023153 0.00763617 -0.00425109
v -0.15078384 -0.01655379 -0.00099888
v -0.15465224 -0.02150569 0.00078392
v -0.15354383 -0.01481513 -0.00561455
v -0.15969771 -0.01728911 -0.01003307
v -0.11773777 0.03940576 -0.02017981
v -0.12392944 0.03282151 -0.02076763
v -0.12354732 0.02857959 -0.01699433
v -0.11773944 0.02850496 -0.01228622
v -0.11386317 0.02965686 -0.01077098
v -0.10987359 0.03156725 -0.00869441
v -0.16059661 0.00153858 -0.00794622
v -0.15952307 -0.02344011 -0.01219544
v -0.14676678 0.01137354 -0.00733003
v -0.15352768 0.01675092 -0.01068184
v -0.14277232 0.02413456 -0.00132930
v -0.14748514 0.02494395 -0.00363094
v -0.15344959 0.02264357 -0.00855669
v -0.16550064 -0.02787048 -0.00823683
v -0.16003007 -0.03019951 -0.00437200
v -0.15486473 -0.02672314 0.00008637
v -0.11248302 0.03518585 -0.00866920
v -0.11403388 0.04043628 -0.01252043
v -0.11275196 0.03846186 -0.01007026
v -0.14256799 0.01169278 -0.00000468
v -0.14117211 0.01398366 0.00194332
v -0.14138430 0.02204585 0.00114518
v -0.14451993 0.01832278 0.00240284
v -0.16783035 -0.00475902 -0.00496441
v -0.16136104 -0.00753671 0.00069135
v -0.15709853 -0.00466072 0.00503275
v -0.15678859 0.00467301 0.00504121
v -0.16104394 0.00018712 0.00622866
v -0.16019863 0.00790690 0.00108230
v -0.16660166 0.00719608 -0.00362006
v -0.15436929 -0.01648362 -0.00151837
v -0.15841991 -0.02205302 0.00032640
v -0.15946621 -0.01537845 -0.00596914
v -0.16543114 -0.01813772 -0.00915295
v -0.11782622 0.04103908 -0.01489577
v -0.12418759 0.03879493 -0.01968187
v -0.12900597 0.03267856 -0.01960972
v -0.12835240 0.02916818 -0.01663062
v -0.12268013 0.02820699 -0.01295966
v -0.11786330 0.03104720 -0.00985086
v -0.11476463 0.03170376 -0.00945690
v -0.11259782 0.03185805 -0.00911048
v -0.16737503 0.00147644 -0.00711298
v -0.16526669 -0.02349664 -0.01076740
v -0.15366006 0.01150424 -0.00707901
v -0.14737493 0.01073381 -0.00159574
v -0.15937364 0.01667349 -0.01014408
v -0.14437872 0.02212666 0.00083950
v -0.14831197 0.02281776 -0.00005761
v -0.15324885 0.02487694 -0.00440398
v -0.15911382 0.02208980 -0.00798079
v -0.16922510 -0.02617825 -0.00733110
v -0.16557753 -0.02936475 -0.00436822
v -0.15933013 -0.02755449 -0.00070229
v -0.11483765 0.03501322 -0.00904781
v -0.11480588 0.03835768 -0.01044831
v -0.14423960 0.01405801 0.00189015
v -0.14840889 0.01853374 0.00209433
v -0.17334241 -0.00390802 -0.00405198
v -0.16773182 -0.00727067 0.00016427
v -0.16146386 -0.00525333 0.00470838
v -0.16070276 0.00510970 0.00476098
v -0.16466153 0.00012605 0.00603196
v -0.16596419 0.00790757 0.00094137
v -0.17201120 0.00649942 -0.00300270
v -0.15888512 -0.01679962 -0.00211862
v -0.16122323 -0.02239217 -0.00027493
v -0.16499364 -0.01605447 -0.00598717
v -0.16915494 -0.01973874 -0.00813565
v -0.11786377 0.03880416 -0.01117790
v -0.12298697 0.04071471 -0.01524127
v -0.12951636 0.03780882 -0.01852825
v -0.13208890 0.03275161 -0.01801392
v -0.13165617 0.03019296 -0.01603362
v -0.12754083 0.02840077 -0.01339051
v -0.12158734 0.03022739 -0.01054457
v -0.11784440 0.03491645 -0.00920120
v -0.17279625 0.00153769 -0.00596869
v -0.16871029 -0.02333863 -0.00894913
v -0.15951359 0.01198735 -0.00694755
v -0.15349483 0.01057062 -0.00209260
v -0.14820176 0.01366758 0.00156966
v -0.16332394 0.01706882 -0.00853041
v -0.15284568 0.02303631 -0.00089875
v -0.15879369 0.02449398 -0.00450489
v -0.16349161 0.02072056 -0.00714603
v -0.17053950 -0.02290932 -0.00743237
v -0.17000008 -0.02717746 -0.00445095
v -0.16461045 -0.02786867 -0.00146264
v -0.15251464 0.01827657 0.00176957
v -0.17719024 -0.00219927 -0.00269103
v -0.17326927 -0.00648944 0.00035131
v -0.16634840 -0.00555461 0.00439095
v -0.16506302 0.00548204 0.00434488
v -0.16743273 0.00013338 0.00574055
v -0.17129976 0.00777142 0.00095969
v -0.17655653 0.00495197 -0.00226694
v -0.16363978 -0.01694356 -0.00295132
v -0.16392064 -0.02592456 -0.00072598
v -0.16383129 -0.02213622 -0.00037342
v -0.16333520 -0.01881177 -0.00150272
v -0.16984749 -0.01777519 -0.00563356
v -0.12169397 0.03885162 -0.01163849
v -0.12838674 0.04006217 -0.01485401
v -0.13283575 0.03596013 -0.01726171
v -0.13357246 0.03271561 -0.01652768
v -0.13186657 0.02956136 -0.01345667
v -0.12627143 0.02962523 -0.01120272
v -0.12128407 0.03469524 -0.00945815
v -0.17635268 0.00138192 -0.00423145
v -0.16410309 0.01375898 -0.00668725
v -0.15943599 0.01053058 -0.00235441
v -0.15305156 0.01309243 0.00102511
v -0.16545171 0.01754548 -0.00663957
v -0.15801674 0.02333014 -0.00178853
v -0.16396785 0.02304401 -0.00437674
v -0.17189157 -0.02240102 -0.00510225
v -0.16948795 -0.02695734 -0.00192782
v -0.15577358 0.01813792 0.00144073
v -0.17859030 0.00142391 -0.00211442
v -0.17813474 -0.00415651 0.00080138
v -0.17204487 -0.00550707 0.00400949
v -0.17019498 0.00618570 0.00361443
v -0.16996521 0.00421112 0.00480485
v -0.17082351 -0.00308714 0.00519890
v -0.17050308 0.00057160 0.00589931
v -0.17677832 0.00687860 0.00082773
v -0.16885734 -0.01774509 -0.00325200
v -0.16859013 -0.02628822 -0.00128153
v -0.16842610 -0.02196224 -0.00064149
v -0.16789126 -0.01844345 -0.00239095
v -0.12638313 0.03900175 -0.01218989
v -0.13320875 0.03812321 -0.01435116
v -0.13456088 0.03305497 -0.01381794
v -0.13151342 0.03016441 -0.01163617
v -0.12604064 0.03148140 -0.01025644
v -0.12412113 0.03448542 -0.00984266
v -0.16498989 0.01222174 -0.00289193
v -0.15886533 0.01245340 0.00032154
v -0.16688675 0.01823096 -0.00381932
v -0.15798807 0.02158736 -0.00015125
v -0.16335350 0.02312042 -0.00226507
v -0.17175519 -0.02207653 -0.00253674
v -0.15864158 0.01494690 0.00133583
v -0.15859443 0.01835095 0.00147501
v -0.18000168 0.00147541 0.00080198
v -0.17772079 -0.00414614 0.00396895
v -0.17618448 0.00631284 0.00356489
v -0.17563558 0.00513016 0.00476652
v -0.17642152 -0.00335855 0.00526506
v -0.17601120 0.00092961 0.00640684
v -0.17116630 -0.02205382 -0.00143078
v -0.12579882 0.03731563 -0.01094332
v -0.13206184 0.03815590 -0.01204434
v -0.13417041 0.03354688 -0.01164535
v -0.13086468 0.03097938 -0.01083544
v -0.12633479 0.03457646 -0.00996760
v -0.16468960 0.01290073 0.00005677
v -0.16689658 0.01861225 -0.00120005
v -0.16274971 0.02212151 -0.00076970
v -0.16385061 0.01429032 0.00129667
v -0.16348130 0.01851721 0.00158778
v -0.17980343 0.00133236 0.00405097
v -0.17831528 0.00112366 0.00600266
v -0.13105512 0.03761600 -0.01120326
v -0.13324577 0.03408303 -0.01036301
v -0.13071090 0.03443750 -0.01001468
v -0.16607916 0.01863517 0.00082132
f 2152 627 721
f 5 722 721
f 721 722 2152
f 725 10 2153
f 2153 10 724
f 2 723 724
f 724 723 2153
f 723 627 2153
f 2153 627 719
f 15 725 719
f 719 725 2153
f 18 729 720
f 720 729 2154
f 729 19 2154
f 2154 19 728
f 728 705 2154
f 2154 705 727
f 15 720 727
f 727 720 2154
f 722 5 2155
f 2155 5 731
f 11 730 731
f 731 730 2155
f 733 5 2156
f 2156 5 721
f 627 723 721
f 721 723 2156
f 723 2 2156
f 2156 2 732
f 3 733 732
f 732 733 2156
f 724 10 2157
f 2157 10 736
f 9 735 736
f 736 735 2157
f 735 1 2157
f 2157 1 734
f 734 2 2157
f 2157 2 724
f 727 705 2158
f 2158 705 738
f 14 737 738
f 738 737 2158
f 737 10 2158
f 2158 10 725
f 15 727 725
f 725 727 2158
f 55 741 726
f 726 741 2159
f 741 54 2159
f 2159 54 740
f 19 729 740
f 740 729 2159
f 729 18 2159
f 2159 18 726
f 19 744 728
f 728 744 2160
f 744 39 2160
f 2160 39 743
f 31 742 743
f 743 742 2160
f 742 705 2160
f 2160 705 728
f 730 11 2161
f 2161 11 745
f 745 16 2161
f 2161 16 746
f 12 748 749
f 749 748 2162
f 748 11 2162
f 2162 11 731
f 5 747 731
f 731 747 2162
f 747 6 2162
f 2162 6 749
f 4 750 751
f 751 750 2163
f 750 3 2163
f 2163 3 732
f 2 734 732
f 732 734 2163
f 734 1 2163
f 2163 1 751
f 753 8 2164
f 2164 8 752
f 6 747 752
f 752 747 2164
f 5 733 747
f 747 733 2164
f 3 753 733
f 733 753 2164
f 30 755 756
f 756 755 2165
f 755 23 2165
f 2165 23 754
f 1 735 754
f 754 735 2165
f 735 9 2165
f 2165 9 756
f 758 9 2166
f 2166 9 736
f 10 737 736
f 736 737 2166
f 737 14 2166
f 2166 14 757
f 13 758 757
f 757 758 2166
f 705 742 738
f 738 742 2167
f 742 31 2167
f 2167 31 760
f 706 759 760
f 760 759 2167
f 759 14 2167
f 2167 14 738
f 764 54 2168
f 2168 54 741
f 741 55 2168
f 2168 55 739
f 61 763 739
f 739 763 2168
f 62 764 763
f 763 764 2168
f 54 766 740
f 740 766 2169
f 766 583 2169
f 2169 583 765
f 39 744 765
f 765 744 2169
f 744 19 2169
f 2169 19 740
f 700 768 769
f 769 768 2170
f 768 31 2170
f 2170 31 743
f 39 767 743
f 743 767 2170
f 767 671 2170
f 2170 671 769
f 16 770 746
f 746 770 2171
f 770 20 2171
f 2171 20 771
f 748 12 2172
f 2172 12 773
f 17 772 773
f 773 772 2172
f 16 745 772
f 772 745 2172
f 11 748 745
f 745 748 2172
f 776 26 2173
f 2173 26 775
f 33 774 775
f 775 774 2173
f 774 12 2173
f 2173 12 749
f 6 776 749
f 749 776 2173
f 8 753 778
f 778 753 2174
f 753 3 2174
f 2174 3 750
f 750 4 2174
f 2174 4 777
f 7 778 777
f 777 778 2174
f 23 780 754
f 754 780 2175
f 22 779 780
f 780 779 2175
f 779 4 2175
f 2175 4 751
f 1 754 751
f 751 754 2175
f 26 776 782
f 782 776 2176
f 776 6 2176
f 2176 6 752
f 8 781 752
f 752 781 2176
f 781 27 2176
f 2176 27 782
f 785 630 2177
f 2177 630 784
f 23 755 784
f 784 755 2177
f 755 30 2177
f 2177 30 783
f 628 785 783
f 783 785 2177
f 38 786 787
f 787 786 2178
f 786 30 2178
f 2178 30 756
f 9 758 756
f 756 758 2178
f 758 13 2178
f 2178 13 787
f 759 706 2179
f 2179 706 789
f 32 788 789
f 789 788 2179
f 788 13 2179
f 2179 13 757
f 14 759 757
f 757 759 2179
f 31 768 760
f 760 768 2180
f 768 700 2180
f 2180 700 791
f 707 790 791
f 791 790 2180
f 790 706 2180
f 2180 706 760
f 793 62 2181
f 2181 62 763
f 61 761 763
f 763 761 2181
f 761 48 2181
f 2181 48 792
f 47 793 792
f 792 793 2181
f 48 762 792
f 792 762 2182
f 762 41 2182
f 2182 41 795
f 40 794 795
f 795 794 2182
f 794 47 2182
f 2182 47 792
f 764 62 2183
f 2183 62 798
f 79 797 798
f 798 797 2183
f 797 583 2183
f 2183 583 766
f 54 764 766
f 766 764 2183
f 671 767 800
f 800 767 2184
f 767 39 2184
f 2184 39 765
f 583 799 765
f 765 799 2184
f 799 672 2184
f 2184 672 800
f 699 802 803
f 803 802 2185
f 802 700 2185
f 2185 700 769
f 671 801 769
f 769 801 2185
f 801 682 2185
f 2185 682 803
f 20 804 771
f 771 804 2186
f 804 24 2186
f 17 806 772
f 772 806 2187
f 806 21 2187
f 2187 21 805
f 20 770 805
f 805 770 2187
f 770 16 2187
f 2187 16 772
f 774 33 2188
f 2188 33 808
f 808 42 2188
f 2188 42 807
f 807 17 2188
f 2188 17 773
f 12 774 773
f 773 774 2188
f 654 810 811
f 811 810 2189
f 810 33 2189
f 2189 33 775
f 26 809 775
f 775 809 2189
f 809 653 2189
f 2189 653 811
f 779 22 2190
f 2190 22 813
f 29 812 813
f 813 812 2190
f 812 7 2190
f 2190 7 777
f 4 779 777
f 777 779 2190
f 28 814 815
f 815 814 2191
f 814 27 2191
f 2191 27 781
f 781 8 2191
f 2191 8 778
f 778 7 2191
f 2191 7 815
f 817 22 2192
f 2192 22 780
f 23 784 780
f 780 784 2192
f 784 630 2192
f 2192 630 816
f 631 817 816
f 816 817 2192
f 653 809 819
f 819 809 2193
f 809 26 2193
f 2193 26 782
f 27 818 782
f 782 818 2193
f 818 655 2193
f 2193 655 819
f 629 820 821
f 821 820 2194
f 820 628 2194
f 2194 628 783
f 30 786 783
f 783 786 2194
f 786 38 2194
f 2194 38 821
f 630 785 824
f 824 785 2195
f 785 628 2195
f 2195 628 823
f 46 822 823
f 823 822 2195
f 822 37 2195
f 2195 37 824
f 60 825 826
f 826 825 2196
f 825 38 2196
f 2196 38 787
f 13 788 787
f 787 788 2196
f 788 32 2196
f 2196 32 826
f 828 32 2197
f 2197 32 789
f 706 790 789
f 789 790 2197
f 790 707 2197
f 2197 707 827
f 701 828 827
f 827 828 2197
f 708 829 830
f 830 829 2198
f 829 707 2198
f 2198 707 791
f 700 802 791
f 791 802 2198
f 802 699 2198
f 2198 699 830
f 832 79 2199
f 2199 79 798
f 62 793 798
f 798 793 2199
f 793 47 2199
f 2199 47 831
f 70 832 831
f 831 832 2199
f 834 70 2200
f 2200 70 831
f 47 794 831
f 831 794 2200
f 794 40 2200
f 2200 40 833
f 65 834 833
f 833 834 2200
f 41 796 795
f 795 796 2201
f 796 24 2201
f 2201 24 836
f 25 835 836
f 836 835 2201
f 835 40 2201
f 2201 40 795
f 838 672 2202
f 2202 672 799
f 799 583 2202
f 2202 583 797
f 797 79 2202
f 2202 79 837
f 673 838 837
f 837 838 2202
f 682 801 840
f 840 801 2203
f 801 671 2203
f 2203 671 800
f 672 839 800
f 800 839 2203
f 683 840 839
f 839 840 2203
f 843 699 2204
f 2204 699 803
f 682 842 803
f 803 842 2204
f 842 685 2204
f 2204 685 841
f 697 843 841
f 841 843 2204
f 844 25 2205
f 2205 25 836
f 24 804 836
f 836 804 2205
f 804 20 2205
f 2205 20 805
f 21 844 805
f 805 844 2205
f 42 846 807
f 807 846 2206
f 846 49 2206
f 2206 49 845
f 21 806 845
f 845 806 2206
f 806 17 2206
f 2206 17 807
f 808 33 2207
f 2207 33 810
f 654 848 810
f 810 848 2207
f 848 656 2207
f 2207 656 847
f 42 808 847
f 847 808 2207
f 851 654 2208
f 2208 654 811
f 653 850 811
f 811 850 2208
f 850 717 2208
f 2208 717 849
f 716 851 849
f 849 851 2208
f 57 852 853
f 853 852 2209
f 852 28 2209
f 2209 28 815
f 7 812 815
f 815 812 2209
f 812 29 2209
f 2209 29 853
f 855 29 2210
f 2210 29 813
f 22 817 813
f 813 817 2210
f 817 631 2210
f 2210 631 854
f 632 855 854
f 854 855 2210
f 718 856 857
f 857 856 2211
f 856 655 2211
f 2211 655 818
f 27 814 818
f 818 814 2211
f 814 28 2211
f 2211 28 857
f 34 858 859
f 859 858 2212
f 858 631 2212
f 2212 631 816
f 630 824 816
f 816 824 2212
f 824 37 2212
f 2212 37 859
f 655 856 819
f 819 856 2213
f 856 718 2213
f 2213 718 860
f 717 850 860
f 860 850 2213
f 850 653 2213
f 2213 653 819
f 52 861 862
f 862 861 2214
f 861 46 2214
f 2214 46 823
f 628 820 823
f 823 820 2214
f 820 629 2214
f 2214 629 862
f 634 863 864
f 864 863 2215
f 863 629 2215
f 2215 629 821
f 38 825 821
f 821 825 2215
f 825 60 2215
f 2215 60 864
f 822 46 2216
f 2216 46 867
f 45 866 867
f 867 866 2216
f 866 36 2216
f 2216 36 865
f 37 822 865
f 865 822 2216
f 703 868 869
f 869 868 2217
f 868 60 2217
f 2217 60 826
f 32 828 826
f 826 828 2217
f 828 701 2217
f 2217 701 869
f 702 870 871
f 871 870 2218
f 870 701 2218
f 2218 701 827
f 707 829 827
f 827 829 2218
f 829 708 2218
f 2218 708 871
f 709 872 873
f 873 872 2219
f 872 708 2219
f 2219 708 830
f 699 843 830
f 830 843 2219
f 843 697 2219
f 2219 697 873
f 875 673 2220
f 2220 673 837
f 79 832 837
f 837 832 2220
f 832 70 2220
f 2220 70 874
f 664 875 874
f 874 875 2220
f 877 65 2221
f 2221 65 833
f 40 835 833
f 833 835 2221
f 835 25 2221
f 2221 25 876
f 56 877 876
f 876 877 2221
f 70 834 874
f 874 834 2222
f 834 65 2222
f 2222 65 879
f 662 878 879
f 879 878 2222
f 878 664 2222
f 2222 664 874
f 881 683 2223
f 2223 683 839
f 672 838 839
f 839 838 2223
f 838 673 2223
f 2223 673 880
f 684 881 880
f 880 881 2223
f 842 682 2224
f 2224 682 840
f 840 683 2224
f 2224 683 883
f 686 882 883
f 883 882 2224
f 882 685 2224
f 2224 685 842
f 669 885 886
f 886 885 2225
f 885 697 2225
f 2225 697 841
f 685 884 841
f 841 884 2225
f 884 688 2225
f 2225 688 886
f 49 887 845
f 845 887 2226
f 887 56 2226
f 2226 56 876
f 25 844 876
f 876 844 2226
f 844 21 2226
f 2226 21 845
f 49 846 889
f 889 846 2227
f 846 42 2227
f 2227 42 847
f 656 888 847
f 847 888 2227
f 888 657 2227
f 2227 657 889
f 848 654 2228
f 2228 654 892
f 618 891 892
f 892 891 2228
f 891 619 2228
f 2228 619 890
f 656 848 890
f 890 848 2228
f 895 716 2229
f 2229 716 849
f 717 894 849
f 849 894 2229
f 894 652 2229
f 2229 652 893
f 603 895 893
f 893 895 2229
f 654 851 892
f 892 851 2230
f 851 716 2230
f 2230 716 897
f 715 896 897
f 897 896 2230
f 896 618 2230
f 2230 618 892
f 852 57 2231
f 2231 57 899
f 649 898 899
f 899 898 2231
f 898 718 2231
f 2231 718 857
f 28 852 857
f 857 852 2231
f 633 900 901
f 901 900 2232
f 900 57 2232
f 2232 57 853
f 29 855 853
f 853 855 2232
f 855 632 2232
f 2232 632 901
f 903 632 2233
f 2233 632 854
f 631 858 854
f 854 858 2233
f 858 34 2233
f 2233 34 902
f 43 903 902
f 902 903 2233
f 37 865 859
f 859 865 2234
f 865 36 2234
f 2234 36 905
f 35 904 905
f 905 904 2234
f 904 34 2234
f 2234 34 859
f 898 649 2235
f 2235 649 906
f 652 894 906
f 906 894 2235
f 894 717 2235
f 2235 717 860
f 718 898 860
f 860 898 2235
f 53 907 908
f 908 907 2236
f 907 45 2236
f 2236 45 867
f 46 861 867
f 867 861 2236
f 861 52 2236
f 2236 52 908
f 69 909 910
f 910 909 2237
f 909 52 2237
f 2237 52 862
f 629 863 862
f 862 863 2237
f 863 634 2237
f 2237 634 910
f 912 665 2238
f 2238 665 911
f 911 634 2238
f 2238 634 864
f 60 868 864
f 864 868 2238
f 703 912 868
f 868 912 2238
f 59 914 915
f 915 914 2239
f 51 913 914
f 914 913 2239
f 36 866 913
f 913 866 2239
f 866 45 2239
f 2239 45 915
f 704 916 917
f 917 916 2240
f 916 703 2240
f 2240 703 869
f 701 870 869
f 869 870 2240
f 870 702 2240
f 2240 702 917
f 698 918 919
f 919 918 2241
f 918 702 2241
f 2241 702 871
f 708 872 871
f 871 872 2241
f 872 709 2241
f 2241 709 919
f 697 885 873
f 873 885 2242
f 885 669 2242
f 2242 669 921
f 710 920 921
f 921 920 2242
f 920 709 2242
f 2242 709 873
f 923 684 2243
f 2243 684 880
f 673 875 880
f 880 875 2243
f 875 664 2243
f 2243 664 922
f 663 923 922
f 922 923 2243
f 65 877 879
f 879 877 2244
f 877 56 2244
f 2244 56 925
f 660 924 925
f 925 924 2244
f 924 662 2244
f 2244 662 879
f 664 878 922
f 922 878 2245
f 878 662 2245
f 2245 662 927
f 661 926 927
f 927 926 2245
f 926 663 2245
f 2245 663 922
f 881 684 2246
f 2246 684 929
f 687 928 929
f 929 928 2246
f 928 686 2246
f 2246 686 883
f 683 881 883
f 883 881 2246
f 688 884 931
f 931 884 2247
f 685 882 884
f 884 882 2247
f 882 686 2247
f 2247 686 930
f 689 931 930
f 930 931 2247
f 668 933 934
f 934 933 2248
f 933 669 2248
f 2248 669 886
f 688 932 886
f 886 932 2248
f 932 691 2248
f 2248 691 934
f 935 660 2249
f 2249 660 925
f 56 887 925
f 925 887 2249
f 887 49 2249
f 2249 49 889
f 657 935 889
f 889 935 2249
f 657 888 937
f 937 888 2250
f 888 656 2250
f 2250 656 890
f 619 936 890
f 890 936 2250
f 936 658 2250
f 2250 658 937
f 612 939 940
f 940 939 2251
f 939 613 2251
f 2251 613 938
f 619 891 938
f 938 891 2251
f 891 618 2251
f 2251 618 940
f 943 603 2252
f 2252 603 893
f 652 942 893
f 893 942 2252
f 942 651 2252
f 2252 651 941
f 605 943 941
f 941 943 2252
f 603 945 895
f 895 945 2253
f 602 944 945
f 945 944 2253
f 944 715 2253
f 2253 715 897
f 716 895 897
f 897 895 2253
f 947 612 2254
f 2254 612 940
f 618 896 940
f 940 896 2254
f 896 715 2254
f 2254 715 946
f 714 947 946
f 946 947 2254
f 650 948 949
f 949 948 2255
f 948 649 2255
f 2255 649 899
f 57 900 899
f 899 900 2255
f 900 633 2255
f 2255 633 949
f 951 633 2256
f 2256 633 901
f 632 903 901
f 901 903 2256
f 903 43 2256
f 2256 43 950
f 63 951 950
f 950 951 2256
f 44 952 953
f 953 952 2257
f 952 43 2257
f 2257 43 902
f 34 904 902
f 902 904 2257
f 904 35 2257
f 2257 35 953
f 913 51 2258
f 2258 51 955
f 50 954 955
f 955 954 2258
f 954 35 2258
f 2258 35 905
f 36 913 905
f 905 913 2258
f 651 942 956
f 956 942 2259
f 942 652 2259
f 2259 652 906
f 649 948 906
f 906 948 2259
f 948 650 2259
f 2259 650 956
f 64 957 958
f 958 957 2260
f 957 59 2260
f 2260 59 915
f 45 907 915
f 915 907 2260
f 907 53 2260
f 2260 53 958
f 909 69 2261
f 2261 69 960
f 68 959 960
f 960 959 2261
f 959 53 2261
f 2261 53 908
f 52 909 908
f 908 909 2261
f 640 961 962
f 962 961 2262
f 961 69 2262
f 2262 69 910
f 634 911 910
f 910 911 2262
f 911 665 2262
f 2262 665 962
f 964 666 2263
f 2263 666 963
f 665 912 963
f 963 912 2263
f 912 703 2263
f 2263 703 916
f 916 704 2263
f 2263 704 964
f 967 76 2264
f 2264 76 966
f 67 965 966
f 966 965 2264
f 965 51 2264
f 2264 51 914
f 914 59 2264
f 2264 59 967
f 968 704 2265
f 2265 704 917
f 702 918 917
f 917 918 2265
f 918 698 2265
f 2265 698 968
f 970 698 2266
f 2266 698 919
f 709 920 919
f 919 920 2266
f 920 710 2266
f 2266 710 969
f 670 970 969
f 969 970 2266
f 669 933 921
f 921 933 2267
f 933 668 2267
f 2267 668 972
f 642 971 972
f 972 971 2267
f 971 710 2267
f 2267 710 921
f 974 687 2268
f 2268 687 929
f 684 923 929
f 929 923 2268
f 923 663 2268
f 2268 663 973
f 681 974 973
f 973 974 2268
f 662 924 927
f 927 924 2269
f 924 660 2269
f 2269 660 976
f 659 975 976
f 976 975 2269
f 975 661 2269
f 2269 661 927
f 978 681 2270
f 2270 681 973
f 663 926 973
f 973 926 2270
f 926 661 2270
f 2270 661 977
f 680 978 977
f 977 978 2270
f 980 689 2271
f 2271 689 930
f 686 928 930
f 930 928 2271
f 928 687 2271
f 2271 687 979
f 690 980 979
f 979 980 2271
f 691 932 982
f 982 932 2272
f 932 688 2272
f 2272 688 931
f 931 689 2272
f 2272 689 981
f 692 982 981
f 981 982 2272
f 667 984 985
f 985 984 2273
f 984 668 2273
f 2273 668 934
f 691 983 934
f 934 983 2273
f 983 694 2273
f 2273 694 985
f 986 659 2274
f 2274 659 976
f 660 935 976
f 976 935 2274
f 935 657 2274
f 2274 657 937
f 658 986 937
f 937 986 2274
f 658 936 988
f 988 936 2275
f 936 619 2275
f 2275 619 938
f 613 987 938
f 938 987 2275
f 987 614 2275
f 2275 614 988
f 991 589 2276
f 2276 589 990
f 613 939 990
f 990 939 2276
f 939 612 2276
f 2276 612 989
f 591 991 989
f 989 991 2276
f 604 993 994
f 994 993 2277
f 993 605 2277
f 2277 605 941
f 651 992 941
f 941 992 2277
f 992 648 2277
f 2277 648 994
f 997 610 2278
f 2278 610 996
f 603 943 996
f 996 943 2278
f 943 605 2278
f 2278 605 995
f 609 997 995
f 995 997 2278
f 999 714 2279
f 2279 714 946
f 715 944 946
f 946 944 2279
f 944 602 2279
f 2279 602 998
f 611 999 998
f 998 999 2279
f 610 1000 996
f 996 1000 2280
f 1000 611 2280
f 2280 611 998
f 998 602 2280
f 2280 602 945
f 945 603 2280
f 2280 603 996
f 1002 591 2281
f 2281 591 989
f 612 947 989
f 989 947 2281
f 947 714 2281
f 2281 714 1001
f 713 1002 1001
f 1001 1002 2281
f 647 1003 1004
f 1004 1003 2282
f 1003 650 2282
f 2282 650 949
f 633 951 949
f 949 951 2282
f 63 1004 951
f 951 1004 2282
f 1005 63 2283
f 2283 63 950
f 43 952 950
f 950 952 2283
f 952 44 2283
f 2283 44 1005
f 954 50 2284
f 2284 50 1007
f 58 1006 1007
f 1007 1006 2284
f 1006 44 2284
f 2284 44 953
f 35 954 953
f 953 954 2284
f 965 67 2285
f 2285 67 1009
f 66 1008 1009
f 1009 1008 2285
f 1008 50 2285
f 2285 50 955
f 51 965 955
f 955 965 2285
f 648 992 1010
f 1010 992 2286
f 992 651 2286
f 2286 651 956
f 650 1003 956
f 956 1003 2286
f 1003 647 2286
f 2286 647 1010
f 81 1011 1012
f 1012 1011 2287
f 1011 76 2287
f 2287 76 967
f 59 957 967
f 967 957 2287
f 957 64 2287
f 2287 64 1012
f 82 1013 1014
f 1014 1013 2288
f 1013 64 2288
f 2288 64 958
f 53 959 958
f 958 959 2288
f 959 68 2288
f 2288 68 1014
f 69 1017 960
f 960 1017 2289
f 1017 78 2289
f 2289 78 1016
f 77 1015 1016
f 1016 1015 2289
f 1015 68 2289
f 2289 68 960
f 961 640 2290
f 2290 640 1019
f 636 1018 1019
f 1019 1018 2290
f 1018 78 2290
f 2290 78 1017
f 69 961 1017
f 1017 961 2290
f 1021 646 2291
f 2291 646 1020
f 1020 640 2291
f 2291 640 962
f 962 665 2291
f 2291 665 963
f 666 1021 963
f 963 1021 2291
f 698 970 968
f 968 970 2292
f 970 670 2292
f 2292 670 1022
f 666 964 1022
f 1022 964 2292
f 964 704 2292
f 2292 704 968
f 76 1025 966
f 966 1025 2293
f 80 1024 1025
f 1025 1024 2293
f 1024 75 2293
f 2293 75 1023
f 1023 67 2293
f 2293 67 966
f 1027 670 2294
f 2294 670 969
f 710 971 969
f 969 971 2294
f 971 642 2294
f 2294 642 1026
f 641 1027 1026
f 1026 1027 2294
f 1029 642 2295
f 2295 642 972
f 668 984 972
f 972 984 2295
f 984 667 2295
f 2295 667 1028
f 643 1029 1028
f 1028 1029 2295
f 1031 690 2296
f 2296 690 979
f 687 974 979
f 979 974 2296
f 974 681 2296
f 2296 681 1030
f 679 1031 1030
f 1030 1031 2296
f 1033 680 2297
f 2297 680 977
f 661 975 977
f 977 975 2297
f 975 659 2297
f 2297 659 1032
f 615 1033 1032
f 1032 1033 2297
f 681 978 1030
f 1030 978 2298
f 978 680 2298
f 2298 680 1035
f 678 1034 1035
f 1035 1034 2298
f 1034 679 2298
f 2298 679 1030
f 1037 692 2299
f 2299 692 981
f 689 980 981
f 981 980 2299
f 980 690 2299
f 2299 690 1036
f 693 1037 1036
f 1036 1037 2299
f 694 983 1039
f 1039 983 2300
f 983 691 2300
f 2300 691 982
f 982 692 2300
f 2300 692 1038
f 695 1039 1038
f 1038 1039 2300
f 1042 667 2301
f 2301 667 985
f 694 1041 985
f 985 1041 2301
f 1041 156 2301
f 2301 156 1040
f 116 1042 1040
f 1040 1042 2301
f 1043 615 2302
f 2302 615 1032
f 659 986 1032
f 1032 986 2302
f 986 658 2302
f 2302 658 988
f 614 1043 988
f 988 1043 2302
f 614 987 1045
f 1045 987 2303
f 987 613 2303
f 2303 613 990
f 589 1044 990
f 990 1044 2303
f 1044 585 2303
f 2303 585 1045
f 1048 588 2304
f 2304 588 1047
f 589 991 1047
f 1047 991 2304
f 991 591 2304
f 2304 591 1046
f 590 1048 1046
f 1046 1048 2304
f 608 1049 1050
f 1050 1049 2305
f 1049 609 2305
f 2305 609 995
f 605 993 995
f 995 993 2305
f 993 604 2305
f 2305 604 1050
f 606 1052 1053
f 1053 1052 2306
f 1052 604 2306
f 2306 604 994
f 648 1051 994
f 994 1051 2306
f 1051 645 2306
f 2306 645 1053
f 595 1055 1056
f 1056 1055 2307
f 1055 601 2307
f 2307 601 1054
f 610 997 1054
f 1054 997 2307
f 997 609 2307
f 2307 609 1056
f 1058 713 2308
f 2308 713 1001
f 714 999 1001
f 1001 999 2308
f 999 611 2308
f 2308 611 1057
f 593 1058 1057
f 1057 1058 2308
f 1059 593 2309
f 2309 593 1057
f 611 1000 1057
f 1057 1000 2309
f 1000 610 2309
f 2309 610 1054
f 601 1059 1054
f 1054 1059 2309
f 1061 590 2310
f 2310 590 1046
f 591 1002 1046
f 1046 1002 2310
f 1002 713 2310
f 2310 713 1060
f 712 1061 1060
f 1060 1061 2310
f 635 1063 1064
f 1064 1063 2311
f 1063 647 2311
f 2311 647 1004
f 63 1062 1004
f 1004 1062 2311
f 1062 71 2311
f 2311 71 1064
f 72 1065 1066
f 1066 1065 2312
f 71 1062 1065
f 1065 1062 2312
f 63 1005 1062
f 1062 1005 2312
f 44 1066 1005
f 1005 1066 2312
f 83 1067 1068
f 1068 1067 2313
f 1067 72 2313
f 2313 72 1066
f 44 1006 1066
f 1066 1006 2313
f 1006 58 2313
f 2313 58 1068
f 1008 66 2314
f 2314 66 1070
f 73 1069 1070
f 1070 1069 2314
f 1069 58 2314
f 2314 58 1007
f 50 1008 1007
f 1007 1008 2314
f 67 1023 1009
f 1009 1023 2315
f 1023 75 2315
f 2315 75 1072
f 74 1071 1072
f 1072 1071 2315
f 1071 66 2315
f 2315 66 1009
f 645 1051 1073
f 1073 1051 2316
f 1051 648 2316
f 2316 648 1010
f 647 1063 1010
f 1010 1063 2316
f 1063 635 2316
f 2316 635 1073
f 1011 81 2317
f 2317 81 1075
f 88 1074 1075
f 1075 1074 2317
f 1074 80 2317
f 2317 80 1025
f 76 1011 1025
f 1025 1011 2317
f 95 1076 1077
f 1077 1076 2318
f 1076 81 2318
f 2318 81 1012
f 64 1013 1012
f 1012 1013 2318
f 1013 82 2318
f 2318 82 1077
f 89 1078 1079
f 1079 1078 2319
f 1078 82 2319
f 2319 82 1014
f 68 1015 1014
f 1014 1015 2319
f 1015 77 2319
f 2319 77 1079
f 77 1016 1081
f 1081 1016 2320
f 1016 78 2320
f 2320 78 1080
f 71 1065 1080
f 1080 1065 2320
f 1065 72 2320
f 2320 72 1081
f 71 1080 1064
f 1064 1080 2321
f 78 1018 1080
f 1080 1018 2321
f 1018 636 2321
f 2321 636 1082
f 1082 635 2321
f 2321 635 1064
f 646 1084 1020
f 1020 1084 2322
f 1084 644 2322
f 2322 644 1083
f 636 1019 1083
f 1083 1019 2322
f 640 1020 1019
f 1019 1020 2322
f 670 1027 1022
f 1022 1027 2323
f 1027 641 2323
f 2323 641 1085
f 646 1021 1085
f 1085 1021 2323
f 1021 666 2323
f 2323 666 1022
f 1024 80 2324
f 2324 80 1087
f 87 1086 1087
f 1087 1086 2324
f 1086 74 2324
f 2324 74 1072
f 1072 75 2324
f 2324 75 1024
f 642 1090 1026
f 1026 1090 2325
f 1090 639 2325
f 2325 639 1089
f 637 1088 1089
f 1089 1088 2325
f 1088 641 2325
f 2325 641 1026
f 113 1091 1092
f 1092 1091 2326
f 1091 643 2326
f 2326 643 1028
f 667 1042 1028
f 1028 1042 2326
f 1042 116 2326
f 2326 116 1092
f 1094 639 2327
f 2327 639 1090
f 642 1029 1090
f 1090 1029 2327
f 1029 643 2327
f 2327 643 1093
f 638 1094 1093
f 1093 1094 2327
f 1096 693 2328
f 2328 693 1036
f 690 1031 1036
f 1036 1031 2328
f 1031 679 2328
f 2328 679 1095
f 677 1096 1095
f 1095 1096 2328
f 680 1033 1035
f 1035 1033 2329
f 1033 615 2329
f 2329 615 1098
f 586 1097 1098
f 1098 1097 2329
f 1097 678 2329
f 2329 678 1035
f 679 1034 1095
f 1095 1034 2330
f 1034 678 2330
f 2330 678 1100
f 676 1099 1100
f 1100 1099 2330
f 1099 677 2330
f 2330 677 1095
f 1102 695 2331
f 2331 695 1038
f 692 1037 1038
f 1038 1037 2331
f 1037 693 2331
f 2331 693 1101
f 696 1102 1101
f 1101 1102 2331
f 694 1039 1105
f 1105 1039 2332
f 695 1104 1039
f 1039 1104 2332
f 193 1103 1104
f 1104 1103 2332
f 158 1105 1103
f 1103 1105 2332
f 156 1108 1040
f 1040 1108 2333
f 155 1107 1108
f 1108 1107 2333
f 115 1106 1107
f 1107 1106 2333
f 1106 116 2333
f 2333 116 1040
f 1110 156 2334
f 2334 156 1041
f 694 1105 1041
f 1041 1105 2334
f 1105 158 2334
f 2334 158 1109
f 157 1110 1109
f 1109 1110 2334
f 1111 586 2335
f 2335 586 1098
f 615 1043 1098
f 1098 1043 2335
f 1043 614 2335
f 2335 614 1045
f 585 1111 1045
f 1045 1111 2335
f 585 1044 1113
f 1113 1044 2336
f 1044 589 2336
f 2336 589 1047
f 588 1112 1047
f 1047 1112 2336
f 1112 584 2336
f 2336 584 1113
f 588 1048 1116
f 1116 1048 2337
f 1048 590 2337
f 2337 590 1115
f 625 1114 1115
f 1115 1114 2337
f 1114 623 2337
f 2337 623 1116
f 609 1049 1056
f 1056 1049 2338
f 608 1118 1049
f 1049 1118 2338
f 594 1117 1118
f 1118 1117 2338
f 1117 595 2338
f 2338 595 1056
f 617 1119 1120
f 1120 1119 2339
f 608 1050 1119
f 1119 1050 2339
f 604 1052 1050
f 1050 1052 2339
f 1052 606 2339
f 2339 606 1120
f 637 1122 1123
f 1123 1122 2340
f 1122 606 2340
f 2340 606 1053
f 645 1121 1053
f 1053 1121 2340
f 1121 644 2340
f 2340 644 1123
f 1126 600 2341
f 2341 600 1125
f 601 1055 1125
f 1125 1055 2341
f 1055 595 2341
f 2341 595 1124
f 596 1126 1124
f 1124 1126 2341
f 592 1127 1128
f 1128 1127 2342
f 1127 712 2342
f 2342 712 1060
f 713 1058 1060
f 1060 1058 2342
f 1058 593 2342
f 2342 593 1128
f 1129 592 2343
f 2343 592 1128
f 593 1059 1128
f 1128 1059 2343
f 1059 601 2343
f 2343 601 1125
f 600 1129 1125
f 1125 1129 2343
f 1131 625 2344
f 2344 625 1115
f 590 1061 1115
f 1115 1061 2344
f 1061 712 2344
f 2344 712 1130
f 711 1131 1130
f 1130 1131 2344
f 1067 83 2345
f 2345 83 1132
f 89 1079 1132
f 1132 1079 2345
f 1079 77 2345
f 2345 77 1081
f 72 1067 1081
f 1081 1067 2345
f 96 1133 1134
f 1134 1133 2346
f 1133 83 2346
f 2346 83 1068
f 58 1069 1068
f 1068 1069 2346
f 1069 73 2346
f 2346 73 1134
f 1137 84 2347
f 2347 84 1136
f 85 1135 1136
f 1136 1135 2347
f 1135 73 2347
f 2347 73 1070
f 66 1137 1070
f 1070 1137 2347
f 1139 86 2348
f 2348 86 1138
f 84 1137 1138
f 1138 1137 2348
f 66 1071 1137
f 1137 1071 2348
f 1071 74 2348
f 2348 74 1139
f 635 1082 1073
f 1073 1082 2349
f 1082 636 2349
f 2349 636 1083
f 644 1121 1083
f 1083 1121 2349
f 1121 645 2349
f 2349 645 1073
f 1074 88 2350
f 2350 88 1141
f 90 1140 1141
f 1141 1140 2350
f 1140 87 2350
f 2350 87 1087
f 80 1074 1087
f 1087 1074 2350
f 1076 95 2351
f 2351 95 1143
f 1143 102 2351
f 2351 102 1142
f 1142 88 2351
f 2351 88 1075
f 81 1076 1075
f 1075 1076 2351
f 103 1144 1145
f 1145 1144 2352
f 1144 95 2352
f 2352 95 1077
f 82 1078 1077
f 1077 1078 2352
f 1078 89 2352
f 2352 89 1145
f 641 1088 1085
f 1085 1088 2353
f 1088 637 2353
f 2353 637 1123
f 644 1084 1123
f 1123 1084 2353
f 1084 646 2353
f 2353 646 1085
f 1147 94 2354
f 2354 94 1146
f 86 1139 1146
f 1146 1139 2354
f 74 1086 1139
f 1139 1086 2354
f 87 1147 1086
f 1086 1147 2354
f 639 1148 1089
f 1089 1148 2355
f 1148 617 2355
f 2355 617 1120
f 606 1122 1120
f 1120 1122 2355
f 1122 637 2355
f 2355 637 1089
f 1150 638 2356
f 2356 638 1093
f 643 1091 1093
f 1093 1091 2356
f 1091 113 2356
f 2356 113 1149
f 130 1150 1149
f 1149 1150 2356
f 116 1106 1092
f 1092 1106 2357
f 1106 115 2357
f 2357 115 1152
f 114 1151 1152
f 1152 1151 2357
f 1151 113 2357
f 2357 113 1092
f 616 1153 1154
f 1154 1153 2358
f 1153 617 2358
f 2358 617 1148
f 639 1094 1148
f 1148 1094 2358
f 1094 638 2358
f 2358 638 1154
f 1156 696 2359
f 2359 696 1101
f 693 1096 1101
f 1101 1096 2359
f 1096 677 2359
f 2359 677 1155
f 675 1156 1155
f 1155 1156 2359
f 678 1097 1100
f 1100 1097 2360
f 1097 586 2360
f 2360 586 1158
f 587 1157 1158
f 1158 1157 2360
f 1157 676 2360
f 2360 676 1100
f 677 1099 1155
f 1155 1099 2361
f 1099 676 2361
f 2361 676 1160
f 674 1159 1160
f 1160 1159 2361
f 1159 675 2361
f 2361 675 1155
f 1163 222 2362
f 2362 222 1162
f 195 1161 1162
f 1162 1161 2362
f 695 1102 1161
f 1161 1102 2362
f 696 1163 1102
f 1102 1163 2362
f 1103 193 2363
f 2363 193 1166
f 192 1165 1166
f 1166 1165 2363
f 1165 172 2363
f 2363 172 1164
f 158 1103 1164
f 1164 1103 2363
f 1168 193 2364
f 2364 193 1104
f 695 1161 1104
f 1104 1161 2364
f 1161 195 2364
f 2364 195 1167
f 194 1168 1167
f 1167 1168 2364
f 205 1170 1171
f 1171 1170 2365
f 1170 154 2365
f 2365 154 1169
f 115 1107 1169
f 1169 1107 2365
f 1107 155 2365
f 2365 155 1171
f 148 1173 1174
f 1174 1173 2366
f 1173 155 2366
f 2366 155 1108
f 156 1172 1108
f 1108 1172 2366
f 1172 147 2366
f 2366 147 1174
f 158 1177 1109
f 1109 1177 2367
f 1177 145 2367
f 2367 145 1176
f 146 1175 1176
f 1176 1175 2367
f 1175 157 2367
f 2367 157 1109
f 1110 157 2368
f 2368 157 1175
f 146 1178 1175
f 1175 1178 2368
f 147 1172 1178
f 1178 1172 2368
f 156 1110 1172
f 1172 1110 2368
f 1179 587 2369
f 2369 587 1158
f 586 1111 1158
f 1158 1111 2369
f 1111 585 2369
f 2369 585 1113
f 584 1179 1113
f 1113 1179 2369
f 584 1112 1181
f 1181 1112 2370
f 1112 588 2370
f 2370 588 1116
f 623 1180 1116
f 1116 1180 2370
f 1180 622 2370
f 2370 622 1181
f 1184 174 2371
f 2371 174 1183
f 623 1114 1183
f 1183 1114 2371
f 1114 625 2371
f 2371 625 1182
f 177 1184 1182
f 1182 1184 2371
f 597 1185 1186
f 1186 1185 2372
f 1185 596 2372
f 2372 596 1124
f 595 1117 1124
f 1124 1117 2372
f 1117 594 2372
f 2372 594 1186
f 1189 594 2373
f 2373 594 1118
f 608 1188 1118
f 1118 1188 2373
f 1188 607 2373
f 2373 607 1187
f 599 1189 1187
f 1187 1189 2373
f 608 1119 1188
f 1188 1119 2374
f 1119 617 2374
f 2374 617 1153
f 1153 616 2374
f 2374 616 1190
f 607 1188 1190
f 1190 1188 2374
f 600 1126 1193
f 1193 1126 2375
f 1126 596 2375
f 2375 596 1192
f 620 1191 1192
f 1192 1191 2375
f 1191 626 2375
f 2375 626 1193
f 1195 711 2376
f 2376 711 1130
f 712 1127 1130
f 1130 1127 2376
f 1127 592 2376
f 2376 592 1194
f 621 1195 1194
f 1194 1195 2376
f 592 1129 1194
f 1194 1129 2377
f 1129 600 2377
f 2377 600 1193
f 626 1196 1193
f 1193 1196 2377
f 1196 621 2377
f 2377 621 1194
f 1198 177 2378
f 2378 177 1182
f 625 1131 1182
f 1182 1131 2378
f 1131 711 2378
f 2378 711 1197
f 138 1198 1197
f 1197 1198 2378
f 1133 96 2379
f 2379 96 1199
f 103 1145 1199
f 1199 1145 2379
f 1145 89 2379
f 2379 89 1132
f 83 1133 1132
f 1132 1133 2379
f 126 1200 1201
f 1201 1200 2380
f 1200 96 2380
f 2380 96 1134
f 73 1135 1134
f 1134 1135 2380
f 1135 85 2380
f 2380 85 1201
f 1204 91 2381
f 2381 91 1203
f 92 1202 1203
f 1203 1202 2381
f 1202 85 2381
f 2381 85 1136
f 84 1204 1136
f 1136 1204 2381
f 1206 93 2382
f 2382 93 1205
f 91 1204 1205
f 1205 1204 2382
f 1204 84 2382
f 2382 84 1138
f 86 1206 1138
f 1138 1206 2382
f 101 1207 1208
f 1208 1207 2383
f 94 1147 1207
f 1207 1147 2383
f 1147 87 2383
f 2383 87 1140
f 1140 90 2383
f 2383 90 1208
f 1142 102 2384
f 2384 102 1210
f 112 1209 1210
f 1210 1209 2384
f 1209 90 2384
f 2384 90 1141
f 88 1142 1141
f 1141 1142 2384
f 95 1144 1143
f 1143 1144 2385
f 1144 103 2385
f 2385 103 1211
f 112 1210 1211
f 1211 1210 2385
f 1210 102 2385
f 2385 102 1143
f 93 1206 1213
f 1213 1206 2386
f 1206 86 2386
f 2386 86 1146
f 94 1212 1146
f 1146 1212 2386
f 1212 100 2386
f 2386 100 1213
f 113 1151 1149
f 1149 1151 2387
f 1151 114 2387
f 2387 114 1215
f 131 1214 1215
f 1215 1214 2387
f 1214 130 2387
f 2387 130 1149
f 1217 616 2388
f 2388 616 1154
f 638 1150 1154
f 1154 1150 2388
f 1150 130 2388
f 2388 130 1216
f 104 1217 1216
f 1216 1217 2388
f 1169 154 2389
f 2389 154 1219
f 153 1218 1219
f 1219 1218 2389
f 1218 114 2389
f 2389 114 1152
f 115 1169 1152
f 1152 1169 2389
f 696 1156 1222
f 1222 1156 2390
f 1156 675 2390
f 2390 675 1221
f 225 1220 1221
f 1221 1220 2390
f 224 1222 1220
f 1220 1222 2390
f 676 1157 1160
f 1160 1157 2391
f 1157 587 2391
f 2391 587 1224
f 624 1223 1224
f 1224 1223 2391
f 1223 674 2391
f 2391 674 1160
f 675 1159 1221
f 1221 1159 2392
f 1159 674 2392
f 2392 674 1226
f 228 1225 1226
f 1226 1225 2392
f 1225 225 2392
f 2392 225 1221
f 222 1229 1162
f 1162 1229 2393
f 1229 221 2393
f 2393 221 1228
f 206 1227 1228
f 1228 1227 2393
f 1227 195 2393
f 2393 195 1162
f 224 1231 1222
f 1222 1231 2394
f 1231 223 2394
f 2394 223 1230
f 222 1163 1230
f 1230 1163 2394
f 1163 696 2394
f 2394 696 1222
f 158 1164 1177
f 1177 1164 2395
f 1164 172 2395
f 2395 172 1233
f 162 1232 1233
f 1233 1232 2395
f 1232 145 2395
f 2395 145 1177
f 239 1235 1236
f 1236 1235 2396
f 1235 220 2396
f 2396 220 1234
f 172 1165 1234
f 1234 1165 2396
f 1165 192 2396
f 2396 192 1236
f 185 1238 1239
f 1239 1238 2397
f 1238 192 2397
f 2397 192 1166
f 193 1237 1166
f 1166 1237 2397
f 1237 184 2397
f 2397 184 1239
f 195 1242 1167
f 1167 1242 2398
f 182 1241 1242
f 1242 1241 2398
f 183 1240 1241
f 1241 1240 2398
f 1240 194 2398
f 2398 194 1167
f 1168 194 2399
f 2399 194 1240
f 183 1243 1240
f 1240 1243 2399
f 184 1237 1243
f 1243 1237 2399
f 193 1168 1237
f 1237 1168 2399
f 260 1245 1246
f 1246 1245 2400
f 1245 219 2400
f 2400 219 1244
f 154 1170 1244
f 1244 1170 2400
f 1170 205 2400
f 2400 205 1246
f 203 1247 1248
f 1248 1247 2401
f 1247 205 2401
f 2401 205 1171
f 155 1173 1171
f 1171 1173 2401
f 1173 148 2401
f 2401 148 1248
f 125 1250 1251
f 1251 1250 2402
f 1250 148 2402
f 2402 148 1174
f 147 1249 1174
f 1174 1249 2402
f 1249 124 2402
f 2402 124 1251
f 1254 123 2403
f 2403 123 1253
f 146 1176 1253
f 1253 1176 2403
f 1176 145 2403
f 2403 145 1252
f 122 1254 1252
f 1252 1254 2403
f 124 1249 1255
f 1255 1249 2404
f 1249 147 2404
f 2404 147 1178
f 146 1253 1178
f 1178 1253 2404
f 1253 123 2404
f 2404 123 1255
f 1256 624 2405
f 2405 624 1224
f 587 1179 1224
f 1224 1179 2405
f 1179 584 2405
f 2405 584 1181
f 622 1256 1181
f 1181 1256 2405
f 1258 175 2406
f 2406 175 1257
f 622 1180 1257
f 1257 1180 2406
f 1180 623 2406
f 2406 623 1183
f 174 1258 1183
f 1183 1258 2406
f 179 1260 1261
f 1261 1260 2407
f 1260 178 2407
f 2407 178 1259
f 174 1184 1259
f 1259 1184 2407
f 1184 177 2407
f 2407 177 1261
f 596 1185 1192
f 1192 1185 2408
f 1185 597 2408
f 2408 597 1263
f 1263 598 2408
f 2408 598 1262
f 1262 620 2408
f 2408 620 1192
f 594 1189 1186
f 1186 1189 2409
f 1189 599 2409
f 2409 599 1264
f 598 1263 1264
f 1264 1263 2409
f 1263 597 2409
f 2409 597 1186
f 121 1266 1267
f 1267 1266 2410
f 1266 599 2410
f 2410 599 1187
f 607 1265 1187
f 1187 1265 2410
f 1265 105 2410
f 2410 105 1267
f 105 1265 1268
f 1268 1265 2411
f 1265 607 2411
f 2411 607 1190
f 616 1217 1190
f 1190 1217 2411
f 1217 104 2411
f 2411 104 1268
f 1271 140 2412
f 2412 140 1270
f 626 1191 1270
f 1270 1191 2412
f 1191 620 2412
f 2412 620 1269
f 119 1271 1269
f 1269 1271 2412
f 711 1195 1197
f 1197 1195 2413
f 1195 621 2413
f 2413 621 1273
f 137 1272 1273
f 1273 1272 2413
f 1272 138 2413
f 2413 138 1197
f 1274 137 2414
f 2414 137 1273
f 621 1196 1273
f 1273 1196 2414
f 1196 626 2414
f 2414 626 1270
f 140 1274 1270
f 1270 1274 2414
f 180 1275 1276
f 1276 1275 2415
f 1275 179 2415
f 2415 179 1261
f 177 1198 1261
f 1261 1198 2415
f 1198 138 2415
f 2415 138 1276
f 126 1278 1200
f 1200 1278 2416
f 1278 133 2416
f 2416 133 1277
f 103 1199 1277
f 1277 1199 2416
f 1199 96 2416
f 2416 96 1200
f 151 1279 1280
f 1280 1279 2417
f 1279 126 2417
f 2417 126 1201
f 85 1202 1201
f 1201 1202 2417
f 1202 92 2417
f 2417 92 1280
f 98 1282 1283
f 1283 1282 2418
f 1282 92 2418
f 2418 92 1203
f 91 1281 1203
f 1203 1281 2418
f 1281 97 2418
f 2418 97 1283
f 93 1285 1205
f 1205 1285 2419
f 1285 99 2419
f 2419 99 1284
f 97 1281 1284
f 1284 1281 2419
f 1281 91 2419
f 2419 91 1205
f 152 1286 1287
f 1287 1286 2420
f 100 1212 1286
f 1286 1212 2420
f 1212 94 2420
f 2420 94 1207
f 1207 101 2420
f 2420 101 1287
f 135 1288 1289
f 1289 1288 2421
f 1288 101 2421
f 2421 101 1208
f 90 1209 1208
f 1208 1209 2421
f 1209 112 2421
f 2421 112 1289
f 1277 133 2422
f 2422 133 1290
f 135 1289 1290
f 1290 1289 2422
f 1289 112 2422
f 2422 112 1211
f 103 1277 1211
f 1211 1277 2422
f 1285 93 2423
f 2423 93 1213
f 100 1292 1213
f 1213 1292 2423
f 1292 111 2423
f 2423 111 1291
f 99 1285 1291
f 1291 1285 2423
f 130 1214 1216
f 1216 1214 2424
f 1214 131 2424
f 2424 131 1294
f 107 1293 1294
f 1294 1293 2424
f 1293 104 2424
f 2424 104 1216
f 1218 153 2425
f 2425 153 1296
f 171 1295 1296
f 1296 1295 2425
f 1295 131 2425
f 2425 131 1215
f 114 1218 1215
f 1215 1218 2425
f 1244 219 2426
f 2426 219 1298
f 1298 218 2426
f 2426 218 1297
f 1297 153 2426
f 2426 153 1219
f 154 1244 1219
f 1219 1244 2426
f 240 1300 1301
f 1301 1300 2427
f 224 1220 1300
f 1300 1220 2427
f 1220 225 2427
f 2427 225 1299
f 226 1301 1299
f 1299 1301 2427
f 674 1223 1226
f 1226 1223 2428
f 1223 624 2428
f 2428 624 1303
f 207 1302 1303
f 1303 1302 2428
f 1302 228 2428
f 2428 228 1226
f 1225 228 2429
f 2429 228 1305
f 227 1304 1305
f 1305 1304 2429
f 1304 226 2429
f 2429 226 1299
f 225 1225 1299
f 1299 1225 2429
f 195 1227 1242
f 1242 1227 2430
f 1227 206 2430
f 2430 206 1307
f 201 1306 1307
f 1307 1306 2430
f 1306 182 2430
f 2430 182 1242
f 1310 261 2431
f 2431 261 1309
f 250 1308 1309
f 1309 1308 2431
f 1308 206 2431
f 2431 206 1228
f 221 1310 1228
f 1228 1310 2431
f 1313 213 2432
f 2432 213 1312
f 221 1229 1312
f 1312 1229 2432
f 1229 222 2432
f 2432 222 1311
f 212 1313 1311
f 1311 1313 2432
f 1230 223 2433
f 2433 223 1315
f 211 1314 1315
f 1315 1314 2433
f 1314 212 2433
f 2433 212 1311
f 222 1230 1311
f 1311 1230 2433
f 224 1317 1231
f 1231 1317 2434
f 210 1316 1317
f 1317 1316 2434
f 1316 211 2434
f 2434 211 1315
f 1315 223 2434
f 2434 223 1231
f 1319 122 2435
f 2435 122 1252
f 145 1232 1252
f 1252 1232 2435
f 1232 162 2435
f 2435 162 1318
f 132 1319 1318
f 1318 1319 2435
f 220 1321 1234
f 1234 1321 2436
f 215 1320 1321
f 1321 1320 2436
f 1320 162 2436
f 2436 162 1233
f 172 1234 1233
f 1233 1234 2436
f 289 1323 1324
f 1324 1323 2437
f 1323 273 2437
f 2437 273 1322
f 220 1235 1322
f 1322 1235 2437
f 1235 239 2437
f 2437 239 1324
f 232 1325 1326
f 1326 1325 2438
f 1325 239 2438
f 2438 239 1236
f 192 1238 1236
f 1236 1238 2438
f 1238 185 2438
f 2438 185 1326
f 1329 144 2439
f 2439 144 1328
f 1328 185 2439
f 2439 185 1239
f 184 1327 1239
f 1239 1327 2439
f 143 1329 1327
f 1327 1329 2439
f 1332 142 2440
f 2440 142 1331
f 183 1241 1331
f 1331 1241 2440
f 1241 182 2440
f 2440 182 1330
f 141 1332 1330
f 1330 1332 2440
f 1333 143 2441
f 2441 143 1327
f 1327 184 2441
f 2441 184 1243
f 1243 183 2441
f 2441 183 1331
f 142 1333 1331
f 1331 1333 2441
f 260 1336 1245
f 1245 1336 2442
f 1336 272 2442
f 2442 272 1335
f 238 1334 1335
f 1335 1334 2442
f 1334 219 2442
f 2442 219 1245
f 258 1337 1338
f 1338 1337 2443
f 1337 260 2443
f 2443 260 1246
f 205 1247 1246
f 1246 1247 2443
f 1247 203 2443
f 2443 203 1338
f 1340 203 2444
f 2444 203 1248
f 148 1250 1248
f 1248 1250 2444
f 1250 125 2444
f 2444 125 1339
f 163 1340 1339
f 1339 1340 2444
f 1343 125 2445
f 2445 125 1251
f 124 1342 1251
f 1251 1342 2445
f 105 1341 1342
f 1342 1341 2445
f 1341 106 2445
f 2445 106 1343
f 1346 123 2446
f 2446 123 1254
f 1254 122 2446
f 2446 122 1345
f 118 1344 1345
f 1345 1344 2446
f 121 1346 1344
f 1344 1346 2446
f 1342 124 2447
f 2447 124 1255
f 123 1346 1255
f 1255 1346 2447
f 1346 121 2447
f 2447 121 1267
f 105 1342 1267
f 1267 1342 2447
f 624 1256 1303
f 1303 1256 2448
f 1256 622 2448
f 2448 622 1257
f 175 1347 1257
f 1257 1347 2448
f 1347 207 2448
f 2448 207 1303
f 176 1349 1350
f 1350 1349 2449
f 175 1258 1349
f 1349 1258 2449
f 174 1348 1258
f 1258 1348 2449
f 1348 173 2449
f 2449 173 1350
f 178 1352 1259
f 1259 1352 2450
f 1352 198 2450
f 2450 198 1351
f 173 1348 1351
f 1351 1348 2450
f 1348 174 2450
f 2450 174 1259
f 1260 179 2451
f 2451 179 1354
f 211 1316 1354
f 1354 1316 2451
f 1316 210 2451
f 2451 210 1353
f 178 1260 1353
f 1353 1260 2451
f 119 1269 1356
f 1356 1269 2452
f 1269 620 2452
f 2452 620 1262
f 598 1355 1262
f 1262 1355 2452
f 1355 118 2452
f 2452 118 1356
f 1266 121 2453
f 2453 121 1344
f 118 1355 1344
f 1344 1355 2453
f 1355 598 2453
f 2453 598 1264
f 599 1266 1264
f 1264 1266 2453
f 1293 107 2454
f 2454 107 1357
f 106 1341 1357
f 1357 1341 2454
f 1341 105 2454
f 2454 105 1268
f 104 1293 1268
f 1268 1293 2454
f 143 1333 1359
f 1359 1333 2455
f 1333 142 2455
f 2455 142 1358
f 140 1271 1358
f 1358 1271 2455
f 119 1359 1271
f 1271 1359 2455
f 1362 139 2456
f 2456 139 1361
f 138 1272 1361
f 1361 1272 2456
f 1272 137 2456
f 2456 137 1360
f 136 1362 1360
f 1360 1362 2456
f 142 1332 1358
f 1358 1332 2457
f 1332 141 2457
f 2457 141 1363
f 137 1274 1363
f 1363 1274 2457
f 1274 140 2457
f 2457 140 1358
f 1275 180 2458
f 2458 180 1364
f 212 1314 1364
f 1364 1314 2458
f 1314 211 2458
f 2458 211 1354
f 179 1275 1354
f 1354 1275 2458
f 1366 181 2459
f 2459 181 1365
f 1365 180 2459
f 2459 180 1276
f 138 1361 1276
f 1276 1361 2459
f 139 1366 1361
f 1361 1366 2459
f 1279 151 2460
f 2460 151 1368
f 164 1367 1368
f 1368 1367 2460
f 1367 133 2460
f 2460 133 1278
f 126 1279 1278
f 1278 1279 2460
f 165 1369 1370
f 1370 1369 2461
f 1369 151 2461
f 2461 151 1280
f 92 1282 1280
f 1280 1282 2461
f 1282 98 2461
f 2461 98 1370
f 109 1372 1373
f 1373 1372 2462
f 1372 98 2462
f 2462 98 1283
f 97 1371 1283
f 1283 1371 2462
f 1371 108 2462
f 2462 108 1373
f 1284 99 2463
f 2463 99 1375
f 110 1374 1375
f 1375 1374 2463
f 1374 108 2463
f 2463 108 1371
f 97 1284 1371
f 1371 1284 2463
f 152 1378 1286
f 1286 1378 2464
f 1378 169 2464
f 2464 169 1377
f 1377 129 2464
f 2464 129 1376
f 100 1286 1376
f 1376 1286 2464
f 1288 135 2465
f 2465 135 1380
f 170 1379 1380
f 1380 1379 2465
f 1379 152 2465
f 2465 152 1287
f 101 1288 1287
f 1287 1288 2465
f 1367 164 2466
f 2466 164 1381
f 1381 170 2466
f 2466 170 1380
f 135 1290 1380
f 1380 1290 2466
f 133 1367 1290
f 1290 1367 2466
f 1375 99 2467
f 2467 99 1291
f 111 1383 1291
f 1291 1383 2467
f 1383 127 2467
f 2467 127 1382
f 110 1375 1382
f 1382 1375 2467
f 100 1376 1292
f 1292 1376 2468
f 129 1385 1376
f 1376 1385 2468
f 1385 128 2468
f 2468 128 1384
f 111 1292 1384
f 1384 1292 2468
f 1295 171 2469
f 2469 171 1387
f 150 1386 1387
f 1387 1386 2469
f 1386 107 2469
f 2469 107 1294
f 131 1295 1294
f 1294 1295 2469
f 218 1389 1297
f 1297 1389 2470
f 236 1388 1389
f 1389 1388 2470
f 1388 171 2470
f 2470 171 1296
f 153 1297 1296
f 1296 1297 2470
f 1298 219 2471
f 2471 219 1334
f 238 1391 1334
f 1334 1391 2471
f 1391 237 2471
f 2471 237 1390
f 218 1298 1390
f 1390 1298 2471
f 224 1300 1317
f 1317 1300 2472
f 1300 240 2472
f 2472 240 1393
f 230 1392 1393
f 1393 1392 2472
f 1392 210 2472
f 2472 210 1317
f 1396 251 2473
f 2473 251 1395
f 240 1301 1395
f 1395 1301 2473
f 1301 226 2473
f 2473 226 1394
f 241 1396 1394
f 1394 1396 2473
f 1302 207 2474
f 2474 207 1398
f 208 1397 1398
f 1398 1397 2474
f 1397 227 2474
f 2474 227 1305
f 228 1302 1305
f 1305 1302 2474
f 1304 227 2475
f 2475 227 1400
f 242 1399 1400
f 1400 1399 2475
f 1399 241 2475
f 2475 241 1394
f 226 1304 1394
f 1394 1304 2475
f 1402 141 2476
f 2476 141 1330
f 182 1306 1330
f 1330 1306 2476
f 1306 201 2476
f 2476 201 1401
f 159 1402 1401
f 1401 1402 2476
f 1308 250 2477
f 2477 250 1404
f 244 1403 1404
f 1404 1403 2477
f 1403 201 2477
f 2477 201 1307
f 206 1308 1307
f 1307 1308 2477
f 1407 320 2478
f 2478 320 1406
f 305 1405 1406
f 1406 1405 2478
f 1405 250 2478
f 2478 250 1309
f 261 1407 1309
f 1309 1407 2478
f 1409 252 2479
f 2479 252 1408
f 261 1310 1408
f 1408 1310 2479
f 1310 221 2479
f 2479 221 1312
f 213 1409 1312
f 1312 1409 2479
f 181 1410 1365
f 1365 1410 2480
f 213 1313 1410
f 1410 1313 2480
f 1313 212 2480
f 2480 212 1364
f 180 1365 1364
f 1364 1365 2480
f 1320 215 2481
f 2481 215 1412
f 186 1411 1412
f 1412 1411 2481
f 1411 132 2481
f 2481 132 1318
f 162 1320 1318
f 1318 1320 2481
f 122 1319 1345
f 1345 1319 2482
f 1319 132 2482
f 2482 132 1414
f 117 1413 1414
f 1414 1413 2482
f 118 1345 1413
f 1413 1345 2482
f 1322 273 2483
f 2483 273 1416
f 264 1415 1416
f 1416 1415 2483
f 1415 215 2483
f 2483 215 1321
f 220 1322 1321
f 1321 1322 2483
f 1323 289 2484
f 2484 289 1419
f 304 1418 1419
f 1419 1418 2484
f 288 1417 1418
f 1418 1417 2484
f 1417 273 2484
f 2484 273 1323
f 279 1420 1421
f 1421 1420 2485
f 1420 289 2485
f 2485 289 1324
f 239 1325 1324
f 1324 1325 2485
f 1325 232 2485
f 2485 232 1421
f 1423 232 2486
f 2486 232 1326
f 185 1328 1326
f 1326 1328 2486
f 144 1422 1328
f 1328 1422 2486
f 1422 202 2486
f 2486 202 1423
f 144 1329 1425
f 1425 1329 2487
f 1329 143 2487
f 2487 143 1359
f 119 1424 1359
f 1359 1424 2487
f 1424 120 2487
f 2487 120 1425
f 272 1428 1335
f 1335 1428 2488
f 1428 285 2488
f 2488 285 1427
f 249 1426 1427
f 1427 1426 2488
f 1426 238 2488
f 2488 238 1335
f 1337 258 2489
f 2489 258 1430
f 1430 265 2489
f 2489 265 1429
f 272 1336 1429
f 1429 1336 2489
f 260 1337 1336
f 1336 1337 2489
f 1432 258 2490
f 2490 258 1338
f 203 1340 1338
f 1338 1340 2490
f 1340 163 2490
f 2490 163 1431
f 235 1432 1431
f 1431 1432 2490
f 1434 149 2491
f 2491 149 1433
f 163 1339 1433
f 1433 1339 2491
f 125 1343 1339
f 1339 1343 2491
f 1343 106 2491
f 2491 106 1434
f 1435 208 2492
f 2492 208 1398
f 207 1347 1398
f 1398 1347 2492
f 1347 175 2492
f 2492 175 1349
f 176 1435 1349
f 1349 1435 2492
f 1438 197 2493
f 2493 197 1437
f 176 1350 1437
f 1437 1350 2493
f 1350 173 2493
f 2493 173 1436
f 196 1438 1436
f 1436 1438 2493
f 198 1440 1351
f 1351 1440 2494
f 1440 209 2494
f 2494 209 1439
f 196 1436 1439
f 1439 1436 2494
f 1436 173 2494
f 2494 173 1351
f 1352 178 2495
f 2495 178 1353
f 210 1392 1353
f 1353 1392 2495
f 1392 230 2495
f 2495 230 1441
f 198 1352 1441
f 1441 1352 2495
f 120 1424 1442
f 1442 1424 2496
f 1424 119 2496
f 2496 119 1356
f 118 1413 1356
f 1356 1413 2496
f 1413 117 2496
f 2496 117 1442
f 1386 150 2497
f 2497 150 1443
f 149 1434 1443
f 1443 1434 2497
f 1434 106 2497
f 2497 106 1357
f 107 1386 1357
f 1357 1386 2497
f 1363 141 2498
f 2498 141 1402
f 159 1444 1402
f 1402 1444 2498
f 1444 136 2498
f 2498 136 1360
f 137 1363 1360
f 1360 1363 2498
f 199 1446 1447
f 1447 1446 2499
f 1446 200 2499
f 2499 200 1445
f 139 1362 1445
f 1445 1362 2499
f 1362 136 2499
f 2499 136 1447
f 1449 231 2500
f 2500 231 1448
f 181 1366 1448
f 1448 1366 2500
f 1366 139 2500
f 2500 139 1445
f 200 1449 1445
f 1445 1449 2500
f 187 1450 1451
f 1451 1450 2501
f 1450 164 2501
f 2501 164 1368
f 151 1369 1368
f 1368 1369 2501
f 1369 165 2501
f 2501 165 1451
f 1453 167 2502
f 2502 167 1452
f 1452 165 2502
f 2502 165 1370
f 98 1372 1370
f 1370 1372 2502
f 1372 109 2502
f 2502 109 1453
f 1455 166 2503
f 2503 166 1454
f 1454 167 2503
f 2503 167 1453
f 1453 109 2503
f 2503 109 1373
f 108 1455 1373
f 1373 1455 2503
f 1457 168 2504
f 2504 168 1456
f 166 1455 1456
f 1456 1455 2504
f 1455 108 2504
f 2504 108 1374
f 110 1457 1374
f 1374 1457 2504
f 1377 169 2505
f 2505 169 1459
f 190 1458 1459
f 1459 1458 2505
f 1458 128 2505
f 2505 128 1385
f 1385 129 2505
f 2505 129 1377
f 152 1461 1378
f 1378 1461 2506
f 191 1460 1461
f 1461 1460 2506
f 1460 190 2506
f 2506 190 1459
f 169 1378 1459
f 1459 1378 2506
f 1379 170 2507
f 2507 170 1463
f 188 1462 1463
f 1463 1462 2507
f 1462 191 2507
f 2507 191 1461
f 152 1379 1461
f 1461 1379 2507
f 164 1450 1381
f 1381 1450 2508
f 1450 187 2508
f 2508 187 1464
f 188 1463 1464
f 1464 1463 2508
f 1463 170 2508
f 2508 170 1381
f 189 1465 1466
f 1466 1465 2509
f 168 1457 1465
f 1465 1457 2509
f 1457 110 2509
f 2509 110 1382
f 127 1466 1382
f 1382 1466 2509
f 1383 111 2510
f 2510 111 1384
f 128 1468 1384
f 1384 1468 2510
f 134 1467 1468
f 1468 1467 2510
f 127 1383 1467
f 1467 1383 2510
f 236 1470 1388
f 1388 1470 2511
f 1470 217 2511
f 2511 217 1469
f 150 1387 1469
f 1469 1387 2511
f 1387 171 2511
f 2511 171 1388
f 1389 218 2512
f 2512 218 1390
f 237 1472 1390
f 1390 1472 2512
f 1472 248 2512
f 2512 248 1471
f 236 1389 1471
f 1471 1389 2512
f 238 1426 1391
f 1391 1426 2513
f 1426 249 2513
f 2513 249 1473
f 248 1472 1473
f 1473 1472 2513
f 1472 237 2513
f 2513 237 1391
f 240 1395 1393
f 1393 1395 2514
f 1395 251 2514
f 2514 251 1475
f 243 1474 1475
f 1475 1474 2514
f 1474 230 2514
f 2514 230 1393
f 1478 321 2515
f 2515 321 1477
f 336 1476 1477
f 1477 1476 2515
f 1476 251 2515
f 2515 251 1396
f 1396 241 2515
f 2515 241 1478
f 1397 208 2516
f 2516 208 1480
f 229 1479 1480
f 1480 1479 2516
f 1479 242 2516
f 2516 242 1400
f 227 1397 1400
f 1400 1397 2516
f 322 1481 1482
f 1482 1481 2517
f 1481 321 2517
f 2517 321 1478
f 241 1399 1478
f 1478 1399 2517
f 242 1482 1399
f 1399 1482 2517
f 1403 244 2518
f 2518 244 1484
f 214 1483 1484
f 1484 1483 2518
f 1483 159 2518
f 2518 159 1401
f 201 1403 1401
f 1401 1403 2518
f 1405 305 2519
f 2519 305 1486
f 294 1485 1486
f 1486 1485 2519
f 1485 244 2519
f 2519 244 1404
f 250 1405 1404
f 1404 1405 2519
f 1406 320 2520
f 2520 320 1489
f 335 1488 1489
f 1489 1488 2520
f 319 1487 1488
f 1488 1487 2520
f 1487 305 2520
f 2520 305 1406
f 308 1490 1491
f 1491 1490 2521
f 1490 320 2521
f 2521 320 1407
f 1407 261 2521
f 2521 261 1408
f 1408 252 2521
f 2521 252 1491
f 1492 252 2522
f 2522 252 1409
f 213 1410 1409
f 1409 1410 2522
f 1410 181 2522
f 2522 181 1448
f 231 1492 1448
f 1448 1492 2522
f 1411 186 2523
f 2523 186 1494
f 160 1493 1494
f 1494 1493 2523
f 1493 117 2523
f 2523 117 1414
f 132 1411 1414
f 1414 1411 2523
f 1415 264 2524
f 2524 264 1496
f 245 1495 1496
f 1496 1495 2524
f 1495 186 2524
f 2524 186 1412
f 215 1415 1412
f 1412 1415 2524
f 273 1417 1416
f 1416 1417 2525
f 1417 288 2525
f 2525 288 1498
f 1498 284 2525
f 2525 284 1497
f 1497 264 2525
f 2525 264 1416
f 1418 304 2526
f 2526 304 1501
f 1501 314 2526
f 2526 314 1500
f 299 1499 1500
f 1500 1499 2526
f 1499 288 2526
f 2526 288 1418
f 1420 279 2527
f 2527 279 1503
f 1503 295 2527
f 2527 295 1502
f 1502 304 2527
f 2527 304 1419
f 289 1420 1419
f 1419 1420 2527
f 1505 279 2528
f 2528 279 1421
f 232 1423 1421
f 1421 1423 2528
f 1423 202 2528
f 2528 202 1504
f 255 1505 1504
f 1504 1505 2528
f 202 1422 1507
f 1507 1422 2529
f 1422 144 2529
f 2529 144 1425
f 120 1506 1425
f 1425 1506 2529
f 1506 161 2529
f 2529 161 1507
f 1510 300 2530
f 2530 300 1509
f 271 1508 1509
f 1509 1508 2530
f 1508 249 2530
f 2530 249 1427
f 285 1510 1427
f 1427 1510 2530
f 266 1511 1512
f 1512 1511 2531
f 285 1428 1511
f 1511 1428 2531
f 1428 272 2531
f 2531 272 1429
f 1429 265 2531
f 2531 265 1512
f 1432 235 2532
f 2532 235 1513
f 266 1512 1513
f 1513 1512 2532
f 1512 265 2532
f 2532 265 1430
f 258 1432 1430
f 1430 1432 2532
f 1515 216 2533
f 2533 216 1514
f 235 1431 1514
f 1514 1431 2533
f 1431 163 2533
f 2533 163 1433
f 149 1515 1433
f 1433 1515 2533
f 1516 229 2534
f 2534 229 1480
f 208 1435 1480
f 1480 1435 2534
f 1435 176 2534
f 2534 176 1437
f 197 1516 1437
f 1437 1516 2534
f 1519 274 2535
f 2535 274 1518
f 275 1517 1518
f 1518 1517 2535
f 1517 197 2535
f 2535 197 1438
f 196 1519 1438
f 1438 1519 2535
f 1521 292 2536
f 2536 292 1520
f 274 1519 1520
f 1520 1519 2536
f 1519 196 2536
f 2536 196 1439
f 209 1521 1439
f 1439 1521 2536
f 1440 198 2537
f 2537 198 1441
f 230 1474 1441
f 1441 1474 2537
f 1474 243 2537
f 2537 243 1522
f 209 1440 1522
f 1522 1440 2537
f 1493 160 2538
f 2538 160 1523
f 161 1506 1523
f 1523 1506 2538
f 1506 120 2538
f 2538 120 1442
f 117 1493 1442
f 1442 1493 2538
f 217 1524 1469
f 1469 1524 2539
f 1524 216 2539
f 2539 216 1515
f 1515 149 2539
f 2539 149 1443
f 150 1469 1443
f 1443 1469 2539
f 214 1525 1483
f 1483 1525 2540
f 1525 199 2540
f 2540 199 1447
f 136 1444 1447
f 1447 1444 2540
f 1444 159 2540
f 2540 159 1483
f 1528 253 2541
f 2541 253 1527
f 254 1526 1527
f 1527 1526 2541
f 200 1446 1526
f 1526 1446 2541
f 1446 199 2541
f 2541 199 1528
f 276 1529 1530
f 1530 1529 2542
f 231 1449 1529
f 1529 1449 2542
f 200 1526 1449
f 1449 1526 2542
f 1526 254 2542
f 2542 254 1530
f 167 1454 1452
f 1452 1454 2543
f 166 1531 1454
f 1454 1531 2543
f 1531 187 2543
f 2543 187 1451
f 165 1452 1451
f 1451 1452 2543
f 168 1532 1456
f 1456 1532 2544
f 1532 188 2544
f 2544 188 1464
f 187 1531 1464
f 1464 1531 2544
f 1531 166 2544
f 2544 166 1456
f 1458 190 2545
f 2545 190 1534
f 1534 204 2545
f 2545 204 1533
f 1533 134 2545
f 2545 134 1468
f 128 1458 1468
f 1468 1458 2545
f 1460 191 2546
f 2546 191 1536
f 189 1535 1536
f 1536 1535 2546
f 204 1534 1535
f 1535 1534 2546
f 190 1460 1534
f 1534 1460 2546
f 1532 168 2547
f 2547 168 1465
f 1465 189 2547
f 2547 189 1536
f 191 1462 1536
f 1536 1462 2547
f 1462 188 2547
f 2547 188 1532
f 1533 204 2548
f 2548 204 1535
f 1535 189 2548
f 2548 189 1466
f 1466 127 2548
f 2548 127 1467
f 1467 134 2548
f 2548 134 1533
f 269 1538 1539
f 1539 1538 2549
f 1538 247 2549
f 2549 247 1537
f 217 1470 1537
f 1537 1470 2549
f 236 1539 1470
f 1470 1539 2549
f 270 1540 1541
f 1541 1540 2550
f 1540 269 2550
f 2550 269 1539
f 236 1471 1539
f 1539 1471 2550
f 1471 248 2550
f 2550 248 1541
f 1508 271 2551
f 2551 271 1542
f 1542 270 2551
f 2551 270 1541
f 248 1473 1541
f 1541 1473 2551
f 249 1508 1473
f 1473 1508 2551
f 1476 336 2552
f 2552 336 1544
f 324 1543 1544
f 1544 1543 2552
f 1543 243 2552
f 2552 243 1475
f 251 1476 1475
f 1475 1476 2552
f 354 1546 1547
f 1547 1546 2553
f 1546 336 2553
f 2553 336 1477
f 321 1545 1477
f 1477 1545 2553
f 1545 337 2553
f 2553 337 1547
f 306 1548 1549
f 1549 1548 2554
f 1548 322 2554
f 2554 322 1482
f 242 1479 1482
f 1482 1479 2554
f 1479 229 2554
f 2554 229 1549
f 322 1551 1481
f 1481 1551 2555
f 1551 338 2555
f 2555 338 1550
f 1550 337 2555
f 2555 337 1545
f 321 1481 1545
f 1545 1481 2555
f 1485 294 2556
f 2556 294 1553
f 262 1552 1553
f 1553 1552 2556
f 1552 214 2556
f 2556 214 1484
f 244 1485 1484
f 1484 1485 2556
f 305 1487 1486
f 1486 1487 2557
f 1487 319 2557
f 2557 319 1555
f 1555 313 2557
f 2557 313 1554
f 1554 294 2557
f 2557 294 1486
f 335 1558 1488
f 1488 1558 2558
f 1558 345 2558
f 2558 345 1557
f 329 1556 1557
f 1557 1556 2558
f 1556 319 2558
f 2558 319 1488
f 1490 308 2559
f 2559 308 1560
f 325 1559 1560
f 1560 1559 2559
f 1559 335 2559
f 2559 335 1489
f 320 1490 1489
f 1489 1490 2559
f 1561 308 2560
f 2560 308 1491
f 252 1492 1491
f 1491 1492 2560
f 1492 231 2560
f 2560 231 1529
f 276 1561 1529
f 1529 1561 2560
f 1495 245 2561
f 2561 245 1563
f 233 1562 1563
f 1563 1562 2561
f 1562 160 2561
f 2561 160 1494
f 186 1495 1494
f 1494 1495 2561
f 264 1497 1496
f 1496 1497 2562
f 1497 284 2562
f 2562 284 1565
f 283 1564 1565
f 1565 1564 2562
f 1564 245 2562
f 2562 245 1496
f 1565 284 2563
f 2563 284 1498
f 288 1499 1498
f 1498 1499 2563
f 1499 299 2563
f 2563 299 1566
f 283 1565 1566
f 1566 1565 2563
f 1569 330 2564
f 2564 330 1568
f 317 1567 1568
f 1568 1567 2564
f 1567 299 2564
f 2564 299 1500
f 314 1569 1500
f 1500 1569 2564
f 296 1570 1571
f 1571 1570 2565
f 1570 314 2565
f 2565 314 1501
f 304 1502 1501
f 1501 1502 2565
f 1502 295 2565
f 2565 295 1571
f 1505 255 2566
f 2566 255 1572
f 296 1571 1572
f 1572 1571 2566
f 1571 295 2566
f 2566 295 1503
f 279 1505 1503
f 1503 1505 2566
f 255 1504 1574
f 1574 1504 2567
f 1504 202 2567
f 2567 202 1507
f 161 1573 1507
f 1507 1573 2567
f 1573 234 2567
f 2567 234 1574
f 1577 332 2568
f 2568 332 1576
f 1576 303 2568
f 2568 303 1575
f 1575 271 2568
f 2568 271 1509
f 300 1577 1509
f 1509 1577 2568
f 1579 286 2569
f 2569 286 1578
f 300 1510 1578
f 1578 1510 2569
f 1510 285 2569
f 2569 285 1511
f 266 1579 1511
f 1511 1579 2569
f 286 1579 1581
f 1581 1579 2570
f 1579 266 2570
f 2570 266 1513
f 235 1580 1513
f 1513 1580 2570
f 1580 259 2570
f 2570 259 1581
f 246 1582 1583
f 1583 1582 2571
f 259 1580 1582
f 1582 1580 2571
f 235 1514 1580
f 1580 1514 2571
f 1514 216 2571
f 2571 216 1583
f 1517 275 2572
f 2572 275 1584
f 306 1549 1584
f 1584 1549 2572
f 229 1516 1549
f 1549 1516 2572
f 197 1517 1516
f 1516 1517 2572
f 1587 291 2573
f 2573 291 1586
f 275 1518 1586
f 1586 1518 2573
f 1518 274 2573
f 2573 274 1585
f 290 1587 1585
f 1585 1587 2573
f 292 1589 1520
f 1520 1589 2574
f 1589 307 2574
f 2574 307 1588
f 290 1585 1588
f 1588 1585 2574
f 1585 274 2574
f 2574 274 1520
f 1543 324 2575
f 2575 324 1590
f 292 1521 1590
f 1590 1521 2575
f 1521 209 2575
f 2575 209 1522
f 243 1543 1522
f 1522 1543 2575
f 1562 233 2576
f 2576 233 1591
f 234 1573 1591
f 1591 1573 2576
f 1573 161 2576
f 2576 161 1523
f 160 1562 1523
f 1523 1562 2576
f 247 1592 1537
f 1537 1592 2577
f 1592 246 2577
f 2577 246 1583
f 216 1524 1583
f 1583 1524 2577
f 1524 217 2577
f 2577 217 1537
f 262 1593 1552
f 1552 1593 2578
f 1593 253 2578
f 2578 253 1528
f 199 1525 1528
f 1528 1525 2578
f 214 1552 1525
f 1525 1552 2578
f 1596 277 2579
f 2579 277 1595
f 278 1594 1595
f 1595 1594 2579
f 1594 254 2579
f 2579 254 1527
f 253 1596 1527
f 1527 1596 2579
f 1598 309 2580
f 2580 309 1597
f 276 1530 1597
f 1597 1530 2580
f 254 1594 1530
f 1530 1594 2580
f 1594 278 2580
f 2580 278 1598
f 301 1600 1601
f 1601 1600 2581
f 1600 268 2581
f 2581 268 1599
f 247 1538 1599
f 1599 1538 2581
f 1538 269 2581
f 2581 269 1601
f 302 1602 1603
f 1603 1602 2582
f 1602 301 2582
f 2582 301 1601
f 269 1540 1601
f 1601 1540 2582
f 1540 270 2582
f 2582 270 1603
f 303 1604 1575
f 1575 1604 2583
f 1604 302 2583
f 2583 302 1603
f 270 1542 1603
f 1603 1542 2583
f 1542 271 2583
f 2583 271 1575
f 336 1546 1544
f 1544 1546 2584
f 1546 354 2584
f 2584 354 1606
f 344 1605 1606
f 1606 1605 2584
f 1605 324 2584
f 2584 324 1544
f 359 1608 1609
f 1609 1608 2585
f 1608 354 2585
f 2585 354 1547
f 1547 337 2585
f 2585 337 1607
f 355 1609 1607
f 1607 1609 2585
f 306 1611 1548
f 1548 1611 2586
f 1611 339 2586
f 2586 339 1610
f 338 1551 1610
f 1610 1551 2586
f 1551 322 2586
f 2586 322 1548
f 1550 338 2587
f 2587 338 1610
f 339 1612 1610
f 1610 1612 2587
f 1612 355 2587
f 2587 355 1607
f 337 1550 1607
f 1607 1550 2587
f 294 1554 1553
f 1553 1554 2588
f 313 1614 1554
f 1554 1614 2588
f 1614 312 2588
f 2588 312 1613
f 262 1553 1613
f 1613 1553 2588
f 1614 313 2589
f 2589 313 1555
f 319 1556 1555
f 1555 1556 2589
f 1556 329 2589
f 2589 329 1615
f 312 1614 1615
f 1615 1614 2589
f 1618 360 2590
f 2590 360 1617
f 348 1616 1617
f 1617 1616 2590
f 1616 329 2590
f 2590 329 1557
f 345 1618 1557
f 1557 1618 2590
f 326 1619 1620
f 1620 1619 2591
f 1619 345 2591
f 2591 345 1558
f 335 1559 1558
f 1558 1559 2591
f 1559 325 2591
f 2591 325 1620
f 1561 276 2592
f 2592 276 1621
f 1621 326 2592
f 2592 326 1620
f 1620 325 2592
f 2592 325 1560
f 308 1561 1560
f 1560 1561 2592
f 1624 263 2593
f 2593 263 1623
f 256 1622 1623
f 1623 1622 2593
f 1622 233 2593
f 2593 233 1563
f 245 1624 1563
f 1563 1624 2593
f 1626 298 2594
f 2594 298 1625
f 263 1624 1625
f 1625 1624 2594
f 245 1564 1624
f 1624 1564 2594
f 1564 283 2594
f 2594 283 1626
f 1567 317 2595
f 2595 317 1627
f 298 1626 1627
f 1627 1626 2595
f 1626 283 2595
f 2595 283 1566
f 299 1567 1566
f 1566 1567 2595
f 1630 362 2596
f 2596 362 1629
f 1629 352 2596
f 2596 352 1628
f 1628 317 2596
f 2596 317 1568
f 330 1630 1568
f 1568 1630 2596
f 1632 315 2597
f 2597 315 1631
f 330 1569 1631
f 1631 1569 2597
f 314 1570 1569
f 1569 1570 2597
f 296 1632 1570
f 1570 1632 2597
f 315 1632 1634
f 1634 1632 2598
f 1632 296 2598
f 2598 296 1572
f 255 1633 1572
f 1572 1633 2598
f 280 1634 1633
f 1633 1634 2598
f 1636 280 2599
f 2599 280 1633
f 255 1574 1633
f 1633 1574 2599
f 1574 234 2599
f 2599 234 1635
f 257 1636 1635
f 1635 1636 2599
f 388 1638 1639
f 1639 1638 2600
f 1638 368 2600
f 2600 368 1637
f 303 1576 1637
f 1637 1576 2600
f 1576 332 2600
f 2600 332 1639
f 1641 318 2601
f 2601 318 1640
f 332 1577 1640
f 1640 1577 2601
f 1577 300 2601
f 2601 300 1578
f 286 1641 1578
f 1578 1641 2601
f 318 1641 1643
f 1643 1641 2602
f 1641 286 2602
f 2602 286 1581
f 259 1642 1581
f 1581 1642 2602
f 1642 287 2602
f 2602 287 1643
f 267 1644 1645
f 1645 1644 2603
f 1644 287 2603
f 2603 287 1642
f 1642 259 2603
f 2603 259 1582
f 1582 246 2603
f 2603 246 1645
f 1647 323 2604
f 2604 323 1646
f 306 1584 1646
f 1646 1584 2604
f 1584 275 2604
f 2604 275 1586
f 291 1647 1586
f 1586 1647 2604
f 1650 341 2605
f 2605 341 1649
f 340 1648 1649
f 1649 1648 2605
f 291 1587 1648
f 1648 1587 2605
f 1587 290 2605
f 2605 290 1650
f 1652 357 2606
f 2606 357 1651
f 341 1650 1651
f 1651 1650 2606
f 1650 290 2606
f 2606 290 1588
f 307 1652 1588
f 1588 1652 2606
f 1589 292 2607
f 2607 292 1655
f 343 1654 1655
f 1655 1654 2607
f 1654 342 2607
f 2607 342 1653
f 307 1589 1653
f 1653 1589 2607
f 324 1605 1590
f 1590 1605 2608
f 344 1656 1605
f 1605 1656 2608
f 1656 343 2608
f 2608 343 1655
f 292 1590 1655
f 1655 1590 2608
f 1622 256 2609
f 2609 256 1657
f 1657 257 2609
f 2609 257 1635
f 234 1591 1635
f 1635 1591 2609
f 233 1622 1591
f 1591 1622 2609
f 268 1658 1599
f 1599 1658 2610
f 1658 267 2610
f 2610 267 1645
f 246 1592 1645
f 1645 1592 2610
f 1592 247 2610
f 2610 247 1599
f 1660 293 2611
f 2611 293 1659
f 277 1596 1659
f 1659 1596 2611
f 1596 253 2611
f 2611 253 1593
f 262 1660 1593
f 1593 1660 2611
f 310 1662 1663
f 1663 1662 2612
f 1662 311 2612
f 2612 311 1661
f 278 1595 1661
f 1661 1595 2612
f 1595 277 2612
f 2612 277 1663
f 346 1664 1665
f 1665 1664 2613
f 1664 326 2613
f 2613 326 1621
f 276 1597 1621
f 1621 1597 2613
f 1597 309 2613
f 2613 309 1665
f 347 1666 1667
f 1667 1666 2614
f 1666 309 2614
f 2614 309 1598
f 278 1661 1598
f 1598 1661 2614
f 311 1667 1661
f 1661 1667 2614
f 366 1669 1670
f 1670 1669 2615
f 1669 334 2615
f 2615 334 1668
f 268 1600 1668
f 1668 1600 2615
f 1600 301 2615
f 2615 301 1670
f 367 1671 1672
f 1672 1671 2616
f 1671 366 2616
f 2616 366 1670
f 301 1602 1670
f 1670 1602 2616
f 1602 302 2616
f 2616 302 1672
f 368 1673 1637
f 1637 1673 2617
f 1673 367 2617
f 2617 367 1672
f 302 1604 1672
f 1672 1604 2617
f 1604 303 2617
f 2617 303 1637
f 1656 344 2618
f 2618 344 1606
f 354 1608 1606
f 1606 1608 2618
f 1608 359 2618
f 2618 359 1674
f 343 1656 1674
f 1674 1656 2618
f 358 1676 1677
f 1677 1676 2619
f 1676 359 2619
f 2619 359 1609
f 355 1675 1609
f 1609 1675 2619
f 1675 369 2619
f 2619 369 1677
f 306 1646 1611
f 1611 1646 2620
f 1646 323 2620
f 2620 323 1679
f 356 1678 1679
f 1679 1678 2620
f 1678 339 2620
f 2620 339 1611
f 1612 339 2621
f 2621 339 1678
f 356 1680 1678
f 1678 1680 2621
f 1680 369 2621
f 2621 369 1675
f 355 1612 1675
f 1675 1612 2621
f 1682 328 2622
f 2622 328 1681
f 293 1660 1681
f 1681 1660 2622
f 262 1613 1660
f 1660 1613 2622
f 312 1682 1613
f 1613 1682 2622
f 1616 348 2623
f 2623 348 1683
f 328 1682 1683
f 1683 1682 2623
f 1682 312 2623
f 2623 312 1615
f 329 1616 1615
f 1615 1616 2623
f 384 1685 1686
f 1686 1685 2624
f 1685 374 2624
f 2624 374 1684
f 1684 348 2624
f 2624 348 1617
f 360 1686 1617
f 1617 1686 2624
f 1664 346 2625
f 2625 346 1687
f 360 1618 1687
f 1687 1618 2625
f 1618 345 2625
f 2625 345 1619
f 1619 326 2625
f 2625 326 1664
f 1690 297 2626
f 2626 297 1689
f 281 1688 1689
f 1689 1688 2626
f 1688 256 2626
f 2626 256 1623
f 263 1690 1623
f 1623 1690 2626
f 331 1691 1692
f 1692 1691 2627
f 297 1690 1691
f 1691 1690 2627
f 1690 263 2627
f 2627 263 1625
f 298 1692 1625
f 1625 1692 2627
f 352 1693 1628
f 1628 1693 2628
f 1693 331 2628
f 2628 331 1692
f 298 1627 1692
f 1692 1627 2628
f 1627 317 2628
f 2628 317 1628
f 1696 420 2629
f 2629 420 1695
f 408 1694 1695
f 1695 1694 2629
f 1694 352 2629
f 2629 352 1629
f 362 1696 1629
f 1629 1696 2629
f 1698 349 2630
f 2630 349 1697
f 362 1630 1697
f 1697 1630 2630
f 1630 330 2630
f 2630 330 1631
f 315 1698 1631
f 1631 1698 2630
f 349 1698 1700
f 1700 1698 2631
f 1698 315 2631
f 2631 315 1634
f 1634 280 2631
f 2631 280 1699
f 316 1700 1699
f 1699 1700 2631
f 1702 316 2632
f 2632 316 1699
f 280 1636 1699
f 1699 1636 2632
f 1636 257 2632
f 2632 257 1701
f 282 1702 1701
f 1701 1702 2632
f 1705 382 2633
f 2633 382 1704
f 368 1638 1704
f 1704 1638 2633
f 1638 388 2633
f 2633 388 1703
f 1703 409 2633
f 2633 409 1705
f 1707 378 2634
f 2634 378 1706
f 1706 388 2634
f 2634 388 1639
f 332 1640 1639
f 1639 1640 2634
f 318 1707 1640
f 1640 1707 2634
f 378 1707 1709
f 1709 1707 2635
f 1707 318 2635
f 2635 318 1643
f 287 1708 1643
f 1643 1708 2635
f 353 1709 1708
f 1708 1709 2635
f 333 1710 1711
f 1711 1710 2636
f 353 1708 1710
f 1710 1708 2636
f 1708 287 2636
f 2636 287 1644
f 1644 267 2636
f 2636 267 1711
f 1713 370 2637
f 2637 370 1712
f 1712 323 2637
f 2637 323 1647
f 1647 291 2637
f 2637 291 1648
f 1648 340 2637
f 2637 340 1713
f 397 1715 1716
f 1716 1715 2638
f 1715 340 2638
f 2638 340 1649
f 341 1714 1649
f 1649 1714 2638
f 1714 396 2638
f 2638 396 1716
f 357 1718 1651
f 1651 1718 2639
f 1718 417 2639
f 2639 417 1717
f 396 1714 1717
f 1717 1714 2639
f 1714 341 2639
f 2639 341 1651
f 1720 383 2640
f 2640 383 1719
f 357 1652 1719
f 1719 1652 2640
f 1652 307 2640
f 2640 307 1653
f 342 1720 1653
f 1653 1720 2640
f 1654 343 2641
f 2641 343 1674
f 359 1676 1674
f 1674 1676 2641
f 1676 358 2641
f 2641 358 1721
f 342 1654 1721
f 1721 1654 2641
f 1688 281 2642
f 2642 281 1722
f 1722 282 2642
f 2642 282 1701
f 257 1657 1701
f 1701 1657 2642
f 256 1688 1657
f 1657 1688 2642
f 334 1723 1668
f 1668 1723 2643
f 1723 333 2643
f 2643 333 1711
f 267 1658 1711
f 1711 1658 2643
f 1658 268 2643
f 2643 268 1668
f 1725 327 2644
f 2644 327 1724
f 1724 310 2644
f 2644 310 1663
f 277 1659 1663
f 1663 1659 2644
f 1659 293 2644
f 2644 293 1725
f 372 1727 1728
f 1728 1727 2645
f 1727 373 2645
f 2645 373 1726
f 311 1662 1726
f 1726 1662 2645
f 1662 310 2645
f 2645 310 1728
f 371 1729 1730
f 1730 1729 2646
f 1729 346 2646
f 2646 346 1665
f 309 1666 1665
f 1665 1666 2646
f 1666 347 2646
f 2646 347 1730
f 399 1731 1732
f 1732 1731 2647
f 1731 347 2647
f 2647 347 1667
f 1667 311 2647
f 2647 311 1726
f 373 1732 1726
f 1726 1732 2647
f 393 1734 1735
f 1735 1734 2648
f 1734 365 2648
f 2648 365 1733
f 334 1669 1733
f 1733 1669 2648
f 1669 366 2648
f 2648 366 1735
f 1671 367 2649
f 2649 367 1738
f 381 1737 1738
f 1738 1737 2649
f 380 1736 1737
f 1737 1736 2649
f 366 1671 1736
f 1736 1671 2649
f 1673 368 2650
f 2650 368 1704
f 382 1739 1704
f 1704 1739 2650
f 1739 381 2650
f 2650 381 1738
f 367 1673 1738
f 1738 1673 2650
f 1742 416 2651
f 2651 416 1741
f 398 1740 1741
f 1741 1740 2651
f 1740 358 2651
f 2651 358 1677
f 369 1742 1677
f 1677 1742 2651
f 1744 395 2652
f 2652 395 1743
f 356 1679 1743
f 1743 1679 2652
f 1679 323 2652
f 2652 323 1712
f 370 1744 1712
f 1712 1744 2652
f 395 1745 1743
f 1743 1745 2653
f 1745 416 2653
f 2653 416 1742
f 369 1680 1742
f 1742 1680 2653
f 1680 356 2653
f 2653 356 1743
f 361 1746 1747
f 1747 1746 2654
f 1746 327 2654
f 2654 327 1725
f 293 1681 1725
f 1725 1681 2654
f 1681 328 2654
f 2654 328 1747
f 374 1748 1684
f 1684 1748 2655
f 1748 361 2655
f 2655 361 1747
f 328 1683 1747
f 1747 1683 2655
f 348 1684 1683
f 1683 1684 2655
f 460 1750 1751
f 1751 1750 2656
f 1750 444 2656
f 2656 444 1749
f 374 1685 1749
f 1749 1685 2656
f 1685 384 2656
f 2656 384 1751
f 1729 371 2657
f 2657 371 1752
f 1752 384 2657
f 2657 384 1686
f 1686 360 2657
f 2657 360 1687
f 346 1729 1687
f 1687 1729 2657
f 1755 363 2658
f 2658 363 1754
f 350 1753 1754
f 1754 1753 2658
f 1753 281 2658
f 2658 281 1689
f 297 1755 1689
f 1689 1755 2658
f 1757 387 2659
f 2659 387 1756
f 363 1755 1756
f 1756 1755 2659
f 1755 297 2659
f 2659 297 1691
f 331 1757 1691
f 1691 1757 2659
f 408 1758 1694
f 1694 1758 2660
f 387 1757 1758
f 1758 1757 2660
f 331 1693 1757
f 1757 1693 2660
f 1693 352 2660
f 2660 352 1694
f 1761 428 2661
f 2661 428 1760
f 408 1695 1760
f 1760 1695 2661
f 1695 420 2661
f 2661 420 1759
f 445 1761 1759
f 1759 1761 2661
f 402 1762 1763
f 1763 1762 2662
f 420 1696 1762
f 1762 1696 2662
f 1696 362 2662
f 2662 362 1697
f 349 1763 1697
f 1697 1763 2662
f 1765 402 2663
f 2663 402 1763
f 349 1700 1763
f 1763 1700 2663
f 1700 316 2663
f 2663 316 1764
f 375 1765 1764
f 1764 1765 2663
f 1767 375 2664
f 2664 375 1764
f 316 1702 1764
f 1764 1702 2664
f 1702 282 2664
f 2664 282 1766
f 1766 351 2664
f 2664 351 1767
f 378 1769 1706
f 1706 1769 2665
f 1769 389 2665
f 2665 389 1768
f 409 1703 1768
f 1768 1703 2665
f 1703 388 2665
f 2665 388 1706
f 394 1771 1772
f 1772 1771 2666
f 1771 382 2666
f 2666 382 1705
f 409 1770 1705
f 1705 1770 2666
f 1770 410 2666
f 2666 410 1772
f 1709 353 2667
f 2667 353 1774
f 1774 390 2667
f 2667 390 1773
f 389 1769 1773
f 1773 1769 2667
f 1769 378 2667
f 2667 378 1709
f 364 1776 1777
f 1777 1776 2668
f 1776 379 2668
f 2668 379 1775
f 1775 353 2668
f 2668 353 1710
f 1710 333 2668
f 2668 333 1777
f 435 1778 1779
f 1779 1778 2669
f 1778 370 2669
f 2669 370 1713
f 340 1715 1713
f 1713 1715 2669
f 397 1779 1715
f 1715 1779 2669
f 1782 436 2670
f 2670 436 1781
f 437 1780 1781
f 1781 1780 2670
f 397 1716 1780
f 1780 1716 2670
f 1716 396 2670
f 2670 396 1782
f 1784 458 2671
f 2671 458 1783
f 436 1782 1783
f 1783 1782 2671
f 1782 396 2671
f 2671 396 1717
f 417 1784 1717
f 1717 1784 2671
f 1718 357 2672
f 2672 357 1719
f 383 1786 1719
f 1719 1786 2672
f 1786 459 2672
f 2672 459 1785
f 417 1718 1785
f 1785 1718 2672
f 1740 398 2673
f 2673 398 1787
f 383 1720 1787
f 1787 1720 2673
f 1720 342 2673
f 2673 342 1721
f 358 1740 1721
f 1721 1740 2673
f 1753 350 2674
f 2674 350 1788
f 1788 351 2674
f 2674 351 1766
f 1766 282 2674
f 2674 282 1722
f 281 1753 1722
f 1722 1753 2674
f 365 1789 1733
f 1733 1789 2675
f 1789 364 2675
f 2675 364 1777
f 333 1723 1777
f 1777 1723 2675
f 1723 334 2675
f 2675 334 1733
f 385 1790 1791
f 1791 1790 2676
f 372 1728 1790
f 1790 1728 2676
f 1728 310 2676
f 2676 310 1724
f 327 1791 1724
f 1724 1791 2676
f 400 1793 1794
f 1794 1793 2677
f 1793 401 2677
f 2677 401 1792
f 373 1727 1792
f 1792 1727 2677
f 1727 372 2677
f 2677 372 1794
f 1796 438 2678
f 2678 438 1795
f 1795 371 2678
f 2678 371 1730
f 347 1731 1730
f 1730 1731 2678
f 399 1796 1731
f 1731 1796 2678
f 1798 439 2679
f 2679 439 1797
f 399 1732 1797
f 1797 1732 2679
f 1732 373 2679
f 2679 373 1792
f 401 1798 1792
f 1792 1798 2679
f 433 1800 1801
f 1801 1800 2680
f 1800 392 2680
f 2680 392 1799
f 365 1734 1799
f 1799 1734 2680
f 1734 393 2680
f 2680 393 1801
f 1803 415 2681
f 2681 415 1802
f 1802 393 2681
f 2681 393 1735
f 366 1736 1735
f 1735 1736 2681
f 1736 380 2681
f 2681 380 1803
f 1737 381 2682
f 2682 381 1739
f 382 1771 1739
f 1739 1771 2682
f 1771 394 2682
f 2682 394 1804
f 380 1737 1804
f 1804 1737 2682
f 484 1806 1807
f 1807 1806 2683
f 1806 398 2683
f 2683 398 1741
f 416 1805 1741
f 1741 1805 2683
f 1805 500 2683
f 2683 500 1807
f 1744 370 2684
f 2684 370 1778
f 435 1809 1778
f 1778 1809 2684
f 1809 478 2684
f 2684 478 1808
f 395 1744 1808
f 1808 1744 2684
f 1745 395 2685
f 2685 395 1808
f 478 1810 1808
f 1808 1810 2685
f 1810 500 2685
f 2685 500 1805
f 416 1745 1805
f 1805 1745 2685
f 419 1811 1812
f 1812 1811 2686
f 385 1791 1811
f 1811 1791 2686
f 327 1746 1791
f 1791 1746 2686
f 1746 361 2686
f 2686 361 1812
f 444 1813 1749
f 1749 1813 2687
f 1813 419 2687
f 2687 419 1812
f 361 1748 1812
f 1812 1748 2687
f 1748 374 2687
f 2687 374 1749
f 1816 468 2688
f 2688 468 1815
f 444 1750 1815
f 1815 1750 2688
f 1750 460 2688
f 2688 460 1814
f 485 1816 1814
f 1814 1816 2688
f 438 1817 1795
f 1795 1817 2689
f 1817 460 2689
f 2689 460 1751
f 384 1752 1751
f 1751 1752 2689
f 1752 371 2689
f 2689 371 1795
f 1820 386 2690
f 2690 386 1819
f 376 1818 1819
f 1819 1818 2690
f 1818 350 2690
f 2690 350 1754
f 363 1820 1754
f 1754 1820 2690
f 387 1823 1756
f 1756 1823 2691
f 1823 407 2691
f 2691 407 1822
f 406 1821 1822
f 1822 1821 2691
f 1821 363 2691
f 2691 363 1756
f 1823 387 2692
f 2692 387 1758
f 1758 408 2692
f 2692 408 1760
f 1760 428 2692
f 2692 428 1824
f 407 1823 1824
f 1824 1823 2692
f 1762 402 2693
f 2693 402 1826
f 1826 421 2693
f 2693 421 1825
f 1825 445 2693
f 2693 445 1759
f 420 1762 1759
f 1759 1762 2693
f 1829 427 2694
f 2694 427 1828
f 428 1761 1828
f 1828 1761 2694
f 1761 445 2694
f 2694 445 1827
f 446 1829 1827
f 1827 1829 2694
f 1765 375 2695
f 2695 375 1831
f 422 1830 1831
f 1831 1830 2695
f 1830 421 2695
f 2695 421 1826
f 402 1765 1826
f 1826 1765 2695
f 1834 403 2696
f 2696 403 1833
f 375 1767 1833
f 1833 1767 2696
f 1767 351 2696
f 2696 351 1832
f 377 1834 1832
f 1832 1834 2696
f 390 1835 1773
f 1773 1835 2697
f 1835 410 2697
f 2697 410 1770
f 409 1768 1770
f 1770 1768 2697
f 1768 389 2697
f 2697 389 1773
f 434 1837 1838
f 1838 1837 2698
f 1837 394 2698
f 2698 394 1772
f 410 1836 1772
f 1772 1836 2698
f 429 1838 1836
f 1836 1838 2698
f 411 1839 1840
f 1840 1839 2699
f 1839 390 2699
f 2699 390 1774
f 353 1775 1774
f 1774 1775 2699
f 1775 379 2699
f 2699 379 1840
f 1843 412 2700
f 2700 412 1842
f 379 1776 1842
f 1842 1776 2700
f 1776 364 2700
f 2700 364 1841
f 391 1843 1841
f 1841 1843 2700
f 1845 479 2701
f 2701 479 1844
f 435 1779 1844
f 1844 1779 2701
f 1779 397 2701
f 2701 397 1780
f 437 1845 1780
f 1780 1845 2701
f 481 1847 1848
f 1848 1847 2702
f 1847 437 2702
f 2702 437 1781
f 1781 436 2702
f 2702 436 1846
f 1846 480 2702
f 2702 480 1848
f 1850 505 2703
f 2703 505 1849
f 480 1846 1849
f 1849 1846 2703
f 1846 436 2703
f 2703 436 1783
f 458 1850 1783
f 1783 1850 2703
f 1853 506 2704
f 2704 506 1852
f 458 1784 1852
f 1852 1784 2704
f 1784 417 2704
f 2704 417 1851
f 482 1853 1851
f 1851 1853 2704
f 1785 459 2705
f 2705 459 1855
f 483 1854 1855
f 1855 1854 2705
f 1854 482 2705
f 2705 482 1851
f 417 1785 1851
f 1851 1785 2705
f 1786 383 2706
f 2706 383 1787
f 398 1806 1787
f 1787 1806 2706
f 1806 484 2706
f 2706 484 1856
f 459 1786 1856
f 1856 1786 2706
f 376 1857 1818
f 1818 1857 2707
f 1857 377 2707
f 2707 377 1832
f 351 1788 1832
f 1832 1788 2707
f 350 1818 1788
f 1788 1818 2707
f 392 1858 1799
f 1799 1858 2708
f 1858 391 2708
f 2708 391 1841
f 364 1789 1841
f 1841 1789 2708
f 1789 365 2708
f 2708 365 1799
f 1860 418 2709
f 2709 418 1859
f 400 1794 1859
f 1859 1794 2709
f 1794 372 2709
f 2709 372 1790
f 385 1860 1790
f 1790 1860 2709
f 1863 441 2710
f 2710 441 1862
f 401 1793 1862
f 1862 1793 2710
f 1793 400 2710
f 2710 400 1861
f 440 1863 1861
f 1861 1863 2710
f 1796 399 2711
f 2711 399 1866
f 462 1865 1866
f 1866 1865 2711
f 1865 461 2711
f 2711 461 1864
f 438 1796 1864
f 1864 1796 2711
f 487 1867 1868
f 1868 1867 2712
f 1867 462 2712
f 2712 462 1866
f 399 1797 1866
f 1866 1797 2712
f 1797 439 2712
f 2712 439 1868
f 1870 488 2713
f 2713 488 1869
f 439 1798 1869
f 1869 1798 2713
f 1798 401 2713
f 2713 401 1862
f 441 1870 1862
f 1862 1870 2713
f 456 1872 1873
f 1873 1872 2714
f 1872 414 2714
f 2714 414 1871
f 392 1800 1871
f 1871 1800 2714
f 1800 433 2714
f 2714 433 1873
f 393 1802 1801
f 1801 1802 2715
f 415 1875 1802
f 1802 1875 2715
f 1875 457 2715
f 2715 457 1874
f 433 1801 1874
f 1874 1801 2715
f 1837 434 2716
f 2716 434 1876
f 415 1803 1876
f 1876 1803 2716
f 1803 380 2716
f 2716 380 1804
f 394 1837 1804
f 1804 1837 2716
f 508 1878 1879
f 1879 1878 2717
f 1878 484 2717
f 2717 484 1807
f 500 1877 1807
f 1807 1877 2717
f 1877 525 2717
f 2717 525 1879
f 435 1882 1809
f 1809 1882 2718
f 1882 502 2718
f 2718 502 1881
f 501 1880 1881
f 1881 1880 2718
f 1880 478 2718
f 2718 478 1809
f 478 1880 1810
f 1810 1880 2719
f 1880 501 2719
f 2719 501 1883
f 525 1877 1883
f 1883 1877 2719
f 1877 500 2719
f 2719 500 1810
f 419 1886 1811
f 1811 1886 2720
f 1886 443 2720
f 2720 443 1885
f 442 1884 1885
f 1885 1884 2720
f 1884 385 2720
f 2720 385 1811
f 419 1813 1886
f 1886 1813 2721
f 1813 444 2721
f 2721 444 1815
f 468 1887 1815
f 1815 1887 2721
f 1887 443 2721
f 2721 443 1886
f 438 1864 1817
f 1817 1864 2722
f 1864 461 2722
f 2722 461 1888
f 485 1814 1888
f 1888 1814 2722
f 460 1817 1814
f 1814 1817 2722
f 1891 467 2723
f 2723 467 1890
f 468 1816 1890
f 1890 1816 2723
f 1816 485 2723
f 2723 485 1889
f 486 1891 1889
f 1889 1891 2723
f 1894 425 2724
f 2724 425 1893
f 404 1892 1893
f 1893 1892 2724
f 1892 376 2724
f 2724 376 1819
f 386 1894 1819
f 1819 1894 2724
f 1896 426 2725
f 2725 426 1895
f 386 1820 1895
f 1895 1820 2725
f 363 1821 1820
f 1820 1821 2725
f 406 1896 1821
f 1821 1896 2725
f 1822 407 2726
f 2726 407 1824
f 428 1828 1824
f 1824 1828 2726
f 1828 427 2726
f 2726 427 1897
f 406 1822 1897
f 1897 1822 2726
f 1830 422 2727
f 2727 422 1898
f 1898 446 2727
f 2727 446 1827
f 445 1825 1827
f 1827 1825 2727
f 1825 421 2727
f 2727 421 1830
f 452 1900 1901
f 1901 1900 2728
f 1900 427 2728
f 2728 427 1829
f 1829 446 2728
f 2728 446 1899
f 469 1901 1899
f 1899 1901 2728
f 1903 447 2729
f 2729 447 1902
f 1902 422 2729
f 2729 422 1831
f 375 1833 1831
f 1831 1833 2729
f 403 1903 1833
f 1833 1903 2729
f 1906 448 2730
f 2730 448 1905
f 403 1834 1905
f 1905 1834 2730
f 1834 377 2730
f 2730 377 1904
f 405 1906 1904
f 1904 1906 2730
f 411 1907 1839
f 1839 1907 2731
f 1907 429 2731
f 2731 429 1836
f 410 1835 1836
f 1836 1835 2731
f 1835 390 2731
f 2731 390 1839
f 474 1909 1910
f 1910 1909 2732
f 477 1908 1909
f 1909 1908 2732
f 1908 434 2732
f 2732 434 1838
f 1838 429 2732
f 2732 429 1910
f 1840 379 2733
f 2733 379 1842
f 412 1912 1842
f 1842 1912 2733
f 1912 453 2733
f 2733 453 1911
f 411 1840 1911
f 1911 1840 2733
f 1915 430 2734
f 2734 430 1914
f 412 1843 1914
f 1914 1843 2734
f 1843 391 2734
f 2734 391 1913
f 413 1915 1913
f 1913 1915 2734
f 1917 527 2735
f 2735 527 1916
f 502 1882 1916
f 1916 1882 2735
f 1882 435 2735
f 2735 435 1844
f 479 1917 1844
f 1844 1917 2735
f 1919 528 2736
f 2736 528 1918
f 479 1845 1918
f 1918 1845 2736
f 1845 437 2736
f 2736 437 1847
f 1847 481 2736
f 2736 481 1919
f 504 1921 1922
f 1922 1921 2737
f 1921 481 2737
f 2737 481 1848
f 480 1920 1848
f 1848 1920 2737
f 1920 503 2737
f 2737 503 1922
f 505 1924 1849
f 1849 1924 2738
f 1924 531 2738
f 2738 531 1923
f 1923 503 2738
f 2738 503 1920
f 480 1849 1920
f 1920 1849 2738
f 1850 458 2739
f 2739 458 1852
f 506 1926 1852
f 1852 1926 2739
f 1926 547 2739
f 2739 547 1925
f 505 1850 1925
f 1925 1850 2739
f 1929 532 2740
f 2740 532 1928
f 506 1853 1928
f 1928 1853 2740
f 1853 482 2740
f 2740 482 1927
f 507 1929 1927
f 1927 1929 2740
f 1854 483 2741
f 2741 483 1931
f 508 1930 1931
f 1931 1930 2741
f 1930 507 2741
f 2741 507 1927
f 482 1854 1927
f 1927 1854 2741
f 1855 459 2742
f 2742 459 1856
f 484 1878 1856
f 1856 1878 2742
f 1878 508 2742
f 2742 508 1931
f 483 1855 1931
f 1931 1855 2742
f 1932 405 2743
f 2743 405 1904
f 377 1857 1904
f 1904 1857 2743
f 1857 376 2743
f 2743 376 1892
f 404 1932 1892
f 1892 1932 2743
f 1858 392 2744
f 2744 392 1871
f 414 1933 1871
f 1871 1933 2744
f 1933 413 2744
f 2744 413 1913
f 391 1858 1913
f 1913 1858 2744
f 1935 465 2745
f 2745 465 1934
f 1934 440 2745
f 2745 440 1861
f 400 1859 1861
f 1861 1859 2745
f 418 1935 1859
f 1859 1935 2745
f 466 1936 1937
f 1937 1936 2746
f 1936 418 2746
f 2746 418 1860
f 385 1884 1860
f 1860 1884 2746
f 1884 442 2746
f 2746 442 1937
f 1940 464 2747
f 2747 464 1939
f 441 1863 1939
f 1939 1863 2747
f 1863 440 2747
f 2747 440 1938
f 463 1940 1938
f 1938 1940 2747
f 1865 462 2748
f 2748 462 1941
f 1941 486 2748
f 2748 486 1889
f 485 1888 1889
f 1889 1888 2748
f 1888 461 2748
f 2748 461 1865
f 487 1943 1867
f 1867 1943 2749
f 1943 509 2749
f 2749 509 1942
f 486 1941 1942
f 1942 1941 2749
f 462 1867 1941
f 1941 1867 2749
f 1868 439 2750
f 2750 439 1869
f 488 1945 1869
f 1869 1945 2750
f 1945 533 2750
f 2750 533 1944
f 487 1868 1944
f 1944 1868 2750
f 1947 510 2751
f 2751 510 1946
f 488 1870 1946
f 1946 1870 2751
f 1870 441 2751
f 2751 441 1939
f 464 1947 1939
f 1939 1947 2751
f 455 1949 1950
f 1950 1949 2752
f 432 1948 1949
f 1949 1948 2752
f 414 1872 1948
f 1948 1872 2752
f 1872 456 2752
f 2752 456 1950
f 1873 433 2753
f 2753 433 1874
f 457 1952 1874
f 1874 1952 2753
f 1952 476 2753
f 2753 476 1951
f 456 1873 1951
f 1951 1873 2753
f 1875 415 2754
f 2754 415 1876
f 434 1908 1876
f 1876 1908 2754
f 1908 477 2754
f 2754 477 1953
f 457 1875 1953
f 1953 1875 2754
f 507 1930 1955
f 1955 1930 2755
f 1930 508 2755
f 2755 508 1879
f 525 1954 1879
f 1879 1954 2755
f 1954 526 2755
f 2755 526 1955
f 502 1956 1881
f 1881 1956 2756
f 1956 526 2756
f 2756 526 1954
f 525 1883 1954
f 1954 1883 2756
f 1883 501 2756
f 2756 501 1881
f 1885 443 2757
f 2757 443 1887
f 1887 468 2757
f 2757 468 1890
f 467 1957 1890
f 1890 1957 2757
f 1957 442 2757
f 2757 442 1885
f 492 1958 1959
f 1959 1958 2758
f 1958 467 2758
f 2758 467 1891
f 1891 486 2758
f 2758 486 1942
f 509 1959 1942
f 1942 1959 2758
f 425 1962 1893
f 1893 1962 2759
f 1962 451 2759
f 2759 451 1961
f 1961 423 2759
f 2759 423 1960
f 404 1893 1960
f 1960 1893 2759
f 1894 386 2760
f 2760 386 1895
f 426 1964 1895
f 1895 1964 2760
f 1964 473 2760
f 2760 473 1963
f 425 1894 1963
f 1963 1894 2760
f 1900 452 2761
f 2761 452 1965
f 426 1896 1965
f 1965 1896 2761
f 1896 406 2761
f 2761 406 1897
f 427 1900 1897
f 1897 1900 2761
f 447 1966 1902
f 1902 1966 2762
f 1966 469 2762
f 2762 469 1899
f 1899 446 2762
f 2762 446 1898
f 422 1902 1898
f 1898 1902 2762
f 495 1968 1969
f 1969 1968 2763
f 1968 452 2763
f 2763 452 1901
f 1901 469 2763
f 2763 469 1967
f 514 1969 1967
f 1967 1969 2763
f 1903 403 2764
f 2764 403 1905
f 448 1971 1905
f 1905 1971 2764
f 1971 493 2764
f 2764 493 1970
f 447 1903 1970
f 1970 1903 2764
f 1974 470 2765
f 2765 470 1973
f 448 1906 1973
f 1973 1906 2765
f 1906 405 2765
f 2765 405 1972
f 424 1974 1972
f 1972 1974 2765
f 1907 411 2766
f 2766 411 1911
f 453 1975 1911
f 1911 1975 2766
f 1975 474 2766
f 2766 474 1910
f 429 1907 1910
f 1910 1907 2766
f 1978 519 2767
f 2767 519 1977
f 1977 524 2767
f 2767 524 1976
f 477 1909 1976
f 1976 1909 2767
f 474 1978 1909
f 1909 1978 2767
f 1912 412 2768
f 2768 412 1914
f 430 1980 1914
f 1914 1980 2768
f 1980 475 2768
f 2768 475 1979
f 453 1912 1979
f 1979 1912 2768
f 1983 454 2769
f 2769 454 1982
f 430 1915 1982
f 1982 1915 2769
f 1915 413 2769
f 2769 413 1981
f 431 1983 1981
f 1981 1983 2769
f 527 1985 1916
f 1916 1985 2770
f 1985 543 2770
f 2770 543 1984
f 526 1956 1984
f 1984 1956 2770
f 1956 502 2770
f 2770 502 1916
f 1917 479 2771
f 2771 479 1918
f 528 1987 1918
f 1918 1987 2771
f 1987 557 2771
f 2771 557 1986
f 527 1917 1986
f 1986 1917 2771
f 1989 544 2772
f 2772 544 1988
f 528 1919 1988
f 1988 1919 2772
f 481 1921 1919
f 1919 1921 2772
f 1921 504 2772
f 2772 504 1989
f 1992 530 2773
f 2773 530 1991
f 1991 504 2773
f 2773 504 1922
f 503 1990 1922
f 1922 1990 2773
f 1990 529 2773
f 2773 529 1992
f 531 1994 1923
f 1923 1994 2774
f 1994 546 2774
f 2774 546 1993
f 529 1990 1993
f 1993 1990 2774
f 1990 503 2774
f 2774 503 1923
f 1924 505 2775
f 2775 505 1925
f 547 1996 1925
f 1925 1996 2775
f 1996 558 2775
f 2775 558 1995
f 531 1924 1995
f 1995 1924 2775
f 1926 506 2776
f 2776 506 1928
f 532 1998 1928
f 1928 1998 2776
f 1998 559 2776
f 2776 559 1997
f 547 1926 1997
f 1997 1926 2776
f 532 1929 1999
f 1999 1929 2777
f 1929 507 2777
f 2777 507 1955
f 526 1984 1955
f 1955 1984 2777
f 1984 543 2777
f 2777 543 1999
f 2000 424 2778
f 2778 424 1972
f 405 1932 1972
f 1972 1932 2778
f 1932 404 2778
f 2778 404 1960
f 423 2000 1960
f 1960 2000 2778
f 1933 414 2779
f 2779 414 1948
f 1948 432 2779
f 2779 432 2001
f 2001 431 2779
f 2779 431 1981
f 413 1933 1981
f 1981 1933 2779
f 465 2003 1934
f 1934 2003 2780
f 2003 491 2780
f 2780 491 2002
f 2002 463 2780
f 2780 463 1938
f 1938 440 2780
f 2780 440 1934
f 1935 418 2781
f 2781 418 1936
f 466 2005 1936
f 1936 2005 2781
f 2005 513 2781
f 2781 513 2004
f 465 1935 2004
f 2004 1935 2781
f 1958 492 2782
f 2782 492 2006
f 466 1937 2006
f 2006 1937 2782
f 442 1957 1937
f 1937 1957 2782
f 467 1958 1957
f 1957 1958 2782
f 2009 490 2783
f 2783 490 2008
f 464 1940 2008
f 2008 1940 2783
f 463 2007 1940
f 1940 2007 2783
f 2007 489 2783
f 2783 489 2009
f 1943 487 2784
f 2784 487 1944
f 533 2011 1944
f 1944 2011 2784
f 2011 548 2784
f 2784 548 2010
f 509 1943 2010
f 2010 1943 2784
f 1945 488 2785
f 2785 488 1946
f 510 2013 1946
f 1946 2013 2785
f 2013 549 2785
f 2785 549 2012
f 533 1945 2012
f 2012 1945 2785
f 2015 511 2786
f 2786 511 2014
f 510 1947 2014
f 2014 1947 2786
f 1947 464 2786
f 2786 464 2008
f 490 2015 2008
f 2008 2015 2786
f 1949 455 2787
f 2787 455 2016
f 454 1983 2016
f 2016 1983 2787
f 1983 431 2787
f 2787 431 2001
f 2001 432 2787
f 2787 432 1949
f 1950 456 2788
f 2788 456 1951
f 476 2018 1951
f 1951 2018 2788
f 2018 498 2788
f 2788 498 2017
f 2017 455 2788
f 2788 455 1950
f 1952 457 2789
f 2789 457 1953
f 477 2020 1953
f 1953 2020 2789
f 2020 499 2789
f 2789 499 2019
f 476 1952 2019
f 2019 1952 2789
f 535 2021 2022
f 2022 2021 2790
f 2021 492 2790
f 2790 492 1959
f 1959 509 2790
f 2790 509 2010
f 548 2022 2010
f 2010 2022 2790
f 451 2025 1961
f 1961 2025 2791
f 2025 472 2791
f 2791 472 2024
f 2024 449 2791
f 2791 449 2023
f 2023 423 2791
f 2791 423 1961
f 1962 425 2792
f 2792 425 1963
f 473 2027 1963
f 1963 2027 2792
f 2027 494 2792
f 2792 494 2026
f 451 1962 2026
f 2026 1962 2792
f 1964 426 2793
f 2793 426 1965
f 452 1968 1965
f 1965 1968 2793
f 1968 495 2793
f 2793 495 2028
f 473 1964 2028
f 2028 1964 2793
f 1966 447 2794
f 2794 447 1970
f 493 2029 1970
f 1970 2029 2794
f 2029 514 2794
f 2794 514 1967
f 469 1966 1967
f 1967 1966 2794
f 2032 540 2795
f 2795 540 2031
f 495 1969 2031
f 2031 1969 2795
f 514 2030 1969
f 1969 2030 2795
f 2030 553 2795
f 2795 553 2032
f 1971 448 2796
f 2796 448 1973
f 470 2034 1973
f 1973 2034 2796
f 2034 515 2796
f 2796 515 2033
f 493 1971 2033
f 2033 1971 2796
f 2037 471 2797
f 2797 471 2036
f 470 1974 2036
f 2036 1974 2797
f 1974 424 2797
f 2797 424 2035
f 450 2037 2035
f 2035 2037 2797
f 1975 453 2798
f 2798 453 1979
f 475 2039 1979
f 1979 2039 2798
f 2039 496 2798
f 2798 496 2038
f 474 1975 2038
f 2038 1975 2798
f 477 1976 2020
f 2020 1976 2799
f 524 2041 1976
f 1976 2041 2799
f 2041 523 2799
f 2799 523 2040
f 499 2020 2040
f 2040 2020 2799
f 520 2042 2043
f 2043 2042 2800
f 523 2041 2042
f 2042 2041 2800
f 2041 524 2800
f 2800 524 1977
f 1977 519 2800
f 2800 519 2043
f 496 2044 2038
f 2038 2044 2801
f 2044 520 2801
f 2801 520 2043
f 519 1978 2043
f 2043 1978 2801
f 474 2038 1978
f 1978 2038 2801
f 1980 430 2802
f 2802 430 1982
f 454 2046 1982
f 1982 2046 2802
f 2046 497 2802
f 2802 497 2045
f 475 1980 2045
f 2045 1980 2802
f 1985 527 2803
f 2803 527 1986
f 557 2048 1986
f 1986 2048 2803
f 2048 565 2803
f 2803 565 2047
f 543 1985 2047
f 2047 1985 2803
f 1987 528 2804
f 2804 528 1988
f 544 2050 1988
f 1988 2050 2804
f 2050 566 2804
f 2804 566 2049
f 557 1987 2049
f 2049 1987 2804
f 2052 545 2805
f 2805 545 2051
f 544 1989 2051
f 2051 1989 2805
f 1989 504 2805
f 2805 504 1991
f 530 2052 1991
f 1991 2052 2805
f 1993 546 2806
f 2806 546 2053
f 545 2052 2053
f 2053 2052 2806
f 2052 530 2806
f 2806 530 1992
f 1992 529 2806
f 2806 529 1993
f 1994 531 2807
f 2807 531 1995
f 558 2055 1995
f 1995 2055 2807
f 567 2054 2055
f 2055 2054 2807
f 2054 546 2807
f 2807 546 1994
f 1996 547 2808
f 2808 547 1997
f 559 2057 1997
f 1997 2057 2808
f 2057 569 2808
f 2808 569 2056
f 558 1996 2056
f 2056 1996 2808
f 559 1998 2058
f 2058 1998 2809
f 1998 532 2809
f 2809 532 1999
f 543 2047 1999
f 1999 2047 2809
f 565 2058 2047
f 2047 2058 2809
f 2059 450 2810
f 2810 450 2035
f 424 2000 2035
f 2035 2000 2810
f 2000 423 2810
f 2810 423 2023
f 2023 449 2810
f 2810 449 2059
f 491 2061 2002
f 2002 2061 2811
f 2061 512 2811
f 2811 512 2060
f 2060 489 2811
f 2811 489 2007
f 2007 463 2811
f 2811 463 2002
f 2003 465 2812
f 2812 465 2004
f 513 2063 2004
f 2004 2063 2812
f 2063 534 2812
f 2812 534 2062
f 491 2003 2062
f 2062 2003 2812
f 2005 466 2813
f 2813 466 2006
f 492 2021 2006
f 2006 2021 2813
f 2021 535 2813
f 2813 535 2064
f 513 2005 2064
f 2064 2005 2813
f 2060 512 2814
f 2814 512 2065
f 511 2015 2065
f 2065 2015 2814
f 2015 490 2814
f 2814 490 2009
f 489 2060 2009
f 2009 2060 2814
f 2011 533 2815
f 2815 533 2012
f 549 2067 2012
f 2012 2067 2815
f 2067 560 2815
f 2815 560 2066
f 548 2011 2066
f 2066 2011 2815
f 2013 510 2816
f 2816 510 2014
f 511 2069 2014
f 2014 2069 2816
f 2069 551 2816
f 2816 551 2068
f 549 2013 2068
f 2068 2013 2816
f 455 2017 2016
f 2016 2017 2817
f 498 2070 2017
f 2017 2070 2817
f 497 2046 2070
f 2070 2046 2817
f 2046 454 2817
f 2817 454 2016
f 2018 476 2818
f 2818 476 2019
f 499 2072 2019
f 2019 2072 2818
f 2072 522 2818
f 2818 522 2071
f 498 2018 2071
f 2071 2018 2818
f 2075 564 2819
f 2819 564 2074
f 535 2022 2074
f 2074 2022 2819
f 548 2073 2022
f 2022 2073 2819
f 2073 570 2819
f 2819 570 2075
f 472 2076 2024
f 2024 2076 2820
f 471 2037 2076
f 2076 2037 2820
f 2037 450 2820
f 2820 450 2059
f 2059 449 2820
f 2820 449 2024
f 2025 451 2821
f 2821 451 2026
f 494 2078 2026
f 2026 2078 2821
f 2078 516 2821
f 2821 516 2077
f 472 2025 2077
f 2077 2025 2821
f 2027 473 2822
f 2822 473 2028
f 495 2080 2028
f 2028 2080 2822
f 2080 518 2822
f 2822 518 2079
f 494 2027 2079
f 2079 2027 2822
f 2029 493 2823
f 2823 493 2033
f 515 2082 2033
f 2033 2082 2823
f 2082 536 2823
f 2823 536 2081
f 514 2029 2081
f 2081 2029 2823
f 536 2084 2081
f 2081 2084 2824
f 2084 554 2824
f 2824 554 2083
f 553 2030 2083
f 2083 2030 2824
f 2030 514 2824
f 2824 514 2081
f 2080 495 2825
f 2825 495 2031
f 540 2086 2031
f 2031 2086 2825
f 2086 539 2825
f 2825 539 2085
f 518 2080 2085
f 2085 2080 2825
f 539 2086 2087
f 2087 2086 2826
f 2086 540 2826
f 2826 540 2032
f 2032 553 2826
f 2826 553 2083
f 554 2087 2083
f 2083 2087 2826
f 2034 470 2827
f 2827 470 2036
f 471 2089 2036
f 2036 2089 2827
f 2089 517 2827
f 2827 517 2088
f 515 2034 2088
f 2088 2034 2827
f 2039 475 2828
f 2828 475 2045
f 497 2091 2045
f 2045 2091 2828
f 2091 521 2828
f 2828 521 2090
f 496 2039 2090
f 2090 2039 2828
f 2072 499 2829
f 2829 499 2040
f 523 2093 2040
f 2040 2093 2829
f 542 2092 2093
f 2093 2092 2829
f 522 2072 2092
f 2092 2072 2829
f 2095 541 2830
f 2830 541 2094
f 2094 542 2830
f 2830 542 2093
f 2093 523 2830
f 2830 523 2042
f 520 2095 2042
f 2042 2095 2830
f 2044 496 2831
f 2831 496 2090
f 521 2096 2090
f 2090 2096 2831
f 541 2095 2096
f 2096 2095 2831
f 520 2044 2095
f 2095 2044 2831
f 2048 557 2832
f 2832 557 2049
f 566 2098 2049
f 2049 2098 2832
f 2098 574 2832
f 2832 574 2097
f 565 2048 2097
f 2097 2048 2832
f 2050 544 2833
f 2833 544 2051
f 545 2100 2051
f 2051 2100 2833
f 2100 568 2833
f 2833 568 2099
f 566 2050 2099
f 2099 2050 2833
f 568 2100 2101
f 2101 2100 2834
f 2100 545 2834
f 2834 545 2053
f 546 2054 2053
f 2053 2054 2834
f 2054 567 2834
f 2834 567 2101
f 2055 558 2835
f 2835 558 2056
f 569 2103 2056
f 2056 2103 2835
f 2103 575 2835
f 2835 575 2102
f 567 2055 2102
f 2102 2055 2835
f 559 2106 2057
f 2057 2106 2836
f 578 2105 2106
f 2106 2105 2836
f 2105 577 2836
f 2836 577 2104
f 569 2057 2104
f 2104 2057 2836
f 2108 578 2837
f 2837 578 2106
f 559 2058 2106
f 2106 2058 2837
f 565 2107 2058
f 2058 2107 2837
f 2107 579 2837
f 2837 579 2108
f 2061 491 2838
f 2838 491 2062
f 534 2110 2062
f 2062 2110 2838
f 2110 550 2838
f 2838 550 2109
f 512 2061 2109
f 2109 2061 2838
f 2063 513 2839
f 2839 513 2064
f 535 2112 2064
f 2064 2112 2839
f 2112 552 2839
f 2839 552 2111
f 534 2063 2111
f 2111 2063 2839
f 551 2069 2113
f 2113 2069 2840
f 2069 511 2840
f 2840 511 2065
f 2065 512 2840
f 2840 512 2109
f 550 2113 2109
f 2109 2113 2840
f 560 2115 2066
f 2066 2115 2841
f 2115 571 2841
f 2841 571 2114
f 2114 570 2841
f 2841 570 2073
f 548 2066 2073
f 2073 2066 2841
f 2067 549 2842
f 2842 549 2068
f 551 2117 2068
f 2068 2117 2842
f 2117 562 2842
f 2842 562 2116
f 560 2067 2116
f 2116 2067 2842
f 2070 498 2843
f 2843 498 2071
f 522 2118 2071
f 2071 2118 2843
f 2118 521 2843
f 2843 521 2091
f 2091 497 2843
f 2843 497 2070
f 535 2074 2112
f 2112 2074 2844
f 564 2120 2074
f 2074 2120 2844
f 2120 563 2844
f 2844 563 2119
f 552 2112 2119
f 2119 2112 2844
f 563 2120 2121
f 2121 2120 2845
f 2120 564 2845
f 2845 564 2075
f 2075 570 2845
f 2845 570 2114
f 571 2121 2114
f 2114 2121 2845
f 2122 517 2846
f 2846 517 2089
f 2089 471 2846
f 2846 471 2076
f 2076 472 2846
f 2846 472 2077
f 516 2122 2077
f 2077 2122 2846
f 2078 494 2847
f 2847 494 2079
f 518 2124 2079
f 2079 2124 2847
f 2124 537 2847
f 2847 537 2123
f 516 2078 2123
f 2123 2078 2847
f 2082 515 2848
f 2848 515 2088
f 2088 517 2848
f 2848 517 2126
f 2126 538 2848
f 2848 538 2125
f 536 2082 2125
f 2125 2082 2848
f 2084 536 2849
f 2849 536 2125
f 538 2128 2125
f 2125 2128 2849
f 556 2127 2128
f 2128 2127 2849
f 554 2084 2127
f 2127 2084 2849
f 2124 518 2850
f 2850 518 2085
f 539 2130 2085
f 2085 2130 2850
f 555 2129 2130
f 2130 2129 2850
f 537 2124 2129
f 2129 2124 2850
f 2131 555 2851
f 2851 555 2130
f 2130 539 2851
f 2851 539 2087
f 2087 554 2851
f 2851 554 2127
f 2127 556 2851
f 2851 556 2131
f 2118 522 2852
f 2852 522 2092
f 2092 542 2852
f 2852 542 2094
f 2094 541 2852
f 2852 541 2096
f 521 2118 2096
f 2096 2118 2852
f 574 2133 2097
f 2097 2133 2853
f 580 2132 2133
f 2133 2132 2853
f 579 2107 2132
f 2132 2107 2853
f 565 2097 2107
f 2107 2097 2853
f 2098 566 2854
f 2854 566 2099
f 568 2135 2099
f 2099 2135 2854
f 2135 576 2854
f 2854 576 2134
f 574 2098 2134
f 2134 2098 2854
f 576 2135 2136
f 2136 2135 2855
f 2135 568 2855
f 2855 568 2101
f 567 2102 2101
f 2101 2102 2855
f 2102 575 2855
f 2855 575 2136
f 2103 569 2856
f 2856 569 2104
f 577 2138 2104
f 2104 2138 2856
f 581 2137 2138
f 2138 2137 2856
f 575 2103 2137
f 2137 2103 2856
f 577 2105 2139
f 2139 2105 2857
f 2105 578 2857
f 2857 578 2108
f 2108 579 2857
f 2857 579 2132
f 580 2139 2132
f 2132 2139 2857
f 2110 534 2858
f 2858 534 2111
f 552 2141 2111
f 2111 2141 2858
f 2141 561 2858
f 2858 561 2140
f 550 2110 2140
f 2140 2110 2858
f 562 2117 2142
f 2142 2117 2859
f 2117 551 2859
f 2859 551 2113
f 2113 550 2859
f 2859 550 2140
f 561 2142 2140
f 2140 2142 2859
f 2115 560 2860
f 2860 560 2116
f 562 2144 2116
f 2116 2144 2860
f 573 2143 2144
f 2144 2143 2860
f 571 2115 2143
f 2143 2115 2860
f 2141 552 2861
f 2861 552 2119
f 563 2146 2119
f 2119 2146 2861
f 572 2145 2146
f 2146 2145 2861
f 561 2141 2145
f 2145 2141 2861
f 2147 572 2862
f 2862 572 2146
f 2146 563 2862
f 2862 563 2121
f 571 2143 2121
f 2121 2143 2862
f 2143 573 2862
f 2862 573 2147
f 2148 538 2863
f 2863 538 2126
f 517 2122 2126
f 2126 2122 2863
f 2122 516 2863
f 2863 516 2123
f 537 2148 2123
f 2123 2148 2863
f 2131 556 2864
f 2864 556 2128
f 538 2148 2128
f 2128 2148 2864
f 2148 537 2864
f 2864 537 2129
f 2129 555 2864
f 2864 555 2131
f 2133 574 2865
f 2865 574 2134
f 576 2150 2134
f 2134 2150 2865
f 582 2149 2150
f 2150 2149 2865
f 580 2133 2149
f 2149 2133 2865
f 2151 582 2866
f 2866 582 2150
f 2150 576 2866
f 2866 576 2136
f 575 2137 2136
f 2136 2137 2866
f 2137 581 2866
f 2866 581 2151
f 2151 581 2867
f 2867 581 2138
f 2138 577 2867
f 2867 577 2139
f 580 2149 2139
f 2139 2149 2867
f 2149 582 2867
f 2867 582 2151
f 2147 573 2868
f 2868 573 2144
f 562 2142 2144
f 2144 2142 2868
f 561 2145 2142
f 2142 2145 2868
f 2145 572 2868
f 2868 572 2147

