# https://github.com/mikedh/trimesh
v 0.01555932 -0.03917044 -0.01961589
v 0.00792611 -0.03562935 -0.01473707
v 0.00890148 -0.02757453 -0.02459222
v 0.01314878 -0.03112765 -0.02730936
v 0.00088555 -0.02116373 -0.02189368
v 0.01215327 -0.01129593 -0.02892900
v 0.01660019 -0.02075892 -0.03131133
v 0.01424718 -0.01791679 -0.03043026
v 0.02289951 -0.04216909 -0.01065010
v 0.01503217 -0.03675266 -0.00353235
v -0.00161487 -0.00910600 -0.02365613
v 0.01094401 -0.00361346 -0.02781236
v 0.03120804 -0.04008403 -0.00378904
v 0.02399647 -0.03373395 0.00345829
v 0.00549889 -0.03199756 0.00556690
v -0.00393260 -0.00076783 -0.02312437
v 0.00845158 0.00468237 -0.02759713
v 0.00235826 -0.01867450 0.01733258
v 0.01494163 -0.01520891 0.01592395
v -0.00599653 0.00867477 -0.02179572
v 0.00424379 0.01384687 -0.02565408
v 0.02193511 -0.03533720 -0.03190529
v 0.02335089 -0.04229735 -0.02530682
v -0.00711155 0.01902170 -0.01723513
v 0.00191885 0.02322347 -0.01845318
v 0.02299333 -0.00504186 -0.02890664
v 0.02312768 -0.00992716 -0.03049767
v 0.02554053 -0.01287791 -0.03151664
v 0.02543688 -0.02601014 -0.03543532
v 0.02965343 -0.04602473 -0.01689810
v 0.02812940 -0.02136466 0.01147220
v 0.03784770 -0.03633831 0.00032055
v 0.02265036 0.00086689 -0.02711457
v 0.03943127 -0.04129491 -0.03929713
v 0.05172849 -0.04150167 -0.04056352
v 0.04946738 -0.04944719 -0.03893971
v 0.03864801 -0.04842247 -0.03514913
v 0.03818327 -0.04458832 -0.01051110
v 0.02493823 -0.01083412 0.01594636
v 0.00257081 0.02708222 -0.00550228
v -0.00628114 0.02453168 -0.00473037
v 0.02037746 0.00894421 -0.02825162
v 0.04400629 -0.03405185 -0.03930861
v 0.05481863 -0.03479964 -0.03507394
v 0.05137473 -0.05454025 -0.03228045
v 0.04271507 -0.05337369 -0.02754328
v 0.00598818 0.02251101 0.00883517
v -0.00303191 0.02156251 0.01066577
v 0.01532936 0.01910014 -0.02791679
v 0.06384748 -0.04140100 -0.03857213
v 0.06168520 -0.04826101 -0.03799120
v 0.04948300 -0.05199835 -0.02018183
v 0.05478537 -0.05412655 -0.02441782
v 0.01170403 -0.00247062 0.01775876
v 0.00015491 -0.00475301 0.02023771
v 0.01190323 0.02850468 -0.02028283
v 0.03269553 -0.01732427 -0.03395432
v 0.06610751 -0.03558739 -0.03322306
v 0.06121939 -0.05323801 -0.03284517
v 0.04478234 -0.04070793 -0.00601941
v -0.00121307 0.00853163 0.01879421
v 0.00913721 0.01026515 0.01621488
v 0.05041283 -0.02972697 -0.03269008
v 0.06220621 -0.05374405 -0.02585337
v 0.01169145 0.03164154 -0.00625655
v 0.07580024 -0.04340769 -0.03872469
v 0.07076734 -0.04923353 -0.03666869
v 0.05768621 -0.04756820 -0.01922312
v 0.05393690 -0.04528695 -0.01632982
v 0.01482803 0.02598254 0.00713292
v 0.05602735 -0.03039626 -0.02441514
v 0.05877483 -0.03354221 -0.02474624
v 0.07709551 -0.03613906 -0.03344566
v 0.08017582 -0.04843796 -0.03700155
v 0.07584178 -0.05024988 -0.03576100
v 0.06972963 -0.05291324 -0.03259051
v 0.05940807 -0.03902368 -0.01992998
v 0.05753326 -0.03627679 -0.01886517
v 0.01827282 0.01396960 0.01434579
v 0.07612222 -0.05277884 -0.03260952
v 0.07021368 -0.05368095 -0.02668673
v 0.06413400 -0.04816284 -0.02022883
v 0.06717217 -0.03490313 -0.02448753
v 0.08555937 -0.04010761 -0.03835124
v 0.08551174 -0.03485991 -0.03289199
v 0.08668071 -0.04567282 -0.03736311
v 0.08209276 -0.05185556 -0.03291276
v 0.07643563 -0.05363040 -0.02723789
v 0.06631923 -0.04079356 -0.01948300
v 0.08258224 -0.05262403 -0.02688622
v 0.09321344 -0.03865188 -0.03708351
v 0.09336305 -0.03501708 -0.03184488
v 0.09327006 -0.04327190 -0.03746825
v 0.08780420 -0.04965565 -0.03314233
v 0.07199073 -0.04960411 -0.02124473
v 0.07730901 -0.03665382 -0.02344105
v 0.09977752 -0.03884194 -0.03523299
v 0.09976679 -0.03664906 -0.03100687
v 0.09990317 -0.04213294 -0.03674901
v 0.09386116 -0.04726087 -0.03426009
v 0.08829838 -0.05081748 -0.02656001
v 0.07660598 -0.05130276 -0.02266076
v 0.07649076 -0.04410833 -0.01886329
v 0.09634578 -0.02636162 -0.01396486
v 0.09895414 -0.01730133 -0.01457247
v 0.10521859 -0.01870366 -0.01366454
v 0.10353047 -0.02620406 -0.01301175
v 0.10514951 -0.04013826 -0.03193721
v 0.10384214 -0.03867160 -0.03012791
v 0.10624504 -0.04255130 -0.03342244
v 0.10013509 -0.04528243 -0.03588969
v 0.08105314 -0.04973442 -0.02118826
v 0.09388185 -0.02989160 0.00213176
v 0.10189277 -0.02946435 0.00170052
v 0.10166645 -0.02148261 0.00600776
v 0.09191281 -0.02054704 0.00753555
v 0.10824645 -0.00521288 -0.00904161
v 0.10175496 -0.00721040 -0.01098126
v 0.10194188 0.00139279 -0.01286030
v 0.10880411 0.00148469 -0.01060256
v 0.09917027 -0.01216214 -0.01279354
v 0.10347342 -0.01025044 -0.00502905
v 0.10220420 -0.01141870 -0.00727618
v 0.10283637 -0.01245555 -0.00871804
v 0.10612386 -0.01306040 -0.00937730
v 0.08567160 -0.03578914 -0.02317512
v 0.10573840 -0.04540797 -0.03439817
v 0.10076690 -0.04788466 -0.03355142
v 0.09681463 -0.04829284 -0.03249928
v 0.09511369 -0.03207788 -0.00691205
v 0.10251623 -0.03135826 -0.00685620
v 0.10744911 -0.00914025 -0.00337407
v 0.08668548 -0.04219034 -0.01847735
v 0.10525370 -0.04738577 -0.03368098
v 0.08807522 -0.04789585 -0.02062282
v 0.10206884 0.01183293 -0.01392907
v 0.09577930 0.01008784 -0.01483184
v 0.09193087 0.01818438 -0.01739734
v 0.10064906 0.01820428 -0.01555419
v 0.09671682 0.00505158 -0.01370376
v 0.10000056 0.00692174 -0.00891778
v 0.10072380 0.00623187 -0.00901741
v 0.10437930 0.00689576 -0.00890282
v 0.10925299 0.00729948 -0.00748193
v 0.09970850 -0.00891930 0.00155190
v 0.09786439 -0.01016216 -0.00061736
v 0.09889370 -0.01153994 -0.00151569
v 0.10450286 -0.01173438 -0.00223199
v 0.11319029 -0.01839636 -0.01443550
v 0.11258262 -0.02608652 -0.01430503
v 0.09400654 -0.03611534 -0.02375433
v 0.09471679 -0.04911095 -0.02525592
v 0.11136204 -0.02995300 0.00028268
v 0.11155158 -0.02263472 0.00482407
v 0.10277891 -0.01439561 0.00354993
v 0.09253311 -0.01216587 0.00462556
v 0.09325993 -0.00885932 0.00434241
v 0.09312022 -0.00340504 0.00728559
v 0.10307640 0.00791315 -0.00858504
v 0.11738580 -0.00518683 -0.00969261
v 0.11767888 0.00254409 -0.01063439
v 0.10527831 -0.00798748 0.00340021
v 0.11319655 -0.01319194 -0.00972575
v 0.09534007 -0.04147425 -0.01947814
v 0.10027063 -0.03799880 -0.02433494
v 0.10587251 -0.04151167 -0.02559403
v 0.10413510 -0.03950867 -0.02595499
v 0.10745740 -0.04421182 -0.02610722
v 0.09715617 -0.04924534 -0.02770489
v 0.09594244 -0.04663140 -0.02058974
v 0.11196572 -0.03137356 -0.00809056
v 0.10299617 -0.00174367 0.00842160
v 0.08408481 0.02739708 -0.01889905
v 0.08030719 0.02582409 -0.01915145
v 0.07894874 0.03361434 -0.02222764
v 0.08287120 0.03398718 -0.02170995
v 0.08281237 0.02150206 -0.01754570
v 0.08317649 0.02346229 -0.01322782
v 0.08549005 0.02281443 -0.01361930
v 0.09319067 0.02332043 -0.01462361
v 0.09961951 0.02322463 -0.01304984
v 0.09707147 0.00951680 -0.00228387
v 0.09715712 0.00905257 -0.00271970
v 0.10022783 0.00941388 -0.00209051
v 0.10714483 0.00996571 -0.00078064
v 0.11609817 -0.00925807 -0.00284985
v 0.10162777 -0.04156663 -0.02163255
v 0.10330552 -0.04537620 -0.02182561
v 0.10712451 -0.04787584 -0.02652070
v 0.10156596 -0.04934983 -0.02680209
v 0.10212749 -0.04807791 -0.02351996
v 0.10368294 0.00680793 0.00607091
v 0.09261537 0.00817618 0.00424513
v 0.09097147 0.01044031 0.00040084
v 0.08855504 0.01468115 0.00129679
v 0.08948976 0.02787775 -0.01891592
v 0.08839726 0.03467172 -0.02141193
v 0.08455908 0.02430834 -0.01316133
v 0.11034894 0.01191213 -0.01454234
v 0.10943979 0.01895327 -0.01594082
v 0.10104477 0.01001267 -0.00126344
v 0.11711818 0.00790874 -0.00585875
v 0.11260456 -0.01202761 -0.00273821
v 0.10597718 -0.04915478 -0.02726457
v 0.11200505 -0.01524024 0.00295350
v 0.09736478 0.01613210 0.00277728
v 0.07724792 0.03985030 -0.01983190
v 0.08135188 0.03990139 -0.01919696
v 0.08923155 0.02507769 -0.01282907
v 0.08080435 0.02614061 -0.00888854
v 0.08239543 0.02507780 -0.00945109
v 0.08997083 0.02561514 -0.00944608
v 0.09772480 0.02600811 -0.00753242
v 0.10999316 0.00818816 -0.00832868
v 0.11451644 -0.00800051 0.00435618
v 0.12325704 -0.01823424 -0.01338398
v 0.12348670 -0.02541484 -0.01368958
v 0.12004125 -0.02973992 0.00010678
v 0.11940777 -0.02335116 0.00371748
v 0.11319399 -0.00197287 0.00905880
v 0.09608984 0.02367223 -0.00025910
v 0.08485365 0.02528083 -0.00309208
v 0.07869953 0.02655967 -0.00697190
v 0.07542950 0.03074498 -0.00594413
v 0.07235140 0.03882852 -0.00695220
v 0.07903659 0.03875915 -0.00670120
v 0.07986361 0.04186166 -0.01328078
v 0.07438523 0.04201006 -0.01380900
v 0.08693540 0.04034073 -0.01822427
v 0.08263755 0.02694566 -0.00826809
v 0.10801101 0.02407494 -0.01198405
v 0.11539924 0.00956317 0.00101423
v 0.12879425 -0.00413792 -0.00822729
v 0.12857777 0.00376780 -0.00859359
v 0.12358832 -0.01331125 -0.00809696
v 0.12325144 -0.03122064 -0.00713289
v 0.12471241 -0.02856348 0.00139201
v 0.12509149 -0.02365997 0.00361142
v 0.11353755 0.00585503 0.00726503
v 0.08009237 0.03197442 -0.00495794
v 0.08487689 0.03863746 -0.00660419
v 0.08540636 0.04174398 -0.01241314
v 0.08717555 0.02790219 -0.00779495
v 0.10818845 0.01020589 -0.00089666
v 0.12785858 -0.00913652 -0.00116172
v 0.13256335 -0.01853662 -0.01265427
v 0.13250589 -0.02526969 -0.01300770
v 0.12817425 -0.03032102 -0.00054163
v 0.12958091 -0.02464249 0.00345713
v 0.10638052 0.01648277 0.00313953
v 0.08550698 0.03269965 -0.00490636
v 0.10634536 0.02632420 -0.00573945
v 0.11957580 0.01300294 -0.01357114
v 0.11917478 0.01999144 -0.01476195
v 0.12779444 0.00903937 -0.00237826
v 0.13808656 -0.00351461 -0.00753349
v 0.13787335 0.00415922 -0.00752079
v 0.12027806 -0.01276716 -0.00193885
v 0.13326210 -0.01416583 -0.00842458
v 0.11945397 -0.01615184 0.00253308
v 0.10562479 0.02348904 0.00070551
v 0.11898780 0.00900914 -0.00658333
v 0.13808990 -0.00846055 -0.00235525
v 0.12286574 -0.00796969 0.00495926
v 0.12450868 -0.01372990 -0.00024354
v 0.12811607 -0.01337245 -0.00181568
v 0.14059639 -0.01868410 -0.01257986
v 0.14089900 -0.02546227 -0.01265040
v 0.13334131 -0.03060667 -0.00857425
v 0.13495076 -0.03058236 -0.00166225
v 0.13586479 -0.02514480 0.00269431
v 0.12487739 -0.01686234 0.00283131
v 0.12103069 -0.00231418 0.00869972
v 0.09575349 0.02878750 -0.01856065
v 0.09507072 0.03585326 -0.02101725
v 0.11827773 0.02552889 -0.00965020
v 0.12764704 0.01389706 -0.01285133
v 0.12743771 0.02079321 -0.01344690
v 0.12290686 0.00893471 0.00324771
v 0.13774055 0.00860521 -0.00258830
v 0.14706296 -0.00307323 -0.00801536
v 0.14683938 0.00461731 -0.00769031
v 0.13114530 -0.00813312 0.00536999
v 0.12683022 -0.00688579 0.00681368
v 0.12966573 -0.01726540 0.00298932
v 0.13475847 -0.01376098 -0.00254026
v 0.14073497 -0.01458304 -0.00852996
v 0.12631321 -0.00241034 0.00912946
v 0.12106359 0.00477129 0.00751731
v 0.10160798 0.02939733 -0.01874703
v 0.10116714 0.03626043 -0.02131885
v 0.09592986 0.02639859 -0.01137865
v 0.12756974 0.00964986 -0.00738940
v 0.11448002 0.01078827 -0.00018564
v 0.12668717 0.00789637 0.00563383
v 0.13101387 0.00855688 0.00438023
v 0.14676708 -0.00810970 -0.00247076
v 0.13849771 -0.00814238 0.00404131
v 0.13189477 -0.00299034 0.00909775
v 0.13577616 -0.01773484 0.00222456
v 0.14148492 -0.03029824 -0.00790346
v 0.14167166 -0.02964305 -0.00175884
v 0.14193672 -0.02473205 0.00191158
v 0.12621814 0.00419337 0.00822446
v 0.11254460 0.01658593 0.00282785
v 0.09416199 0.04132581 -0.01600102
v 0.10205203 0.02697027 -0.01298741
v 0.11364591 0.02605515 -0.00413045
v 0.12733591 0.02528714 -0.00871819
v 0.13600034 0.01420184 -0.01149353
v 0.13574642 0.02122517 -0.01174441
v 0.12171221 0.01078018 -0.00065967
v 0.11787218 0.01205471 0.00085247
v 0.13187051 0.00413200 0.00849134
v 0.13824219 0.00832069 0.00364244
v 0.14618820 0.00838249 -0.00251907
v 0.13886976 -0.00337546 0.00820684
v 0.14112598 -0.01436328 -0.00300094
v 0.11710089 0.01654922 0.00253671
v 0.11213583 0.02274507 0.00063956
v 0.09018373 0.03812057 -0.00650418
v 0.09093547 0.04115427 -0.01071376
v 0.10147715 0.04140304 -0.01684314
v 0.09253949 0.02916073 -0.00680372
v 0.11731994 0.02518767 -0.00215277
v 0.12110257 0.02541958 -0.00318953
v 0.13504809 0.01016350 -0.00603816
v 0.12759680 0.01080121 -0.00126261
v 0.12197804 0.01584183 0.00213662
v 0.13878471 0.00360948 0.00795451
v 0.14631438 -0.00749396 0.00344342
v 0.14169925 -0.01795684 0.00137791
v 0.14827269 -0.01904774 -0.01223701
v 0.14862925 -0.02569674 -0.01194176
v 0.11674571 0.02214215 0.00070083
v 0.09078175 0.03337571 -0.00498044
v 0.09414744 0.03778037 -0.00657070
v 0.09394282 0.04034009 -0.00911850
v 0.09689462 0.04116074 -0.01052764
v 0.10826635 0.03648647 -0.02161506
v 0.10803801 0.02993024 -0.01917949
v 0.10266423 0.02926567 -0.00852057
v 0.09808940 0.02952463 -0.00716501
v 0.09535420 0.03055565 -0.00601539
v 0.12159747 0.02174161 0.00072047
v 0.12722325 0.02516658 -0.00243610
v 0.13490200 0.02524193 -0.00691047
v 0.12746871 0.01513570 0.00214100
v 0.14580548 0.00762367 0.00342697
v 0.15667307 -0.00241720 -0.00755641
v 0.15642071 0.00514538 -0.00704506
v 0.14602566 -0.00324456 0.00727481
v 0.14876693 -0.01460329 -0.00759763
v 0.09480995 0.03366831 -0.00517815
v 0.09774351 0.03812183 -0.00691983
v 0.10222453 0.04127398 -0.01139784
v 0.10811079 0.02765008 -0.01363629
v 0.10271341 0.03333580 -0.00630817
v 0.09833509 0.03362405 -0.00550988
v 0.12725335 0.02099394 0.00155434
v 0.13396996 0.01130398 -0.00065154
v 0.14587545 0.00310473 0.00729018
v 0.15637964 -0.00757341 -0.00139987
v 0.15591937 -0.01976818 -0.01202837
v 0.15596122 -0.02640376 -0.01150757
v 0.14913666 -0.03028443 -0.00589618
v 0.14707386 -0.02848945 -0.00096115
v 0.14680809 -0.02391001 0.00137973
v 0.10242712 0.03815359 -0.00750569
v 0.10865402 0.04138352 -0.01704139
v 0.13412118 0.02456463 -0.00129429
v 0.14324397 0.01410595 -0.01012138
v 0.14319575 0.02100515 -0.01053995
v 0.13355160 0.01520592 0.00248110
v 0.15564525 0.00848542 -0.00114527
v 0.16429758 -0.00221097 -0.00708181
v 0.16394776 0.00504237 -0.00624052
v 0.14676607 -0.01489350 -0.00273302
v 0.15634942 -0.01544687 -0.00817153
v 0.15244788 -0.02831386 -0.00088796
v 0.14990824 -0.02714546 -0.00004295
v 0.14988393 -0.02347088 0.00112605
v 0.10809356 0.02974627 -0.00958064
v 0.13364005 0.02055969 0.00219128
v 0.14259475 0.01039221 -0.00374621
v 0.16466337 -0.00694587 -0.00249085
v 0.15280485 -0.00649521 0.00362724
v 0.14669406 -0.01815435 0.00058869
v 0.14951152 -0.01563449 -0.00180858
v 0.15185112 -0.01520837 -0.00296125
v 0.16278875 -0.02022912 -0.01104325
v 0.16278541 -0.02632070 -0.01054186
v 0.15663368 -0.03022311 -0.00697803
v 0.15284973 -0.02393852 0.00095785
v 0.10812300 0.04088959 -0.01171860
v 0.11433196 0.03014113 -0.01944712
v 0.11436623 0.03626399 -0.02173969
v 0.10771322 0.03340391 -0.00746948
v 0.14280128 0.02518760 -0.00504458
v 0.15027297 0.01361446 -0.00950599
v 0.15024090 0.02030089 -0.01027086
v 0.15198284 0.00668402 0.00371855
v 0.16347247 0.00827339 -0.00141266
v 0.17061931 -0.00186234 -0.00632790
v 0.16983497 0.00472236 -0.00531319
v 0.15881658 -0.00639973 0.00340644
v 0.15578848 -0.00556684 0.00442025
v 0.15172541 -0.00279426 0.00634724
v 0.14966542 -0.01841766 0.00031865
v 0.15255898 -0.01850676 0.00015143
v 0.15664297 -0.01550769 -0.00367069
v 0.16273755 -0.01611595 -0.00778681
v 0.16736150 -0.02092283 -0.00961977
v 0.16733897 -0.02564360 -0.00905925
v 0.15724277 -0.02911408 -0.00172105
v 0.10773218 0.03782928 -0.00826839
v 0.11413372 0.02793518 -0.01345435
v 0.15034306 0.01038526 -0.00437671
v 0.13959610 0.01207071 0.00051177
v 0.15143943 0.00253593 0.00634423
v 0.15518671 0.00566199 0.00446835
v 0.15812206 0.00655315 0.00355119
v 0.17512339 -0.00123622 -0.00480530
v 0.17458296 0.00400464 -0.00411603
v 0.17075348 -0.00605151 -0.00222826
v 0.16444778 -0.00680912 0.00281790
v 0.15892124 -0.00268944 0.00597525
v 0.15540832 -0.00245610 0.00601345
v 0.15672851 -0.01873226 -0.00022399
v 0.16768295 -0.01739657 -0.00739780
v 0.16959774 -0.02177553 -0.00821355
v 0.16967595 -0.02451025 -0.00794098
v 0.16301394 -0.02958840 -0.00669521
v 0.15681088 -0.02474588 0.00056323
v 0.11434937 0.04125654 -0.01649201
v 0.12088716 0.03022279 -0.01941302
v 0.12111968 0.03612801 -0.02131242
v 0.13996315 0.02375698 -0.00050941
v 0.15026289 0.02456884 -0.00643566
v 0.15664464 0.01366149 -0.00932786
v 0.15651292 0.01992888 -0.00987095
v 0.14552355 0.01221752 0.00065789
v 0.14267051 0.01303935 0.00145760
v 0.13903087 0.01572231 0.00257701
v 0.15525854 0.00253000 0.00599661
v 0.15878338 0.00283730 0.00581145
v 0.16304970 0.00680874 0.00315902
v 0.16901135 0.00794712 -0.00120521
v 0.17760479 -0.00012027 -0.00318763
v 0.17734510 0.00286398 -0.00295630
v 0.17584616 -0.00472956 -0.00139943
v 0.16341478 -0.00306620 0.00585395
v 0.16178101 -0.01595404 -0.00412750
v 0.17086136 -0.02028428 -0.00667652
v 0.17092156 -0.02499245 -0.00611648
v 0.16796070 -0.02807299 -0.00604302
v 0.16253853 -0.02906008 -0.00232980
v 0.12055522 0.02776580 -0.01451150
v 0.11184424 0.03024241 -0.00994080
v 0.13927025 0.02034242 0.00214872
v 0.14282382 0.02286953 0.00036404
v 0.14563996 0.02380618 -0.00094166
v 0.16177666 0.01439191 -0.00858983
v 0.16149342 0.01940806 -0.00881049
v 0.15662879 0.01054899 -0.00443193
v 0.15059870 0.01174335 0.00003439
v 0.14626199 0.01603588 0.00238398
v 0.14280725 0.01597029 0.00253490
v 0.16283953 0.00309417 0.00568017
v 0.17427713 0.00712894 -0.00106189
v 0.17866135 0.00422372 -0.00074896
v 0.17898369 -0.00126483 -0.00084367
v 0.16989708 -0.00677609 0.00246978
v 0.16071248 -0.01893405 -0.00095418
v 0.16696680 -0.01670129 -0.00431678
v 0.16770726 -0.02832045 -0.00275490
v 0.16101450 -0.02578339 -0.00027004
v 0.11205137 0.04010038 -0.01152986
v 0.12078696 0.04079179 -0.01752123
v 0.12633240 0.03036637 -0.01886874
v 0.12694079 0.03571784 -0.02030504
v 0.11596745 0.03005607 -0.01045948
v 0.11370784 0.03096148 -0.00967044
v 0.11122996 0.03339782 -0.00832918
v 0.14289701 0.02023800 0.00202143
v 0.14634794 0.02071467 0.00156859
v 0.15056783 0.02422886 -0.00211486
v 0.15624613 0.02409775 -0.00642523
v 0.16455323 0.01594026 -0.00750628
v 0.16429174 0.01860694 -0.00756332
v 0.16227806 0.01146139 -0.00467840
v 0.15043193 0.01566508 0.00213006
v 0.16807312 0.00695254 0.00283921
v 0.17563313 -0.00580489 0.00253192
v 0.16771805 -0.00325138 0.00546473
v 0.16578138 -0.01775099 -0.00248304
v 0.17135698 -0.01938527 -0.00394282
v 0.17155319 -0.02517601 -0.00312266
v 0.16666567 -0.02704073 -0.00121292
v 0.11133969 0.03722334 -0.00892580
v 0.11384827 0.03919045 -0.01088440
v 0.11600995 0.03993646 -0.01216444
v 0.13045615 0.03073711 -0.01763293
v 0.13120902 0.03503854 -0.01870635
v 0.12570292 0.02811777 -0.01487336
v 0.11989284 0.02934350 -0.01117313
v 0.11620057 0.03302451 -0.00911090
v 0.11358446 0.03335341 -0.00881380
v 0.15052569 0.02103703 0.00104591
v 0.16160345 0.02318380 -0.00609198
v 0.16545719 0.02027283 -0.00550738
v 0.16614062 0.01520504 -0.00508693
v 0.15621161 0.01139070 -0.00050715
v 0.16694593 0.00389441 0.00507236
v 0.17360908 0.00711359 0.00249669
v 0.17962503 -0.00185551 0.00249556
v 0.17900455 0.00481818 0.00252160
v 0.17456222 -0.00428181 0.00486442
v 0.16246635 -0.02062126 -0.00057840
v 0.16569543 -0.01975321 -0.00112048
v 0.17030329 -0.01928671 -0.00256035
v 0.17075026 -0.02508246 -0.00155911
v 0.16608691 -0.02461012 -0.00037777
v 0.16255820 -0.02404476 -0.00023064
v 0.11366302 0.03680020 -0.00932744
v 0.11621803 0.03694956 -0.00972050
v 0.11999243 0.04023789 -0.01306468
v 0.12660384 0.04014847 -0.01718193
v 0.13251889 0.03154547 -0.01687655
v 0.13303280 0.03395061 -0.01741734
v 0.13004297 0.02895803 -0.01481959
v 0.11958379 0.03249589 -0.00936550
v 0.15563017 0.02419887 -0.00275707
v 0.16220284 0.01140101 -0.00078639
v 0.15548778 0.01483087 0.00147298
v 0.17299110 0.00570641 0.00411806
v 0.17858481 -0.00208573 0.00504896
v 0.17800742 0.00444518 0.00480649
v 0.17350644 -0.00176980 0.00593165
v 0.16910619 -0.00134839 0.00569513
v 0.16965377 -0.01976516 -0.00164792
v 0.17018861 -0.02440192 -0.00089529
v 0.11958146 0.03709812 -0.01008636
v 0.13148099 0.03870539 -0.01644871
v 0.13422060 0.03509055 -0.01564607
v 0.13323891 0.03087441 -0.01489958
v 0.12438363 0.02888154 -0.01179472
v 0.15505570 0.02146303 0.00022772
v 0.16117108 0.02391247 -0.00311133
v 0.16680771 0.01492838 -0.00175139
v 0.16587836 0.02149857 -0.00286588
v 0.16157305 0.01337693 0.00094411
v 0.16865295 0.00243823 0.00547847
v 0.17293662 0.00333105 0.00556120
v 0.17735541 -0.00131704 0.00622913
v 0.17697334 0.00341098 0.00596657
v 0.12462312 0.03984904 -0.01325601
v 0.12946677 0.02912967 -0.01222172
v 0.12341684 0.03156248 -0.00993031
v 0.16061401 0.02261261 -0.00120375
v 0.16604841 0.01528282 0.00045773
v 0.16507256 0.02164094 -0.00093469
v 0.16113985 0.01596595 0.00179961
v 0.15723497 0.01663981 0.00164017
v 0.12340349 0.03716572 -0.01055616
v 0.13016641 0.03928037 -0.01305643
v 0.13355815 0.03114013 -0.01235935
v 0.13415962 0.03604681 -0.01269987
v 0.12867004 0.03035615 -0.01089576
v 0.15689915 0.01992826 0.00099000
v 0.16073239 0.02081574 0.00049707
v 0.16510713 0.01601450 0.00172988
v 0.16450357 0.02087731 0.00040373
v 0.12858844 0.03820826 -0.01154581
v 0.13296437 0.03155265 -0.01110980
v 0.13329887 0.03645597 -0.01118580
v 0.12828970 0.03235320 -0.01004657
v 0.12518919 0.03308265 -0.00983480
v 0.12521726 0.03581859 -0.01018986
v 0.12812966 0.03655471 -0.01050726
v 0.13210922 0.03239573 -0.01022527
v 0.13220143 0.03621451 -0.01038244
v 0.02137339 0.00141800 0.01657179
v 0.06511432 0.03384491 -0.02610934
v 0.05604756 0.03153707 -0.02604380
v 0.05234277 0.03850263 -0.02116010
v 0.06219369 0.04037618 -0.02167562
v 0.06756318 0.02623730 -0.02549765
v 0.05976379 0.02389609 -0.02518144
v 0.07037365 0.01999620 -0.02326471
v 0.06311876 0.01779130 -0.02303904
v 0.07914758 0.00909841 -0.02061749
v 0.07105583 0.00722287 -0.02033377
v 0.08641601 -0.00971858 -0.01725250
v 0.08092725 -0.00481436 -0.01797244
v 0.08761632 -0.00239215 -0.01763353
v 0.09000605 -0.00653938 -0.01658058
v 0.09506929 -0.00690962 -0.01502559
v 0.09299427 -0.01172015 -0.01605189
v 0.08346599 0.00314091 -0.01905680
v 0.07567364 0.00123127 -0.01897579
v 0.05727428 0.00182843 -0.01874411
v 0.05812508 -0.00418459 -0.01791909
v 0.07177126 -0.01918084 -0.01778656
v 0.06668937 -0.01153463 -0.01751077
v 0.07387871 -0.02761948 -0.01661348
v 0.09067911 -0.01790135 -0.01697183
v 0.08090979 -0.01619108 -0.01743650
v 0.07392216 -0.00820278 -0.01732212
v 0.06759423 -0.00161936 -0.01786238
v 0.06296700 0.00410978 -0.01904926
v 0.05525279 0.01410945 -0.02256039
v 0.05176073 0.02047981 -0.02545068
v 0.04764360 0.02894227 -0.02704316
v 0.04377031 0.03709550 -0.02148336
v 0.08922756 -0.02671019 -0.01508608
v 0.08153093 -0.02644990 -0.01550436
v 0.04704666 0.00965795 -0.02202338
v 0.04280829 0.01650988 -0.02600884
v 0.09466881 -0.00106194 -0.01598540
v 0.08749861 0.00977818 -0.01889503
v 0.07367218 0.03385987 -0.02404806
v 0.07472312 0.02639919 -0.02314451
v 0.07169950 0.04036261 -0.02098641
v 0.07727695 0.02074317 -0.02137688
v 0.09096110 0.00407251 -0.01729235
v -0.00131691 -0.03349816 -0.00979441
v 0.03563523 -0.04968471 -0.02161774
v 0.04395288 -0.04827245 -0.01519242
v 0.03082377 -0.04567951 -0.03023145
v 0.03087538 -0.03910959 -0.03636599
v 0.03486478 -0.03044052 -0.03862634
v 0.04141408 -0.02318330 -0.03531739
v 0.04983377 -0.04376608 -0.01131135
v 0.05834985 -0.02755563 -0.02213332
v 0.05983943 -0.03374172 -0.01733398
v 0.07374918 -0.03429207 -0.01160273
v 0.08797663 -0.03301650 -0.00769544
v 0.08094323 -0.03343031 -0.00913623
v 0.05734706 -0.04008579 -0.01226786
v 0.07012355 -0.03630226 -0.00378814
v 0.07626379 -0.03190750 0.00225168
v 0.08598357 -0.03093864 0.00227654
v 0.06497204 -0.03407864 -0.01427233
v 0.06458145 -0.02894112 -0.01850197
v 0.06329608 -0.03840851 -0.00813729
v 0.05363482 -0.02397195 -0.02561787
v 0.06154168 -0.02206862 -0.02072018
v 0.04184425 -0.01315826 -0.02780196
v 0.04806393 -0.01876686 -0.02733779
v 0.05740911 -0.01549479 -0.02088660
v 0.05124635 -0.00973012 -0.02063608
v 0.03400046 -0.00430671 -0.02485737
v 0.03704691 0.00302801 -0.02239099
v 0.03206241 -0.00736728 -0.02795109
v 0.03262126 0.01238407 -0.02671477
v 0.02777237 0.02282904 -0.02870676
v 0.03835511 0.02593468 -0.02822959
v 0.03447360 0.03526820 -0.02195907
v 0.02399778 0.03265511 -0.02175695
v 0.03330016 0.03775279 -0.00932300
v 0.02294600 0.03576781 -0.00794631
v 0.03461331 0.03097672 0.00301871
v 0.02491361 0.02903254 0.00507444
v 0.05422437 -0.04072094 -0.00604901
v 0.05868381 -0.03832738 -0.00141594
v 0.08357108 -0.02021295 0.00924656
v 0.07441396 -0.01966570 0.01049021
v 0.06478548 -0.01913284 0.01174977
v 0.06255627 -0.03470982 0.00249588
v 0.03470117 -0.00831651 0.01519272
v 0.03139180 0.00414192 0.01511943
v 0.02798891 0.01706267 0.01230443
v 0.06783193 0.04234989 -0.01410097
v 0.06632143 0.03821414 -0.00630540
v 0.05947691 0.04141214 -0.01312909
v 0.05970377 0.03588702 -0.00388426
v 0.05078316 0.03944458 -0.01151764
v 0.05165911 0.03377272 -0.00119752
v 0.04251456 0.03872861 -0.01039004
v 0.04347563 0.03239949 0.00089109
v 0.04400361 -0.00691380 0.01422632
v 0.04100567 0.00581189 0.01339194
v 0.03786403 0.01920099 0.00967327
v 0.05299616 -0.00610073 0.01328897
v 0.04994565 0.00728043 0.01173508
v 0.04673928 0.02096024 0.00728720
v 0.06215632 -0.00544380 0.01243511
v 0.05879450 0.00878992 0.01014635
v 0.05495447 0.02268730 0.00519070
v 0.07169878 -0.00520693 0.01110810
v 0.06802619 0.01033062 0.00818264
v 0.06326044 0.02509245 0.00230625
v 0.08251905 -0.00526050 0.00858304
v 0.07887018 0.01191159 0.00426507
v 0.07169825 0.02793536 -0.00268522
v 0.05521417 -0.01824410 0.01193494
v 0.05558932 -0.03256868 0.00550056
v 0.04619426 -0.01832588 0.01224107
v 0.03735572 -0.01940504 0.01222256
v 0.04413533 -0.03396516 0.00401628
v 0.05003941 -0.03237774 0.00583792
v 0.04927582 -0.03827306 -0.00044739
v 0.05360532 -0.03571715 0.00304437
v 0.01850981 -0.02568560 0.00991461
v 0.03192031 -0.02948882 0.00604025
v 0.04021692 -0.02758022 0.00794148
v 0.04813957 -0.02681397 0.00889617
v 0.05596751 -0.02706425 0.00868785
v 0.06472898 -0.02868475 0.00695986
v 0.08282411 0.01589355 -0.02039719
v 0.07473648 0.01476790 -0.02200401
v 0.06704617 0.01263349 -0.02187353
v 0.05904919 0.00903912 -0.02072912
v 0.05240589 0.00491019 -0.01987153
v 0.04722428 -0.00086576 -0.01985633
v 0.04259950 -0.00589464 -0.02214041
v 0.03591561 -0.00912683 -0.02768832
v 0.00128162 -0.03441345 -0.00230280
v 0.00400120 -0.02571059 0.01293156
v -0.00149608 -0.02874596 -0.01612428
v -0.00901431 -0.02260676 -0.01640821
v 0.00378346 -0.03424407 -0.01267630
v 0.01060414 -0.03741110 -0.00870219
v 0.01094157 -0.03459542 0.00001132
v 0.00117141 -0.01164405 0.01982042
v 0.01298726 -0.02896954 0.00852826
v 0.01651663 -0.02077389 0.01303452
v 0.00911200 -0.01732061 0.01621005
v -0.01020598 -0.01158953 -0.02090394
v -0.00063550 -0.01442576 -0.02348465
v 0.00750303 -0.03200369 -0.02007717
v 0.00585133 -0.02461411 -0.02326030
v 0.01204348 -0.03742177 -0.01675794
v 0.01876593 -0.04120701 -0.01497063
v 0.01898843 -0.03963191 -0.00692880
v 0.01947510 -0.03582297 0.00078616
v 0.02110326 -0.03003483 0.00682089
v -0.00059575 0.00186054 0.01989320
v 0.01331705 -0.00882465 0.01750660
v 0.00635028 -0.00406972 0.01883644
v 0.02339810 -0.02303107 0.01079515
v 0.02650291 -0.01652174 0.01412854
v 0.02004606 -0.01276714 0.01608801
v -0.00272399 -0.00486468 -0.02333367
v -0.01167315 -0.00197361 -0.02156356
v 0.00749850 -0.01574434 -0.02651045
v 0.00536776 -0.00657103 -0.02588746
v 0.01153862 -0.00756832 -0.02827615
v 0.01081526 -0.02978698 -0.02555397
v 0.01365268 -0.03575968 -0.02386558
v 0.01302457 -0.01473595 -0.02957398
v 0.01097435 -0.02270509 -0.02814859
v 0.01948333 -0.04077273 -0.02253538
v 0.02605462 -0.04463072 -0.02123696
v 0.02655947 -0.04429456 -0.01396042
v 0.02752692 -0.03721601 -0.00009462
v 0.02726442 -0.04157143 -0.00671372
v 0.02792352 -0.03118809 0.00475764
v 0.02992600 -0.02564708 0.00870118
v -0.00187886 0.01558019 0.01608628
v -0.00482798 0.02426657 0.00338405
v 0.00430912 0.00894099 0.01735875
v 0.01037002 0.00374345 0.01743281
v 0.02324688 -0.00477104 0.01687139
v 0.01656830 -0.00049209 0.01702702
v 0.02984399 -0.00936841 0.01561937
v 0.03279966 -0.02020834 0.01198411
v 0.03602779 -0.01428653 0.01422569
v -0.00508994 0.00367839 -0.02271217
v -0.01258034 0.00875525 -0.02098304
v 0.00271153 0.00162449 -0.02496508
v 0.01001942 0.00044880 -0.02736801
v 0.01628143 -0.00134186 -0.02809983
v 0.02298570 -0.00233061 -0.02772710
v 0.01703626 -0.00762590 -0.02961105
v 0.01424479 -0.02606239 -0.02980173
v 0.01476032 -0.01949573 -0.03036854
v 0.01721132 -0.03323861 -0.02965295
v 0.02198917 -0.03912990 -0.02884865
v 0.01838100 -0.01340262 -0.03111458
v 0.02284956 -0.00771831 -0.02973577
v 0.03260767 -0.04774108 -0.01915663
v 0.02711362 -0.04394277 -0.02751887
v 0.03272092 -0.04796443 -0.02600759
v 0.03390211 -0.04582911 -0.01310879
v 0.03488368 -0.04231095 -0.00716481
v 0.03453225 -0.03805651 -0.00158167
v 0.03475279 -0.03311796 0.00322810
v 0.03613079 -0.02837931 0.00710058
v 0.03877991 -0.02371403 0.01004657
v 0.00166738 0.02140287 0.00962925
v 0.00775421 0.01676776 0.01361471
v 0.00407112 0.02618146 0.00199285
v -0.00167382 0.02537787 -0.00528374
v -0.00700235 0.02259459 -0.01193053
v 0.01979119 0.00756162 0.01580268
v 0.01368690 0.01210671 0.01523048
v 0.02644026 0.00295665 0.01584902
v 0.03316504 -0.00216057 0.01569581
v 0.03937453 -0.00754048 0.01469418
v 0.04177618 -0.01873983 0.01231772
v 0.04523027 -0.01298656 0.01354867
v -0.00672895 0.01395544 -0.02016369
v -0.00053149 0.01059172 -0.02340588
v 0.00632423 0.00912839 -0.02706826
v 0.01411825 0.00675717 -0.02851877
v 0.02199101 0.00478153 -0.02739912
v 0.02896351 -0.00416776 -0.02695015
v 0.02949411 0.00207089 -0.02496287
v 0.03533757 -0.00141850 -0.02310237
v 0.02072179 -0.02343108 -0.03346443
v 0.02311254 -0.03089290 -0.03424263
v 0.02381492 -0.01153267 -0.03088945
v 0.02069581 -0.01639580 -0.03201234
v 0.03031999 -0.04265303 -0.03362855
v 0.02654392 -0.03739149 -0.03397536
v 0.02837723 -0.00809975 -0.02922466
v 0.03292286 -0.00606765 -0.02666864
v 0.03965372 -0.04961060 -0.01787603
v 0.04109317 -0.04642825 -0.01290923
v 0.04024595 -0.05139173 -0.03162745
v 0.03905928 -0.05182278 -0.02495551
v 0.03465402 -0.04721606 -0.03295469
v 0.04194224 -0.04245558 -0.00824648
v 0.04129779 -0.03896495 -0.00284770
v 0.04202133 -0.03104623 0.00592461
v 0.04107583 -0.03503000 0.00224590
v 0.04423344 -0.02703746 0.00852168
v 0.04747951 -0.02285080 0.01058844
v 0.01025397 0.02422108 0.00796419
v 0.01657516 0.02029089 0.01157632
v 0.00691313 0.02930106 -0.00580156
v 0.01306993 0.02999616 0.00104329
v 0.00186342 0.02600351 -0.01247579
v -0.00216734 0.02034457 -0.01750979
v 0.02312511 0.01570070 0.01337820
v 0.02961540 0.01051963 0.01414335
v 0.03625369 0.00501073 0.01430473
v 0.04263115 -0.00064304 0.01421800
v 0.05426323 -0.01259018 0.01296654
v 0.04848647 -0.00650146 0.01372048
v 0.05062187 -0.01823850 0.01215056
v 0.00268441 0.01882059 -0.02285671
v 0.00964171 0.01651899 -0.02704972
v 0.01791751 0.01366037 -0.02879962
v 0.02670032 0.01066792 -0.02750432
v 0.03475595 0.00787207 -0.02447814
v 0.04494488 -0.00372414 -0.02042681
v 0.03839540 -0.00488985 -0.02328488
v 0.04267389 0.00091033 -0.02073127
v 0.02873456 -0.01481068 -0.03268683
v 0.02880967 -0.02120936 -0.03529376
v 0.03239489 -0.03491409 -0.03805751
v 0.03023404 -0.02833949 -0.03718507
v 0.03365576 -0.00804445 -0.02782059
v 0.03086478 -0.01056517 -0.03003758
v 0.03487992 -0.04030818 -0.03800318
v 0.03844327 -0.04498116 -0.03769341
v 0.03963876 -0.00777879 -0.02492654
v 0.04591572 -0.05343780 -0.02342182
v 0.04662675 -0.05043139 -0.01796833
v 0.04736465 -0.04607115 -0.01306432
v 0.04733437 -0.04238998 -0.00868249
v 0.04360175 -0.04929662 -0.03748471
v 0.05016828 -0.05240754 -0.03601703
v 0.04674500 -0.05455179 -0.03029764
v 0.04707515 -0.03943373 -0.00314349
v 0.04670537 -0.03632609 0.00184569
v 0.04720944 -0.03310113 0.00511330
v 0.04895157 -0.02986749 0.00731790
v 0.05203211 -0.02677833 0.00896204
v 0.05600160 -0.02294775 0.01030222
v 0.01984662 0.02762372 0.00609812
v 0.02635980 0.02327123 0.00941378
v 0.00661534 0.02579451 -0.01933080
v 0.01123226 0.03108102 -0.01375097
v 0.02376497 0.03341467 -0.00081542
v 0.01735771 0.03397628 -0.00705341
v 0.03293318 0.01821205 0.01104093
v 0.03932494 0.01251833 0.01209250
v 0.05171406 0.00065920 0.01313835
v 0.04552931 0.00655161 0.01253203
v 0.05754364 -0.00574081 0.01290476
v 0.06005496 -0.01843895 0.01177800
v 0.06361765 -0.01270220 0.01264271
v 0.01324415 0.02427629 -0.02505606
v 0.03021979 0.01726161 -0.02851701
v 0.02175164 0.02124008 -0.02850983
v 0.03795952 0.01442669 -0.02631465
v 0.04486310 0.01282258 -0.02391466
v 0.04268515 0.00675269 -0.02193600
v 0.05461359 -0.00763323 -0.01889458
v 0.04688096 -0.00759619 -0.02130100
v 0.05214733 -0.00238415 -0.01885059
v 0.04961890 0.00707227 -0.02070445
v 0.04978478 0.00214365 -0.01958418
v 0.03873634 -0.01083688 -0.02777326
v 0.03731173 -0.01481794 -0.03143108
v 0.03700298 -0.02012687 -0.03497607
v 0.03814268 -0.02647244 -0.03762969
v 0.04132682 -0.03744288 -0.03998414
v 0.03940010 -0.03224054 -0.03934804
v 0.04498118 -0.04177005 -0.04047137
v 0.05021787 -0.04540526 -0.04060325
v 0.04648823 -0.01175005 -0.02407718
v 0.05299771 -0.05510547 -0.02808401
v 0.05195045 -0.05334007 -0.02242768
v 0.05228859 -0.04930289 -0.01778957
v 0.05159581 -0.04530455 -0.01410630
v 0.05202448 -0.04194812 -0.00875077
v 0.05173010 -0.03983196 -0.00310484
v 0.05573678 -0.04886341 -0.03893659
v 0.06121886 -0.05115161 -0.03584522
v 0.05624825 -0.05392699 -0.03290221
v 0.05156350 -0.03708119 0.00143835
v 0.05152506 -0.03432335 0.00440195
v 0.05274153 -0.03213720 0.00595379
v 0.05584043 -0.03012534 0.00700504
v 0.06015229 -0.02764546 0.00800002
v 0.06511378 -0.02432089 0.00933647
v 0.02986419 0.03007187 0.00409657
v 0.03583074 0.02524979 0.00688496
v 0.02305919 0.03541623 -0.01534224
v 0.01812667 0.03090763 -0.02109051
v 0.03377700 0.03537227 -0.00257838
v 0.02824050 0.03695388 -0.00863582
v 0.04831445 0.01426684 0.00993985
v 0.04238081 0.02009200 0.00839534
v 0.05434471 0.00804295 0.01096407
v 0.06072283 0.00178766 0.01205835
v 0.06680775 -0.00522725 0.01178876
v 0.06967622 -0.01950412 0.01116282
v 0.07307607 -0.01300118 0.01157501
v 0.02556503 0.02833504 -0.02645200
v 0.04062694 0.02086280 -0.02783820
v 0.03328425 0.02445515 -0.02858639
v 0.04742420 0.01860470 -0.02570277
v 0.05347264 0.01709381 -0.02394143
v 0.05124211 0.01209261 -0.02228856
v 0.06224835 -0.01369119 -0.01908889
v 0.05443466 -0.01243871 -0.02071005
v 0.06270176 -0.00797460 -0.01759395
v 0.05517441 0.00309648 -0.01915407
v 0.05738729 -0.00045289 -0.01820463
v 0.05554157 0.00717761 -0.02017391
v 0.05713940 0.01147798 -0.02159458
v 0.04499608 -0.01588177 -0.02754891
v 0.04475135 -0.02074003 -0.03158587
v 0.04710269 -0.03158502 -0.03714764
v 0.04588532 -0.02636065 -0.03472230
v 0.04904538 -0.03512715 -0.03836527
v 0.05338866 -0.03813796 -0.03889361
v 0.05778009 -0.04146604 -0.03961346
v 0.06251419 -0.04503685 -0.03909075
v 0.05234557 -0.01706093 -0.02360189
v 0.06158119 -0.05423123 -0.02942777
v 0.05830652 -0.05398556 -0.02539331
v 0.05639559 -0.05148125 -0.02129322
v 0.05546820 -0.04697667 -0.01808098
v 0.05488616 -0.04182674 -0.01398343
v 0.05571580 -0.04125549 -0.00915024
v 0.05654246 -0.03962396 -0.00366062
v 0.05591589 -0.03724206 0.00110003
v 0.06653488 -0.04865693 -0.03723413
v 0.06998265 -0.05127588 -0.03482750
v 0.06568474 -0.05295701 -0.03266811
v 0.05500746 -0.03439738 0.00410420
v 0.06395739 -0.03205379 0.00467700
v 0.05893391 -0.03339316 0.00442255
v 0.06996787 -0.03012753 0.00531971
v 0.07553321 -0.02610961 0.00747368
v 0.03914231 0.03173880 0.00194842
v 0.04462880 0.02693300 0.00457582
v 0.03351593 0.03766058 -0.01604402
v 0.02941263 0.03411077 -0.02192131
v 0.03805673 0.03834270 -0.00985098
v 0.04285592 0.03650985 -0.00431961
v 0.05081314 0.02179181 0.00625598
v 0.05689788 0.01605430 0.00819767
v 0.06333572 0.00952198 0.00926796
v 0.07028437 0.00259506 0.01076162
v 0.07643980 -0.00500662 0.01000842
v 0.07894379 -0.01992439 0.00994256
v 0.08203810 -0.01329292 0.00917324
v 0.03614318 0.03111006 -0.02631754
v 0.04977673 0.02441872 -0.02683789
v 0.04310620 0.02745871 -0.02766114
v 0.05923611 0.01605942 -0.02274099
v 0.05587572 0.02227788 -0.02518544
v 0.06139368 0.02064713 -0.02403891
v 0.05965608 -0.01883806 -0.02086958
v 0.06956756 -0.01532655 -0.01766413
v 0.06673938 -0.02104321 -0.01932359
v 0.07017612 -0.01001503 -0.01713648
v 0.06332284 -0.00314230 -0.01755235
v 0.07068348 -0.00480935 -0.01753700
v 0.05963665 0.00275101 -0.01875106
v 0.06105340 0.00667885 -0.01977479
v 0.06507772 0.00135586 -0.01829574
v 0.06309342 0.01100209 -0.02131486
v 0.06504357 0.01520403 -0.02244335
v 0.05099374 -0.02169905 -0.02679935
v 0.05156255 -0.02611063 -0.02855155
v 0.05254000 -0.03279887 -0.03366861
v 0.06049585 -0.03544621 -0.03401124
v 0.06502032 -0.03805848 -0.03653297
v 0.06955355 -0.04248464 -0.03845158
v 0.07255864 -0.04685577 -0.03800794
v 0.05688900 -0.02290131 -0.02283767
v 0.06982124 -0.05382943 -0.02984819
v 0.06624734 -0.05364192 -0.02626154
v 0.06309026 -0.05157635 -0.02261040
v 0.06060606 -0.04781321 -0.01981691
v 0.05900377 -0.04302099 -0.01902920
v 0.05728179 -0.03777440 -0.01943421
v 0.05628335 -0.04073821 -0.01775038
v 0.05839425 -0.03490451 -0.01797533
v 0.05903161 -0.03726674 -0.01513869
v 0.06021315 -0.03910627 -0.01025525
v 0.06102949 -0.03910423 -0.00441092
v 0.06072402 -0.03678657 0.00041538
v 0.07402223 -0.04982842 -0.03617525
v 0.07594216 -0.05140977 -0.03456542
v 0.07317418 -0.05285065 -0.03252235
v 0.07310319 -0.03454075 -0.00131482
v 0.06654525 -0.03579271 -0.00018510
v 0.08488870 -0.02642390 0.00678119
v 0.08165783 -0.03130565 0.00234881
v 0.04763097 0.03306691 -0.00017738
v 0.05293548 0.02879424 0.00250539
v 0.03924477 0.03627650 -0.02178466
v 0.04275459 0.03898643 -0.01639980
v 0.05103326 0.03748645 -0.00606686
v 0.04672378 0.03906814 -0.01090658
v 0.05913329 0.02378968 0.00386506
v 0.06559736 0.01814737 0.00580487
v 0.07267141 0.01135788 0.00638711
v 0.08048648 0.00361779 0.00899661
v 0.09193808 -0.01587216 0.00700402
v 0.08737516 -0.00952011 0.00659660
v 0.08807003 -0.02044207 0.00834870
v 0.04547560 0.03349311 -0.02526003
v 0.05804080 0.02761520 -0.02613106
v 0.05188090 0.03030210 -0.02648228
v 0.06686640 0.01914163 -0.02335429
v 0.06378698 0.02535043 -0.02549347
v 0.06886864 0.02290963 -0.02442357
v 0.07714504 -0.01188361 -0.01741770
v 0.07574260 -0.01795782 -0.01715803
v 0.06310070 -0.02552426 -0.01987442
v 0.07319802 -0.02334779 -0.01757312
v 0.06921542 -0.02870324 -0.01752508
v 0.07174855 -0.00011815 -0.01854810
v 0.07828665 -0.00188134 -0.01841897
v 0.07753909 -0.00648261 -0.01783669
v 0.06700003 0.00577538 -0.01974833
v 0.06903404 0.01000015 -0.02108964
v 0.07325286 0.00429300 -0.01958251
v 0.07095152 0.01390326 -0.02213526
v 0.07245809 0.01738887 -0.02256420
v 0.05372924 -0.02984556 -0.02820957
v 0.05616552 -0.02573239 -0.02411771
v 0.05681890 -0.02875539 -0.02320194
v 0.05630052 -0.03220485 -0.02460170
v 0.05755311 -0.03349904 -0.02950943
v 0.06255937 -0.03430088 -0.02476764
v 0.06677651 -0.03466995 -0.02891162
v 0.07191998 -0.03596561 -0.03339502
v 0.07641667 -0.03879467 -0.03712109
v 0.07856989 -0.04634080 -0.03822273
v 0.07753092 -0.04953027 -0.03636235
v 0.06085956 -0.02777764 -0.02029303
v 0.07627314 -0.05365096 -0.03010857
v 0.07354486 -0.05368016 -0.02702695
v 0.07093740 -0.05216024 -0.02359059
v 0.06815624 -0.04870291 -0.02071261
v 0.06534654 -0.04446175 -0.01921502
v 0.06245100 -0.03993805 -0.01960495
v 0.05720901 -0.03254411 -0.02092162
v 0.05929416 -0.03573277 -0.02166089
v 0.05966514 -0.03048994 -0.01952377
v 0.06189668 -0.03335246 -0.01595011
v 0.06457907 -0.03650066 -0.01121497
v 0.06657302 -0.03768795 -0.00623497
v 0.08127058 -0.05027671 -0.03519899
v 0.07911074 -0.05250303 -0.03274709
v 0.07261312 -0.03591126 -0.00793678
v 0.07763946 -0.03380665 -0.01026970
v 0.07960993 -0.03413019 -0.00406960
v 0.08998948 -0.03047390 0.00220633
v 0.09298152 -0.02583355 0.00571793
v 0.08711737 -0.03298732 -0.00276208
v 0.08449697 -0.03328861 -0.00832084
v 0.05573261 0.03460248 -0.00228611
v 0.06095040 0.03110992 -0.00050750
v 0.05119574 0.03989347 -0.01679224
v 0.04809391 0.03779451 -0.02121449
v 0.05920583 0.03954287 -0.00825891
v 0.05509126 0.04038727 -0.01231569
v 0.06708282 0.02671481 0.00000247
v 0.07495910 0.02079275 0.00255939
v 0.09206003 0.00310568 0.00793698
v 0.08591175 0.00885986 0.00475433
v 0.08780819 -0.00295136 0.00790387
v 0.09649676 -0.02092993 0.00661385
v 0.10201383 -0.01756244 0.00546277
v 0.09786046 -0.01397030 0.00412071
v 0.09272367 -0.00720267 0.00544286
v 0.09218174 -0.00953110 0.00431496
v 0.05392414 0.03543590 -0.02442795
v 0.06638306 0.02993609 -0.02637669
v 0.06057316 0.03298840 -0.02623600
v 0.07575518 0.02337377 -0.02219266
v 0.07391655 0.02050921 -0.02260381
v 0.07129413 0.02657412 -0.02472162
v 0.08352512 -0.00749894 -0.01758385
v 0.08395290 -0.01227994 -0.01748681
v 0.08134049 -0.02179093 -0.01679596
v 0.07772124 -0.02672535 -0.01564634
v 0.06508094 -0.03147391 -0.01662701
v 0.07410306 -0.03135578 -0.01443261
v 0.06909823 -0.03449993 -0.01305094
v 0.08418047 -0.00350478 -0.01794207
v 0.07958013 0.00232409 -0.01914352
v 0.08561724 0.00026240 -0.01834249
v 0.07696408 0.01202666 -0.02128974
v 0.07509470 0.00832150 -0.02065921
v 0.08130515 0.00613034 -0.01978025
v 0.07864827 0.01539001 -0.02139276
v 0.07980466 0.01837005 -0.02082348
v 0.06689960 -0.03735938 -0.02124879
v 0.07234389 -0.03575288 -0.02392212
v 0.07743049 -0.03566691 -0.02830702
v 0.08114767 -0.03550181 -0.03337020
v 0.08542430 -0.03698348 -0.03664091
v 0.08121991 -0.04157986 -0.03871956
v 0.08606851 -0.04310574 -0.03846407
v 0.08330178 -0.04712777 -0.03730243
v 0.08249754 -0.05270691 -0.03010827
v 0.07962263 -0.05329150 -0.02710211
v 0.07656139 -0.05260424 -0.02442265
v 0.07487649 -0.05059428 -0.02193049
v 0.07371473 -0.04703650 -0.01976559
v 0.07094783 -0.04230226 -0.01924163
v 0.08723205 -0.04784600 -0.03555983
v 0.08494818 -0.05087525 -0.03301582
v 0.08149952 -0.03050108 -0.01299831
v 0.09460562 -0.03199008 -0.00231084
v 0.09147674 -0.03261144 -0.00725210
v 0.09781259 -0.02947837 0.00194001
v 0.10165083 -0.02579658 0.00479805
v 0.08545035 -0.02661556 -0.01536787
v 0.08864218 -0.03065649 -0.01205897
v 0.06333572 0.03722276 -0.00531706
v 0.06770563 0.03403762 -0.00429034
v 0.06064075 0.04167790 -0.01788554
v 0.05721349 0.03960204 -0.02154836
v 0.06652313 0.04108573 -0.00987661
v 0.06404358 0.04209445 -0.01386178
v 0.08319497 0.01496612 0.00183514
v 0.08622921 0.02069772 0.00120720
v 0.07842362 0.02592849 -0.00269231
v 0.09827769 -0.00200667 0.00782996
v 0.10291433 0.00281228 0.00836769
v 0.09851933 0.00717195 0.00535640
v 0.08939171 0.01167774 0.00050679
v 0.09064406 0.01001555 0.00168931
v 0.10656881 -0.02202864 0.00562358
v 0.11174816 -0.01860433 0.00452363
v 0.10742974 -0.01484515 0.00341940
v 0.09634221 -0.01170743 0.00148705
v 0.10357881 -0.01247555 0.00093088
v 0.10112107 -0.01184789 -0.00168082
v 0.09539175 -0.00951850 0.00226495
v 0.09844548 -0.00950452 0.00026402
v 0.09707457 -0.00717980 0.00477201
v 0.09782016 -0.01090546 -0.00118193
v 0.06372601 0.03762762 -0.02450877
v 0.07423389 0.03004650 -0.02401918
v 0.06965566 0.03412226 -0.02534994
v 0.08030951 0.02110091 -0.01960328
v 0.07751530 0.02622100 -0.02120617
v 0.08124697 0.02327852 -0.01815224
v 0.08908910 -0.00483132 -0.01698366
v 0.08848923 -0.00786458 -0.01682836
v 0.09178442 -0.01448629 -0.01672941
v 0.08629948 -0.01740147 -0.01733568
v 0.08961976 -0.01103044 -0.01677677
v 0.08991987 -0.02217716 -0.01659435
v 0.09289157 0.00151828 -0.01661491
v 0.09105456 -0.00165191 -0.01701295
v 0.08725941 0.00371968 -0.01843253
v 0.08325678 0.00958797 -0.02003124
v 0.08534116 0.01290830 -0.01967546
v 0.08927524 0.00687828 -0.01802462
v 0.08728749 0.01676440 -0.01912436
v 0.08622849 0.02007151 -0.01753032
v 0.07681417 -0.03962056 -0.02003077
v 0.08133394 -0.03644846 -0.02316481
v 0.08550042 -0.03450203 -0.02784851
v 0.08969313 -0.03473894 -0.03235385
v 0.09321511 -0.03643191 -0.03511828
v 0.08957893 -0.03921223 -0.03783721
v 0.09326059 -0.04112425 -0.03778842
v 0.08999223 -0.04432933 -0.03743085
v 0.08811927 -0.05077881 -0.02999383
v 0.08542138 -0.05175406 -0.02668524
v 0.08212990 -0.05162286 -0.02362636
v 0.07837671 -0.05063272 -0.02191499
v 0.07929349 -0.04732861 -0.01961398
v 0.09059238 -0.04844217 -0.03357849
v 0.09331292 -0.04517296 -0.03633955
v 0.09868413 -0.03172838 -0.00679335
v 0.10223985 -0.03130050 -0.00249076
v 0.09568280 -0.03000071 -0.01108640
v 0.09287262 -0.02660019 -0.01464292
v 0.10639983 -0.02965872 0.00128019
v 0.11140823 -0.02677344 0.00346163
v 0.07303792 0.03519487 -0.00530902
v 0.06911355 0.03876776 -0.00689217
v 0.07263112 0.03066573 -0.00530890
v 0.06989723 0.04204892 -0.01794952
v 0.06735170 0.04066951 -0.02153355
v 0.07294309 0.04121392 -0.01016086
v 0.07119799 0.04220896 -0.01405856
v 0.09299260 0.01575423 0.00188997
v 0.09633893 0.02025862 0.00221306
v 0.09077048 0.02400667 -0.00121355
v 0.07976353 0.02621168 -0.00569123
v 0.07724959 0.02797395 -0.00708792
v 0.10198283 -0.00836966 0.00244454
v 0.10391057 -0.00559045 0.00646359
v 0.10811877 -0.00178092 0.00898752
v 0.11309612 0.00215125 0.00887713
v 0.10870880 0.00637356 0.00686544
v 0.09659016 0.00946271 0.00097325
v 0.10529202 0.00924954 0.00284213
v 0.10309404 0.00958372 -0.00135294
v 0.09360105 0.00993871 -0.00087884
v 0.09690005 0.00928152 -0.00272250
v 0.09339070 0.01156805 -0.00033924
v 0.09809512 0.00907676 -0.00249094
v 0.11596334 -0.02305724 0.00413790
v 0.11936033 -0.01952726 0.00364128
v 0.11618274 -0.01567523 0.00265712
v 0.11230731 -0.01296672 0.00043273
v 0.10832202 -0.01176908 -0.00232655
v 0.10107607 -0.01172041 -0.00500682
v 0.10539722 -0.01205699 -0.00576052
v 0.10403210 -0.01285829 -0.00896814
v 0.10179657 -0.00967051 -0.00162166
v 0.10012019 -0.01069383 -0.00370714
v 0.10254771 -0.01078697 -0.00633946
v 0.10221332 -0.01196206 -0.00809920
v 0.07287800 0.03748822 -0.02303302
v 0.07666105 0.03363057 -0.02284265
v 0.07952994 0.02980078 -0.02145478
v 0.08241314 0.02395907 -0.01589152
v 0.08412665 0.02316660 -0.01349977
v 0.08441383 0.02200097 -0.01556692
v 0.09525156 -0.00407151 -0.01539046
v 0.09214073 -0.00673899 -0.01602790
v 0.09405220 -0.00950824 -0.01534310
v 0.09472144 -0.01784539 -0.01618561
v 0.09629792 -0.01216322 -0.01475564
v 0.09869707 -0.01427718 -0.01377359
v 0.09746587 -0.02204953 -0.01517189
v 0.09819758 -0.00019066 -0.01471502
v 0.09418958 0.00451367 -0.01571685
v 0.09874839 0.00341160 -0.01333690
v 0.09386528 0.01408073 -0.01659933
v 0.09158367 0.00998360 -0.01729214
v 0.09593970 0.00717886 -0.01428273
v 0.08870542 0.02292249 -0.01417017
v 0.09301007 0.02122331 -0.01634458
v 0.08196688 -0.04307990 -0.01851895
v 0.08601278 -0.03856255 -0.01987636
v 0.09005702 -0.03567078 -0.02351978
v 0.09363705 -0.03476882 -0.02780238
v 0.09646153 -0.03849682 -0.03621170
v 0.09670401 -0.03567403 -0.03133810
v 0.09968811 -0.03750007 -0.03346038
v 0.09984893 -0.04043367 -0.03629673
v 0.09644353 -0.04256113 -0.03730872
v 0.09348130 -0.04932783 -0.02997297
v 0.09114605 -0.04996393 -0.02617550
v 0.08832079 -0.04979924 -0.02326635
v 0.08434623 -0.04879730 -0.02078921
v 0.08746821 -0.04530575 -0.01893854
v 0.10002363 -0.04395809 -0.03658587
v 0.09694558 -0.04584305 -0.03554794
v 0.09981281 -0.02620454 -0.01320571
v 0.10298026 -0.02943354 -0.01058030
v 0.10684508 -0.03131830 -0.00722480
v 0.11159736 -0.03147976 -0.00381196
v 0.11615354 -0.02996345 -0.00014332
v 0.11956525 -0.02693492 0.00251538
v 0.07570875 0.03875562 -0.00677609
v 0.07775551 0.03169013 -0.00541455
v 0.07926375 0.03547890 -0.00501922
v 0.07602209 0.04152520 -0.01714048
v 0.07482755 0.04004577 -0.02032164
v 0.07934046 0.04103450 -0.00970855
v 0.07721663 0.04186979 -0.01353782
v 0.09860235 0.00993153 -0.00183937
v 0.09910476 0.01259936 0.00138301
v 0.10210919 0.01640118 0.00314510
v 0.10583603 0.02025507 0.00253537
v 0.10108906 0.02359879 0.00047657
v 0.08762866 0.02596771 -0.00639728
v 0.09665954 0.02558602 -0.00375253
v 0.09335625 0.02562703 -0.00838655
v 0.08525139 0.02498509 -0.00935993
v 0.08027655 0.02593711 -0.00794640
v 0.08119416 0.02564161 -0.00935268
v 0.07854599 0.02812906 -0.00730497
v 0.10654974 -0.00898101 0.00004500
v 0.10495889 -0.00964316 -0.00421882
v 0.10958833 -0.00785491 0.00399962
v 0.11371803 -0.00559654 0.00743052
v 0.11751163 -0.00225153 0.00872764
v 0.12084186 0.00142523 0.00848573
v 0.11768502 0.00524620 0.00731105
v 0.11437577 0.00846441 0.00447002
v 0.11102664 0.00977360 0.00015461
v 0.10344517 0.00870435 -0.00552517
v 0.10860306 0.00912548 -0.00434864
v 0.10628909 0.00687902 -0.00816631
v 0.09930074 0.00774783 -0.00529554
v 0.09953755 0.00750960 -0.00535581
v 0.10015219 0.00653072 -0.00911209
v 0.10225415 0.00646609 -0.00899306
v 0.12239331 -0.02349669 0.00364786
v 0.12508804 -0.02018735 0.00351539
v 0.12231731 -0.01652882 0.00272512
v 0.11977917 -0.01383325 0.00054249
v 0.11674637 -0.01237949 -0.00252774
v 0.10913044 -0.01320818 -0.00940418
v 0.11286235 -0.01224845 -0.00621676
v 0.10201621 -0.01838547 -0.01377532
v 0.10200435 -0.01431548 -0.01203102
v 0.10591668 -0.01532736 -0.01211676
v 0.10001504 -0.01005489 -0.01189002
v 0.10341555 -0.00951012 -0.00813130
v 0.10164887 -0.01203347 -0.01026431
v 0.07816297 0.03713034 -0.02170968
v 0.08216208 0.02683833 -0.01894554
v 0.08088869 0.03374181 -0.02189961
v 0.08344191 0.03044490 -0.02091011
v 0.08448428 0.02525110 -0.01605538
v 0.08361077 0.02397259 -0.01329401
v 0.08289105 0.02451797 -0.01112553
v 0.08480275 0.02403952 -0.01159823
v 0.09823531 -0.00700962 -0.01346567
v 0.10177100 -0.00311634 -0.01225346
v 0.10434669 -0.02244099 -0.01394373
v 0.09900469 0.00557107 -0.01151434
v 0.10348076 0.00453541 -0.01118669
v 0.09880877 0.01149295 -0.01400244
v 0.09649360 0.01799213 -0.01585993
v 0.10127920 0.01500187 -0.01520336
v 0.09844959 0.00796037 -0.01176715
v 0.09191841 0.02457362 -0.01219785
v 0.09600490 0.02309577 -0.01376703
v 0.10019684 0.02100156 -0.01484603
v 0.09122884 -0.04166603 -0.01878530
v 0.09465480 -0.03860161 -0.02083504
v 0.09741980 -0.03696804 -0.02399740
v 0.10001367 -0.03668937 -0.02776003
v 0.10298759 -0.03947189 -0.03391826
v 0.10232645 -0.03780566 -0.03064457
v 0.10443854 -0.03927078 -0.03108636
v 0.10579240 -0.04121746 -0.03266701
v 0.10363609 -0.04216681 -0.03553551
v 0.09583229 -0.04778490 -0.03325769
v 0.09679425 -0.04905387 -0.03019395
v 0.09628242 -0.04904394 -0.02663964
v 0.09542900 -0.04822029 -0.02255681
v 0.09197986 -0.04719936 -0.02058879
v 0.09583390 -0.04428889 -0.01945788
v 0.10620683 -0.04413893 -0.03414622
v 0.10343510 -0.04491396 -0.03562337
v 0.10024184 -0.04623073 -0.03512043
v 0.09833485 -0.04798289 -0.03320354
v 0.10759538 -0.02622103 -0.01347780
v 0.11224318 -0.02944676 -0.01188111
v 0.11752719 -0.03133740 -0.00819167
v 0.12100691 -0.03122429 -0.00312075
v 0.12296939 -0.02914950 0.00081179
v 0.12493098 -0.02669074 0.00264344
v 0.08155060 0.02665691 -0.00864038
v 0.08143252 0.02913790 -0.00622651
v 0.08202624 0.03875775 -0.00664344
v 0.08280361 0.03237269 -0.00490412
v 0.08504152 0.03572438 -0.00506657
v 0.08057809 0.04136587 -0.01651081
v 0.07926655 0.03981225 -0.01950046
v 0.08501267 0.04080696 -0.00924170
v 0.08252198 0.04183007 -0.01294068
v 0.10246456 0.00849677 -0.00477678
v 0.10107797 0.00761704 -0.00880697
v 0.10449082 0.01010230 -0.00101075
v 0.10724813 0.01288772 0.00190884
v 0.10982710 0.01654816 0.00300416
v 0.11217076 0.01988032 0.00208512
v 0.10933495 0.02318412 0.00072476
v 0.10581464 0.02556359 -0.00225395
v 0.10195780 0.02617571 -0.00651172
v 0.09876323 0.02500026 -0.01066935
v 0.11125582 -0.00903665 -0.00297457
v 0.11533076 -0.00913006 0.00091296
v 0.10497415 -0.00581083 -0.00964788
v 0.10802740 -0.00780461 -0.00675616
v 0.11914271 -0.00815217 0.00442001
v 0.12169915 -0.00566944 0.00742522
v 0.12385535 -0.00231618 0.00894201
v 0.12618971 0.00106108 0.00903374
v 0.12378150 0.00439621 0.00783536
v 0.12176430 0.00738760 0.00580540
v 0.11950958 0.00933143 0.00197098
v 0.11260509 0.00752232 -0.00660917
v 0.11637658 0.00933372 -0.00263357
v 0.10538304 0.00119916 -0.01127908
v 0.10914934 0.00472276 -0.00981969
v 0.12731522 -0.02414284 0.00354427
v 0.12971127 -0.02086333 0.00376967
v 0.12719643 -0.01709954 0.00290224
v 0.12463176 -0.01470613 0.00120375
v 0.12291139 -0.01325497 -0.00107625
v 0.11801124 -0.01326078 -0.00933024
v 0.12131000 -0.01258533 -0.00473100
v 0.11330044 -0.01518697 -0.01274684
v 0.10878897 -0.01867228 -0.01400614
v 0.08218545 0.03733818 -0.02103505
v 0.08647943 0.02770276 -0.01890478
v 0.08528411 0.03431587 -0.02156261
v 0.08896041 0.03102371 -0.02082551
v 0.08964181 0.02585535 -0.01602796
v 0.08651614 0.02475404 -0.01308447
v 0.08369935 0.02530540 -0.01067105
v 0.10848451 -0.00193699 -0.01025820
v 0.11294293 -0.02215691 -0.01498508
v 0.10280138 0.00927327 -0.01170236
v 0.10462570 0.01844089 -0.01569384
v 0.10991126 0.01537325 -0.01585215
v 0.10586244 0.01183103 -0.01420644
v 0.10341865 0.02355780 -0.01243284
v 0.10883570 0.02191139 -0.01449898
v 0.09874338 -0.04146101 -0.02044722
v 0.10077077 -0.03978611 -0.02244124
v 0.10266548 -0.03897519 -0.02498877
v 0.10424507 -0.03900973 -0.02806148
v 0.10489720 -0.04039927 -0.02558804
v 0.10628605 -0.04082294 -0.02883998
v 0.10679269 -0.04272558 -0.02581814
v 0.10776114 -0.04337223 -0.02974775
v 0.10133135 -0.04920739 -0.03046277
v 0.09888417 -0.04927583 -0.02714020
v 0.10156977 -0.04848395 -0.02438357
v 0.09859926 -0.04844433 -0.02382454
v 0.10300618 -0.04711297 -0.02257586
v 0.09975988 -0.04607034 -0.02093637
v 0.10260409 -0.04349811 -0.02151731
v 0.10765868 -0.04615911 -0.02640840
v 0.10761821 -0.04699959 -0.03060350
v 0.10538208 -0.04639705 -0.03431377
v 0.10341126 -0.04754276 -0.03395095
v 0.11828196 -0.02577026 -0.01451063
v 0.12331229 -0.02896243 -0.01160914
v 0.12632293 -0.03142612 -0.00350496
v 0.12599444 -0.02949900 0.00050700
v 0.12915480 -0.02798057 0.00194135
v 0.08466148 0.02742080 -0.00808313
v 0.08625799 0.03003722 -0.00581837
v 0.08823860 0.03309142 -0.00492221
v 0.09039289 0.03580891 -0.00534132
v 0.08769399 0.03840601 -0.00654683
v 0.08605337 0.04152289 -0.01543999
v 0.08384323 0.04007558 -0.01881316
v 0.09037530 0.03997174 -0.00842464
v 0.08841085 0.04152133 -0.01160768
v 0.10611433 0.00813157 -0.00842780
v 0.10911351 0.00872459 -0.00442269
v 0.11162740 0.01045203 -0.00065148
v 0.11332291 0.01332359 0.00203618
v 0.11485356 0.01659509 0.00266328
v 0.11673230 0.01950451 0.00191784
v 0.11447150 0.02238978 0.00065404
v 0.11267292 0.02499485 -0.00138110
v 0.11035943 0.02619563 -0.00503179
v 0.10711151 0.02566133 -0.00910935
v 0.11223006 -0.00512732 -0.00912142
v 0.11694205 -0.00807550 -0.00679189
v 0.12168854 -0.00931820 -0.00260234
v 0.12462717 -0.00909029 0.00217494
v 0.12540752 -0.00744301 0.00594574
v 0.12656039 -0.00531206 0.00824416
v 0.12893844 -0.00261268 0.00927651
v 0.13196176 0.00068754 0.00927737
v 0.12892371 0.00418657 0.00850102
v 0.12645471 0.00661822 0.00701258
v 0.12531120 0.00844279 0.00465700
v 0.12217474 0.00849847 -0.00457492
v 0.12472922 0.00939465 0.00052306
v 0.11270851 0.00182810 -0.01040345
v 0.11752838 0.00570226 -0.00881788
v 0.13256401 -0.02500927 0.00310746
v 0.13592434 -0.02138095 0.00306433
v 0.13264275 -0.01748494 0.00268996
v 0.12912965 -0.01475092 0.00087783
v 0.12582755 -0.01353568 -0.00098833
v 0.12642986 -0.01293053 -0.00466466
v 0.12341815 -0.01538453 -0.01168936
v 0.11832732 -0.01810396 -0.01434216
v 0.08770180 0.03801361 -0.02045843
v 0.09178704 0.03526020 -0.02128404
v 0.09535837 0.03205742 -0.02056873
v 0.09269524 0.02828343 -0.01879621
v 0.09597218 0.02666499 -0.01541835
v 0.09234118 0.02562336 -0.01233056
v 0.08827400 0.02619682 -0.01013055
v 0.11765528 -0.00136598 -0.01084694
v 0.12334830 -0.02164189 -0.01409045
v 0.11044401 0.00928704 -0.01196361
v 0.11445159 0.01957311 -0.01558340
v 0.11937541 0.01641106 -0.01475221
v 0.11510104 0.01233885 -0.01431373
v 0.11305588 0.02470865 -0.01122928
v 0.11891073 0.02305369 -0.01298556
v 0.10413051 -0.04167977 -0.02326372
v 0.10592234 -0.04472067 -0.02357268
v 0.10620737 -0.04864516 -0.03079852
v 0.10425210 -0.04927250 -0.02663454
v 0.10634637 -0.04874231 -0.02652481
v 0.10502958 -0.04770126 -0.02407458
v 0.12784094 -0.02531693 -0.01310354
v 0.13277823 -0.02846039 -0.01146430
v 0.12864161 -0.03091015 -0.00835711
v 0.13413727 -0.03133612 -0.00504979
v 0.13131517 -0.03067648 -0.00129345
v 0.13558358 -0.02836432 0.00101739
v 0.08998811 0.02847219 -0.00731516
v 0.09146166 0.03107629 -0.00549003
v 0.09231210 0.03782539 -0.00653765
v 0.09298509 0.03355503 -0.00506473
v 0.09440941 0.03576623 -0.00554606
v 0.09203875 0.04158114 -0.01319265
v 0.09049571 0.04086992 -0.01741073
v 0.09403557 0.03941974 -0.00790778
v 0.09285587 0.04073905 -0.00982454
v 0.11426884 0.00862434 -0.00782993
v 0.11619264 0.00935059 -0.00297129
v 0.11659521 0.01145141 0.00038475
v 0.11754864 0.01377943 0.00198540
v 0.11947012 0.01628573 0.00233421
v 0.12176096 0.01894790 0.00177994
v 0.11910677 0.02196943 0.00067914
v 0.11705232 0.02415396 -0.00075918
v 0.11597610 0.02564187 -0.00299546
v 0.11535597 0.02628589 -0.00682676
v 0.12314993 -0.00491331 -0.00932673
v 0.12851930 -0.00746998 -0.00571063
v 0.13009167 -0.00914053 0.00254369
v 0.12846637 -0.00748610 0.00615439
v 0.13164318 -0.00603269 0.00765243
v 0.13518143 -0.00326294 0.00877506
v 0.13884473 0.00019736 0.00862172
v 0.13515377 0.00390313 0.00824967
v 0.13166344 0.00679680 0.00684428
v 0.12833250 0.00824083 0.00507623
v 0.12993002 0.00944528 0.00141898
v 0.12314850 0.00330521 -0.00989053
v 0.12829697 0.00687623 -0.00629786
v 0.13906574 -0.02501196 0.00223655
v 0.14187086 -0.02128357 0.00223628
v 0.13885224 -0.01786918 0.00180110
v 0.13536012 -0.01507809 0.00025961
v 0.13131052 -0.01339325 -0.00233454
v 0.12872523 -0.01389194 -0.00873789
v 0.13399869 -0.01353942 -0.00549030
v 0.13277292 -0.01588107 -0.01093557
v 0.12781620 -0.01850815 -0.01292220
v 0.09469086 0.03927988 -0.01951328
v 0.09849137 0.02922621 -0.01852494
v 0.09797955 0.03616126 -0.02105358
v 0.10135281 0.03244218 -0.02078256
v 0.10185969 0.02743085 -0.01592147
v 0.09916109 0.02670928 -0.01233956
v 0.09393042 0.02758563 -0.00863338
v 0.12867296 -0.00015910 -0.00908113
v 0.13245451 -0.02182459 -0.01332641
v 0.11945748 0.01019004 -0.01098120
v 0.12328070 0.02044417 -0.01409930
v 0.12753028 0.01732725 -0.01381436
v 0.12360227 0.01355832 -0.01310053
v 0.12324661 0.02538099 -0.00945544
v 0.12741542 0.02352373 -0.01149714
v 0.13682735 -0.02534855 -0.01279444
v 0.14121449 -0.02846526 -0.01082975
v 0.13761359 -0.03043715 -0.00833821
v 0.14164519 -0.03064569 -0.00461328
v 0.13848060 -0.03015219 -0.00184977
v 0.14183033 -0.02761222 0.00040260
v 0.09437454 0.02990456 -0.00629771
v 0.09512055 0.03182938 -0.00547993
v 0.09584177 0.03792104 -0.00667533
v 0.09652120 0.03370259 -0.00530288
v 0.09806192 0.03597204 -0.00582841
v 0.09506267 0.04077750 -0.00975409
v 0.09576511 0.04157975 -0.01285219
v 0.09743971 0.03993790 -0.00848868
v 0.12083882 0.00956829 -0.00311819
v 0.11939609 0.01135233 0.00017315
v 0.12198609 0.01298247 0.00114924
v 0.12464815 0.01536605 0.00199234
v 0.12735224 0.01810170 0.00234142
v 0.12430948 0.02135937 0.00095659
v 0.12142193 0.02393491 -0.00095576
v 0.11878282 0.02538690 -0.00272286
v 0.12024164 0.02615191 -0.00600263
v 0.13367242 -0.00366709 -0.00746346
v 0.13807791 -0.00676409 -0.00545764
v 0.13354969 -0.00874745 -0.00184715
v 0.13822609 -0.00891841 0.00101545
v 0.13463235 -0.00835011 0.00470352
v 0.13873929 -0.00628832 0.00654346
v 0.14254987 -0.00338403 0.00771654
v 0.14594084 -0.00006489 0.00782773
v 0.14245009 0.00336254 0.00766799
v 0.13863891 0.00644596 0.00633934
v 0.13437921 0.00862750 0.00396547
v 0.13329393 0.00886719 -0.00248089
v 0.13796759 0.00918467 0.00047940
v 0.13345093 0.00400598 -0.00765586
v 0.13770330 0.00698537 -0.00544247
v 0.14453316 -0.02433600 0.00161991
v 0.14676255 -0.02093851 0.00138453
v 0.14440233 -0.01804013 0.00091285
v 0.14141059 -0.01555526 -0.00048575
v 0.13806307 -0.01412681 -0.00287372
v 0.13718742 -0.01444188 -0.00854528
v 0.14088595 -0.01415259 -0.00577760
v 0.14061719 -0.01606675 -0.01095578
v 0.13668305 -0.01862144 -0.01251832
v 0.09793895 0.04133482 -0.01660797
v 0.10120130 0.03972315 -0.01969016
v 0.10500693 0.03646298 -0.02152589
v 0.10807347 0.03284973 -0.02107960
v 0.10509151 0.02971867 -0.01897335
v 0.10809720 0.02804137 -0.01639983
v 0.10525733 0.02728224 -0.01340109
v 0.10232365 0.02778402 -0.01047233
v 0.10011929 0.02924757 -0.00784582
v 0.09741384 0.02791294 -0.00879484
v 0.09647971 0.03003382 -0.00646961
v 0.13800776 0.00036136 -0.00817025
v 0.14066088 -0.02200674 -0.01322025
v 0.12766176 0.01109296 -0.01058432
v 0.12365907 0.00935770 -0.00737175
v 0.13183713 0.02117788 -0.01228833
v 0.13599443 0.01781534 -0.01245153
v 0.13205695 0.01421729 -0.01209086
v 0.12396383 0.02532626 -0.00310943
v 0.12725616 0.02593343 -0.00552776
v 0.13119787 0.02529145 -0.00766256
v 0.13534564 0.02373409 -0.00958312
v 0.14471674 -0.02550117 -0.01226649
v 0.14879709 -0.02859130 -0.00989261
v 0.14499700 -0.03019061 -0.00717947
v 0.14769691 -0.02983773 -0.00290808
v 0.14457035 -0.02909007 -0.00144228
v 0.14686966 -0.02651152 0.00046977
v 0.09834540 0.03142080 -0.00602165
v 0.09986013 0.03821734 -0.00722367
v 0.10033113 0.03344082 -0.00583538
v 0.10257411 0.03580580 -0.00648725
v 0.09926945 0.04132461 -0.01111108
v 0.10183299 0.04166295 -0.01396030
v 0.10237455 0.04006605 -0.00921026
v 0.12758142 0.00975093 -0.00410488
v 0.12451464 0.01071457 -0.00121078
v 0.12757117 0.01256844 0.00086993
v 0.13047093 0.01508553 0.00237623
v 0.13352853 0.01788650 0.00279456
v 0.13038474 0.02075222 0.00207195
v 0.12722665 0.02345793 0.00000471
v 0.14238399 -0.00334216 -0.00780201
v 0.14698511 -0.00645175 -0.00574416
v 0.14238250 -0.00827631 -0.00248837
v 0.14649880 -0.00828788 0.00071070
v 0.14242929 -0.00789298 0.00367558
v 0.14613724 -0.00578054 0.00568286
v 0.14911026 -0.00302269 0.00676227
v 0.15151495 -0.00012369 0.00670418
v 0.14888006 0.00280698 0.00681111
v 0.14585513 0.00576426 0.00578496
v 0.14204490 0.00798830 0.00354630
v 0.14186537 0.00838417 -0.00265729
v 0.14590353 0.00851245 0.00050896
v 0.14218801 0.00434156 -0.00763309
v 0.14648497 0.00706901 -0.00546744
v 0.14836919 -0.01829779 0.00042740
v 0.14849299 -0.02359867 0.00123376
v 0.14978284 -0.02087701 0.00100672
v 0.14663076 -0.01606565 -0.00081694
v 0.14415467 -0.01455722 -0.00297788
v 0.14421809 -0.01462589 -0.00823316
v 0.14721197 -0.01447472 -0.00489104
v 0.14826548 -0.01628285 -0.01067826
v 0.14434093 -0.01882281 -0.01241603
v 0.10528928 0.04141730 -0.01696780
v 0.10850960 0.03983194 -0.02005312
v 0.11103088 0.03010345 -0.01940119
v 0.11127746 0.03643347 -0.02169651
v 0.11432725 0.03287688 -0.02133849
v 0.11433762 0.02824700 -0.01665282
v 0.11081302 0.02783695 -0.01379076
v 0.10815406 0.02839278 -0.01137885
v 0.10548747 0.02948584 -0.00914034
v 0.10276765 0.03112503 -0.00705174
v 0.14704710 0.00101331 -0.00870040
v 0.14842731 -0.02238634 -0.01264700
v 0.13573658 0.01140344 -0.00907278
v 0.13146138 0.01002023 -0.00671470
v 0.13953155 0.02115800 -0.01106924
v 0.14332020 0.01755664 -0.01113850
v 0.13969207 0.01425194 -0.01070330
v 0.13060164 0.02490551 -0.00174740
v 0.13446784 0.02542147 -0.00402570
v 0.13864529 0.02528425 -0.00604191
v 0.14297074 0.02372412 -0.00842145
v 0.15235496 -0.02605342 -0.01177973
v 0.15631765 -0.02882866 -0.00954899
v 0.15314156 -0.03029791 -0.00669196
v 0.15143794 -0.02979643 -0.00273994
v 0.15082377 -0.02771574 -0.00044054
v 0.14889526 -0.02778306 -0.00044227
v 0.14994067 -0.02571671 0.00065458
v 0.10531032 0.03335787 -0.00691628
v 0.10769582 0.03563997 -0.00747719
v 0.10514778 0.03803292 -0.00784832
v 0.10528928 0.04112841 -0.01162717
v 0.10842699 0.04149491 -0.01420921
v 0.10787386 0.03962464 -0.00971842
v 0.13439876 0.01039100 -0.00312591
v 0.13079745 0.01104960 -0.00098464
v 0.13369817 0.01291952 0.00127113
v 0.13644475 0.01546316 0.00254822
v 0.13907588 0.01805938 0.00269088
v 0.13666612 0.02043272 0.00216910
v 0.13384557 0.02288942 0.00081840
v 0.15201187 -0.00271385 -0.00788400
v 0.15664244 -0.00562608 -0.00541785
v 0.15140915 -0.00777613 -0.00221282
v 0.15398914 -0.00735985 0.00156116
v 0.14986175 -0.00696170 0.00335398
v 0.15211862 -0.00499667 0.00523734
v 0.15353990 0.00246245 0.00608766
v 0.15376425 -0.00256228 0.00612110
v 0.15532583 0.00008545 0.00628969
v 0.15152568 0.00487030 0.00533447
v 0.14920169 0.00720028 0.00345290
v 0.15077448 0.00839536 -0.00207365
v 0.15308052 0.00789917 0.00159863
v 0.15174299 0.00498729 -0.00747496
v 0.15613866 0.00761652 -0.00463116
v 0.14959514 -0.01657858 -0.00078306
v 0.14856207 -0.01525748 -0.00225237
v 0.15095592 -0.01845521 0.00023991
v 0.15127093 -0.02359824 0.00102603
v 0.15273559 -0.02123844 0.00088790
v 0.15032881 -0.01536638 -0.00236472
v 0.15094739 -0.01466210 -0.00498751
v 0.15292680 -0.01503918 -0.00812563
v 0.15612757 -0.01699775 -0.01037192
v 0.15221876 -0.01942448 -0.01219898
v 0.11138666 0.04131373 -0.01700500
v 0.11436325 0.03963478 -0.02021617
v 0.11779076 0.03619565 -0.02164268
v 0.12097162 0.03292248 -0.02103972
v 0.11772639 0.03012080 -0.01949278
v 0.12081164 0.02839789 -0.01695183
v 0.11763066 0.02769722 -0.01422599
v 0.11253560 0.02902967 -0.01136366
v 0.11021471 0.02999222 -0.00987926
v 0.10788840 0.03143925 -0.00826114
v 0.15668434 0.00148425 -0.00819480
v 0.15582323 -0.02318322 -0.01245919
v 0.14291096 0.01151796 -0.00758699
v 0.13848996 0.01027903 -0.00511926
v 0.14682788 0.02066492 -0.01036891
v 0.15023410 0.01683570 -0.01070493
v 0.14682895 0.01381450 -0.00972009
v 0.13737887 0.02419590 -0.00092533
v 0.14088368 0.02475108 -0.00243229
v 0.14689177 0.02491833 -0.00597253
v 0.15020764 0.02292136 -0.00859660
v 0.15960747 -0.02648243 -0.01111150
v 0.16291368 -0.02831487 -0.00874156
v 0.15998036 -0.03001524 -0.00692004
v 0.15692729 -0.03031759 -0.00411665
v 0.15469056 -0.02877331 -0.00127083
v 0.15282273 -0.02630541 0.00034270
v 0.10978848 0.03753309 -0.00865206
v 0.10966247 0.03341435 -0.00794381
v 0.11125135 0.03534681 -0.00834912
v 0.11037242 0.04054143 -0.01172370
v 0.11284369 0.04095222 -0.01352677
v 0.11157602 0.03880361 -0.01003480
v 0.14053237 0.01103010 -0.00125387
v 0.13697743 0.01165506 -0.00017309
v 0.13916516 0.01365589 0.00182334
v 0.14125466 0.02026441 0.00211048
v 0.14109147 0.01588835 0.00255996
v 0.14287013 0.01817021 0.00255835
v 0.13951683 0.02233846 0.00106832
v 0.16064036 -0.00230664 -0.00742945
v 0.16449720 -0.00507619 -0.00522280
v 0.16103047 -0.00730397 -0.00228035
v 0.15817738 -0.00730321 0.00150752
v 0.15689355 -0.00598401 0.00394195
v 0.15477484 -0.00595943 0.00401983
v 0.15561324 -0.00447995 0.00524318
v 0.15521747 0.00446259 0.00521049
v 0.15400392 0.00615418 0.00413275
v 0.15694737 0.00267641 0.00589031
v 0.15701079 -0.00253212 0.00597623
v 0.15890127 0.00017263 0.00626996
v 0.15630049 0.00615510 0.00401065
v 0.15723473 0.00775826 0.00160095
v 0.16045475 0.00527916 -0.00666022
v 0.16010433 0.00844117 -0.00151849
v 0.16372722 0.00735874 -0.00386238
v 0.15229738 -0.01647402 -0.00123331
v 0.15457469 -0.01863933 -0.00000295
v 0.15475368 -0.02434377 0.00082996
v 0.15668350 -0.02179389 0.00063238
v 0.15408903 -0.01529490 -0.00337243
v 0.15647602 -0.01506454 -0.00582832
v 0.15963244 -0.02002514 -0.01159602
v 0.15963602 -0.01578456 -0.00800917
v 0.16286677 -0.01766690 -0.00953993
v 0.11769217 0.04103447 -0.01736218
v 0.12108296 0.03915245 -0.01990992
v 0.12374789 0.03030371 -0.01923409
v 0.12415028 0.03591407 -0.02092406
v 0.12661815 0.03274107 -0.02022719
v 0.12606919 0.02883659 -0.01683637
v 0.12321121 0.02791941 -0.01473102
v 0.11544305 0.02889812 -0.01162410
v 0.12021393 0.02827977 -0.01262024
v 0.11783338 0.02967320 -0.01080251
v 0.11453474 0.03051348 -0.01002777
v 0.11301029 0.03059861 -0.00981617
v 0.11140341 0.03169620 -0.00891420
v 0.16415232 0.00150684 -0.00751409
v 0.16273475 -0.02350257 -0.01158178
v 0.15035135 0.01142536 -0.00711635
v 0.14682007 0.01033040 -0.00419667
v 0.15357000 0.01362065 -0.00943878
v 0.15349889 0.02007567 -0.01011172
v 0.15660232 0.01667739 -0.01052174
v 0.14175117 0.02328829 -0.00001794
v 0.14387983 0.02332887 -0.00018111
v 0.14468241 0.02472320 -0.00258082
v 0.14800745 0.02408788 -0.00168061
v 0.15046376 0.02499600 -0.00410801
v 0.15334761 0.02430916 -0.00652072
v 0.15639812 0.02242638 -0.00829485
v 0.16534448 -0.02604069 -0.00982586
v 0.16761750 -0.02712220 -0.00767317
v 0.16566682 -0.02900404 -0.00632089
v 0.16294801 -0.02984951 -0.00439915
v 0.15983057 -0.02919388 -0.00207728
v 0.15711689 -0.02714993 -0.00022617
v 0.11255151 0.03695153 -0.00913212
v 0.11244738 0.03339427 -0.00860083
v 0.11362606 0.03508101 -0.00885952
v 0.11319995 0.03961619 -0.01117182
v 0.11463404 0.03955454 -0.01142755
v 0.11555183 0.04088576 -0.01391786
v 0.11373484 0.03826305 -0.01012656
v 0.14451671 0.01109226 -0.00098336
v 0.14373988 0.01259741 0.00111201
v 0.14152998 0.01258910 0.00108460
v 0.14271545 0.01416306 0.00201806
v 0.14289623 0.02189128 0.00118950
v 0.14451021 0.02043037 0.00184494
v 0.14442486 0.01600564 0.00249875
v 0.14637005 0.01848836 0.00230411
v 0.16763455 -0.00211218 -0.00669718
v 0.17077363 -0.00437045 -0.00451496
v 0.16787446 -0.00650332 -0.00248617
v 0.16470551 -0.00746809 0.00038680
v 0.16151476 -0.00672157 0.00302005
v 0.15898663 -0.00498892 0.00489527
v 0.15856099 0.00491211 0.00490761
v 0.16085666 0.00297135 0.00578424
v 0.16123551 -0.00287569 0.00593260
v 0.16299880 0.00016645 0.00621846
v 0.16049242 0.00674381 0.00330320
v 0.16316527 0.00790720 0.00102842
v 0.16701359 0.00488353 -0.00581437
v 0.16628712 0.00816258 -0.00135517
v 0.16936839 0.00687722 -0.00328150
v 0.15671575 -0.01663682 -0.00181425
v 0.15872294 -0.02522688 0.00020531
v 0.16000974 -0.02224995 0.00008756
v 0.15859580 -0.01883858 -0.00056797
v 0.15921175 -0.01571752 -0.00391409
v 0.16234726 -0.01564392 -0.00596514
v 0.16530752 -0.02052686 -0.01040450
v 0.16538054 -0.01661073 -0.00762576
v 0.16755801 -0.01883167 -0.00861922
v 0.11787689 0.04017204 -0.01276225
v 0.12037820 0.04095984 -0.01517376
v 0.12373567 0.04050243 -0.01747656
v 0.12703353 0.03837868 -0.01913273
v 0.12862474 0.03049312 -0.01832500
v 0.12935728 0.03542994 -0.01955751
v 0.13084924 0.03273998 -0.01876548
v 0.13020998 0.02957661 -0.01621476
v 0.12800574 0.02847205 -0.01490232
v 0.12512124 0.02819182 -0.01312202
v 0.12205529 0.02904491 -0.01156557
v 0.11616522 0.03137817 -0.00961944
v 0.11967713 0.03067238 -0.01008102
v 0.11786073 0.03277269 -0.00921234
v 0.11480409 0.03322666 -0.00899345
v 0.11363322 0.03191944 -0.00920850
v 0.17027259 0.00153206 -0.00662690
v 0.16722935 -0.02346388 -0.00979844
v 0.15670979 0.01163198 -0.00699016
v 0.15356934 0.01046835 -0.00443971
v 0.15047091 0.01065664 -0.00187841
v 0.14792842 0.01190724 0.00031722
v 0.15942109 0.01387159 -0.00908563
v 0.15922332 0.01969303 -0.00941297
v 0.16162694 0.01684047 -0.00937095
v 0.14614135 0.02249481 0.00041083
v 0.14842802 0.02092565 0.00128773
v 0.15056813 0.02293819 -0.00044218
v 0.15303880 0.02420836 -0.00250161
v 0.15600836 0.02471978 -0.00446686
v 0.15902972 0.02380611 -0.00625053
v 0.16150326 0.02155394 -0.00756297
v 0.16882408 -0.02513988 -0.00833926
v 0.17022836 -0.02482616 -0.00721958
v 0.16974163 -0.02679147 -0.00597689
v 0.16797119 -0.02850733 -0.00435925
v 0.16519552 -0.02886263 -0.00253192
v 0.16181028 -0.02782232 -0.00103310
v 0.11482733 0.03680446 -0.00953257
v 0.11622077 0.03497374 -0.00913426
v 0.11616933 0.03860664 -0.01078522
v 0.14604568 0.01386806 0.00177509
v 0.14830023 0.01594159 0.00229889
v 0.15042037 0.01842238 0.00198236
v 0.17309546 -0.00156973 -0.00565478
v 0.17549622 -0.00321950 -0.00335363
v 0.17343152 -0.00553574 -0.00182286
v 0.17052096 -0.00696244 0.00018984
v 0.16719520 -0.00681952 0.00265554
v 0.16397291 -0.00542910 0.00462401
v 0.16291618 0.00521864 0.00465003
v 0.16467190 0.00339449 0.00546843
v 0.16535103 -0.00330219 0.00563908
v 0.16618317 0.00005779 0.00591514
v 0.16555554 0.00686413 0.00302878
v 0.16861874 0.00784847 0.00103739
v 0.17238241 0.00442765 -0.00473592
v 0.17168343 0.00763146 -0.00109610
v 0.17445868 0.00589321 -0.00262567
v 0.16113335 -0.01692377 -0.00242034
v 0.16196293 -0.02475388 -0.00030154
v 0.16227466 -0.02226120 -0.00025994
v 0.16182047 -0.02004503 -0.00074255
v 0.16434145 -0.01627261 -0.00424576
v 0.16752756 -0.01665103 -0.00589135
v 0.16880888 -0.02134364 -0.00878972
v 0.16961205 -0.01856177 -0.00705299
v 0.17014921 -0.02103652 -0.00765231
v 0.11783707 0.03706913 -0.00992227
v 0.11972475 0.03886930 -0.01142791
v 0.12224245 0.04002672 -0.01319000
v 0.12568021 0.04042479 -0.01505443
v 0.12924296 0.03960110 -0.01681575
v 0.13147438 0.03704153 -0.01783499
v 0.13173765 0.03113393 -0.01712784
v 0.13239932 0.03449906 -0.01791576
v 0.13288760 0.03269796 -0.01729420
v 0.13278317 0.03115715 -0.01607034
v 0.13177603 0.02965791 -0.01478532
v 0.12981516 0.02882997 -0.01340738
v 0.12692308 0.02889962 -0.01208273
v 0.12370062 0.02984852 -0.01087728
v 0.12131959 0.03206152 -0.00957084
v 0.11956537 0.03481641 -0.00929615
v 0.17478526 0.00144387 -0.00511447
v 0.16971523 -0.02316048 -0.00816241
v 0.16201580 0.01260082 -0.00677904
v 0.15953213 0.01089216 -0.00451741
v 0.15645981 0.01044912 -0.00217643
v 0.15334195 0.01155314 -0.00024045
v 0.15054923 0.01336711 0.00143266
v 0.16354126 0.01517798 -0.00794873
v 0.16324383 0.01902888 -0.00810817
v 0.16450363 0.01728607 -0.00763437
v 0.15264201 0.02114353 0.00068957
v 0.15530169 0.02315998 -0.00129506
v 0.15840721 0.02409036 -0.00299451
v 0.16147995 0.02403079 -0.00444427
v 0.16383564 0.02207194 -0.00580814
v 0.16484565 0.01936908 -0.00674394
v 0.17134649 -0.02260681 -0.00639656
v 0.17146218 -0.02513002 -0.00467733
v 0.16991627 -0.02718620 -0.00289610
v 0.16720432 -0.02770814 -0.00170094
v 0.16407526 -0.02688553 -0.00083795
v 0.15272945 0.01529677 0.00189430
v 0.15442473 0.01816891 0.00163919
v 0.17666870 -0.00071507 -0.00388804
v 0.17825818 -0.00068416 -0.00223443
v 0.17774564 -0.00337412 -0.00102493
v 0.17591894 -0.00568428 0.00066945
v 0.17273885 -0.00646286 0.00241557
v 0.16894013 -0.00556891 0.00425613
v 0.16739923 0.00585242 0.00402406
v 0.16806030 0.00302718 0.00530022
v 0.16861588 -0.00207301 0.00553140
v 0.16846818 0.00029136 0.00575438
v 0.17075503 0.00701717 0.00266680
v 0.17396826 0.00758428 0.00081608
v 0.17629337 0.00343184 -0.00344011
v 0.17682916 0.00610400 -0.00085917
v 0.17792511 0.00350298 -0.00203422
v 0.16325784 -0.01800507 -0.00190473
v 0.16630936 -0.01711441 -0.00327882
v 0.16628176 -0.02635695 -0.00099167
v 0.16395539 -0.02442250 -0.00031278
v 0.16593385 -0.02205731 -0.00038788
v 0.16365778 -0.02005096 -0.00083530
v 0.16557264 -0.01838380 -0.00199211
v 0.16949940 -0.01758041 -0.00410023
v 0.17138946 -0.01970424 -0.00536248
v 0.12136859 0.03707517 -0.01026115
v 0.12381703 0.03889339 -0.01189098
v 0.12728566 0.03963942 -0.01327488
v 0.13094229 0.03952373 -0.01452282
v 0.13323253 0.03721679 -0.01604339
v 0.13357919 0.03450130 -0.01681021
v 0.13425875 0.03285648 -0.01529297
v 0.13359618 0.03087757 -0.01350126
v 0.13174582 0.02984960 -0.01225206
v 0.12906045 0.02966918 -0.01146224
v 0.12589884 0.03060241 -0.01051304
v 0.12284154 0.03459753 -0.00959167
v 0.17756885 0.00138245 -0.00320062
v 0.16527188 0.01551349 -0.00660530
v 0.16464972 0.01279567 -0.00487658
v 0.16231918 0.01099576 -0.00252345
v 0.15921223 0.01125694 -0.00068864
v 0.15582287 0.01274870 0.00069025
v 0.16630328 0.01791457 -0.00528029
v 0.15775657 0.02238135 -0.00078776
v 0.16082639 0.02337892 -0.00206307
v 0.16375756 0.02329878 -0.00316563
v 0.16587883 0.02104486 -0.00414905
v 0.17203581 -0.02225303 -0.00363144
v 0.17121696 -0.02507677 -0.00204203
v 0.16895086 -0.02664169 -0.00151816
v 0.15617651 0.02053357 0.00066242
v 0.15665132 0.01592932 0.00158462
v 0.15693426 0.01823283 0.00151607
v 0.17943025 0.00144742 -0.00074533
v 0.17948258 -0.00164526 0.00079432
v 0.17805243 -0.00437390 0.00259176
v 0.17518914 -0.00513511 0.00405017
v 0.17119187 -0.00422453 0.00495374
v 0.16983557 0.00520287 0.00436446
v 0.17328185 0.00639130 0.00349322
v 0.17022151 0.00293664 0.00541708
v 0.17284578 0.00482042 0.00463066
v 0.17388654 -0.00339114 0.00514385
v 0.17069459 -0.00164657 0.00573137
v 0.17330015 0.00077410 0.00622460
v 0.17645794 0.00679026 0.00252083
v 0.17907685 0.00468979 0.00083199
v 0.16824818 -0.01804217 -0.00270239
v 0.17084622 -0.01928406 -0.00302371
v 0.17045522 -0.02508481 -0.00121632
v 0.16844362 -0.02470161 -0.00058410
v 0.17051065 -0.02209227 -0.00100061
v 0.16796458 -0.01955180 -0.00144657
v 0.16992784 -0.01933389 -0.00210896
v 0.12576598 0.03809545 -0.01134607
v 0.12931919 0.03880821 -0.01216361
v 0.13269818 0.03833674 -0.01287374
v 0.13442630 0.03563459 -0.01410577
v 0.13441908 0.03330706 -0.01254550
v 0.13331860 0.03136210 -0.01163784
v 0.13119674 0.03055246 -0.01113585
v 0.12837613 0.03101502 -0.01057795
v 0.12624121 0.03264124 -0.00992563
v 0.12461358 0.03247107 -0.00985289
v 0.12453872 0.03632958 -0.01032993
v 0.12509346 0.03449000 -0.00988707
v 0.16673678 0.01498021 -0.00335869
v 0.16496658 0.01230366 -0.00106695
v 0.16194612 0.01230324 0.00021800
v 0.15857959 0.01373507 0.00107017
v 0.16703713 0.01844416 -0.00239667
v 0.15836006 0.02043731 0.00070861
v 0.16056895 0.02206732 -0.00059476
v 0.16289580 0.02262227 -0.00140592
v 0.16559416 0.02167035 -0.00181583
v 0.17131954 -0.02200924 -0.00195041
v 0.16127241 0.01443459 0.00127593
v 0.15865999 0.01628039 0.00168601
v 0.16099125 0.01843406 0.00159290
v 0.18011874 0.00145231 0.00249633
v 0.17932773 -0.00197642 0.00407884
v 0.17711699 -0.00380089 0.00476494
v 0.17590362 0.00574587 0.00428459
v 0.17861319 0.00467436 0.00387487
v 0.17560786 0.00372253 0.00574979
v 0.17739344 0.00412009 0.00542936
v 0.17780435 -0.00200679 0.00573668
v 0.17607760 -0.00184326 0.00611767
v 0.17763269 0.00102348 0.00639185
v 0.12621212 0.03625191 -0.01036057
v 0.12809259 0.03765796 -0.01120201
v 0.13150328 0.03790207 -0.01150772
v 0.13374013 0.03626378 -0.01177588
v 0.13376671 0.03378452 -0.01087901
v 0.13256449 0.03181885 -0.01066110
v 0.13068849 0.03215982 -0.01019427
v 0.12820935 0.03458796 -0.00995013
v 0.16655529 0.01509989 -0.00043932
v 0.16429424 0.01366417 0.00084522
v 0.16633183 0.01868145 -0.00006142
v 0.16296399 0.02097703 0.00039688
v 0.16472304 0.02143587 -0.00025699
v 0.16572231 0.01536549 0.00124684
v 0.16358024 0.01575367 0.00183824
v 0.16524601 0.01859210 0.00142762
v 0.17900640 0.00120757 0.00533149
v 0.13068527 0.03663854 -0.01061258
v 0.13278663 0.03651906 -0.01071885
v 0.13247597 0.03430287 -0.01004222
v -0.00896066 -0.02821768 -0.01205140
v 0.00638711 -0.03585953 -0.00582519
v 0.01089823 -0.02357525 0.01269662
v -0.00943798 -0.01700956 -0.01931858
v 0.00365824 -0.02998948 -0.01848713
v 0.01489586 -0.03932393 -0.01153603
v 0.01595807 -0.03278219 0.00454041
v 0.00770390 -0.01065615 0.01837531
v 0.02161354 -0.01826424 0.01373988
v -0.01095974 -0.00673175 -0.02138975
v 0.00626969 -0.01109715 -0.02622744
v 0.01067662 -0.03422273 -0.02157930
v 0.00936580 -0.01949151 -0.02702099
v 0.02260399 -0.04300260 -0.01828635
v 0.02333128 -0.03886557 -0.00284943
v 0.02552265 -0.02731846 0.00780186
v 0.00522506 0.00234926 0.01840776
v 0.01833969 -0.00669611 0.01717442
v 0.03133452 -0.01521852 0.01434460
v -0.01223344 0.00320299 -0.02161431
v 0.00425702 -0.00240868 -0.02543572
v 0.01665503 -0.00462034 -0.02886933
v 0.01207584 -0.02464197 -0.02857146
v 0.01763558 -0.03746485 -0.02641684
v 0.01760584 -0.01061468 -0.03038293
v 0.02934265 -0.04622250 -0.02344573
v 0.03090370 -0.04370400 -0.01006788
v 0.03111339 -0.03489330 0.00167373
v 0.03438705 -0.02448490 0.00948951
v 0.00323087 0.01572496 0.01471505
v -0.00015634 0.02472587 0.00250238
v 0.01510435 0.00568106 0.01661679
v 0.02827996 -0.00327682 0.01633084
v 0.04062855 -0.01353542 0.01393542
v -0.01282626 0.01435260 -0.01949349
v 0.00100911 0.00587871 -0.02457127
v 0.01553977 0.00255245 -0.02823320
v 0.02958733 -0.00135158 -0.02560341
v 0.01832557 -0.02847220 -0.03206503
v 0.01893246 -0.01506240 -0.03133470
v 0.02620846 -0.04093095 -0.03097653
v 0.02832061 -0.00635141 -0.02823892
v 0.03677535 -0.04766535 -0.01544714
v 0.03640985 -0.04989671 -0.02919260
v 0.03823125 -0.04065471 -0.00491324
v 0.03844571 -0.03191535 0.00467163
v 0.04316396 -0.02314033 0.01039872
v 0.01210314 0.01850987 0.01255280
v 0.00834417 0.02809426 0.00154942
v -0.00232488 0.02371571 -0.01243624
v 0.02472705 0.00923479 0.01497412
v 0.03794152 -0.00133962 0.01496598
v 0.04973823 -0.01272692 0.01324007
v -0.00168765 0.01566305 -0.02114877
v 0.01195908 0.01146290 -0.02834105
v 0.02848178 0.00627914 -0.02583042
v 0.04030776 -0.00234103 -0.02149263
v 0.02441704 -0.01871486 -0.03367764
v 0.02791524 -0.03312910 -0.03619924
v 0.02910006 -0.00942352 -0.02960926
v 0.03416270 -0.04397133 -0.03585711
v 0.03632647 -0.00662186 -0.02557251
v 0.04265875 -0.05189320 -0.02095285
v 0.04469943 -0.04431072 -0.01077339
v 0.04489589 -0.05239484 -0.03433913
v 0.04408568 -0.03758931 -0.00043175
v 0.04556543 -0.03035777 0.00679702
v 0.05171251 -0.02277809 0.01054680
v 0.02148765 0.02188409 0.01042718
v 0.00629264 0.02845725 -0.01301712
v 0.01836210 0.03189000 0.00016391
v 0.03446895 0.01155939 0.01312482
v 0.04719532 0.00002113 0.01366335
v 0.05895305 -0.01255848 0.01284578
v 0.00775003 0.02157827 -0.02411926
v 0.02426362 0.01559150 -0.02862021
v 0.04015106 0.01030375 -0.02397048
v 0.04978120 -0.00549826 -0.01950401
v 0.04614711 0.00419093 -0.02046341
v 0.03378683 -0.01233982 -0.03070176
v 0.03342593 -0.02383791 -0.03673995
v 0.03657895 -0.03624495 -0.03932232
v 0.04360133 -0.04560023 -0.03947476
v 0.04302824 -0.00958191 -0.02448651
v 0.04920924 -0.05469632 -0.02599525
v 0.04971719 -0.04802483 -0.01572633
v 0.04959708 -0.04093276 -0.00585490
v 0.05572593 -0.05181652 -0.03629872
v 0.04929829 -0.03525959 0.00334746
v 0.05234724 -0.02978365 0.00736934
v 0.06044084 -0.02352514 0.00996608
v 0.03117913 0.02434535 0.00817502
v 0.01731473 0.03362192 -0.01457393
v 0.02889323 0.03453318 -0.00165516
v 0.04394907 0.01345336 0.01111671
v 0.05619740 0.00125325 0.01268366
v 0.06839448 -0.01287896 0.01226807
v 0.01958692 0.02669048 -0.02596748
v 0.03564358 0.01908637 -0.02819818
v 0.04929614 0.01511537 -0.02392000
v 0.05867833 -0.01045718 -0.01878703
v 0.05340165 0.00034308 -0.01874554
v 0.05334067 0.00950193 -0.02106616
v 0.04105347 -0.01763160 -0.03174633
v 0.04285187 -0.02904166 -0.03775099
v 0.04703522 -0.03815554 -0.04013819
v 0.05650431 -0.04518804 -0.04012588
v 0.04950035 -0.01418216 -0.02362248
v 0.05716515 -0.05469955 -0.02908790
v 0.05421168 -0.05065559 -0.01974609
v 0.05335879 -0.04274625 -0.01163515
v 0.05396527 -0.03864990 -0.00088981
v 0.06591076 -0.05106174 -0.03525189
v 0.05308902 -0.03364970 0.00487503
v 0.05967504 -0.03087636 0.00620162
v 0.07023549 -0.02525912 0.00832736
v 0.04030728 0.02612203 0.00571114
v 0.02844030 0.03678499 -0.01571941
v 0.03845245 0.03602291 -0.00340670
v 0.05261946 0.01515685 0.00910369
v 0.06533360 0.00218731 0.01141098
v 0.07746160 -0.01290695 0.01038423
v 0.03108251 0.02982254 -0.02645618
v 0.04533201 0.02270163 -0.02743283
v 0.05750519 0.01898088 -0.02389163
v 0.06475240 -0.01738429 -0.01921713
v 0.06667429 -0.00646698 -0.01717207
v 0.05778635 0.00504394 -0.01934075
v 0.06126314 0.00009340 -0.01803708
v 0.06114483 0.01347648 -0.02200931
v 0.04834294 -0.02387187 -0.03067881
v 0.04985195 -0.03324958 -0.03650862
v 0.05910975 -0.03810684 -0.03746882
v 0.06781983 -0.04583201 -0.03844520
v 0.05471957 -0.02016778 -0.02333137
v 0.06581855 -0.05395311 -0.02961862
v 0.05947024 -0.05157739 -0.02210888
v 0.05699450 -0.04229125 -0.01844323
v 0.05702603 -0.03874256 -0.01634333
v 0.05836219 -0.04019997 -0.00668061
v 0.05760503 -0.03563976 0.00262520
v 0.07333100 -0.05144741 -0.03458476
v 0.06864184 -0.03341589 0.00225514
v 0.08044469 -0.02641664 0.00718009
v 0.04884207 0.02784488 0.00356609
v 0.03828549 0.03841056 -0.01618242
v 0.04702508 0.03694181 -0.00525749
v 0.06119996 0.01701795 0.00711015
v 0.07505959 0.00325140 0.00969791
v 0.08710778 -0.01462269 0.00796515
v 0.04094177 0.03233911 -0.02580613
v 0.05400294 0.02605062 -0.02640757
v 0.06527323 0.02203293 -0.02444461
v 0.07327610 -0.01384383 -0.01728016
v 0.06826466 -0.02495230 -0.01887119
v 0.07460457 -0.00326972 -0.01811939
v 0.06505764 0.00848171 -0.02050108
v 0.06922048 0.00292161 -0.01903319
v 0.06884938 0.01652309 -0.02270249
v 0.05440456 -0.02729507 -0.02601829
v 0.05476499 -0.03204666 -0.02906832
v 0.06179160 -0.03435927 -0.02939174
v 0.07089055 -0.03870074 -0.03673959
v 0.07578504 -0.04812987 -0.03738895
v 0.05901927 -0.02531006 -0.02185613
v 0.07326126 -0.05373337 -0.02998975
v 0.06706977 -0.05176554 -0.02305335
v 0.06172240 -0.04373528 -0.01902223
v 0.05694884 -0.03432587 -0.02111328
v 0.05814582 -0.03127746 -0.02019620
v 0.06152773 -0.03654729 -0.01335844
v 0.06374341 -0.03775764 -0.00241622
v 0.07847583 -0.05105806 -0.03484562
v 0.07620734 -0.03501119 -0.00588325
v 0.08892053 -0.02624252 0.00622332
v 0.08332258 -0.03344186 -0.00317231
v 0.05701756 0.02980065 0.00123486
v 0.04704887 0.03944961 -0.01655096
v 0.05508739 0.03839070 -0.00704974
v 0.06991404 0.01963892 0.00406337
v 0.08626252 0.00348396 0.00826499
v 0.09680218 -0.01679769 0.00603631
v 0.08977586 -0.00709394 0.00602365
v 0.04974020 0.03459142 -0.02477556
v 0.06223863 0.02902454 -0.02638850
v 0.07244438 0.02334936 -0.02368078
v 0.08055639 -0.00965074 -0.01768640
v 0.07702440 -0.02231231 -0.01675519
v 0.06936616 -0.03165340 -0.01551914
v 0.08193231 -0.00069384 -0.01851165
v 0.07300913 0.01117762 -0.02140063
v 0.07727927 0.00535613 -0.01982966
v 0.07612365 0.01794670 -0.02196127
v 0.06278014 -0.03650995 -0.02153501
v 0.07237518 -0.03518047 -0.02866086
v 0.08095622 -0.03791509 -0.03713563
v 0.08220470 -0.04470059 -0.03855553
v 0.06185544 -0.03066739 -0.01827291
v 0.07950813 -0.05339823 -0.03011578
v 0.07405329 -0.05247208 -0.02412549
v 0.06960690 -0.04558977 -0.01941988
v 0.06824821 -0.03641633 -0.00975338
v 0.08417666 -0.04921414 -0.03544563
v 0.07809597 -0.03055605 -0.01350784
v 0.09088182 -0.03252157 -0.00249901
v 0.09733075 -0.02557091 0.00516805
v 0.08520055 -0.03070269 -0.01254812
v 0.06467205 0.03267267 -0.00254294
v 0.05588806 0.04084695 -0.01740560
v 0.06321514 0.04057784 -0.00927398
v 0.08078974 0.02113210 0.00128326
v 0.09772062 0.00295294 0.00808540
v 0.08687675 0.01144860 0.00176340
v 0.10694516 -0.01814343 0.00521386
v 0.09940451 -0.01237684 0.00143036
v 0.09583229 -0.00846714 0.00335079
v 0.09519607 -0.01049993 0.00163001
v 0.05881429 0.03685623 -0.02464026
v 0.07050222 0.03024733 -0.02554518
v 0.07861185 0.02339210 -0.02035564
v 0.08623457 -0.00596703 -0.01734370
v 0.08775854 -0.01377578 -0.01726755
v 0.08566296 -0.02199792 -0.01682717
v 0.08926201 0.00097524 -0.01770037
v 0.08103800 0.01258641 -0.02071488
v 0.08528912 0.00664428 -0.01918480
v 0.08342624 0.01906359 -0.01940304
v 0.07170665 -0.03864633 -0.02058685
v 0.08128726 -0.03510155 -0.02799785
v 0.08958364 -0.03650808 -0.03594357
v 0.08977139 -0.04197022 -0.03819594
v 0.08534193 -0.05183059 -0.03002214
v 0.07935745 -0.05227593 -0.02408689
v 0.07660109 -0.04882800 -0.02053097
v 0.09023005 -0.04642891 -0.03595886
v 0.09828961 -0.03155993 -0.00230548
v 0.09208220 -0.03041102 -0.01155993
v 0.10640049 -0.02621554 0.00444567
v 0.07012957 0.03504872 -0.00529027
v 0.06569475 0.04219382 -0.01814979
v 0.06963956 0.04127587 -0.01018128
v 0.09130692 0.02031885 0.00165275
v 0.07640016 0.02760342 -0.00558332
v 0.09994268 -0.00606656 0.00569311
v 0.10806578 0.00254834 0.00881106
v 0.10048699 0.00926783 0.00202805
v 0.09317076 0.01067493 -0.00091714
v 0.09438372 0.00963764 -0.00014013
v 0.11602157 -0.01911115 0.00395653
v 0.10789204 -0.01264218 0.00082058
v 0.10273278 -0.01200834 -0.00523081
v 0.10067785 -0.01012001 -0.00286892
v 0.10019988 -0.01129175 -0.00441304
v 0.06865138 0.03783572 -0.02396396
v 0.07716811 0.02982122 -0.02250144
v 0.08306921 0.02305346 -0.01576450
v 0.09203506 -0.00432811 -0.01635835
v 0.09114069 -0.00894947 -0.01621813
v 0.09549052 -0.01465150 -0.01565272
v 0.09376049 -0.02208953 -0.01605731
v 0.09617597 0.00228428 -0.01514527
v 0.08976114 0.01337662 -0.01832166
v 0.09293681 0.00711248 -0.01644456
v 0.08799934 0.02144853 -0.01601881
v 0.08144397 -0.03940102 -0.01985604
v 0.08979869 -0.03437130 -0.02785298
v 0.09649682 -0.03676489 -0.03424078
v 0.09647202 -0.04056862 -0.03719738
v 0.09073973 -0.04997596 -0.03004128
v 0.08515549 -0.05076115 -0.02339220
v 0.08313704 -0.04620679 -0.01911208
v 0.09650791 -0.04437145 -0.03664690
v 0.09925592 -0.02968119 -0.01070726
v 0.10664690 -0.03134637 -0.00290012
v 0.11598819 -0.02697333 0.00285071
v 0.07621270 0.03534903 -0.00519079
v 0.07321197 0.04180022 -0.01754341
v 0.07626367 0.04108790 -0.00991711
v 0.09564376 0.01228127 0.00051385
v 0.10132205 0.02029892 0.00260752
v 0.09171122 0.02569187 -0.00481805
v 0.08284336 0.02565266 -0.00722247
v 0.07905477 0.02701499 -0.00804523
v 0.10368347 -0.00922775 -0.00081640
v 0.10871190 -0.00550866 0.00715744
v 0.11735892 0.00167674 0.00861946
v 0.10983837 0.00892548 0.00383580
v 0.10537827 0.00872012 -0.00490838
v 0.09939533 0.00763278 -0.00551942
v 0.10148984 0.00831657 -0.00575057
v 0.12236583 -0.01983985 0.00359005
v 0.11641389 -0.01340441 0.00038502
v 0.10869855 -0.01214099 -0.00581983
v 0.10352492 -0.01508802 -0.01200902
v 0.10218561 -0.01073609 -0.00936466
v 0.10151827 -0.01319910 -0.01134863
v 0.07588083 0.03717064 -0.02214268
v 0.08146799 0.03006850 -0.02108195
v 0.08311063 0.02471482 -0.01603734
v 0.08342469 0.02417893 -0.01136103
v 0.09857744 -0.00369655 -0.01403132
v 0.09720033 -0.00978891 -0.01388848
v 0.10077924 -0.02232692 -0.01417795
v 0.10095918 0.00490723 -0.01139218
v 0.09744895 0.01469417 -0.01540360
v 0.09834105 0.00680078 -0.01180026
v 0.08748174 0.02411165 -0.01181096
v 0.09621590 0.02069335 -0.01512399
v 0.09057611 -0.03824058 -0.02024403
v 0.09702384 -0.03558353 -0.02773958
v 0.10250193 -0.03844698 -0.03257403
v 0.10341626 -0.04069159 -0.03489327
v 0.09535807 -0.04908080 -0.03000903
v 0.09165293 -0.04895415 -0.02300337
v 0.09175211 -0.04471884 -0.01900885
v 0.10361779 -0.04379842 -0.03576225
v 0.09761769 -0.04669933 -0.03462297
v 0.10710150 -0.02946867 -0.01103139
v 0.11668497 -0.03144051 -0.00403190
v 0.12247050 -0.02673971 0.00259739
v 0.07970077 0.02875692 -0.00668651
v 0.08222944 0.03563352 -0.00502369
v 0.07832700 0.04141016 -0.01682293
v 0.08216751 0.04099913 -0.00949505
v 0.10042548 0.00831037 -0.00510520
v 0.10327071 0.01272705 0.00186712
v 0.10942823 0.02011861 0.00228062
v 0.10134971 0.02556323 -0.00279683
v 0.09494257 0.02465645 -0.01142719
v 0.11048687 -0.00896170 0.00056446
v 0.10523242 -0.00838064 -0.00743458
v 0.11813980 -0.00572484 0.00721771
v 0.12370074 0.00125753 0.00871614
v 0.11846054 0.00792332 0.00505355
v 0.11207670 0.00916240 -0.00349054
v 0.10598063 0.00430095 -0.01041347
v 0.12734848 -0.02049462 0.00361288
v 0.12245190 -0.01432922 0.00094125
v 0.11732227 -0.01243816 -0.00588533
v 0.10911399 -0.01539849 -0.01235080
v 0.08012849 0.03718303 -0.02133355
v 0.08587188 0.03076423 -0.02085117
v 0.08669901 0.02568374 -0.01605627
v 0.08285606 0.02490117 -0.01084113
v 0.10494626 -0.00242932 -0.01088291
v 0.10822982 -0.02243038 -0.01429427
v 0.10017973 0.00885492 -0.01180971
v 0.10523450 0.01509625 -0.01548070
v 0.10407972 0.02133973 -0.01461834
v 0.09800017 -0.03916620 -0.02157047
v 0.10254186 -0.03797625 -0.02783495
v 0.10534608 -0.03988238 -0.02840289
v 0.10709000 -0.04196360 -0.02929798
v 0.09876901 -0.04909299 -0.03035071
v 0.09858519 -0.04866808 -0.02495718
v 0.09923762 -0.04771262 -0.02233666
v 0.09949595 -0.04385641 -0.02021623
v 0.10803074 -0.04532428 -0.03023192
v 0.10305357 -0.04582497 -0.03521305
v 0.11806077 -0.02935726 -0.01222476
v 0.12407577 -0.03067218 -0.00139594
v 0.12688184 -0.02724020 0.00233027
v 0.08370221 0.02956278 -0.00596383
v 0.08785427 0.03580204 -0.00518593
v 0.08307934 0.04141636 -0.01608589
v 0.08787543 0.04045006 -0.00884402
v 0.10546225 0.00853129 -0.00461870
v 0.11061156 0.01303278 0.00197795
v 0.11445230 0.01966703 0.00197917
v 0.10967034 0.02535386 -0.00178108
v 0.10268259 0.02532345 -0.00981152
v 0.11187953 -0.00779819 -0.00655875
v 0.12032324 -0.00923551 0.00112939
v 0.12439144 -0.00541965 0.00788435
v 0.12894672 0.00092296 0.00922716
v 0.12431628 0.00690661 0.00653166
v 0.12084770 0.00949837 -0.00137046
v 0.11278045 0.00508798 -0.00918794
v 0.13269597 -0.02118210 0.00352326
v 0.12672299 -0.01477788 0.00106671
v 0.12406653 -0.01286929 -0.00293243
v 0.11829823 -0.01513641 -0.01240423
v 0.08461392 0.03762872 -0.02081522
v 0.09222740 0.03149810 -0.02075762
v 0.09285814 0.02620438 -0.01573837
v 0.08560562 0.02573593 -0.01049185
v 0.11252975 -0.00170363 -0.01028869
v 0.11834633 -0.02176413 -0.01506165
v 0.10625929 0.00924886 -0.01184016
v 0.11481434 0.01591459 -0.01553273
v 0.11398423 0.02260076 -0.01394230
v 0.10321057 -0.04031926 -0.02365753
v 0.10513729 -0.04313130 -0.02333122
v 0.10408580 -0.04911276 -0.03064731
v 0.10427600 -0.04843291 -0.02465016
v 0.10587454 -0.04648330 -0.02379432
v 0.10716927 -0.04800566 -0.03083768
v 0.12800688 -0.02864224 -0.01144215
v 0.12999719 -0.03152620 -0.00474915
v 0.13217121 -0.02836432 0.00146604
v 0.08893567 0.03060528 -0.00565270
v 0.09254873 0.03573923 -0.00545442
v 0.08932465 0.04162289 -0.01450002
v 0.09238303 0.03958834 -0.00807312
v 0.11290741 0.00899774 -0.00397277
v 0.11553937 0.01363910 0.00210863
v 0.11923826 0.01933559 0.00184017
v 0.11499476 0.02454354 -0.00096500
v 0.11159492 0.02598420 -0.00828594
v 0.12275344 -0.00805547 -0.00650421
v 0.12719649 -0.00861700 0.00412953
v 0.12888604 -0.00560709 0.00813535
v 0.13522810 0.00042523 0.00900552
v 0.12881911 0.00672182 0.00706533
v 0.12705535 0.00909625 0.00287730
v 0.12287790 0.00641249 -0.00772294
v 0.13904697 -0.02140134 0.00267804
v 0.13208592 -0.01490754 0.00061202
v 0.13001323 -0.01310467 -0.00547162
v 0.12803739 -0.01570605 -0.01140189
v 0.09124869 0.03866559 -0.02001557
v 0.09819055 0.03238661 -0.02052096
v 0.09883279 0.02713824 -0.01556051
v 0.09121674 0.02678276 -0.00954238
v 0.12325442 -0.00081638 -0.01030719
v 0.12778789 -0.02178812 -0.01346961
v 0.11503655 0.00958894 -0.01165295
v 0.12343740 0.01689272 -0.01417419
v 0.12325728 0.02334624 -0.01224121
v 0.13718325 -0.02842296 -0.01113552
v 0.13809037 -0.03105330 -0.00496960
v 0.13886869 -0.02803228 0.00060621
v 0.09354109 0.03153446 -0.00542623
v 0.09618574 0.03584857 -0.00567928
v 0.09387267 0.04132491 -0.01148266
v 0.09560812 0.03962026 -0.00808689
v 0.11831433 0.01010535 -0.00142244
v 0.11965239 0.01346097 0.00159985
v 0.12451750 0.01845331 0.00197864
v 0.11910200 0.02403488 -0.00087047
v 0.11767453 0.02609527 -0.00476909
v 0.13359416 -0.00702366 -0.00530544
v 0.13403761 -0.00907812 0.00163075
v 0.13497931 -0.00626120 0.00711331
v 0.14252436 0.00001880 0.00826406
v 0.13500947 0.00677761 0.00659961
v 0.13376462 0.00941947 0.00083354
v 0.13328093 0.00701105 -0.00553867
v 0.14449191 -0.02110440 0.00177157
v 0.13850850 -0.01532043 -0.00020334
v 0.13759935 -0.01393338 -0.00571674
v 0.13686746 -0.01598862 -0.01093984
v 0.09785402 0.03958616 -0.01952603
v 0.10499448 0.03270981 -0.02095023
v 0.10520601 0.02778053 -0.01621777
v 0.09965599 0.02767309 -0.00974151
v 0.09566760 0.02873471 -0.00752100
v 0.13358355 0.00016932 -0.00816366
v 0.13664943 -0.02191137 -0.01320761
v 0.12360859 0.01075728 -0.01077607
v 0.13202131 0.01781754 -0.01301548
v 0.12361151 0.02601188 -0.00616989
v 0.13156116 0.02371550 -0.01028225
v 0.14490712 -0.02848642 -0.01031566
v 0.14483035 -0.03027326 -0.00394744
v 0.14451212 -0.02709411 0.00041622
v 0.09663469 0.03170204 -0.00567526
v 0.10013145 0.03591728 -0.00611520
v 0.09854597 0.04170006 -0.01364413
v 0.09963197 0.04010457 -0.00890085
v 0.12410814 0.00963634 -0.00398150
v 0.12466937 0.01262376 0.00086325
v 0.13038731 0.01790714 0.00275227
v 0.12417597 0.02373635 -0.00068620
v 0.14242631 -0.00661608 -0.00562212
v 0.14235389 -0.00858401 0.00075752
v 0.14250958 -0.00613210 0.00606328
v 0.14892054 -0.00011512 0.00722337
v 0.14232439 0.00610556 0.00607827
v 0.14187634 0.00880137 0.00037012
v 0.14198679 0.00699752 -0.00555721
v 0.14844304 -0.02086482 0.00112104
v 0.14426148 -0.01577566 -0.00074208
v 0.14408690 -0.01427784 -0.00553408
v 0.14421988 -0.01618376 -0.01078260
v 0.10513008 0.03981986 -0.01990223
v 0.11108536 0.03290500 -0.02126014
v 0.11098278 0.02823526 -0.01660153
v 0.10538101 0.02807221 -0.01101178
v 0.10032552 0.03117562 -0.00645649
v 0.14232779 0.00063515 -0.00848168
v 0.14452827 -0.02210364 -0.01295295
v 0.13187981 0.01140402 -0.00976849
v 0.13977057 0.01775919 -0.01168212
v 0.13083524 0.02574583 -0.00469550
v 0.13911569 0.02373814 -0.00883234
v 0.15268099 -0.02877514 -0.00980791
v 0.14973754 -0.02899925 -0.00158963
v 0.14860874 -0.02599702 0.00058389
v 0.10520393 0.03573035 -0.00695100
v 0.10528827 0.04160566 -0.01416358
v 0.10521770 0.03989368 -0.00947651
v 0.13105994 0.01007508 -0.00365785
v 0.13062984 0.01269339 0.00109082
v 0.13648301 0.01797184 0.00274089
v 0.13049632 0.02320413 0.00059351
v 0.15181553 -0.00613346 -0.00563633
v 0.15055072 -0.00780708 0.00088722
v 0.14940304 -0.00540952 0.00538072
v 0.15361494 -0.00001733 0.00640813
v 0.14892757 0.00533974 0.00550482
v 0.14980364 0.00821728 0.00082254
v 0.15140259 0.00730424 -0.00512469
v 0.14835358 -0.01635263 -0.00078925
v 0.15113318 -0.02099605 0.00094554
v 0.14929903 -0.01479615 -0.00369605
v 0.15247911 -0.01659974 -0.01059997
v 0.11142659 0.03979525 -0.02013883
v 0.11774290 0.03287930 -0.02126667
v 0.11770737 0.02821399 -0.01686627
v 0.11053604 0.02867501 -0.01157176
v 0.10544318 0.03126797 -0.00773802
v 0.15200096 0.00136093 -0.00850758
v 0.15218657 -0.02279327 -0.01258245
v 0.13931024 0.01148620 -0.00825906
v 0.14686155 0.01714935 -0.01083732
v 0.13798743 0.02516836 -0.00326651
v 0.14672709 0.02333898 -0.00845519
v 0.15978968 -0.02863734 -0.00920457
v 0.15399265 -0.03019601 -0.00358298
v 0.15123367 -0.02591573 0.00054011
v 0.10969895 0.03550682 -0.00796786
v 0.11092687 0.04126979 -0.01407433
v 0.11000270 0.03922743 -0.00993264
v 0.13761222 0.01060021 -0.00233003
v 0.13659823 0.01326051 0.00152791
v 0.14114100 0.01812143 0.00264707
v 0.13696206 0.02260216 0.00092462
v 0.16085297 -0.00542216 -0.00545642
v 0.15601414 -0.00677736 0.00276327
v 0.15412688 -0.00466138 0.00522548
v 0.15360272 0.00456682 0.00525710
v 0.15700012 0.00014422 0.00626403
v 0.15512800 0.00720700 0.00283468
v 0.16022187 0.00763354 -0.00421476
v 0.15078360 -0.01655161 -0.00096184
v 0.15465146 -0.02150390 0.00082049
v 0.15354300 -0.01481305 -0.00557759
v 0.15969610 -0.01728694 -0.00999671
v 0.11773264 0.03940905 -0.02014077
v 0.12392437 0.03282507 -0.02072963
v 0.12354261 0.02858262 -0.01695684
v 0.11773515 0.02850743 -0.01224816
v 0.11385953 0.02965978 -0.01073256
v 0.10987008 0.03157068 -0.00865617
v 0.16058671 0.00153597 -0.00790974
v 0.15952152 -0.02343790 -0.01215932
v 0.14675790 0.01137174 -0.00729573
v 0.15351993 0.01674907 -0.01064852
v 0.14276397 0.02413284 -0.00129488
v 0.14747757 0.02494238 -0.00359696
v 0.15344220 0.02264176 -0.00852358
v 0.16549897 -0.02786844 -0.00820142
v 0.16002911 -0.03019757 -0.00433618
v 0.15486407 -0.02672136 0.00012285
v 0.11247879 0.03518875 -0.00863072
v 0.11402911 0.04043910 -0.01248166
v 0.11274731 0.03846473 -0.01003167
v 0.14255953 0.01169102 0.00002992
v 0.14116371 0.01398187 0.00197786
v 0.14137578 0.02204403 0.00117975
v 0.14451247 0.01832125 0.00243735
v 0.16782027 -0.00476182 -0.00492966
v 0.16135263 -0.00753942 0.00072759
v 0.15709156 -0.00466328 0.00506976
v 0.15678114 0.00467040 0.00507832
v 0.16103631 0.00018442 0.00626481
v 0.16018975 0.00790416 0.00111878
v 0.16659147 0.00719322 -0.00358516
v 0.15436852 -0.01648172 -0.00148162
v 0.15841889 -0.02205140 0.00036255
v 0.15946478 -0.01537648 -0.00593266
v 0.16542929 -0.01813559 -0.00911701
v 0.11782104 0.04104180 -0.01485655
v 0.12418205 0.03879832 -0.01964289
v 0.12900078 0.03268210 -0.01957211
v 0.12834746 0.02917115 -0.01659349
v 0.12267554 0.02820930 -0.01292223
v 0.11785889 0.03104923 -0.00981265
v 0.11476046 0.03170630 -0.00941849
v 0.11259395 0.03186100 -0.00907204
v 0.16736424 0.00147362 -0.00707823
v 0.16526496 -0.02349442 -0.01073179
v 0.15365261 0.01150256 -0.00704539
v 0.14736724 0.01073222 -0.00156149
v 0.15936583 0.01667149 -0.01011154
v 0.14437109 0.02212512 0.00087380
v 0.14830530 0.02281647 -0.00002378
v 0.15324193 0.02487535 -0.00437090
v 0.15910655 0.02208791 -0.00794849
v 0.16922349 -0.02617611 -0.00729582
v 0.16557634 -0.02936277 -0.00433290
v 0.15932912 -0.02755275 -0.00066638
v 0.11483330 0.03501561 -0.00900921
v 0.11480117 0.03836018 -0.01040950
v 0.14423203 0.01405653 0.00192478
v 0.14840239 0.01853247 0.00212845
v 0.17333263 -0.00391056 -0.00401834
v 0.16772306 -0.00727341 0.00019908
v 0.16145593 -0.00525614 0.00474453
v 0.16069454 0.00510690 0.00479722
v 0.16465366 0.00012324 0.00606737
v 0.16595483 0.00790476 0.00097656
v 0.17200112 0.00649677 -0.00296891
v 0.15888387 -0.01679788 -0.00208217
v 0.16122186 -0.02239065 -0.00023893
v 0.16499197 -0.01605250 -0.00595111
v 0.16915315 -0.01973660 -0.00810006
v 0.11785865 0.03880625 -0.01113883
v 0.12298167 0.04071738 -0.01520199
v 0.12951106 0.03781224 -0.01848981
v 0.13208383 0.03275509 -0.01797649
v 0.13165140 0.03019611 -0.01599649
v 0.12753612 0.02840323 -0.01335350
v 0.12158269 0.03022923 -0.01050678
v 0.11783981 0.03491831 -0.00916260
v 0.17278576 0.00153507 -0.00593501
v 0.16870856 -0.02333640 -0.00891379
v 0.15950614 0.01198543 -0.00691482
v 0.15348786 0.01056908 -0.00205895
v 0.14819491 0.01366623 0.00160399
v 0.16331643 0.01706682 -0.00849846
v 0.15283936 0.02303487 -0.00086555
v 0.15878683 0.02449222 -0.00447258
v 0.16348428 0.02071856 -0.00711426
v 0.17053795 -0.02290713 -0.00739709
v 0.16999876 -0.02717542 -0.00441578
v 0.16460931 -0.02786690 -0.00142720
v 0.15250844 0.01827519 0.00180307
v 0.17718077 -0.00220167 -0.00265816
v 0.17326057 -0.00649195 0.00038496
v 0.16634041 -0.00555739 0.00442606
v 0.16505450 0.00547918 0.00438023
v 0.16742498 0.00013063 0.00577542
v 0.17129058 0.00776882 0.00099376
v 0.17654681 0.00494955 -0.00223401
v 0.16363835 -0.01694174 -0.00291529
v 0.16391951 -0.02592289 -0.00069034
v 0.16383010 -0.02213453 -0.00033766
v 0.16333395 -0.01881002 -0.00146687
v 0.16984582 -0.01777314 -0.00559798
v 0.12168884 0.03885363 -0.01159948
v 0.12838143 0.04006496 -0.01481515
v 0.13283050 0.03596349 -0.01722375
v 0.13356745 0.03271888 -0.01649025
v 0.13186187 0.02956406 -0.01341972
v 0.12626690 0.02962733 -0.01116547
v 0.12127948 0.03469693 -0.00941983
v 0.17634261 0.00137950 -0.00419834
v 0.16409558 0.01375694 -0.00665531
v 0.15942919 0.01052890 -0.00232163
v 0.15304512 0.01309103 0.00105873
v 0.16544443 0.01754348 -0.00660786
v 0.15801030 0.02332852 -0.00175610
v 0.16396093 0.02304209 -0.00434515
v 0.17188990 -0.02239900 -0.00506696
v 0.16948676 -0.02695547 -0.00189254
v 0.15576738 0.01813648 0.00147375
v 0.17858076 0.00142161 -0.00208184
v 0.17812610 -0.00415884 0.00083408
v 0.17203689 -0.00550961 0.00404343
v 0.17018634 0.00618307 0.00364861
v 0.16995692 0.00420843 0.00483921
v 0.17081559 -0.00308974 0.00523314
v 0.17049533 0.00056903 0.00593361
v 0.17676902 0.00687621 0.00086066
v 0.16885579 -0.01774319 -0.00321630
v 0.16858894 -0.02628638 -0.00124624
v 0.16842484 -0.02196043 -0.00060597
v 0.16788983 -0.01844161 -0.00235531
v 0.12637812 0.03900398 -0.01215109
v 0.13320369 0.03812615 -0.01431295
v 0.13455600 0.03305788 -0.01378050
v 0.13150877 0.03016682 -0.01159909
v 0.12603599 0.03148333 -0.01021889
v 0.12411648 0.03448717 -0.00980452
v 0.16498297 0.01221992 -0.00286004
v 0.15885884 0.01245181 0.00035438
v 0.16687989 0.01822899 -0.00378796
v 0.15798187 0.02158580 -0.00011876
v 0.16334689 0.02311860 -0.00223330
v 0.17175388 -0.02207460 -0.00250146
v 0.15863532 0.01494540 0.00136855
v 0.15858811 0.01834939 0.00150755
v 0.17999279 0.00147320 0.00083420
v 0.17771274 -0.00414853 0.00400177
v 0.17617589 0.00631044 0.00359789
v 0.17562729 0.00512777 0.00479963
v 0.17641360 -0.00336098 0.00529811
v 0.17600346 0.00092722 0.00643995
v 0.17116493 -0.02205195 -0.00139549
v 0.12579376 0.03731764 -0.01090476
v 0.13205677 0.03815840 -0.01200595
v 0.13416576 0.03354947 -0.01160786
v 0.13086009 0.03098164 -0.01079825
v 0.12633002 0.03457830 -0.00992951
v 0.16468322 0.01289905 0.00008878
v 0.16689014 0.01861046 -0.00116870
v 0.16274333 0.02211977 -0.00073782
v 0.16384423 0.01428868 0.00132868
v 0.16347504 0.01851557 0.00161973
v 0.17979509 0.00133012 0.00408337
v 0.17830747 0.00112138 0.00603530
v 0.13105029 0.03761835 -0.01116493
v 0.13324100 0.03408528 -0.01032540
v 0.13070619 0.03443960 -0.00997689
v 0.16607302 0.01863347 0.00085285
f 721 627 2152
f 5 721 722
f 722 721 2152
f 719 627 2153
f 2153 627 723
f 2 724 723
f 723 724 2153
f 724 10 2153
f 2153 10 725
f 15 719 725
f 725 719 2153
f 727 705 2154
f 2154 705 728
f 728 19 2154
f 2154 19 729
f 18 720 729
f 729 720 2154
f 15 727 720
f 720 727 2154
f 11 731 730
f 730 731 2155
f 731 5 2155
f 2155 5 722
f 732 2 2156
f 2156 2 723
f 627 721 723
f 723 721 2156
f 721 5 2156
f 2156 5 733
f 3 732 733
f 733 732 2156
f 734 1 2157
f 2157 1 735
f 9 736 735
f 735 736 2157
f 736 10 2157
f 2157 10 724
f 724 2 2157
f 2157 2 734
f 725 10 2158
f 2158 10 737
f 14 738 737
f 737 738 2158
f 738 705 2158
f 2158 705 727
f 15 725 727
f 727 725 2158
f 19 740 729
f 729 740 2159
f 740 54 2159
f 2159 54 741
f 55 726 741
f 741 726 2159
f 726 18 2159
f 2159 18 729
f 31 743 742
f 742 743 2160
f 743 39 2160
f 2160 39 744
f 19 728 744
f 744 728 2160
f 728 705 2160
f 2160 705 742
f 745 11 2161
f 2161 11 730
f 746 16 2161
f 2161 16 745
f 5 731 747
f 747 731 2162
f 731 11 2162
f 2162 11 748
f 12 749 748
f 748 749 2162
f 749 6 2162
f 2162 6 747
f 2 732 734
f 734 732 2163
f 732 3 2163
f 2163 3 750
f 4 751 750
f 750 751 2163
f 751 1 2163
f 2163 1 734
f 5 747 733
f 733 747 2164
f 6 752 747
f 747 752 2164
f 752 8 2164
f 2164 8 753
f 3 733 753
f 753 733 2164
f 1 754 735
f 735 754 2165
f 754 23 2165
f 2165 23 755
f 30 756 755
f 755 756 2165
f 756 9 2165
f 2165 9 735
f 757 14 2166
f 2166 14 737
f 10 736 737
f 737 736 2166
f 736 9 2166
f 2166 9 758
f 13 757 758
f 758 757 2166
f 706 760 759
f 759 760 2167
f 760 31 2167
f 2167 31 742
f 705 738 742
f 742 738 2167
f 738 14 2167
f 2167 14 759
f 61 739 763
f 763 739 2168
f 739 55 2168
f 2168 55 741
f 741 54 2168
f 2168 54 764
f 62 763 764
f 764 763 2168
f 39 765 744
f 744 765 2169
f 765 583 2169
f 2169 583 766
f 54 740 766
f 766 740 2169
f 740 19 2169
f 2169 19 744
f 39 743 767
f 767 743 2170
f 743 31 2170
f 2170 31 768
f 700 769 768
f 768 769 2170
f 769 671 2170
f 2170 671 767
f 16 746 770
f 770 746 2171
f 771 20 2171
f 2171 20 770
f 16 772 745
f 745 772 2172
f 17 773 772
f 772 773 2172
f 773 12 2172
f 2172 12 748
f 11 745 748
f 748 745 2172
f 749 12 2173
f 2173 12 774
f 33 775 774
f 774 775 2173
f 775 26 2173
f 2173 26 776
f 6 749 776
f 776 749 2173
f 777 4 2174
f 2174 4 750
f 750 3 2174
f 2174 3 753
f 8 778 753
f 753 778 2174
f 7 777 778
f 778 777 2174
f 751 4 2175
f 2175 4 779
f 22 780 779
f 779 780 2175
f 23 754 780
f 780 754 2175
f 1 751 754
f 754 751 2175
f 8 752 781
f 781 752 2176
f 752 6 2176
f 2176 6 776
f 26 782 776
f 776 782 2176
f 782 27 2176
f 2176 27 781
f 783 30 2177
f 2177 30 755
f 23 784 755
f 755 784 2177
f 784 630 2177
f 2177 630 785
f 628 783 785
f 785 783 2177
f 9 756 758
f 758 756 2178
f 756 30 2178
f 2178 30 786
f 38 787 786
f 786 787 2178
f 787 13 2178
f 2178 13 758
f 757 13 2179
f 2179 13 788
f 32 789 788
f 788 789 2179
f 789 706 2179
f 2179 706 759
f 14 757 759
f 759 757 2179
f 707 791 790
f 790 791 2180
f 791 700 2180
f 2180 700 768
f 31 760 768
f 768 760 2180
f 760 706 2180
f 2180 706 790
f 792 48 2181
f 2181 48 761
f 61 763 761
f 761 763 2181
f 763 62 2181
f 2181 62 793
f 47 792 793
f 793 792 2181
f 40 795 794
f 794 795 2182
f 795 41 2182
f 2182 41 762
f 48 792 762
f 762 792 2182
f 792 47 2182
f 2182 47 794
f 766 583 2183
f 2183 583 797
f 79 798 797
f 797 798 2183
f 798 62 2183
f 2183 62 764
f 54 766 764
f 764 766 2183
f 583 765 799
f 799 765 2184
f 765 39 2184
f 2184 39 767
f 671 800 767
f 767 800 2184
f 800 672 2184
f 2184 672 799
f 671 769 801
f 801 769 2185
f 769 700 2185
f 2185 700 802
f 699 803 802
f 802 803 2185
f 803 682 2185
f 2185 682 801
f 2186 24 804
f 20 771 804
f 804 771 2186
f 20 805 770
f 770 805 2187
f 805 21 2187
f 2187 21 806
f 17 772 806
f 806 772 2187
f 772 16 2187
f 2187 16 770
f 773 17 2188
f 2188 17 807
f 807 42 2188
f 2188 42 808
f 808 33 2188
f 2188 33 774
f 12 773 774
f 774 773 2188
f 26 775 809
f 809 775 2189
f 775 33 2189
f 2189 33 810
f 654 811 810
f 810 811 2189
f 811 653 2189
f 2189 653 809
f 777 7 2190
f 2190 7 812
f 29 813 812
f 812 813 2190
f 813 22 2190
f 2190 22 779
f 4 777 779
f 779 777 2190
f 778 8 2191
f 2191 8 781
f 781 27 2191
f 2191 27 814
f 28 815 814
f 814 815 2191
f 815 7 2191
f 2191 7 778
f 816 630 2192
f 2192 630 784
f 23 780 784
f 784 780 2192
f 780 22 2192
f 2192 22 817
f 631 816 817
f 817 816 2192
f 27 782 818
f 818 782 2193
f 782 26 2193
f 2193 26 809
f 653 819 809
f 809 819 2193
f 819 655 2193
f 2193 655 818
f 30 783 786
f 786 783 2194
f 783 628 2194
f 2194 628 820
f 629 821 820
f 820 821 2194
f 821 38 2194
f 2194 38 786
f 46 823 822
f 822 823 2195
f 823 628 2195
f 2195 628 785
f 630 824 785
f 785 824 2195
f 824 37 2195
f 2195 37 822
f 13 787 788
f 788 787 2196
f 787 38 2196
f 2196 38 825
f 60 826 825
f 825 826 2196
f 826 32 2196
f 2196 32 788
f 827 707 2197
f 2197 707 790
f 706 789 790
f 790 789 2197
f 789 32 2197
f 2197 32 828
f 701 827 828
f 828 827 2197
f 700 791 802
f 802 791 2198
f 791 707 2198
f 2198 707 829
f 708 830 829
f 829 830 2198
f 830 699 2198
f 2198 699 802
f 831 47 2199
f 2199 47 793
f 62 798 793
f 793 798 2199
f 798 79 2199
f 2199 79 832
f 70 831 832
f 832 831 2199
f 833 40 2200
f 2200 40 794
f 47 831 794
f 794 831 2200
f 831 70 2200
f 2200 70 834
f 65 833 834
f 834 833 2200
f 25 836 835
f 835 836 2201
f 836 24 2201
f 2201 24 796
f 41 795 796
f 796 795 2201
f 795 40 2201
f 2201 40 835
f 837 79 2202
f 2202 79 797
f 797 583 2202
f 2202 583 799
f 799 672 2202
f 2202 672 838
f 673 837 838
f 838 837 2202
f 672 800 839
f 839 800 2203
f 800 671 2203
f 2203 671 801
f 682 840 801
f 801 840 2203
f 683 839 840
f 840 839 2203
f 841 685 2204
f 2204 685 842
f 682 803 842
f 842 803 2204
f 803 699 2204
f 2204 699 843
f 697 841 843
f 843 841 2204
f 805 20 2205
f 2205 20 804
f 24 836 804
f 804 836 2205
f 836 25 2205
f 2205 25 844
f 21 805 844
f 844 805 2205
f 21 845 806
f 806 845 2206
f 845 49 2206
f 2206 49 846
f 42 807 846
f 846 807 2206
f 807 17 2206
f 2206 17 806
f 847 656 2207
f 2207 656 848
f 654 810 848
f 848 810 2207
f 810 33 2207
f 2207 33 808
f 42 847 808
f 808 847 2207
f 849 717 2208
f 2208 717 850
f 653 811 850
f 850 811 2208
f 811 654 2208
f 2208 654 851
f 716 849 851
f 851 849 2208
f 7 815 812
f 812 815 2209
f 815 28 2209
f 2209 28 852
f 57 853 852
f 852 853 2209
f 853 29 2209
f 2209 29 812
f 854 631 2210
f 2210 631 817
f 22 813 817
f 817 813 2210
f 813 29 2210
f 2210 29 855
f 632 854 855
f 855 854 2210
f 27 818 814
f 814 818 2211
f 818 655 2211
f 2211 655 856
f 718 857 856
f 856 857 2211
f 857 28 2211
f 2211 28 814
f 630 816 824
f 824 816 2212
f 816 631 2212
f 2212 631 858
f 34 859 858
f 858 859 2212
f 859 37 2212
f 2212 37 824
f 717 860 850
f 850 860 2213
f 860 718 2213
f 2213 718 856
f 655 819 856
f 856 819 2213
f 819 653 2213
f 2213 653 850
f 628 823 820
f 820 823 2214
f 823 46 2214
f 2214 46 861
f 52 862 861
f 861 862 2214
f 862 629 2214
f 2214 629 820
f 38 821 825
f 825 821 2215
f 821 629 2215
f 2215 629 863
f 634 864 863
f 863 864 2215
f 864 60 2215
f 2215 60 825
f 865 36 2216
f 2216 36 866
f 45 867 866
f 866 867 2216
f 867 46 2216
f 2216 46 822
f 37 865 822
f 822 865 2216
f 32 826 828
f 828 826 2217
f 826 60 2217
f 2217 60 868
f 703 869 868
f 868 869 2217
f 869 701 2217
f 2217 701 828
f 707 827 829
f 829 827 2218
f 827 701 2218
f 2218 701 870
f 702 871 870
f 870 871 2218
f 871 708 2218
f 2218 708 829
f 699 830 843
f 843 830 2219
f 830 708 2219
f 2219 708 872
f 709 873 872
f 872 873 2219
f 873 697 2219
f 2219 697 843
f 874 70 2220
f 2220 70 832
f 79 837 832
f 832 837 2220
f 837 673 2220
f 2220 673 875
f 664 874 875
f 875 874 2220
f 876 25 2221
f 2221 25 835
f 40 833 835
f 835 833 2221
f 833 65 2221
f 2221 65 877
f 56 876 877
f 877 876 2221
f 662 879 878
f 878 879 2222
f 879 65 2222
f 2222 65 834
f 70 874 834
f 834 874 2222
f 874 664 2222
f 2222 664 878
f 880 673 2223
f 2223 673 838
f 672 839 838
f 838 839 2223
f 839 683 2223
f 2223 683 881
f 684 880 881
f 881 880 2223
f 686 883 882
f 882 883 2224
f 883 683 2224
f 2224 683 840
f 840 682 2224
f 2224 682 842
f 842 685 2224
f 2224 685 882
f 685 841 884
f 884 841 2225
f 841 697 2225
f 2225 697 885
f 669 886 885
f 885 886 2225
f 886 688 2225
f 2225 688 884
f 25 876 844
f 844 876 2226
f 876 56 2226
f 2226 56 887
f 49 845 887
f 887 845 2226
f 845 21 2226
f 2226 21 844
f 656 847 888
f 888 847 2227
f 847 42 2227
f 2227 42 846
f 49 889 846
f 846 889 2227
f 889 657 2227
f 2227 657 888
f 890 619 2228
f 2228 619 891
f 618 892 891
f 891 892 2228
f 892 654 2228
f 2228 654 848
f 656 890 848
f 848 890 2228
f 893 652 2229
f 2229 652 894
f 717 849 894
f 894 849 2229
f 849 716 2229
f 2229 716 895
f 603 893 895
f 895 893 2229
f 715 897 896
f 896 897 2230
f 897 716 2230
f 2230 716 851
f 654 892 851
f 851 892 2230
f 892 618 2230
f 2230 618 896
f 857 718 2231
f 2231 718 898
f 649 899 898
f 898 899 2231
f 899 57 2231
f 2231 57 852
f 28 857 852
f 852 857 2231
f 29 853 855
f 855 853 2232
f 853 57 2232
f 2232 57 900
f 633 901 900
f 900 901 2232
f 901 632 2232
f 2232 632 855
f 902 34 2233
f 2233 34 858
f 631 854 858
f 858 854 2233
f 854 632 2233
f 2233 632 903
f 43 902 903
f 903 902 2233
f 35 905 904
f 904 905 2234
f 905 36 2234
f 2234 36 865
f 37 859 865
f 865 859 2234
f 859 34 2234
f 2234 34 904
f 860 717 2235
f 2235 717 894
f 652 906 894
f 894 906 2235
f 906 649 2235
f 2235 649 898
f 718 860 898
f 898 860 2235
f 46 867 861
f 861 867 2236
f 867 45 2236
f 2236 45 907
f 53 908 907
f 907 908 2236
f 908 52 2236
f 2236 52 861
f 629 862 863
f 863 862 2237
f 862 52 2237
f 2237 52 909
f 69 910 909
f 909 910 2237
f 910 634 2237
f 2237 634 863
f 60 864 868
f 868 864 2238
f 864 634 2238
f 2238 634 911
f 911 665 2238
f 2238 665 912
f 703 868 912
f 912 868 2238
f 36 913 866
f 866 913 2239
f 51 914 913
f 913 914 2239
f 59 915 914
f 914 915 2239
f 915 45 2239
f 2239 45 866
f 701 869 870
f 870 869 2240
f 869 703 2240
f 2240 703 916
f 704 917 916
f 916 917 2240
f 917 702 2240
f 2240 702 870
f 708 871 872
f 872 871 2241
f 871 702 2241
f 2241 702 918
f 698 919 918
f 918 919 2241
f 919 709 2241
f 2241 709 872
f 710 921 920
f 920 921 2242
f 921 669 2242
f 2242 669 885
f 697 873 885
f 885 873 2242
f 873 709 2242
f 2242 709 920
f 922 664 2243
f 2243 664 875
f 673 880 875
f 875 880 2243
f 880 684 2243
f 2243 684 923
f 663 922 923
f 923 922 2243
f 660 925 924
f 924 925 2244
f 925 56 2244
f 2244 56 877
f 65 879 877
f 877 879 2244
f 879 662 2244
f 2244 662 924
f 661 927 926
f 926 927 2245
f 927 662 2245
f 2245 662 878
f 664 922 878
f 878 922 2245
f 922 663 2245
f 2245 663 926
f 883 686 2246
f 2246 686 928
f 687 929 928
f 928 929 2246
f 929 684 2246
f 2246 684 881
f 683 883 881
f 881 883 2246
f 930 686 2247
f 2247 686 882
f 685 884 882
f 882 884 2247
f 688 931 884
f 884 931 2247
f 689 930 931
f 931 930 2247
f 688 886 932
f 932 886 2248
f 886 669 2248
f 2248 669 933
f 668 934 933
f 933 934 2248
f 934 691 2248
f 2248 691 932
f 889 49 2249
f 2249 49 887
f 56 925 887
f 887 925 2249
f 925 660 2249
f 2249 660 935
f 657 889 935
f 935 889 2249
f 619 890 936
f 936 890 2250
f 890 656 2250
f 2250 656 888
f 657 937 888
f 888 937 2250
f 937 658 2250
f 2250 658 936
f 619 938 891
f 891 938 2251
f 938 613 2251
f 2251 613 939
f 612 940 939
f 939 940 2251
f 940 618 2251
f 2251 618 891
f 941 651 2252
f 2252 651 942
f 652 893 942
f 942 893 2252
f 893 603 2252
f 2252 603 943
f 605 941 943
f 943 941 2252
f 897 715 2253
f 2253 715 944
f 602 945 944
f 944 945 2253
f 603 895 945
f 945 895 2253
f 716 897 895
f 895 897 2253
f 946 715 2254
f 2254 715 896
f 618 940 896
f 896 940 2254
f 940 612 2254
f 2254 612 947
f 714 946 947
f 947 946 2254
f 57 899 900
f 900 899 2255
f 899 649 2255
f 2255 649 948
f 650 949 948
f 948 949 2255
f 949 633 2255
f 2255 633 900
f 950 43 2256
f 2256 43 903
f 632 901 903
f 903 901 2256
f 901 633 2256
f 2256 633 951
f 63 950 951
f 951 950 2256
f 34 902 904
f 904 902 2257
f 902 43 2257
f 2257 43 952
f 44 953 952
f 952 953 2257
f 953 35 2257
f 2257 35 904
f 905 35 2258
f 2258 35 954
f 50 955 954
f 954 955 2258
f 955 51 2258
f 2258 51 913
f 36 905 913
f 913 905 2258
f 649 906 948
f 948 906 2259
f 906 652 2259
f 2259 652 942
f 651 956 942
f 942 956 2259
f 956 650 2259
f 2259 650 948
f 45 915 907
f 907 915 2260
f 915 59 2260
f 2260 59 957
f 64 958 957
f 957 958 2260
f 958 53 2260
f 2260 53 907
f 908 53 2261
f 2261 53 959
f 68 960 959
f 959 960 2261
f 960 69 2261
f 2261 69 909
f 52 908 909
f 909 908 2261
f 634 910 911
f 911 910 2262
f 910 69 2262
f 2262 69 961
f 640 962 961
f 961 962 2262
f 962 665 2262
f 2262 665 911
f 916 703 2263
f 2263 703 912
f 665 963 912
f 912 963 2263
f 963 666 2263
f 2263 666 964
f 964 704 2263
f 2263 704 916
f 914 51 2264
f 2264 51 965
f 67 966 965
f 965 966 2264
f 966 76 2264
f 2264 76 967
f 967 59 2264
f 2264 59 914
f 702 917 918
f 918 917 2265
f 917 704 2265
f 2265 704 968
f 968 698 2265
f 2265 698 918
f 969 710 2266
f 2266 710 920
f 709 919 920
f 920 919 2266
f 919 698 2266
f 2266 698 970
f 670 969 970
f 970 969 2266
f 642 972 971
f 971 972 2267
f 972 668 2267
f 2267 668 933
f 669 921 933
f 933 921 2267
f 921 710 2267
f 2267 710 971
f 973 663 2268
f 2268 663 923
f 684 929 923
f 923 929 2268
f 929 687 2268
f 2268 687 974
f 681 973 974
f 974 973 2268
f 659 976 975
f 975 976 2269
f 976 660 2269
f 2269 660 924
f 662 927 924
f 924 927 2269
f 927 661 2269
f 2269 661 975
f 977 661 2270
f 2270 661 926
f 663 973 926
f 926 973 2270
f 973 681 2270
f 2270 681 978
f 680 977 978
f 978 977 2270
f 979 687 2271
f 2271 687 928
f 686 930 928
f 928 930 2271
f 930 689 2271
f 2271 689 980
f 690 979 980
f 980 979 2271
f 981 689 2272
f 2272 689 931
f 931 688 2272
f 2272 688 932
f 691 982 932
f 932 982 2272
f 692 981 982
f 982 981 2272
f 691 934 983
f 983 934 2273
f 934 668 2273
f 2273 668 984
f 667 985 984
f 984 985 2273
f 985 694 2273
f 2273 694 983
f 937 657 2274
f 2274 657 935
f 660 976 935
f 935 976 2274
f 976 659 2274
f 2274 659 986
f 658 937 986
f 986 937 2274
f 613 938 987
f 987 938 2275
f 938 619 2275
f 2275 619 936
f 658 988 936
f 936 988 2275
f 988 614 2275
f 2275 614 987
f 989 612 2276
f 2276 612 939
f 613 990 939
f 939 990 2276
f 990 589 2276
f 2276 589 991
f 591 989 991
f 991 989 2276
f 651 941 992
f 992 941 2277
f 941 605 2277
f 2277 605 993
f 604 994 993
f 993 994 2277
f 994 648 2277
f 2277 648 992
f 995 605 2278
f 2278 605 943
f 603 996 943
f 943 996 2278
f 996 610 2278
f 2278 610 997
f 609 995 997
f 997 995 2278
f 998 602 2279
f 2279 602 944
f 715 946 944
f 944 946 2279
f 946 714 2279
f 2279 714 999
f 611 998 999
f 999 998 2279
f 945 602 2280
f 2280 602 998
f 998 611 2280
f 2280 611 1000
f 610 996 1000
f 1000 996 2280
f 996 603 2280
f 2280 603 945
f 1001 714 2281
f 2281 714 947
f 612 989 947
f 947 989 2281
f 989 591 2281
f 2281 591 1002
f 713 1001 1002
f 1002 1001 2281
f 633 949 951
f 951 949 2282
f 949 650 2282
f 2282 650 1003
f 647 1004 1003
f 1003 1004 2282
f 63 951 1004
f 1004 951 2282
f 43 950 952
f 952 950 2283
f 950 63 2283
f 2283 63 1005
f 1005 44 2283
f 2283 44 952
f 953 44 2284
f 2284 44 1006
f 58 1007 1006
f 1006 1007 2284
f 1007 50 2284
f 2284 50 954
f 35 953 954
f 954 953 2284
f 955 50 2285
f 2285 50 1008
f 66 1009 1008
f 1008 1009 2285
f 1009 67 2285
f 2285 67 965
f 51 955 965
f 965 955 2285
f 650 956 1003
f 1003 956 2286
f 956 651 2286
f 2286 651 992
f 648 1010 992
f 992 1010 2286
f 1010 647 2286
f 2286 647 1003
f 59 967 957
f 957 967 2287
f 967 76 2287
f 2287 76 1011
f 81 1012 1011
f 1011 1012 2287
f 1012 64 2287
f 2287 64 957
f 53 958 959
f 959 958 2288
f 958 64 2288
f 2288 64 1013
f 82 1014 1013
f 1013 1014 2288
f 1014 68 2288
f 2288 68 959
f 77 1016 1015
f 1015 1016 2289
f 1016 78 2289
f 2289 78 1017
f 69 960 1017
f 1017 960 2289
f 960 68 2289
f 2289 68 1015
f 1017 78 2290
f 2290 78 1018
f 636 1019 1018
f 1018 1019 2290
f 1019 640 2290
f 2290 640 961
f 69 1017 961
f 961 1017 2290
f 963 665 2291
f 2291 665 962
f 962 640 2291
f 2291 640 1020
f 1020 646 2291
f 2291 646 1021
f 666 963 1021
f 1021 963 2291
f 666 1022 964
f 964 1022 2292
f 1022 670 2292
f 2292 670 970
f 698 968 970
f 970 968 2292
f 968 704 2292
f 2292 704 964
f 1023 75 2293
f 2293 75 1024
f 80 1025 1024
f 1024 1025 2293
f 76 966 1025
f 1025 966 2293
f 966 67 2293
f 2293 67 1023
f 1026 642 2294
f 2294 642 971
f 710 969 971
f 971 969 2294
f 969 670 2294
f 2294 670 1027
f 641 1026 1027
f 1027 1026 2294
f 1028 667 2295
f 2295 667 984
f 668 972 984
f 984 972 2295
f 972 642 2295
f 2295 642 1029
f 643 1028 1029
f 1029 1028 2295
f 1030 681 2296
f 2296 681 974
f 687 979 974
f 974 979 2296
f 979 690 2296
f 2296 690 1031
f 679 1030 1031
f 1031 1030 2296
f 1032 659 2297
f 2297 659 975
f 661 977 975
f 975 977 2297
f 977 680 2297
f 2297 680 1033
f 615 1032 1033
f 1033 1032 2297
f 678 1035 1034
f 1034 1035 2298
f 1035 680 2298
f 2298 680 978
f 681 1030 978
f 978 1030 2298
f 1030 679 2298
f 2298 679 1034
f 1036 690 2299
f 2299 690 980
f 689 981 980
f 980 981 2299
f 981 692 2299
f 2299 692 1037
f 693 1036 1037
f 1037 1036 2299
f 1038 692 2300
f 2300 692 982
f 982 691 2300
f 2300 691 983
f 694 1039 983
f 983 1039 2300
f 695 1038 1039
f 1039 1038 2300
f 1040 156 2301
f 2301 156 1041
f 694 985 1041
f 1041 985 2301
f 985 667 2301
f 2301 667 1042
f 116 1040 1042
f 1042 1040 2301
f 988 658 2302
f 2302 658 986
f 659 1032 986
f 986 1032 2302
f 1032 615 2302
f 2302 615 1043
f 614 988 1043
f 1043 988 2302
f 589 990 1044
f 1044 990 2303
f 990 613 2303
f 2303 613 987
f 614 1045 987
f 987 1045 2303
f 1045 585 2303
f 2303 585 1044
f 1046 591 2304
f 2304 591 991
f 589 1047 991
f 991 1047 2304
f 1047 588 2304
f 2304 588 1048
f 590 1046 1048
f 1048 1046 2304
f 605 995 993
f 993 995 2305
f 995 609 2305
f 2305 609 1049
f 608 1050 1049
f 1049 1050 2305
f 1050 604 2305
f 2305 604 993
f 648 994 1051
f 1051 994 2306
f 994 604 2306
f 2306 604 1052
f 606 1053 1052
f 1052 1053 2306
f 1053 645 2306
f 2306 645 1051
f 610 1054 997
f 997 1054 2307
f 1054 601 2307
f 2307 601 1055
f 595 1056 1055
f 1055 1056 2307
f 1056 609 2307
f 2307 609 997
f 1057 611 2308
f 2308 611 999
f 714 1001 999
f 999 1001 2308
f 1001 713 2308
f 2308 713 1058
f 593 1057 1058
f 1058 1057 2308
f 1054 610 2309
f 2309 610 1000
f 611 1057 1000
f 1000 1057 2309
f 1057 593 2309
f 2309 593 1059
f 601 1054 1059
f 1059 1054 2309
f 1060 713 2310
f 2310 713 1002
f 591 1046 1002
f 1002 1046 2310
f 1046 590 2310
f 2310 590 1061
f 712 1060 1061
f 1061 1060 2310
f 63 1004 1062
f 1062 1004 2311
f 1004 647 2311
f 2311 647 1063
f 635 1064 1063
f 1063 1064 2311
f 1064 71 2311
f 2311 71 1062
f 63 1062 1005
f 1005 1062 2312
f 71 1065 1062
f 1062 1065 2312
f 72 1066 1065
f 1065 1066 2312
f 44 1005 1066
f 1066 1005 2312
f 44 1066 1006
f 1006 1066 2313
f 1066 72 2313
f 2313 72 1067
f 83 1068 1067
f 1067 1068 2313
f 1068 58 2313
f 2313 58 1006
f 1007 58 2314
f 2314 58 1069
f 73 1070 1069
f 1069 1070 2314
f 1070 66 2314
f 2314 66 1008
f 50 1007 1008
f 1008 1007 2314
f 74 1072 1071
f 1071 1072 2315
f 1072 75 2315
f 2315 75 1023
f 67 1009 1023
f 1023 1009 2315
f 1009 66 2315
f 2315 66 1071
f 647 1010 1063
f 1063 1010 2316
f 1010 648 2316
f 2316 648 1051
f 645 1073 1051
f 1051 1073 2316
f 1073 635 2316
f 2316 635 1063
f 1025 80 2317
f 2317 80 1074
f 88 1075 1074
f 1074 1075 2317
f 1075 81 2317
f 2317 81 1011
f 76 1025 1011
f 1011 1025 2317
f 64 1012 1013
f 1013 1012 2318
f 1012 81 2318
f 2318 81 1076
f 95 1077 1076
f 1076 1077 2318
f 1077 82 2318
f 2318 82 1013
f 68 1014 1015
f 1015 1014 2319
f 1014 82 2319
f 2319 82 1078
f 89 1079 1078
f 1078 1079 2319
f 1079 77 2319
f 2319 77 1015
f 71 1080 1065
f 1065 1080 2320
f 1080 78 2320
f 2320 78 1016
f 77 1081 1016
f 1016 1081 2320
f 1081 72 2320
f 2320 72 1065
f 1082 636 2321
f 2321 636 1018
f 78 1080 1018
f 1018 1080 2321
f 71 1064 1080
f 1080 1064 2321
f 1064 635 2321
f 2321 635 1082
f 636 1083 1019
f 1019 1083 2322
f 1083 644 2322
f 2322 644 1084
f 646 1020 1084
f 1084 1020 2322
f 640 1019 1020
f 1020 1019 2322
f 646 1085 1021
f 1021 1085 2323
f 1085 641 2323
f 2323 641 1027
f 670 1022 1027
f 1027 1022 2323
f 1022 666 2323
f 2323 666 1021
f 1072 74 2324
f 2324 74 1086
f 87 1087 1086
f 1086 1087 2324
f 1087 80 2324
f 2324 80 1024
f 1024 75 2324
f 2324 75 1072
f 637 1089 1088
f 1088 1089 2325
f 1089 639 2325
f 2325 639 1090
f 642 1026 1090
f 1090 1026 2325
f 1026 641 2325
f 2325 641 1088
f 667 1028 1042
f 1042 1028 2326
f 1028 643 2326
f 2326 643 1091
f 113 1092 1091
f 1091 1092 2326
f 1092 116 2326
f 2326 116 1042
f 1093 643 2327
f 2327 643 1029
f 642 1090 1029
f 1029 1090 2327
f 1090 639 2327
f 2327 639 1094
f 638 1093 1094
f 1094 1093 2327
f 1095 679 2328
f 2328 679 1031
f 690 1036 1031
f 1031 1036 2328
f 1036 693 2328
f 2328 693 1096
f 677 1095 1096
f 1096 1095 2328
f 586 1098 1097
f 1097 1098 2329
f 1098 615 2329
f 2329 615 1033
f 680 1035 1033
f 1033 1035 2329
f 1035 678 2329
f 2329 678 1097
f 676 1100 1099
f 1099 1100 2330
f 1100 678 2330
f 2330 678 1034
f 679 1095 1034
f 1034 1095 2330
f 1095 677 2330
f 2330 677 1099
f 1101 693 2331
f 2331 693 1037
f 692 1038 1037
f 1037 1038 2331
f 1038 695 2331
f 2331 695 1102
f 696 1101 1102
f 1102 1101 2331
f 193 1104 1103
f 1103 1104 2332
f 695 1039 1104
f 1104 1039 2332
f 694 1105 1039
f 1039 1105 2332
f 158 1103 1105
f 1105 1103 2332
f 115 1107 1106
f 1106 1107 2333
f 155 1108 1107
f 1107 1108 2333
f 156 1040 1108
f 1108 1040 2333
f 1040 116 2333
f 2333 116 1106
f 1109 158 2334
f 2334 158 1105
f 694 1041 1105
f 1105 1041 2334
f 1041 156 2334
f 2334 156 1110
f 157 1109 1110
f 1110 1109 2334
f 1045 614 2335
f 2335 614 1043
f 615 1098 1043
f 1043 1098 2335
f 1098 586 2335
f 2335 586 1111
f 585 1045 1111
f 1111 1045 2335
f 588 1047 1112
f 1112 1047 2336
f 1047 589 2336
f 2336 589 1044
f 585 1113 1044
f 1044 1113 2336
f 1113 584 2336
f 2336 584 1112
f 625 1115 1114
f 1114 1115 2337
f 1115 590 2337
f 2337 590 1048
f 588 1116 1048
f 1048 1116 2337
f 1116 623 2337
f 2337 623 1114
f 594 1118 1117
f 1117 1118 2338
f 608 1049 1118
f 1118 1049 2338
f 609 1056 1049
f 1049 1056 2338
f 1056 595 2338
f 2338 595 1117
f 604 1050 1052
f 1052 1050 2339
f 608 1119 1050
f 1050 1119 2339
f 617 1120 1119
f 1119 1120 2339
f 1120 606 2339
f 2339 606 1052
f 645 1053 1121
f 1121 1053 2340
f 1053 606 2340
f 2340 606 1122
f 637 1123 1122
f 1122 1123 2340
f 1123 644 2340
f 2340 644 1121
f 1124 595 2341
f 2341 595 1055
f 601 1125 1055
f 1055 1125 2341
f 1125 600 2341
f 2341 600 1126
f 596 1124 1126
f 1126 1124 2341
f 713 1060 1058
f 1058 1060 2342
f 1060 712 2342
f 2342 712 1127
f 592 1128 1127
f 1127 1128 2342
f 1128 593 2342
f 2342 593 1058
f 1125 601 2343
f 2343 601 1059
f 593 1128 1059
f 1059 1128 2343
f 1128 592 2343
f 2343 592 1129
f 600 1125 1129
f 1129 1125 2343
f 1130 712 2344
f 2344 712 1061
f 590 1115 1061
f 1061 1115 2344
f 1115 625 2344
f 2344 625 1131
f 711 1130 1131
f 1131 1130 2344
f 1081 77 2345
f 2345 77 1079
f 89 1132 1079
f 1079 1132 2345
f 1132 83 2345
f 2345 83 1067
f 72 1081 1067
f 1067 1081 2345
f 58 1068 1069
f 1069 1068 2346
f 1068 83 2346
f 2346 83 1133
f 96 1134 1133
f 1133 1134 2346
f 1134 73 2346
f 2346 73 1069
f 1070 73 2347
f 2347 73 1135
f 85 1136 1135
f 1135 1136 2347
f 1136 84 2347
f 2347 84 1137
f 66 1070 1137
f 1137 1070 2347
f 66 1137 1071
f 1071 1137 2348
f 84 1138 1137
f 1137 1138 2348
f 1138 86 2348
f 2348 86 1139
f 1139 74 2348
f 2348 74 1071
f 644 1083 1121
f 1121 1083 2349
f 1083 636 2349
f 2349 636 1082
f 635 1073 1082
f 1082 1073 2349
f 1073 645 2349
f 2349 645 1121
f 1087 87 2350
f 2350 87 1140
f 90 1141 1140
f 1140 1141 2350
f 1141 88 2350
f 2350 88 1074
f 80 1087 1074
f 1074 1087 2350
f 1075 88 2351
f 2351 88 1142
f 1142 102 2351
f 2351 102 1143
f 1143 95 2351
f 2351 95 1076
f 81 1075 1076
f 1076 1075 2351
f 82 1077 1078
f 1078 1077 2352
f 1077 95 2352
f 2352 95 1144
f 103 1145 1144
f 1144 1145 2352
f 1145 89 2352
f 2352 89 1078
f 644 1123 1084
f 1084 1123 2353
f 1123 637 2353
f 2353 637 1088
f 641 1085 1088
f 1088 1085 2353
f 1085 646 2353
f 2353 646 1084
f 74 1139 1086
f 1086 1139 2354
f 86 1146 1139
f 1139 1146 2354
f 1146 94 2354
f 2354 94 1147
f 87 1086 1147
f 1147 1086 2354
f 606 1120 1122
f 1122 1120 2355
f 1120 617 2355
f 2355 617 1148
f 639 1089 1148
f 1148 1089 2355
f 1089 637 2355
f 2355 637 1122
f 1149 113 2356
f 2356 113 1091
f 643 1093 1091
f 1091 1093 2356
f 1093 638 2356
f 2356 638 1150
f 130 1149 1150
f 1150 1149 2356
f 114 1152 1151
f 1151 1152 2357
f 1152 115 2357
f 2357 115 1106
f 116 1092 1106
f 1106 1092 2357
f 1092 113 2357
f 2357 113 1151
f 639 1148 1094
f 1094 1148 2358
f 1148 617 2358
f 2358 617 1153
f 616 1154 1153
f 1153 1154 2358
f 1154 638 2358
f 2358 638 1094
f 1155 677 2359
f 2359 677 1096
f 693 1101 1096
f 1096 1101 2359
f 1101 696 2359
f 2359 696 1156
f 675 1155 1156
f 1156 1155 2359
f 587 1158 1157
f 1157 1158 2360
f 1158 586 2360
f 2360 586 1097
f 678 1100 1097
f 1097 1100 2360
f 1100 676 2360
f 2360 676 1157
f 674 1160 1159
f 1159 1160 2361
f 1160 676 2361
f 2361 676 1099
f 677 1155 1099
f 1099 1155 2361
f 1155 675 2361
f 2361 675 1159
f 695 1161 1102
f 1102 1161 2362
f 195 1162 1161
f 1161 1162 2362
f 1162 222 2362
f 2362 222 1163
f 696 1102 1163
f 1163 1102 2362
f 1164 172 2363
f 2363 172 1165
f 192 1166 1165
f 1165 1166 2363
f 1166 193 2363
f 2363 193 1103
f 158 1164 1103
f 1103 1164 2363
f 1167 195 2364
f 2364 195 1161
f 695 1104 1161
f 1161 1104 2364
f 1104 193 2364
f 2364 193 1168
f 194 1167 1168
f 1168 1167 2364
f 115 1169 1107
f 1107 1169 2365
f 1169 154 2365
f 2365 154 1170
f 205 1171 1170
f 1170 1171 2365
f 1171 155 2365
f 2365 155 1107
f 156 1108 1172
f 1172 1108 2366
f 1108 155 2366
f 2366 155 1173
f 148 1174 1173
f 1173 1174 2366
f 1174 147 2366
f 2366 147 1172
f 146 1176 1175
f 1175 1176 2367
f 1176 145 2367
f 2367 145 1177
f 158 1109 1177
f 1177 1109 2367
f 1109 157 2367
f 2367 157 1175
f 147 1178 1172
f 1172 1178 2368
f 146 1175 1178
f 1178 1175 2368
f 1175 157 2368
f 2368 157 1110
f 156 1172 1110
f 1110 1172 2368
f 1113 585 2369
f 2369 585 1111
f 586 1158 1111
f 1111 1158 2369
f 1158 587 2369
f 2369 587 1179
f 584 1113 1179
f 1179 1113 2369
f 623 1116 1180
f 1180 1116 2370
f 1116 588 2370
f 2370 588 1112
f 584 1181 1112
f 1112 1181 2370
f 1181 622 2370
f 2370 622 1180
f 1182 625 2371
f 2371 625 1114
f 623 1183 1114
f 1114 1183 2371
f 1183 174 2371
f 2371 174 1184
f 177 1182 1184
f 1184 1182 2371
f 595 1124 1117
f 1117 1124 2372
f 1124 596 2372
f 2372 596 1185
f 597 1186 1185
f 1185 1186 2372
f 1186 594 2372
f 2372 594 1117
f 1187 607 2373
f 2373 607 1188
f 608 1118 1188
f 1188 1118 2373
f 1118 594 2373
f 2373 594 1189
f 599 1187 1189
f 1189 1187 2373
f 1190 616 2374
f 2374 616 1153
f 1153 617 2374
f 2374 617 1119
f 608 1188 1119
f 1119 1188 2374
f 607 1190 1188
f 1188 1190 2374
f 620 1192 1191
f 1191 1192 2375
f 1192 596 2375
f 2375 596 1126
f 600 1193 1126
f 1126 1193 2375
f 1193 626 2375
f 2375 626 1191
f 1194 592 2376
f 2376 592 1127
f 712 1130 1127
f 1127 1130 2376
f 1130 711 2376
f 2376 711 1195
f 621 1194 1195
f 1195 1194 2376
f 626 1193 1196
f 1196 1193 2377
f 1193 600 2377
f 2377 600 1129
f 592 1194 1129
f 1129 1194 2377
f 1194 621 2377
f 2377 621 1196
f 1197 711 2378
f 2378 711 1131
f 625 1182 1131
f 1131 1182 2378
f 1182 177 2378
f 2378 177 1198
f 138 1197 1198
f 1198 1197 2378
f 1132 89 2379
f 2379 89 1145
f 103 1199 1145
f 1145 1199 2379
f 1199 96 2379
f 2379 96 1133
f 83 1132 1133
f 1133 1132 2379
f 73 1134 1135
f 1135 1134 2380
f 1134 96 2380
f 2380 96 1200
f 126 1201 1200
f 1200 1201 2380
f 1201 85 2380
f 2380 85 1135
f 1136 85 2381
f 2381 85 1202
f 92 1203 1202
f 1202 1203 2381
f 1203 91 2381
f 2381 91 1204
f 84 1136 1204
f 1204 1136 2381
f 1138 84 2382
f 2382 84 1204
f 91 1205 1204
f 1204 1205 2382
f 1205 93 2382
f 2382 93 1206
f 86 1138 1206
f 1206 1138 2382
f 1140 87 2383
f 2383 87 1147
f 94 1207 1147
f 1147 1207 2383
f 101 1208 1207
f 1207 1208 2383
f 1208 90 2383
f 2383 90 1140
f 1141 90 2384
f 2384 90 1209
f 112 1210 1209
f 1209 1210 2384
f 1210 102 2384
f 2384 102 1142
f 88 1141 1142
f 1142 1141 2384
f 112 1211 1210
f 1210 1211 2385
f 1211 103 2385
f 2385 103 1144
f 95 1143 1144
f 1144 1143 2385
f 1143 102 2385
f 2385 102 1210
f 94 1146 1212
f 1212 1146 2386
f 1146 86 2386
f 2386 86 1206
f 93 1213 1206
f 1206 1213 2386
f 1213 100 2386
f 2386 100 1212
f 131 1215 1214
f 1214 1215 2387
f 1215 114 2387
f 2387 114 1151
f 113 1149 1151
f 1151 1149 2387
f 1149 130 2387
f 2387 130 1214
f 1216 130 2388
f 2388 130 1150
f 638 1154 1150
f 1150 1154 2388
f 1154 616 2388
f 2388 616 1217
f 104 1216 1217
f 1217 1216 2388
f 1152 114 2389
f 2389 114 1218
f 153 1219 1218
f 1218 1219 2389
f 1219 154 2389
f 2389 154 1169
f 115 1152 1169
f 1169 1152 2389
f 225 1221 1220
f 1220 1221 2390
f 1221 675 2390
f 2390 675 1156
f 696 1222 1156
f 1156 1222 2390
f 224 1220 1222
f 1222 1220 2390
f 624 1224 1223
f 1223 1224 2391
f 1224 587 2391
f 2391 587 1157
f 676 1160 1157
f 1157 1160 2391
f 1160 674 2391
f 2391 674 1223
f 228 1226 1225
f 1225 1226 2392
f 1226 674 2392
f 2392 674 1159
f 675 1221 1159
f 1159 1221 2392
f 1221 225 2392
f 2392 225 1225
f 206 1228 1227
f 1227 1228 2393
f 1228 221 2393
f 2393 221 1229
f 222 1162 1229
f 1229 1162 2393
f 1162 195 2393
f 2393 195 1227
f 222 1230 1163
f 1163 1230 2394
f 1230 223 2394
f 2394 223 1231
f 224 1222 1231
f 1231 1222 2394
f 1222 696 2394
f 2394 696 1163
f 162 1233 1232
f 1232 1233 2395
f 1233 172 2395
f 2395 172 1164
f 158 1177 1164
f 1164 1177 2395
f 1177 145 2395
f 2395 145 1232
f 172 1234 1165
f 1165 1234 2396
f 1234 220 2396
f 2396 220 1235
f 239 1236 1235
f 1235 1236 2396
f 1236 192 2396
f 2396 192 1165
f 193 1166 1237
f 1237 1166 2397
f 1166 192 2397
f 2397 192 1238
f 185 1239 1238
f 1238 1239 2397
f 1239 184 2397
f 2397 184 1237
f 183 1241 1240
f 1240 1241 2398
f 182 1242 1241
f 1241 1242 2398
f 195 1167 1242
f 1242 1167 2398
f 1167 194 2398
f 2398 194 1240
f 184 1243 1237
f 1237 1243 2399
f 183 1240 1243
f 1243 1240 2399
f 1240 194 2399
f 2399 194 1168
f 193 1237 1168
f 1168 1237 2399
f 154 1244 1170
f 1170 1244 2400
f 1244 219 2400
f 2400 219 1245
f 260 1246 1245
f 1245 1246 2400
f 1246 205 2400
f 2400 205 1170
f 155 1171 1173
f 1173 1171 2401
f 1171 205 2401
f 2401 205 1247
f 203 1248 1247
f 1247 1248 2401
f 1248 148 2401
f 2401 148 1173
f 147 1174 1249
f 1249 1174 2402
f 1174 148 2402
f 2402 148 1250
f 125 1251 1250
f 1250 1251 2402
f 1251 124 2402
f 2402 124 1249
f 1252 145 2403
f 2403 145 1176
f 146 1253 1176
f 1176 1253 2403
f 1253 123 2403
f 2403 123 1254
f 122 1252 1254
f 1254 1252 2403
f 146 1178 1253
f 1253 1178 2404
f 1178 147 2404
f 2404 147 1249
f 124 1255 1249
f 1249 1255 2404
f 1255 123 2404
f 2404 123 1253
f 1181 584 2405
f 2405 584 1179
f 587 1224 1179
f 1179 1224 2405
f 1224 624 2405
f 2405 624 1256
f 622 1181 1256
f 1256 1181 2405
f 1183 623 2406
f 2406 623 1180
f 622 1257 1180
f 1180 1257 2406
f 1257 175 2406
f 2406 175 1258
f 174 1183 1258
f 1258 1183 2406
f 174 1259 1184
f 1184 1259 2407
f 1259 178 2407
f 2407 178 1260
f 179 1261 1260
f 1260 1261 2407
f 1261 177 2407
f 2407 177 1184
f 1262 598 2408
f 2408 598 1263
f 1263 597 2408
f 2408 597 1185
f 596 1192 1185
f 1185 1192 2408
f 1192 620 2408
f 2408 620 1262
f 598 1264 1263
f 1263 1264 2409
f 1264 599 2409
f 2409 599 1189
f 594 1186 1189
f 1189 1186 2409
f 1186 597 2409
f 2409 597 1263
f 607 1187 1265
f 1265 1187 2410
f 1187 599 2410
f 2410 599 1266
f 121 1267 1266
f 1266 1267 2410
f 1267 105 2410
f 2410 105 1265
f 616 1190 1217
f 1217 1190 2411
f 1190 607 2411
f 2411 607 1265
f 105 1268 1265
f 1265 1268 2411
f 1268 104 2411
f 2411 104 1217
f 1269 620 2412
f 2412 620 1191
f 626 1270 1191
f 1191 1270 2412
f 1270 140 2412
f 2412 140 1271
f 119 1269 1271
f 1271 1269 2412
f 137 1273 1272
f 1272 1273 2413
f 1273 621 2413
f 2413 621 1195
f 711 1197 1195
f 1195 1197 2413
f 1197 138 2413
f 2413 138 1272
f 1270 626 2414
f 2414 626 1196
f 621 1273 1196
f 1196 1273 2414
f 1273 137 2414
f 2414 137 1274
f 140 1270 1274
f 1274 1270 2414
f 177 1261 1198
f 1198 1261 2415
f 1261 179 2415
f 2415 179 1275
f 180 1276 1275
f 1275 1276 2415
f 1276 138 2415
f 2415 138 1198
f 103 1277 1199
f 1199 1277 2416
f 1277 133 2416
f 2416 133 1278
f 126 1200 1278
f 1278 1200 2416
f 1200 96 2416
f 2416 96 1199
f 85 1201 1202
f 1202 1201 2417
f 1201 126 2417
f 2417 126 1279
f 151 1280 1279
f 1279 1280 2417
f 1280 92 2417
f 2417 92 1202
f 91 1203 1281
f 1281 1203 2418
f 1203 92 2418
f 2418 92 1282
f 98 1283 1282
f 1282 1283 2418
f 1283 97 2418
f 2418 97 1281
f 97 1284 1281
f 1281 1284 2419
f 1284 99 2419
f 2419 99 1285
f 93 1205 1285
f 1285 1205 2419
f 1205 91 2419
f 2419 91 1281
f 1207 94 2420
f 2420 94 1212
f 100 1286 1212
f 1212 1286 2420
f 152 1287 1286
f 1286 1287 2420
f 1287 101 2420
f 2420 101 1207
f 90 1208 1209
f 1209 1208 2421
f 1208 101 2421
f 2421 101 1288
f 135 1289 1288
f 1288 1289 2421
f 1289 112 2421
f 2421 112 1209
f 1211 112 2422
f 2422 112 1289
f 135 1290 1289
f 1289 1290 2422
f 1290 133 2422
f 2422 133 1277
f 103 1211 1277
f 1277 1211 2422
f 1291 111 2423
f 2423 111 1292
f 100 1213 1292
f 1292 1213 2423
f 1213 93 2423
f 2423 93 1285
f 99 1291 1285
f 1285 1291 2423
f 107 1294 1293
f 1293 1294 2424
f 1294 131 2424
f 2424 131 1214
f 130 1216 1214
f 1214 1216 2424
f 1216 104 2424
f 2424 104 1293
f 1215 131 2425
f 2425 131 1295
f 171 1296 1295
f 1295 1296 2425
f 1296 153 2425
f 2425 153 1218
f 114 1215 1218
f 1218 1215 2425
f 1219 153 2426
f 2426 153 1297
f 1297 218 2426
f 2426 218 1298
f 1298 219 2426
f 2426 219 1244
f 154 1219 1244
f 1244 1219 2426
f 1299 225 2427
f 2427 225 1220
f 224 1300 1220
f 1220 1300 2427
f 240 1301 1300
f 1300 1301 2427
f 226 1299 1301
f 1301 1299 2427
f 207 1303 1302
f 1302 1303 2428
f 1303 624 2428
f 2428 624 1223
f 674 1226 1223
f 1223 1226 2428
f 1226 228 2428
f 2428 228 1302
f 1299 226 2429
f 2429 226 1304
f 227 1305 1304
f 1304 1305 2429
f 1305 228 2429
f 2429 228 1225
f 225 1299 1225
f 1225 1299 2429
f 201 1307 1306
f 1306 1307 2430
f 1307 206 2430
f 2430 206 1227
f 195 1242 1227
f 1227 1242 2430
f 1242 182 2430
f 2430 182 1306
f 1228 206 2431
f 2431 206 1308
f 250 1309 1308
f 1308 1309 2431
f 1309 261 2431
f 2431 261 1310
f 221 1228 1310
f 1310 1228 2431
f 1311 222 2432
f 2432 222 1229
f 221 1312 1229
f 1229 1312 2432
f 1312 213 2432
f 2432 213 1313
f 212 1311 1313
f 1313 1311 2432
f 1311 212 2433
f 2433 212 1314
f 211 1315 1314
f 1314 1315 2433
f 1315 223 2433
f 2433 223 1230
f 222 1311 1230
f 1230 1311 2433
f 1315 211 2434
f 2434 211 1316
f 210 1317 1316
f 1316 1317 2434
f 224 1231 1317
f 1317 1231 2434
f 1231 223 2434
f 2434 223 1315
f 1318 162 2435
f 2435 162 1232
f 145 1252 1232
f 1232 1252 2435
f 1252 122 2435
f 2435 122 1319
f 132 1318 1319
f 1319 1318 2435
f 1233 162 2436
f 2436 162 1320
f 215 1321 1320
f 1320 1321 2436
f 220 1234 1321
f 1321 1234 2436
f 172 1233 1234
f 1234 1233 2436
f 220 1322 1235
f 1235 1322 2437
f 1322 273 2437
f 2437 273 1323
f 289 1324 1323
f 1323 1324 2437
f 1324 239 2437
f 2437 239 1235
f 192 1236 1238
f 1238 1236 2438
f 1236 239 2438
f 2438 239 1325
f 232 1326 1325
f 1325 1326 2438
f 1326 185 2438
f 2438 185 1238
f 184 1239 1327
f 1327 1239 2439
f 1239 185 2439
f 2439 185 1328
f 1328 144 2439
f 2439 144 1329
f 143 1327 1329
f 1329 1327 2439
f 1330 182 2440
f 2440 182 1241
f 183 1331 1241
f 1241 1331 2440
f 1331 142 2440
f 2440 142 1332
f 141 1330 1332
f 1332 1330 2440
f 1331 183 2441
f 2441 183 1243
f 1243 184 2441
f 2441 184 1327
f 1327 143 2441
f 2441 143 1333
f 142 1331 1333
f 1333 1331 2441
f 238 1335 1334
f 1334 1335 2442
f 1335 272 2442
f 2442 272 1336
f 260 1245 1336
f 1336 1245 2442
f 1245 219 2442
f 2442 219 1334
f 205 1246 1247
f 1247 1246 2443
f 1246 260 2443
f 2443 260 1337
f 258 1338 1337
f 1337 1338 2443
f 1338 203 2443
f 2443 203 1247
f 1339 125 2444
f 2444 125 1250
f 148 1248 1250
f 1250 1248 2444
f 1248 203 2444
f 2444 203 1340
f 163 1339 1340
f 1340 1339 2444
f 105 1342 1341
f 1341 1342 2445
f 124 1251 1342
f 1342 1251 2445
f 1251 125 2445
f 2445 125 1343
f 1343 106 2445
f 2445 106 1341
f 118 1345 1344
f 1344 1345 2446
f 1345 122 2446
f 2446 122 1254
f 1254 123 2446
f 2446 123 1346
f 121 1344 1346
f 1346 1344 2446
f 1267 121 2447
f 2447 121 1346
f 123 1255 1346
f 1346 1255 2447
f 1255 124 2447
f 2447 124 1342
f 105 1267 1342
f 1342 1267 2447
f 175 1257 1347
f 1347 1257 2448
f 1257 622 2448
f 2448 622 1256
f 624 1303 1256
f 1256 1303 2448
f 1303 207 2448
f 2448 207 1347
f 174 1258 1348
f 1348 1258 2449
f 175 1349 1258
f 1258 1349 2449
f 176 1350 1349
f 1349 1350 2449
f 1350 173 2449
f 2449 173 1348
f 173 1351 1348
f 1348 1351 2450
f 1351 198 2450
f 2450 198 1352
f 178 1259 1352
f 1352 1259 2450
f 1259 174 2450
f 2450 174 1348
f 1353 210 2451
f 2451 210 1316
f 211 1354 1316
f 1316 1354 2451
f 1354 179 2451
f 2451 179 1260
f 178 1353 1260
f 1260 1353 2451
f 598 1262 1355
f 1355 1262 2452
f 1262 620 2452
f 2452 620 1269
f 119 1356 1269
f 1269 1356 2452
f 1356 118 2452
f 2452 118 1355
f 1264 598 2453
f 2453 598 1355
f 118 1344 1355
f 1355 1344 2453
f 1344 121 2453
f 2453 121 1266
f 599 1264 1266
f 1266 1264 2453
f 1268 105 2454
f 2454 105 1341
f 106 1357 1341
f 1341 1357 2454
f 1357 107 2454
f 2454 107 1293
f 104 1268 1293
f 1293 1268 2454
f 140 1358 1271
f 1271 1358 2455
f 1358 142 2455
f 2455 142 1333
f 143 1359 1333
f 1333 1359 2455
f 119 1271 1359
f 1359 1271 2455
f 1360 137 2456
f 2456 137 1272
f 138 1361 1272
f 1272 1361 2456
f 1361 139 2456
f 2456 139 1362
f 136 1360 1362
f 1362 1360 2456
f 137 1363 1274
f 1274 1363 2457
f 1363 141 2457
f 2457 141 1332
f 142 1358 1332
f 1332 1358 2457
f 1358 140 2457
f 2457 140 1274
f 1354 211 2458
f 2458 211 1314
f 212 1364 1314
f 1314 1364 2458
f 1364 180 2458
f 2458 180 1275
f 179 1354 1275
f 1275 1354 2458
f 138 1276 1361
f 1361 1276 2459
f 1276 180 2459
f 2459 180 1365
f 1365 181 2459
f 2459 181 1366
f 139 1361 1366
f 1366 1361 2459
f 1278 133 2460
f 2460 133 1367
f 164 1368 1367
f 1367 1368 2460
f 1368 151 2460
f 2460 151 1279
f 126 1278 1279
f 1279 1278 2460
f 92 1280 1282
f 1282 1280 2461
f 1280 151 2461
f 2461 151 1369
f 165 1370 1369
f 1369 1370 2461
f 1370 98 2461
f 2461 98 1282
f 97 1283 1371
f 1371 1283 2462
f 1283 98 2462
f 2462 98 1372
f 109 1373 1372
f 1372 1373 2462
f 1373 108 2462
f 2462 108 1371
f 1371 108 2463
f 2463 108 1374
f 110 1375 1374
f 1374 1375 2463
f 1375 99 2463
f 2463 99 1284
f 97 1371 1284
f 1284 1371 2463
f 1376 129 2464
f 2464 129 1377
f 1377 169 2464
f 2464 169 1378
f 152 1286 1378
f 1378 1286 2464
f 100 1376 1286
f 1286 1376 2464
f 1287 152 2465
f 2465 152 1379
f 170 1380 1379
f 1379 1380 2465
f 1380 135 2465
f 2465 135 1288
f 101 1287 1288
f 1288 1287 2465
f 135 1380 1290
f 1290 1380 2466
f 1380 170 2466
f 2466 170 1381
f 1381 164 2466
f 2466 164 1367
f 133 1290 1367
f 1367 1290 2466
f 1382 127 2467
f 2467 127 1383
f 111 1291 1383
f 1383 1291 2467
f 1291 99 2467
f 2467 99 1375
f 110 1382 1375
f 1375 1382 2467
f 1384 128 2468
f 2468 128 1385
f 129 1376 1385
f 1385 1376 2468
f 100 1292 1376
f 1376 1292 2468
f 111 1384 1292
f 1292 1384 2468
f 1294 107 2469
f 2469 107 1386
f 150 1387 1386
f 1386 1387 2469
f 1387 171 2469
f 2469 171 1295
f 131 1294 1295
f 1295 1294 2469
f 1296 171 2470
f 2470 171 1388
f 236 1389 1388
f 1388 1389 2470
f 218 1297 1389
f 1389 1297 2470
f 153 1296 1297
f 1297 1296 2470
f 1390 237 2471
f 2471 237 1391
f 238 1334 1391
f 1391 1334 2471
f 1334 219 2471
f 2471 219 1298
f 218 1390 1298
f 1298 1390 2471
f 230 1393 1392
f 1392 1393 2472
f 1393 240 2472
f 2472 240 1300
f 224 1317 1300
f 1300 1317 2472
f 1317 210 2472
f 2472 210 1392
f 1394 226 2473
f 2473 226 1301
f 240 1395 1301
f 1301 1395 2473
f 1395 251 2473
f 2473 251 1396
f 241 1394 1396
f 1396 1394 2473
f 1305 227 2474
f 2474 227 1397
f 208 1398 1397
f 1397 1398 2474
f 1398 207 2474
f 2474 207 1302
f 228 1305 1302
f 1302 1305 2474
f 1394 241 2475
f 2475 241 1399
f 242 1400 1399
f 1399 1400 2475
f 1400 227 2475
f 2475 227 1304
f 226 1394 1304
f 1304 1394 2475
f 1401 201 2476
f 2476 201 1306
f 182 1330 1306
f 1306 1330 2476
f 1330 141 2476
f 2476 141 1402
f 159 1401 1402
f 1402 1401 2476
f 1307 201 2477
f 2477 201 1403
f 244 1404 1403
f 1403 1404 2477
f 1404 250 2477
f 2477 250 1308
f 206 1307 1308
f 1308 1307 2477
f 1309 250 2478
f 2478 250 1405
f 305 1406 1405
f 1405 1406 2478
f 1406 320 2478
f 2478 320 1407
f 261 1309 1407
f 1407 1309 2478
f 1312 221 2479
f 2479 221 1310
f 261 1408 1310
f 1310 1408 2479
f 1408 252 2479
f 2479 252 1409
f 213 1312 1409
f 1409 1312 2479
f 1364 212 2480
f 2480 212 1313
f 213 1410 1313
f 1313 1410 2480
f 181 1365 1410
f 1410 1365 2480
f 180 1364 1365
f 1365 1364 2480
f 1318 132 2481
f 2481 132 1411
f 186 1412 1411
f 1411 1412 2481
f 1412 215 2481
f 2481 215 1320
f 162 1318 1320
f 1320 1318 2481
f 117 1414 1413
f 1413 1414 2482
f 1414 132 2482
f 2482 132 1319
f 122 1345 1319
f 1319 1345 2482
f 118 1413 1345
f 1345 1413 2482
f 1321 215 2483
f 2483 215 1415
f 264 1416 1415
f 1415 1416 2483
f 1416 273 2483
f 2483 273 1322
f 220 1321 1322
f 1322 1321 2483
f 288 1418 1417
f 1417 1418 2484
f 304 1419 1418
f 1418 1419 2484
f 1419 289 2484
f 2484 289 1323
f 1323 273 2484
f 2484 273 1417
f 239 1324 1325
f 1325 1324 2485
f 1324 289 2485
f 2485 289 1420
f 279 1421 1420
f 1420 1421 2485
f 1421 232 2485
f 2485 232 1325
f 144 1328 1422
f 1422 1328 2486
f 185 1326 1328
f 1328 1326 2486
f 1326 232 2486
f 2486 232 1423
f 1423 202 2486
f 2486 202 1422
f 119 1359 1424
f 1424 1359 2487
f 1359 143 2487
f 2487 143 1329
f 144 1425 1329
f 1329 1425 2487
f 1425 120 2487
f 2487 120 1424
f 249 1427 1426
f 1426 1427 2488
f 1427 285 2488
f 2488 285 1428
f 272 1335 1428
f 1428 1335 2488
f 1335 238 2488
f 2488 238 1426
f 272 1429 1336
f 1336 1429 2489
f 1429 265 2489
f 2489 265 1430
f 1430 258 2489
f 2489 258 1337
f 260 1336 1337
f 1337 1336 2489
f 1431 163 2490
f 2490 163 1340
f 203 1338 1340
f 1340 1338 2490
f 1338 258 2490
f 2490 258 1432
f 235 1431 1432
f 1432 1431 2490
f 125 1339 1343
f 1343 1339 2491
f 163 1433 1339
f 1339 1433 2491
f 1433 149 2491
f 2491 149 1434
f 1434 106 2491
f 2491 106 1343
f 1349 175 2492
f 2492 175 1347
f 207 1398 1347
f 1347 1398 2492
f 1398 208 2492
f 2492 208 1435
f 176 1349 1435
f 1435 1349 2492
f 1436 173 2493
f 2493 173 1350
f 176 1437 1350
f 1350 1437 2493
f 1437 197 2493
f 2493 197 1438
f 196 1436 1438
f 1438 1436 2493
f 196 1439 1436
f 1436 1439 2494
f 1439 209 2494
f 2494 209 1440
f 198 1351 1440
f 1440 1351 2494
f 1351 173 2494
f 2494 173 1436
f 1441 230 2495
f 2495 230 1392
f 210 1353 1392
f 1392 1353 2495
f 1353 178 2495
f 2495 178 1352
f 198 1441 1352
f 1352 1441 2495
f 118 1356 1413
f 1413 1356 2496
f 1356 119 2496
f 2496 119 1424
f 120 1442 1424
f 1424 1442 2496
f 1442 117 2496
f 2496 117 1413
f 1357 106 2497
f 2497 106 1434
f 149 1443 1434
f 1434 1443 2497
f 1443 150 2497
f 2497 150 1386
f 107 1357 1386
f 1386 1357 2497
f 1360 136 2498
f 2498 136 1444
f 159 1402 1444
f 1444 1402 2498
f 1402 141 2498
f 2498 141 1363
f 137 1360 1363
f 1363 1360 2498
f 139 1445 1362
f 1362 1445 2499
f 1445 200 2499
f 2499 200 1446
f 199 1447 1446
f 1446 1447 2499
f 1447 136 2499
f 2499 136 1362
f 1445 139 2500
f 2500 139 1366
f 181 1448 1366
f 1366 1448 2500
f 1448 231 2500
f 2500 231 1449
f 200 1445 1449
f 1449 1445 2500
f 151 1368 1369
f 1369 1368 2501
f 1368 164 2501
f 2501 164 1450
f 187 1451 1450
f 1450 1451 2501
f 1451 165 2501
f 2501 165 1369
f 98 1370 1372
f 1372 1370 2502
f 1370 165 2502
f 2502 165 1452
f 1452 167 2502
f 2502 167 1453
f 1453 109 2502
f 2502 109 1372
f 1373 109 2503
f 2503 109 1453
f 1453 167 2503
f 2503 167 1454
f 1454 166 2503
f 2503 166 1455
f 108 1373 1455
f 1455 1373 2503
f 1374 108 2504
f 2504 108 1455
f 166 1456 1455
f 1455 1456 2504
f 1456 168 2504
f 2504 168 1457
f 110 1374 1457
f 1457 1374 2504
f 1385 128 2505
f 2505 128 1458
f 190 1459 1458
f 1458 1459 2505
f 1459 169 2505
f 2505 169 1377
f 1377 129 2505
f 2505 129 1385
f 1459 190 2506
f 2506 190 1460
f 191 1461 1460
f 1460 1461 2506
f 152 1378 1461
f 1461 1378 2506
f 169 1459 1378
f 1378 1459 2506
f 1461 191 2507
f 2507 191 1462
f 188 1463 1462
f 1462 1463 2507
f 1463 170 2507
f 2507 170 1379
f 152 1461 1379
f 1379 1461 2507
f 188 1464 1463
f 1463 1464 2508
f 1464 187 2508
f 2508 187 1450
f 164 1381 1450
f 1450 1381 2508
f 1381 170 2508
f 2508 170 1463
f 1382 110 2509
f 2509 110 1457
f 168 1465 1457
f 1457 1465 2509
f 189 1466 1465
f 1465 1466 2509
f 127 1382 1466
f 1466 1382 2509
f 134 1468 1467
f 1467 1468 2510
f 128 1384 1468
f 1468 1384 2510
f 1384 111 2510
f 2510 111 1383
f 127 1467 1383
f 1383 1467 2510
f 150 1469 1387
f 1387 1469 2511
f 1469 217 2511
f 2511 217 1470
f 236 1388 1470
f 1470 1388 2511
f 1388 171 2511
f 2511 171 1387
f 1471 248 2512
f 2512 248 1472
f 237 1390 1472
f 1472 1390 2512
f 1390 218 2512
f 2512 218 1389
f 236 1471 1389
f 1389 1471 2512
f 248 1473 1472
f 1472 1473 2513
f 1473 249 2513
f 2513 249 1426
f 238 1391 1426
f 1426 1391 2513
f 1391 237 2513
f 2513 237 1472
f 243 1475 1474
f 1474 1475 2514
f 1475 251 2514
f 2514 251 1395
f 240 1393 1395
f 1395 1393 2514
f 1393 230 2514
f 2514 230 1474
f 1396 251 2515
f 2515 251 1476
f 336 1477 1476
f 1476 1477 2515
f 1477 321 2515
f 2515 321 1478
f 1478 241 2515
f 2515 241 1396
f 1400 242 2516
f 2516 242 1479
f 229 1480 1479
f 1479 1480 2516
f 1480 208 2516
f 2516 208 1397
f 227 1400 1397
f 1397 1400 2516
f 241 1478 1399
f 1399 1478 2517
f 1478 321 2517
f 2517 321 1481
f 322 1482 1481
f 1481 1482 2517
f 242 1399 1482
f 1482 1399 2517
f 1401 159 2518
f 2518 159 1483
f 214 1484 1483
f 1483 1484 2518
f 1484 244 2518
f 2518 244 1403
f 201 1401 1403
f 1403 1401 2518
f 1404 244 2519
f 2519 244 1485
f 294 1486 1485
f 1485 1486 2519
f 1486 305 2519
f 2519 305 1405
f 250 1404 1405
f 1405 1404 2519
f 319 1488 1487
f 1487 1488 2520
f 335 1489 1488
f 1488 1489 2520
f 1489 320 2520
f 2520 320 1406
f 1406 305 2520
f 2520 305 1487
f 1408 261 2521
f 2521 261 1407
f 1407 320 2521
f 2521 320 1490
f 308 1491 1490
f 1490 1491 2521
f 1491 252 2521
f 2521 252 1408
f 1448 181 2522
f 2522 181 1410
f 213 1409 1410
f 1410 1409 2522
f 1409 252 2522
f 2522 252 1492
f 231 1448 1492
f 1492 1448 2522
f 1414 117 2523
f 2523 117 1493
f 160 1494 1493
f 1493 1494 2523
f 1494 186 2523
f 2523 186 1411
f 132 1414 1411
f 1411 1414 2523
f 1412 186 2524
f 2524 186 1495
f 245 1496 1495
f 1495 1496 2524
f 1496 264 2524
f 2524 264 1415
f 215 1412 1415
f 1415 1412 2524
f 1497 284 2525
f 2525 284 1498
f 1498 288 2525
f 2525 288 1417
f 273 1416 1417
f 1417 1416 2525
f 1416 264 2525
f 2525 264 1497
f 299 1500 1499
f 1499 1500 2526
f 1500 314 2526
f 2526 314 1501
f 1501 304 2526
f 2526 304 1418
f 1418 288 2526
f 2526 288 1499
f 1419 304 2527
f 2527 304 1502
f 1502 295 2527
f 2527 295 1503
f 1503 279 2527
f 2527 279 1420
f 289 1419 1420
f 1420 1419 2527
f 1504 202 2528
f 2528 202 1423
f 232 1421 1423
f 1423 1421 2528
f 1421 279 2528
f 2528 279 1505
f 255 1504 1505
f 1505 1504 2528
f 120 1425 1506
f 1506 1425 2529
f 1425 144 2529
f 2529 144 1422
f 202 1507 1422
f 1422 1507 2529
f 1507 161 2529
f 2529 161 1506
f 1427 249 2530
f 2530 249 1508
f 271 1509 1508
f 1508 1509 2530
f 1509 300 2530
f 2530 300 1510
f 285 1427 1510
f 1510 1427 2530
f 1429 272 2531
f 2531 272 1428
f 285 1511 1428
f 1428 1511 2531
f 266 1512 1511
f 1511 1512 2531
f 1512 265 2531
f 2531 265 1429
f 1430 265 2532
f 2532 265 1512
f 266 1513 1512
f 1512 1513 2532
f 1513 235 2532
f 2532 235 1432
f 258 1430 1432
f 1432 1430 2532
f 1433 163 2533
f 2533 163 1431
f 235 1514 1431
f 1431 1514 2533
f 1514 216 2533
f 2533 216 1515
f 149 1433 1515
f 1515 1433 2533
f 1437 176 2534
f 2534 176 1435
f 208 1480 1435
f 1435 1480 2534
f 1480 229 2534
f 2534 229 1516
f 197 1437 1516
f 1516 1437 2534
f 1438 197 2535
f 2535 197 1517
f 275 1518 1517
f 1517 1518 2535
f 1518 274 2535
f 2535 274 1519
f 196 1438 1519
f 1519 1438 2535
f 1439 196 2536
f 2536 196 1519
f 274 1520 1519
f 1519 1520 2536
f 1520 292 2536
f 2536 292 1521
f 209 1439 1521
f 1521 1439 2536
f 1522 243 2537
f 2537 243 1474
f 230 1441 1474
f 1474 1441 2537
f 1441 198 2537
f 2537 198 1440
f 209 1522 1440
f 1440 1522 2537
f 1442 120 2538
f 2538 120 1506
f 161 1523 1506
f 1506 1523 2538
f 1523 160 2538
f 2538 160 1493
f 117 1442 1493
f 1493 1442 2538
f 1443 149 2539
f 2539 149 1515
f 1515 216 2539
f 2539 216 1524
f 217 1469 1524
f 1524 1469 2539
f 150 1443 1469
f 1469 1443 2539
f 136 1447 1444
f 1444 1447 2540
f 1447 199 2540
f 2540 199 1525
f 214 1483 1525
f 1525 1483 2540
f 1483 159 2540
f 2540 159 1444
f 200 1526 1446
f 1446 1526 2541
f 254 1527 1526
f 1526 1527 2541
f 1527 253 2541
f 2541 253 1528
f 1528 199 2541
f 2541 199 1446
f 200 1449 1526
f 1526 1449 2542
f 231 1529 1449
f 1449 1529 2542
f 276 1530 1529
f 1529 1530 2542
f 1530 254 2542
f 2542 254 1526
f 1451 187 2543
f 2543 187 1531
f 166 1454 1531
f 1531 1454 2543
f 167 1452 1454
f 1454 1452 2543
f 165 1451 1452
f 1452 1451 2543
f 187 1464 1531
f 1531 1464 2544
f 1464 188 2544
f 2544 188 1532
f 168 1456 1532
f 1532 1456 2544
f 1456 166 2544
f 2544 166 1531
f 1468 134 2545
f 2545 134 1533
f 1533 204 2545
f 2545 204 1534
f 1534 190 2545
f 2545 190 1458
f 128 1468 1458
f 1458 1468 2545
f 204 1535 1534
f 1534 1535 2546
f 189 1536 1535
f 1535 1536 2546
f 1536 191 2546
f 2546 191 1460
f 190 1534 1460
f 1460 1534 2546
f 191 1536 1462
f 1462 1536 2547
f 1536 189 2547
f 2547 189 1465
f 1465 168 2547
f 2547 168 1532
f 1532 188 2547
f 2547 188 1462
f 1467 127 2548
f 2548 127 1466
f 1466 189 2548
f 2548 189 1535
f 1535 204 2548
f 2548 204 1533
f 1533 134 2548
f 2548 134 1467
f 217 1537 1470
f 1470 1537 2549
f 1537 247 2549
f 2549 247 1538
f 269 1539 1538
f 1538 1539 2549
f 236 1470 1539
f 1539 1470 2549
f 236 1539 1471
f 1471 1539 2550
f 1539 269 2550
f 2550 269 1540
f 270 1541 1540
f 1540 1541 2550
f 1541 248 2550
f 2550 248 1471
f 248 1541 1473
f 1473 1541 2551
f 1541 270 2551
f 2551 270 1542
f 1542 271 2551
f 2551 271 1508
f 249 1473 1508
f 1508 1473 2551
f 1475 243 2552
f 2552 243 1543
f 324 1544 1543
f 1543 1544 2552
f 1544 336 2552
f 2552 336 1476
f 251 1475 1476
f 1476 1475 2552
f 321 1477 1545
f 1545 1477 2553
f 1477 336 2553
f 2553 336 1546
f 354 1547 1546
f 1546 1547 2553
f 1547 337 2553
f 2553 337 1545
f 242 1482 1479
f 1479 1482 2554
f 1482 322 2554
f 2554 322 1548
f 306 1549 1548
f 1548 1549 2554
f 1549 229 2554
f 2554 229 1479
f 1545 337 2555
f 2555 337 1550
f 1550 338 2555
f 2555 338 1551
f 322 1481 1551
f 1551 1481 2555
f 321 1545 1481
f 1481 1545 2555
f 1484 214 2556
f 2556 214 1552
f 262 1553 1552
f 1552 1553 2556
f 1553 294 2556
f 2556 294 1485
f 244 1484 1485
f 1485 1484 2556
f 1554 313 2557
f 2557 313 1555
f 1555 319 2557
f 2557 319 1487
f 305 1486 1487
f 1487 1486 2557
f 1486 294 2557
f 2557 294 1554
f 329 1557 1556
f 1556 1557 2558
f 1557 345 2558
f 2558 345 1558
f 335 1488 1558
f 1558 1488 2558
f 1488 319 2558
f 2558 319 1556
f 1489 335 2559
f 2559 335 1559
f 325 1560 1559
f 1559 1560 2559
f 1560 308 2559
f 2559 308 1490
f 320 1489 1490
f 1490 1489 2559
f 1529 231 2560
f 2560 231 1492
f 252 1491 1492
f 1492 1491 2560
f 1491 308 2560
f 2560 308 1561
f 276 1529 1561
f 1561 1529 2560
f 1494 160 2561
f 2561 160 1562
f 233 1563 1562
f 1562 1563 2561
f 1563 245 2561
f 2561 245 1495
f 186 1494 1495
f 1495 1494 2561
f 283 1565 1564
f 1564 1565 2562
f 1565 284 2562
f 2562 284 1497
f 264 1496 1497
f 1497 1496 2562
f 1496 245 2562
f 2562 245 1564
f 1566 299 2563
f 2563 299 1499
f 288 1498 1499
f 1499 1498 2563
f 1498 284 2563
f 2563 284 1565
f 283 1566 1565
f 1565 1566 2563
f 1500 299 2564
f 2564 299 1567
f 317 1568 1567
f 1567 1568 2564
f 1568 330 2564
f 2564 330 1569
f 314 1500 1569
f 1569 1500 2564
f 304 1501 1502
f 1502 1501 2565
f 1501 314 2565
f 2565 314 1570
f 296 1571 1570
f 1570 1571 2565
f 1571 295 2565
f 2565 295 1502
f 1503 295 2566
f 2566 295 1571
f 296 1572 1571
f 1571 1572 2566
f 1572 255 2566
f 2566 255 1505
f 279 1503 1505
f 1505 1503 2566
f 161 1507 1573
f 1573 1507 2567
f 1507 202 2567
f 2567 202 1504
f 255 1574 1504
f 1504 1574 2567
f 1574 234 2567
f 2567 234 1573
f 1509 271 2568
f 2568 271 1575
f 1575 303 2568
f 2568 303 1576
f 1576 332 2568
f 2568 332 1577
f 300 1509 1577
f 1577 1509 2568
f 1511 285 2569
f 2569 285 1510
f 300 1578 1510
f 1510 1578 2569
f 1578 286 2569
f 2569 286 1579
f 266 1511 1579
f 1579 1511 2569
f 235 1513 1580
f 1580 1513 2570
f 1513 266 2570
f 2570 266 1579
f 286 1581 1579
f 1579 1581 2570
f 1581 259 2570
f 2570 259 1580
f 235 1580 1514
f 1514 1580 2571
f 259 1582 1580
f 1580 1582 2571
f 246 1583 1582
f 1582 1583 2571
f 1583 216 2571
f 2571 216 1514
f 229 1549 1516
f 1516 1549 2572
f 306 1584 1549
f 1549 1584 2572
f 1584 275 2572
f 2572 275 1517
f 197 1516 1517
f 1517 1516 2572
f 1585 274 2573
f 2573 274 1518
f 275 1586 1518
f 1518 1586 2573
f 1586 291 2573
f 2573 291 1587
f 290 1585 1587
f 1587 1585 2573
f 290 1588 1585
f 1585 1588 2574
f 1588 307 2574
f 2574 307 1589
f 292 1520 1589
f 1589 1520 2574
f 1520 274 2574
f 2574 274 1585
f 1522 209 2575
f 2575 209 1521
f 292 1590 1521
f 1521 1590 2575
f 1590 324 2575
f 2575 324 1543
f 243 1522 1543
f 1543 1522 2575
f 1523 161 2576
f 2576 161 1573
f 234 1591 1573
f 1573 1591 2576
f 1591 233 2576
f 2576 233 1562
f 160 1523 1562
f 1562 1523 2576
f 216 1583 1524
f 1524 1583 2577
f 1583 246 2577
f 2577 246 1592
f 247 1537 1592
f 1592 1537 2577
f 1537 217 2577
f 2577 217 1524
f 199 1528 1525
f 1525 1528 2578
f 1528 253 2578
f 2578 253 1593
f 262 1552 1593
f 1593 1552 2578
f 214 1525 1552
f 1552 1525 2578
f 1527 254 2579
f 2579 254 1594
f 278 1595 1594
f 1594 1595 2579
f 1595 277 2579
f 2579 277 1596
f 253 1527 1596
f 1596 1527 2579
f 254 1530 1594
f 1594 1530 2580
f 276 1597 1530
f 1530 1597 2580
f 1597 309 2580
f 2580 309 1598
f 1598 278 2580
f 2580 278 1594
f 247 1599 1538
f 1538 1599 2581
f 1599 268 2581
f 2581 268 1600
f 301 1601 1600
f 1600 1601 2581
f 1601 269 2581
f 2581 269 1538
f 269 1601 1540
f 1540 1601 2582
f 1601 301 2582
f 2582 301 1602
f 302 1603 1602
f 1602 1603 2582
f 1603 270 2582
f 2582 270 1540
f 270 1603 1542
f 1542 1603 2583
f 1603 302 2583
f 2583 302 1604
f 303 1575 1604
f 1604 1575 2583
f 1575 271 2583
f 2583 271 1542
f 344 1606 1605
f 1605 1606 2584
f 1606 354 2584
f 2584 354 1546
f 336 1544 1546
f 1546 1544 2584
f 1544 324 2584
f 2584 324 1605
f 1607 337 2585
f 2585 337 1547
f 1547 354 2585
f 2585 354 1608
f 359 1609 1608
f 1608 1609 2585
f 355 1607 1609
f 1609 1607 2585
f 338 1610 1551
f 1551 1610 2586
f 1610 339 2586
f 2586 339 1611
f 306 1548 1611
f 1611 1548 2586
f 1548 322 2586
f 2586 322 1551
f 1607 355 2587
f 2587 355 1612
f 339 1610 1612
f 1612 1610 2587
f 1610 338 2587
f 2587 338 1550
f 337 1607 1550
f 1550 1607 2587
f 1613 312 2588
f 2588 312 1614
f 313 1554 1614
f 1614 1554 2588
f 294 1553 1554
f 1554 1553 2588
f 262 1613 1553
f 1553 1613 2588
f 1615 329 2589
f 2589 329 1556
f 319 1555 1556
f 1556 1555 2589
f 1555 313 2589
f 2589 313 1614
f 312 1615 1614
f 1614 1615 2589
f 1557 329 2590
f 2590 329 1616
f 348 1617 1616
f 1616 1617 2590
f 1617 360 2590
f 2590 360 1618
f 345 1557 1618
f 1618 1557 2590
f 335 1558 1559
f 1559 1558 2591
f 1558 345 2591
f 2591 345 1619
f 326 1620 1619
f 1619 1620 2591
f 1620 325 2591
f 2591 325 1559
f 1560 325 2592
f 2592 325 1620
f 1620 326 2592
f 2592 326 1621
f 1621 276 2592
f 2592 276 1561
f 308 1560 1561
f 1561 1560 2592
f 1563 233 2593
f 2593 233 1622
f 256 1623 1622
f 1622 1623 2593
f 1623 263 2593
f 2593 263 1624
f 245 1563 1624
f 1624 1563 2593
f 245 1624 1564
f 1564 1624 2594
f 263 1625 1624
f 1624 1625 2594
f 1625 298 2594
f 2594 298 1626
f 1626 283 2594
f 2594 283 1564
f 1566 283 2595
f 2595 283 1626
f 298 1627 1626
f 1626 1627 2595
f 1627 317 2595
f 2595 317 1567
f 299 1566 1567
f 1567 1566 2595
f 1568 317 2596
f 2596 317 1628
f 1628 352 2596
f 2596 352 1629
f 1629 362 2596
f 2596 362 1630
f 330 1568 1630
f 1630 1568 2596
f 314 1569 1570
f 1570 1569 2597
f 330 1631 1569
f 1569 1631 2597
f 1631 315 2597
f 2597 315 1632
f 296 1570 1632
f 1632 1570 2597
f 255 1572 1633
f 1633 1572 2598
f 1572 296 2598
f 2598 296 1632
f 315 1634 1632
f 1632 1634 2598
f 280 1633 1634
f 1634 1633 2598
f 1635 234 2599
f 2599 234 1574
f 255 1633 1574
f 1574 1633 2599
f 1633 280 2599
f 2599 280 1636
f 257 1635 1636
f 1636 1635 2599
f 303 1637 1576
f 1576 1637 2600
f 1637 368 2600
f 2600 368 1638
f 388 1639 1638
f 1638 1639 2600
f 1639 332 2600
f 2600 332 1576
f 1578 300 2601
f 2601 300 1577
f 332 1640 1577
f 1577 1640 2601
f 1640 318 2601
f 2601 318 1641
f 286 1578 1641
f 1641 1578 2601
f 259 1581 1642
f 1642 1581 2602
f 1581 286 2602
f 2602 286 1641
f 318 1643 1641
f 1641 1643 2602
f 1643 287 2602
f 2602 287 1642
f 1582 259 2603
f 2603 259 1642
f 1642 287 2603
f 2603 287 1644
f 267 1645 1644
f 1644 1645 2603
f 1645 246 2603
f 2603 246 1582
f 1586 275 2604
f 2604 275 1584
f 306 1646 1584
f 1584 1646 2604
f 1646 323 2604
f 2604 323 1647
f 291 1586 1647
f 1647 1586 2604
f 291 1648 1587
f 1587 1648 2605
f 340 1649 1648
f 1648 1649 2605
f 1649 341 2605
f 2605 341 1650
f 1650 290 2605
f 2605 290 1587
f 1588 290 2606
f 2606 290 1650
f 341 1651 1650
f 1650 1651 2606
f 1651 357 2606
f 2606 357 1652
f 307 1588 1652
f 1652 1588 2606
f 1653 342 2607
f 2607 342 1654
f 343 1655 1654
f 1654 1655 2607
f 1655 292 2607
f 2607 292 1589
f 307 1653 1589
f 1589 1653 2607
f 1655 343 2608
f 2608 343 1656
f 344 1605 1656
f 1656 1605 2608
f 324 1590 1605
f 1605 1590 2608
f 292 1655 1590
f 1590 1655 2608
f 234 1635 1591
f 1591 1635 2609
f 1635 257 2609
f 2609 257 1657
f 1657 256 2609
f 2609 256 1622
f 233 1591 1622
f 1622 1591 2609
f 246 1645 1592
f 1592 1645 2610
f 1645 267 2610
f 2610 267 1658
f 268 1599 1658
f 1658 1599 2610
f 1599 247 2610
f 2610 247 1592
f 1593 253 2611
f 2611 253 1596
f 277 1659 1596
f 1596 1659 2611
f 1659 293 2611
f 2611 293 1660
f 262 1593 1660
f 1660 1593 2611
f 278 1661 1595
f 1595 1661 2612
f 1661 311 2612
f 2612 311 1662
f 310 1663 1662
f 1662 1663 2612
f 1663 277 2612
f 2612 277 1595
f 276 1621 1597
f 1597 1621 2613
f 1621 326 2613
f 2613 326 1664
f 346 1665 1664
f 1664 1665 2613
f 1665 309 2613
f 2613 309 1597
f 278 1598 1661
f 1661 1598 2614
f 1598 309 2614
f 2614 309 1666
f 347 1667 1666
f 1666 1667 2614
f 311 1661 1667
f 1667 1661 2614
f 268 1668 1600
f 1600 1668 2615
f 1668 334 2615
f 2615 334 1669
f 366 1670 1669
f 1669 1670 2615
f 1670 301 2615
f 2615 301 1600
f 301 1670 1602
f 1602 1670 2616
f 1670 366 2616
f 2616 366 1671
f 367 1672 1671
f 1671 1672 2616
f 1672 302 2616
f 2616 302 1602
f 302 1672 1604
f 1604 1672 2617
f 1672 367 2617
f 2617 367 1673
f 368 1637 1673
f 1673 1637 2617
f 1637 303 2617
f 2617 303 1604
f 1674 359 2618
f 2618 359 1608
f 354 1606 1608
f 1608 1606 2618
f 1606 344 2618
f 2618 344 1656
f 343 1674 1656
f 1656 1674 2618
f 355 1609 1675
f 1675 1609 2619
f 1609 359 2619
f 2619 359 1676
f 358 1677 1676
f 1676 1677 2619
f 1677 369 2619
f 2619 369 1675
f 356 1679 1678
f 1678 1679 2620
f 1679 323 2620
f 2620 323 1646
f 306 1611 1646
f 1646 1611 2620
f 1611 339 2620
f 2620 339 1678
f 1675 369 2621
f 2621 369 1680
f 356 1678 1680
f 1680 1678 2621
f 1678 339 2621
f 2621 339 1612
f 355 1675 1612
f 1612 1675 2621
f 262 1660 1613
f 1613 1660 2622
f 293 1681 1660
f 1660 1681 2622
f 1681 328 2622
f 2622 328 1682
f 312 1613 1682
f 1682 1613 2622
f 1615 312 2623
f 2623 312 1682
f 328 1683 1682
f 1682 1683 2623
f 1683 348 2623
f 2623 348 1616
f 329 1615 1616
f 1616 1615 2623
f 1617 348 2624
f 2624 348 1684
f 1684 374 2624
f 2624 374 1685
f 384 1686 1685
f 1685 1686 2624
f 360 1617 1686
f 1686 1617 2624
f 1619 345 2625
f 2625 345 1618
f 360 1687 1618
f 1618 1687 2625
f 1687 346 2625
f 2625 346 1664
f 1664 326 2625
f 2625 326 1619
f 1623 256 2626
f 2626 256 1688
f 281 1689 1688
f 1688 1689 2626
f 1689 297 2626
f 2626 297 1690
f 263 1623 1690
f 1690 1623 2626
f 1625 263 2627
f 2627 263 1690
f 297 1691 1690
f 1690 1691 2627
f 331 1692 1691
f 1691 1692 2627
f 298 1625 1692
f 1692 1625 2627
f 298 1692 1627
f 1627 1692 2628
f 1692 331 2628
f 2628 331 1693
f 352 1628 1693
f 1693 1628 2628
f 1628 317 2628
f 2628 317 1627
f 1629 352 2629
f 2629 352 1694
f 408 1695 1694
f 1694 1695 2629
f 1695 420 2629
f 2629 420 1696
f 362 1629 1696
f 1696 1629 2629
f 1631 330 2630
f 2630 330 1630
f 362 1697 1630
f 1630 1697 2630
f 1697 349 2630
f 2630 349 1698
f 315 1631 1698
f 1698 1631 2630
f 1699 280 2631
f 2631 280 1634
f 1634 315 2631
f 2631 315 1698
f 349 1700 1698
f 1698 1700 2631
f 316 1699 1700
f 1700 1699 2631
f 1701 257 2632
f 2632 257 1636
f 280 1699 1636
f 1636 1699 2632
f 1699 316 2632
f 2632 316 1702
f 282 1701 1702
f 1702 1701 2632
f 1703 388 2633
f 2633 388 1638
f 368 1704 1638
f 1638 1704 2633
f 1704 382 2633
f 2633 382 1705
f 1705 409 2633
f 2633 409 1703
f 332 1639 1640
f 1640 1639 2634
f 1639 388 2634
f 2634 388 1706
f 1706 378 2634
f 2634 378 1707
f 318 1640 1707
f 1707 1640 2634
f 287 1643 1708
f 1708 1643 2635
f 1643 318 2635
f 2635 318 1707
f 378 1709 1707
f 1707 1709 2635
f 353 1708 1709
f 1709 1708 2635
f 1644 287 2636
f 2636 287 1708
f 353 1710 1708
f 1708 1710 2636
f 333 1711 1710
f 1710 1711 2636
f 1711 267 2636
f 2636 267 1644
f 1648 291 2637
f 2637 291 1647
f 1647 323 2637
f 2637 323 1712
f 1712 370 2637
f 2637 370 1713
f 1713 340 2637
f 2637 340 1648
f 341 1649 1714
f 1714 1649 2638
f 1649 340 2638
f 2638 340 1715
f 397 1716 1715
f 1715 1716 2638
f 1716 396 2638
f 2638 396 1714
f 396 1717 1714
f 1714 1717 2639
f 1717 417 2639
f 2639 417 1718
f 357 1651 1718
f 1718 1651 2639
f 1651 341 2639
f 2639 341 1714
f 1653 307 2640
f 2640 307 1652
f 357 1719 1652
f 1652 1719 2640
f 1719 383 2640
f 2640 383 1720
f 342 1653 1720
f 1720 1653 2640
f 1721 358 2641
f 2641 358 1676
f 359 1674 1676
f 1676 1674 2641
f 1674 343 2641
f 2641 343 1654
f 342 1721 1654
f 1654 1721 2641
f 257 1701 1657
f 1657 1701 2642
f 1701 282 2642
f 2642 282 1722
f 1722 281 2642
f 2642 281 1688
f 256 1657 1688
f 1688 1657 2642
f 267 1711 1658
f 1658 1711 2643
f 1711 333 2643
f 2643 333 1723
f 334 1668 1723
f 1723 1668 2643
f 1668 268 2643
f 2643 268 1658
f 277 1663 1659
f 1659 1663 2644
f 1663 310 2644
f 2644 310 1724
f 1724 327 2644
f 2644 327 1725
f 1725 293 2644
f 2644 293 1659
f 311 1726 1662
f 1662 1726 2645
f 1726 373 2645
f 2645 373 1727
f 372 1728 1727
f 1727 1728 2645
f 1728 310 2645
f 2645 310 1662
f 309 1665 1666
f 1666 1665 2646
f 1665 346 2646
f 2646 346 1729
f 371 1730 1729
f 1729 1730 2646
f 1730 347 2646
f 2646 347 1666
f 1726 311 2647
f 2647 311 1667
f 1667 347 2647
f 2647 347 1731
f 399 1732 1731
f 1731 1732 2647
f 373 1726 1732
f 1732 1726 2647
f 334 1733 1669
f 1669 1733 2648
f 1733 365 2648
f 2648 365 1734
f 393 1735 1734
f 1734 1735 2648
f 1735 366 2648
f 2648 366 1669
f 380 1737 1736
f 1736 1737 2649
f 381 1738 1737
f 1737 1738 2649
f 1738 367 2649
f 2649 367 1671
f 366 1736 1671
f 1671 1736 2649
f 1738 381 2650
f 2650 381 1739
f 382 1704 1739
f 1739 1704 2650
f 1704 368 2650
f 2650 368 1673
f 367 1738 1673
f 1673 1738 2650
f 1677 358 2651
f 2651 358 1740
f 398 1741 1740
f 1740 1741 2651
f 1741 416 2651
f 2651 416 1742
f 369 1677 1742
f 1742 1677 2651
f 1712 323 2652
f 2652 323 1679
f 356 1743 1679
f 1679 1743 2652
f 1743 395 2652
f 2652 395 1744
f 370 1712 1744
f 1744 1712 2652
f 369 1742 1680
f 1680 1742 2653
f 1742 416 2653
f 2653 416 1745
f 395 1743 1745
f 1745 1743 2653
f 1743 356 2653
f 2653 356 1680
f 293 1725 1681
f 1681 1725 2654
f 1725 327 2654
f 2654 327 1746
f 361 1747 1746
f 1746 1747 2654
f 1747 328 2654
f 2654 328 1681
f 328 1747 1683
f 1683 1747 2655
f 1747 361 2655
f 2655 361 1748
f 374 1684 1748
f 1748 1684 2655
f 348 1683 1684
f 1684 1683 2655
f 374 1749 1685
f 1685 1749 2656
f 1749 444 2656
f 2656 444 1750
f 460 1751 1750
f 1750 1751 2656
f 1751 384 2656
f 2656 384 1685
f 1687 360 2657
f 2657 360 1686
f 1686 384 2657
f 2657 384 1752
f 1752 371 2657
f 2657 371 1729
f 346 1687 1729
f 1729 1687 2657
f 1689 281 2658
f 2658 281 1753
f 350 1754 1753
f 1753 1754 2658
f 1754 363 2658
f 2658 363 1755
f 297 1689 1755
f 1755 1689 2658
f 1691 297 2659
f 2659 297 1755
f 363 1756 1755
f 1755 1756 2659
f 1756 387 2659
f 2659 387 1757
f 331 1691 1757
f 1757 1691 2659
f 331 1757 1693
f 1693 1757 2660
f 387 1758 1757
f 1757 1758 2660
f 408 1694 1758
f 1758 1694 2660
f 1694 352 2660
f 2660 352 1693
f 1759 420 2661
f 2661 420 1695
f 408 1760 1695
f 1695 1760 2661
f 1760 428 2661
f 2661 428 1761
f 445 1759 1761
f 1761 1759 2661
f 1697 362 2662
f 2662 362 1696
f 420 1762 1696
f 1696 1762 2662
f 402 1763 1762
f 1762 1763 2662
f 349 1697 1763
f 1763 1697 2662
f 1764 316 2663
f 2663 316 1700
f 349 1763 1700
f 1700 1763 2663
f 1763 402 2663
f 2663 402 1765
f 375 1764 1765
f 1765 1764 2663
f 1766 282 2664
f 2664 282 1702
f 316 1764 1702
f 1702 1764 2664
f 1764 375 2664
f 2664 375 1767
f 1767 351 2664
f 2664 351 1766
f 409 1768 1703
f 1703 1768 2665
f 1768 389 2665
f 2665 389 1769
f 378 1706 1769
f 1769 1706 2665
f 1706 388 2665
f 2665 388 1703
f 409 1705 1770
f 1770 1705 2666
f 1705 382 2666
f 2666 382 1771
f 394 1772 1771
f 1771 1772 2666
f 1772 410 2666
f 2666 410 1770
f 389 1773 1769
f 1769 1773 2667
f 1773 390 2667
f 2667 390 1774
f 1774 353 2667
f 2667 353 1709
f 1709 378 2667
f 2667 378 1769
f 1710 353 2668
f 2668 353 1775
f 1775 379 2668
f 2668 379 1776
f 364 1777 1776
f 1776 1777 2668
f 1777 333 2668
f 2668 333 1710
f 340 1713 1715
f 1715 1713 2669
f 1713 370 2669
f 2669 370 1778
f 435 1779 1778
f 1778 1779 2669
f 397 1715 1779
f 1779 1715 2669
f 397 1780 1716
f 1716 1780 2670
f 437 1781 1780
f 1780 1781 2670
f 1781 436 2670
f 2670 436 1782
f 1782 396 2670
f 2670 396 1716
f 1717 396 2671
f 2671 396 1782
f 436 1783 1782
f 1782 1783 2671
f 1783 458 2671
f 2671 458 1784
f 417 1717 1784
f 1784 1717 2671
f 1785 459 2672
f 2672 459 1786
f 383 1719 1786
f 1786 1719 2672
f 1719 357 2672
f 2672 357 1718
f 417 1785 1718
f 1718 1785 2672
f 1721 342 2673
f 2673 342 1720
f 383 1787 1720
f 1720 1787 2673
f 1787 398 2673
f 2673 398 1740
f 358 1721 1740
f 1740 1721 2673
f 1722 282 2674
f 2674 282 1766
f 1766 351 2674
f 2674 351 1788
f 1788 350 2674
f 2674 350 1753
f 281 1722 1753
f 1753 1722 2674
f 333 1777 1723
f 1723 1777 2675
f 1777 364 2675
f 2675 364 1789
f 365 1733 1789
f 1789 1733 2675
f 1733 334 2675
f 2675 334 1723
f 1724 310 2676
f 2676 310 1728
f 372 1790 1728
f 1728 1790 2676
f 385 1791 1790
f 1790 1791 2676
f 327 1724 1791
f 1791 1724 2676
f 373 1792 1727
f 1727 1792 2677
f 1792 401 2677
f 2677 401 1793
f 400 1794 1793
f 1793 1794 2677
f 1794 372 2677
f 2677 372 1727
f 347 1730 1731
f 1731 1730 2678
f 1730 371 2678
f 2678 371 1795
f 1795 438 2678
f 2678 438 1796
f 399 1731 1796
f 1796 1731 2678
f 1792 373 2679
f 2679 373 1732
f 399 1797 1732
f 1732 1797 2679
f 1797 439 2679
f 2679 439 1798
f 401 1792 1798
f 1798 1792 2679
f 365 1799 1734
f 1734 1799 2680
f 1799 392 2680
f 2680 392 1800
f 433 1801 1800
f 1800 1801 2680
f 1801 393 2680
f 2680 393 1734
f 366 1735 1736
f 1736 1735 2681
f 1735 393 2681
f 2681 393 1802
f 1802 415 2681
f 2681 415 1803
f 1803 380 2681
f 2681 380 1736
f 1804 394 2682
f 2682 394 1771
f 382 1739 1771
f 1771 1739 2682
f 1739 381 2682
f 2682 381 1737
f 380 1804 1737
f 1737 1804 2682
f 416 1741 1805
f 1805 1741 2683
f 1741 398 2683
f 2683 398 1806
f 484 1807 1806
f 1806 1807 2683
f 1807 500 2683
f 2683 500 1805
f 1808 478 2684
f 2684 478 1809
f 435 1778 1809
f 1809 1778 2684
f 1778 370 2684
f 2684 370 1744
f 395 1808 1744
f 1744 1808 2684
f 1805 500 2685
f 2685 500 1810
f 478 1808 1810
f 1810 1808 2685
f 1808 395 2685
f 2685 395 1745
f 416 1805 1745
f 1745 1805 2685
f 327 1791 1746
f 1746 1791 2686
f 385 1811 1791
f 1791 1811 2686
f 419 1812 1811
f 1811 1812 2686
f 1812 361 2686
f 2686 361 1746
f 361 1812 1748
f 1748 1812 2687
f 1812 419 2687
f 2687 419 1813
f 444 1749 1813
f 1813 1749 2687
f 1749 374 2687
f 2687 374 1748
f 1814 460 2688
f 2688 460 1750
f 444 1815 1750
f 1750 1815 2688
f 1815 468 2688
f 2688 468 1816
f 485 1814 1816
f 1816 1814 2688
f 384 1751 1752
f 1752 1751 2689
f 1751 460 2689
f 2689 460 1817
f 438 1795 1817
f 1817 1795 2689
f 1795 371 2689
f 2689 371 1752
f 1754 350 2690
f 2690 350 1818
f 376 1819 1818
f 1818 1819 2690
f 1819 386 2690
f 2690 386 1820
f 363 1754 1820
f 1820 1754 2690
f 406 1822 1821
f 1821 1822 2691
f 1822 407 2691
f 2691 407 1823
f 387 1756 1823
f 1823 1756 2691
f 1756 363 2691
f 2691 363 1821
f 1824 428 2692
f 2692 428 1760
f 1760 408 2692
f 2692 408 1758
f 1758 387 2692
f 2692 387 1823
f 407 1824 1823
f 1823 1824 2692
f 1759 445 2693
f 2693 445 1825
f 1825 421 2693
f 2693 421 1826
f 1826 402 2693
f 2693 402 1762
f 420 1759 1762
f 1762 1759 2693
f 1827 445 2694
f 2694 445 1761
f 428 1828 1761
f 1761 1828 2694
f 1828 427 2694
f 2694 427 1829
f 446 1827 1829
f 1829 1827 2694
f 1826 421 2695
f 2695 421 1830
f 422 1831 1830
f 1830 1831 2695
f 1831 375 2695
f 2695 375 1765
f 402 1826 1765
f 1765 1826 2695
f 1832 351 2696
f 2696 351 1767
f 375 1833 1767
f 1767 1833 2696
f 1833 403 2696
f 2696 403 1834
f 377 1832 1834
f 1834 1832 2696
f 409 1770 1768
f 1768 1770 2697
f 1770 410 2697
f 2697 410 1835
f 390 1773 1835
f 1835 1773 2697
f 1773 389 2697
f 2697 389 1768
f 410 1772 1836
f 1836 1772 2698
f 1772 394 2698
f 2698 394 1837
f 434 1838 1837
f 1837 1838 2698
f 429 1836 1838
f 1838 1836 2698
f 353 1774 1775
f 1775 1774 2699
f 1774 390 2699
f 2699 390 1839
f 411 1840 1839
f 1839 1840 2699
f 1840 379 2699
f 2699 379 1775
f 1841 364 2700
f 2700 364 1776
f 379 1842 1776
f 1776 1842 2700
f 1842 412 2700
f 2700 412 1843
f 391 1841 1843
f 1843 1841 2700
f 1780 397 2701
f 2701 397 1779
f 435 1844 1779
f 1779 1844 2701
f 1844 479 2701
f 2701 479 1845
f 437 1780 1845
f 1845 1780 2701
f 1846 436 2702
f 2702 436 1781
f 1781 437 2702
f 2702 437 1847
f 481 1848 1847
f 1847 1848 2702
f 1848 480 2702
f 2702 480 1846
f 1783 436 2703
f 2703 436 1846
f 480 1849 1846
f 1846 1849 2703
f 1849 505 2703
f 2703 505 1850
f 458 1783 1850
f 1850 1783 2703
f 1851 417 2704
f 2704 417 1784
f 458 1852 1784
f 1784 1852 2704
f 1852 506 2704
f 2704 506 1853
f 482 1851 1853
f 1853 1851 2704
f 1851 482 2705
f 2705 482 1854
f 483 1855 1854
f 1854 1855 2705
f 1855 459 2705
f 2705 459 1785
f 417 1851 1785
f 1785 1851 2705
f 1856 484 2706
f 2706 484 1806
f 398 1787 1806
f 1806 1787 2706
f 1787 383 2706
f 2706 383 1786
f 459 1856 1786
f 1786 1856 2706
f 351 1832 1788
f 1788 1832 2707
f 1832 377 2707
f 2707 377 1857
f 376 1818 1857
f 1857 1818 2707
f 350 1788 1818
f 1818 1788 2707
f 364 1841 1789
f 1789 1841 2708
f 1841 391 2708
f 2708 391 1858
f 392 1799 1858
f 1858 1799 2708
f 1799 365 2708
f 2708 365 1789
f 1790 372 2709
f 2709 372 1794
f 400 1859 1794
f 1794 1859 2709
f 1859 418 2709
f 2709 418 1860
f 385 1790 1860
f 1860 1790 2709
f 1861 400 2710
f 2710 400 1793
f 401 1862 1793
f 1793 1862 2710
f 1862 441 2710
f 2710 441 1863
f 440 1861 1863
f 1863 1861 2710
f 1864 461 2711
f 2711 461 1865
f 462 1866 1865
f 1865 1866 2711
f 1866 399 2711
f 2711 399 1796
f 438 1864 1796
f 1796 1864 2711
f 399 1866 1797
f 1797 1866 2712
f 1866 462 2712
f 2712 462 1867
f 487 1868 1867
f 1867 1868 2712
f 1868 439 2712
f 2712 439 1797
f 1862 401 2713
f 2713 401 1798
f 439 1869 1798
f 1798 1869 2713
f 1869 488 2713
f 2713 488 1870
f 441 1862 1870
f 1870 1862 2713
f 392 1871 1800
f 1800 1871 2714
f 1871 414 2714
f 2714 414 1872
f 456 1873 1872
f 1872 1873 2714
f 1873 433 2714
f 2714 433 1800
f 1874 457 2715
f 2715 457 1875
f 415 1802 1875
f 1875 1802 2715
f 393 1801 1802
f 1802 1801 2715
f 433 1874 1801
f 1801 1874 2715
f 1804 380 2716
f 2716 380 1803
f 415 1876 1803
f 1803 1876 2716
f 1876 434 2716
f 2716 434 1837
f 394 1804 1837
f 1837 1804 2716
f 500 1807 1877
f 1877 1807 2717
f 1807 484 2717
f 2717 484 1878
f 508 1879 1878
f 1878 1879 2717
f 1879 525 2717
f 2717 525 1877
f 501 1881 1880
f 1880 1881 2718
f 1881 502 2718
f 2718 502 1882
f 435 1809 1882
f 1882 1809 2718
f 1809 478 2718
f 2718 478 1880
f 525 1883 1877
f 1877 1883 2719
f 1883 501 2719
f 2719 501 1880
f 478 1810 1880
f 1880 1810 2719
f 1810 500 2719
f 2719 500 1877
f 442 1885 1884
f 1884 1885 2720
f 1885 443 2720
f 2720 443 1886
f 419 1811 1886
f 1886 1811 2720
f 1811 385 2720
f 2720 385 1884
f 468 1815 1887
f 1887 1815 2721
f 1815 444 2721
f 2721 444 1813
f 419 1886 1813
f 1813 1886 2721
f 1886 443 2721
f 2721 443 1887
f 485 1888 1814
f 1814 1888 2722
f 1888 461 2722
f 2722 461 1864
f 438 1817 1864
f 1864 1817 2722
f 460 1814 1817
f 1817 1814 2722
f 1889 485 2723
f 2723 485 1816
f 468 1890 1816
f 1816 1890 2723
f 1890 467 2723
f 2723 467 1891
f 486 1889 1891
f 1891 1889 2723
f 1819 376 2724
f 2724 376 1892
f 404 1893 1892
f 1892 1893 2724
f 1893 425 2724
f 2724 425 1894
f 386 1819 1894
f 1894 1819 2724
f 363 1820 1821
f 1821 1820 2725
f 386 1895 1820
f 1820 1895 2725
f 1895 426 2725
f 2725 426 1896
f 406 1821 1896
f 1896 1821 2725
f 1897 427 2726
f 2726 427 1828
f 428 1824 1828
f 1828 1824 2726
f 1824 407 2726
f 2726 407 1822
f 406 1897 1822
f 1822 1897 2726
f 445 1827 1825
f 1825 1827 2727
f 1827 446 2727
f 2727 446 1898
f 1898 422 2727
f 2727 422 1830
f 1830 421 2727
f 2727 421 1825
f 1899 446 2728
f 2728 446 1829
f 1829 427 2728
f 2728 427 1900
f 452 1901 1900
f 1900 1901 2728
f 469 1899 1901
f 1901 1899 2728
f 375 1831 1833
f 1833 1831 2729
f 1831 422 2729
f 2729 422 1902
f 1902 447 2729
f 2729 447 1903
f 403 1833 1903
f 1903 1833 2729
f 1904 377 2730
f 2730 377 1834
f 403 1905 1834
f 1834 1905 2730
f 1905 448 2730
f 2730 448 1906
f 405 1904 1906
f 1906 1904 2730
f 410 1836 1835
f 1835 1836 2731
f 1836 429 2731
f 2731 429 1907
f 411 1839 1907
f 1907 1839 2731
f 1839 390 2731
f 2731 390 1835
f 1838 434 2732
f 2732 434 1908
f 477 1909 1908
f 1908 1909 2732
f 474 1910 1909
f 1909 1910 2732
f 1910 429 2732
f 2732 429 1838
f 1911 453 2733
f 2733 453 1912
f 412 1842 1912
f 1912 1842 2733
f 1842 379 2733
f 2733 379 1840
f 411 1911 1840
f 1840 1911 2733
f 1913 391 2734
f 2734 391 1843
f 412 1914 1843
f 1843 1914 2734
f 1914 430 2734
f 2734 430 1915
f 413 1913 1915
f 1915 1913 2734
f 1844 435 2735
f 2735 435 1882
f 502 1916 1882
f 1882 1916 2735
f 1916 527 2735
f 2735 527 1917
f 479 1844 1917
f 1917 1844 2735
f 1847 437 2736
f 2736 437 1845
f 479 1918 1845
f 1845 1918 2736
f 1918 528 2736
f 2736 528 1919
f 1919 481 2736
f 2736 481 1847
f 480 1848 1920
f 1920 1848 2737
f 1848 481 2737
f 2737 481 1921
f 504 1922 1921
f 1921 1922 2737
f 1922 503 2737
f 2737 503 1920
f 1920 503 2738
f 2738 503 1923
f 1923 531 2738
f 2738 531 1924
f 505 1849 1924
f 1924 1849 2738
f 480 1920 1849
f 1849 1920 2738
f 1925 547 2739
f 2739 547 1926
f 506 1852 1926
f 1926 1852 2739
f 1852 458 2739
f 2739 458 1850
f 505 1925 1850
f 1850 1925 2739
f 1927 482 2740
f 2740 482 1853
f 506 1928 1853
f 1853 1928 2740
f 1928 532 2740
f 2740 532 1929
f 507 1927 1929
f 1929 1927 2740
f 1927 507 2741
f 2741 507 1930
f 508 1931 1930
f 1930 1931 2741
f 1931 483 2741
f 2741 483 1854
f 482 1927 1854
f 1854 1927 2741
f 1931 508 2742
f 2742 508 1878
f 484 1856 1878
f 1878 1856 2742
f 1856 459 2742
f 2742 459 1855
f 483 1931 1855
f 1855 1931 2742
f 1892 376 2743
f 2743 376 1857
f 377 1904 1857
f 1857 1904 2743
f 1904 405 2743
f 2743 405 1932
f 404 1892 1932
f 1932 1892 2743
f 1913 413 2744
f 2744 413 1933
f 414 1871 1933
f 1933 1871 2744
f 1871 392 2744
f 2744 392 1858
f 391 1913 1858
f 1858 1913 2744
f 400 1861 1859
f 1859 1861 2745
f 1861 440 2745
f 2745 440 1934
f 1934 465 2745
f 2745 465 1935
f 418 1859 1935
f 1935 1859 2745
f 385 1860 1884
f 1884 1860 2746
f 1860 418 2746
f 2746 418 1936
f 466 1937 1936
f 1936 1937 2746
f 1937 442 2746
f 2746 442 1884
f 1938 440 2747
f 2747 440 1863
f 441 1939 1863
f 1863 1939 2747
f 1939 464 2747
f 2747 464 1940
f 463 1938 1940
f 1940 1938 2747
f 485 1889 1888
f 1888 1889 2748
f 1889 486 2748
f 2748 486 1941
f 1941 462 2748
f 2748 462 1865
f 1865 461 2748
f 2748 461 1888
f 486 1942 1941
f 1941 1942 2749
f 1942 509 2749
f 2749 509 1943
f 487 1867 1943
f 1943 1867 2749
f 462 1941 1867
f 1867 1941 2749
f 1944 533 2750
f 2750 533 1945
f 488 1869 1945
f 1945 1869 2750
f 1869 439 2750
f 2750 439 1868
f 487 1944 1868
f 1868 1944 2750
f 1939 441 2751
f 2751 441 1870
f 488 1946 1870
f 1870 1946 2751
f 1946 510 2751
f 2751 510 1947
f 464 1939 1947
f 1947 1939 2751
f 414 1948 1872
f 1872 1948 2752
f 432 1949 1948
f 1948 1949 2752
f 455 1950 1949
f 1949 1950 2752
f 1950 456 2752
f 2752 456 1872
f 1951 476 2753
f 2753 476 1952
f 457 1874 1952
f 1952 1874 2753
f 1874 433 2753
f 2753 433 1873
f 456 1951 1873
f 1873 1951 2753
f 1953 477 2754
f 2754 477 1908
f 434 1876 1908
f 1908 1876 2754
f 1876 415 2754
f 2754 415 1875
f 457 1953 1875
f 1875 1953 2754
f 525 1879 1954
f 1954 1879 2755
f 1879 508 2755
f 2755 508 1930
f 507 1955 1930
f 1930 1955 2755
f 1955 526 2755
f 2755 526 1954
f 525 1954 1883
f 1883 1954 2756
f 1954 526 2756
f 2756 526 1956
f 502 1881 1956
f 1956 1881 2756
f 1881 501 2756
f 2756 501 1883
f 467 1890 1957
f 1957 1890 2757
f 1890 468 2757
f 2757 468 1887
f 1887 443 2757
f 2757 443 1885
f 1885 442 2757
f 2757 442 1957
f 1942 486 2758
f 2758 486 1891
f 1891 467 2758
f 2758 467 1958
f 492 1959 1958
f 1958 1959 2758
f 509 1942 1959
f 1959 1942 2758
f 1960 423 2759
f 2759 423 1961
f 1961 451 2759
f 2759 451 1962
f 425 1893 1962
f 1962 1893 2759
f 404 1960 1893
f 1893 1960 2759
f 1963 473 2760
f 2760 473 1964
f 426 1895 1964
f 1964 1895 2760
f 1895 386 2760
f 2760 386 1894
f 425 1963 1894
f 1894 1963 2760
f 1897 406 2761
f 2761 406 1896
f 426 1965 1896
f 1896 1965 2761
f 1965 452 2761
f 2761 452 1900
f 427 1897 1900
f 1900 1897 2761
f 1898 446 2762
f 2762 446 1899
f 1899 469 2762
f 2762 469 1966
f 447 1902 1966
f 1966 1902 2762
f 422 1898 1902
f 1902 1898 2762
f 1967 469 2763
f 2763 469 1901
f 1901 452 2763
f 2763 452 1968
f 495 1969 1968
f 1968 1969 2763
f 514 1967 1969
f 1969 1967 2763
f 1970 493 2764
f 2764 493 1971
f 448 1905 1971
f 1971 1905 2764
f 1905 403 2764
f 2764 403 1903
f 447 1970 1903
f 1903 1970 2764
f 1972 405 2765
f 2765 405 1906
f 448 1973 1906
f 1906 1973 2765
f 1973 470 2765
f 2765 470 1974
f 424 1972 1974
f 1974 1972 2765
f 1910 474 2766
f 2766 474 1975
f 453 1911 1975
f 1975 1911 2766
f 1911 411 2766
f 2766 411 1907
f 429 1910 1907
f 1907 1910 2766
f 477 1976 1909
f 1909 1976 2767
f 1976 524 2767
f 2767 524 1977
f 1977 519 2767
f 2767 519 1978
f 474 1909 1978
f 1978 1909 2767
f 1979 475 2768
f 2768 475 1980
f 430 1914 1980
f 1980 1914 2768
f 1914 412 2768
f 2768 412 1912
f 453 1979 1912
f 1912 1979 2768
f 1981 413 2769
f 2769 413 1915
f 430 1982 1915
f 1915 1982 2769
f 1982 454 2769
f 2769 454 1983
f 431 1981 1983
f 1983 1981 2769
f 526 1984 1956
f 1956 1984 2770
f 1984 543 2770
f 2770 543 1985
f 527 1916 1985
f 1985 1916 2770
f 1916 502 2770
f 2770 502 1956
f 1986 557 2771
f 2771 557 1987
f 528 1918 1987
f 1987 1918 2771
f 1918 479 2771
f 2771 479 1917
f 527 1986 1917
f 1917 1986 2771
f 481 1919 1921
f 1921 1919 2772
f 528 1988 1919
f 1919 1988 2772
f 1988 544 2772
f 2772 544 1989
f 1989 504 2772
f 2772 504 1921
f 503 1922 1990
f 1990 1922 2773
f 1922 504 2773
f 2773 504 1991
f 1991 530 2773
f 2773 530 1992
f 1992 529 2773
f 2773 529 1990
f 529 1993 1990
f 1990 1993 2774
f 1993 546 2774
f 2774 546 1994
f 531 1923 1994
f 1994 1923 2774
f 1923 503 2774
f 2774 503 1990
f 1995 558 2775
f 2775 558 1996
f 547 1925 1996
f 1996 1925 2775
f 1925 505 2775
f 2775 505 1924
f 531 1995 1924
f 1924 1995 2775
f 1997 559 2776
f 2776 559 1998
f 532 1928 1998
f 1998 1928 2776
f 1928 506 2776
f 2776 506 1926
f 547 1997 1926
f 1926 1997 2776
f 526 1955 1984
f 1984 1955 2777
f 1955 507 2777
f 2777 507 1929
f 532 1999 1929
f 1929 1999 2777
f 1999 543 2777
f 2777 543 1984
f 1960 404 2778
f 2778 404 1932
f 405 1972 1932
f 1932 1972 2778
f 1972 424 2778
f 2778 424 2000
f 423 1960 2000
f 2000 1960 2778
f 1981 431 2779
f 2779 431 2001
f 2001 432 2779
f 2779 432 1948
f 1948 414 2779
f 2779 414 1933
f 413 1981 1933
f 1933 1981 2779
f 1938 463 2780
f 2780 463 2002
f 2002 491 2780
f 2780 491 2003
f 465 1934 2003
f 2003 1934 2780
f 1934 440 2780
f 2780 440 1938
f 2004 513 2781
f 2781 513 2005
f 466 1936 2005
f 2005 1936 2781
f 1936 418 2781
f 2781 418 1935
f 465 2004 1935
f 1935 2004 2781
f 442 1937 1957
f 1957 1937 2782
f 466 2006 1937
f 1937 2006 2782
f 2006 492 2782
f 2782 492 1958
f 467 1957 1958
f 1958 1957 2782
f 463 1940 2007
f 2007 1940 2783
f 464 2008 1940
f 1940 2008 2783
f 2008 490 2783
f 2783 490 2009
f 2009 489 2783
f 2783 489 2007
f 2010 548 2784
f 2784 548 2011
f 533 1944 2011
f 2011 1944 2784
f 1944 487 2784
f 2784 487 1943
f 509 2010 1943
f 1943 2010 2784
f 2012 549 2785
f 2785 549 2013
f 510 1946 2013
f 2013 1946 2785
f 1946 488 2785
f 2785 488 1945
f 533 2012 1945
f 1945 2012 2785
f 2008 464 2786
f 2786 464 1947
f 510 2014 1947
f 1947 2014 2786
f 2014 511 2786
f 2786 511 2015
f 490 2008 2015
f 2015 2008 2786
f 2001 431 2787
f 2787 431 1983
f 454 2016 1983
f 1983 2016 2787
f 2016 455 2787
f 2787 455 1949
f 1949 432 2787
f 2787 432 2001
f 2017 498 2788
f 2788 498 2018
f 476 1951 2018
f 2018 1951 2788
f 1951 456 2788
f 2788 456 1950
f 1950 455 2788
f 2788 455 2017
f 2019 499 2789
f 2789 499 2020
f 477 1953 2020
f 2020 1953 2789
f 1953 457 2789
f 2789 457 1952
f 476 2019 1952
f 1952 2019 2789
f 2010 509 2790
f 2790 509 1959
f 1959 492 2790
f 2790 492 2021
f 535 2022 2021
f 2021 2022 2790
f 548 2010 2022
f 2022 2010 2790
f 2023 449 2791
f 2791 449 2024
f 2024 472 2791
f 2791 472 2025
f 451 1961 2025
f 2025 1961 2791
f 1961 423 2791
f 2791 423 2023
f 2026 494 2792
f 2792 494 2027
f 473 1963 2027
f 2027 1963 2792
f 1963 425 2792
f 2792 425 1962
f 451 2026 1962
f 1962 2026 2792
f 2028 495 2793
f 2793 495 1968
f 452 1965 1968
f 1968 1965 2793
f 1965 426 2793
f 2793 426 1964
f 473 2028 1964
f 1964 2028 2793
f 1967 514 2794
f 2794 514 2029
f 493 1970 2029
f 2029 1970 2794
f 1970 447 2794
f 2794 447 1966
f 469 1967 1966
f 1966 1967 2794
f 514 1969 2030
f 2030 1969 2795
f 495 2031 1969
f 1969 2031 2795
f 2031 540 2795
f 2795 540 2032
f 2032 553 2795
f 2795 553 2030
f 2033 515 2796
f 2796 515 2034
f 470 1973 2034
f 2034 1973 2796
f 1973 448 2796
f 2796 448 1971
f 493 2033 1971
f 1971 2033 2796
f 2035 424 2797
f 2797 424 1974
f 470 2036 1974
f 1974 2036 2797
f 2036 471 2797
f 2797 471 2037
f 450 2035 2037
f 2037 2035 2797
f 2038 496 2798
f 2798 496 2039
f 475 1979 2039
f 2039 1979 2798
f 1979 453 2798
f 2798 453 1975
f 474 2038 1975
f 1975 2038 2798
f 2040 523 2799
f 2799 523 2041
f 524 1976 2041
f 2041 1976 2799
f 477 2020 1976
f 1976 2020 2799
f 499 2040 2020
f 2020 2040 2799
f 1977 524 2800
f 2800 524 2041
f 523 2042 2041
f 2041 2042 2800
f 520 2043 2042
f 2042 2043 2800
f 2043 519 2800
f 2800 519 1977
f 519 2043 1978
f 1978 2043 2801
f 2043 520 2801
f 2801 520 2044
f 496 2038 2044
f 2044 2038 2801
f 474 1978 2038
f 2038 1978 2801
f 2045 497 2802
f 2802 497 2046
f 454 1982 2046
f 2046 1982 2802
f 1982 430 2802
f 2802 430 1980
f 475 2045 1980
f 1980 2045 2802
f 2047 565 2803
f 2803 565 2048
f 557 1986 2048
f 2048 1986 2803
f 1986 527 2803
f 2803 527 1985
f 543 2047 1985
f 1985 2047 2803
f 2049 566 2804
f 2804 566 2050
f 544 1988 2050
f 2050 1988 2804
f 1988 528 2804
f 2804 528 1987
f 557 2049 1987
f 1987 2049 2804
f 1991 504 2805
f 2805 504 1989
f 544 2051 1989
f 1989 2051 2805
f 2051 545 2805
f 2805 545 2052
f 530 1991 2052
f 2052 1991 2805
f 1992 530 2806
f 2806 530 2052
f 545 2053 2052
f 2052 2053 2806
f 2053 546 2806
f 2806 546 1993
f 1993 529 2806
f 2806 529 1992
f 567 2055 2054
f 2054 2055 2807
f 558 1995 2055
f 2055 1995 2807
f 1995 531 2807
f 2807 531 1994
f 1994 546 2807
f 2807 546 2054
f 2056 569 2808
f 2808 569 2057
f 559 1997 2057
f 2057 1997 2808
f 1997 547 2808
f 2808 547 1996
f 558 2056 1996
f 1996 2056 2808
f 543 1999 2047
f 2047 1999 2809
f 1999 532 2809
f 2809 532 1998
f 559 2058 1998
f 1998 2058 2809
f 565 2047 2058
f 2058 2047 2809
f 2023 423 2810
f 2810 423 2000
f 424 2035 2000
f 2000 2035 2810
f 2035 450 2810
f 2810 450 2059
f 2059 449 2810
f 2810 449 2023
f 2007 489 2811
f 2811 489 2060
f 2060 512 2811
f 2811 512 2061
f 491 2002 2061
f 2061 2002 2811
f 2002 463 2811
f 2811 463 2007
f 2062 534 2812
f 2812 534 2063
f 513 2004 2063
f 2063 2004 2812
f 2004 465 2812
f 2812 465 2003
f 491 2062 2003
f 2003 2062 2812
f 2064 535 2813
f 2813 535 2021
f 492 2006 2021
f 2021 2006 2813
f 2006 466 2813
f 2813 466 2005
f 513 2064 2005
f 2005 2064 2813
f 2009 490 2814
f 2814 490 2015
f 511 2065 2015
f 2015 2065 2814
f 2065 512 2814
f 2814 512 2060
f 489 2009 2060
f 2060 2009 2814
f 2066 560 2815
f 2815 560 2067
f 549 2012 2067
f 2067 2012 2815
f 2012 533 2815
f 2815 533 2011
f 548 2066 2011
f 2011 2066 2815
f 2068 551 2816
f 2816 551 2069
f 511 2014 2069
f 2069 2014 2816
f 2014 510 2816
f 2816 510 2013
f 549 2068 2013
f 2013 2068 2816
f 497 2070 2046
f 2046 2070 2817
f 498 2017 2070
f 2070 2017 2817
f 455 2016 2017
f 2017 2016 2817
f 2016 454 2817
f 2817 454 2046
f 2071 522 2818
f 2818 522 2072
f 499 2019 2072
f 2072 2019 2818
f 2019 476 2818
f 2818 476 2018
f 498 2071 2018
f 2018 2071 2818
f 548 2022 2073
f 2073 2022 2819
f 535 2074 2022
f 2022 2074 2819
f 2074 564 2819
f 2819 564 2075
f 2075 570 2819
f 2819 570 2073
f 2059 450 2820
f 2820 450 2037
f 471 2076 2037
f 2037 2076 2820
f 472 2024 2076
f 2076 2024 2820
f 2024 449 2820
f 2820 449 2059
f 2077 516 2821
f 2821 516 2078
f 494 2026 2078
f 2078 2026 2821
f 2026 451 2821
f 2821 451 2025
f 472 2077 2025
f 2025 2077 2821
f 2079 518 2822
f 2822 518 2080
f 495 2028 2080
f 2080 2028 2822
f 2028 473 2822
f 2822 473 2027
f 494 2079 2027
f 2027 2079 2822
f 2081 536 2823
f 2823 536 2082
f 515 2033 2082
f 2082 2033 2823
f 2033 493 2823
f 2823 493 2029
f 514 2081 2029
f 2029 2081 2823
f 553 2083 2030
f 2030 2083 2824
f 2083 554 2824
f 2824 554 2084
f 536 2081 2084
f 2084 2081 2824
f 2081 514 2824
f 2824 514 2030
f 2085 539 2825
f 2825 539 2086
f 540 2031 2086
f 2086 2031 2825
f 2031 495 2825
f 2825 495 2080
f 518 2085 2080
f 2080 2085 2825
f 2083 553 2826
f 2826 553 2032
f 2032 540 2826
f 2826 540 2086
f 539 2087 2086
f 2086 2087 2826
f 554 2083 2087
f 2087 2083 2826
f 2088 517 2827
f 2827 517 2089
f 471 2036 2089
f 2089 2036 2827
f 2036 470 2827
f 2827 470 2034
f 515 2088 2034
f 2034 2088 2827
f 2090 521 2828
f 2828 521 2091
f 497 2045 2091
f 2091 2045 2828
f 2045 475 2828
f 2828 475 2039
f 496 2090 2039
f 2039 2090 2828
f 542 2093 2092
f 2092 2093 2829
f 523 2040 2093
f 2093 2040 2829
f 2040 499 2829
f 2829 499 2072
f 522 2092 2072
f 2072 2092 2829
f 2042 523 2830
f 2830 523 2093
f 2093 542 2830
f 2830 542 2094
f 2094 541 2830
f 2830 541 2095
f 520 2042 2095
f 2095 2042 2830
f 541 2096 2095
f 2095 2096 2831
f 521 2090 2096
f 2096 2090 2831
f 2090 496 2831
f 2831 496 2044
f 520 2095 2044
f 2044 2095 2831
f 2097 574 2832
f 2832 574 2098
f 566 2049 2098
f 2098 2049 2832
f 2049 557 2832
f 2832 557 2048
f 565 2097 2048
f 2048 2097 2832
f 2099 568 2833
f 2833 568 2100
f 545 2051 2100
f 2100 2051 2833
f 2051 544 2833
f 2833 544 2050
f 566 2099 2050
f 2050 2099 2833
f 546 2053 2054
f 2054 2053 2834
f 2053 545 2834
f 2834 545 2100
f 568 2101 2100
f 2100 2101 2834
f 2101 567 2834
f 2834 567 2054
f 2102 575 2835
f 2835 575 2103
f 569 2056 2103
f 2103 2056 2835
f 2056 558 2835
f 2835 558 2055
f 567 2102 2055
f 2055 2102 2835
f 2104 577 2836
f 2836 577 2105
f 578 2106 2105
f 2105 2106 2836
f 559 2057 2106
f 2106 2057 2836
f 569 2104 2057
f 2057 2104 2836
f 565 2058 2107
f 2107 2058 2837
f 559 2106 2058
f 2058 2106 2837
f 2106 578 2837
f 2837 578 2108
f 2108 579 2837
f 2837 579 2107
f 2109 550 2838
f 2838 550 2110
f 534 2062 2110
f 2110 2062 2838
f 2062 491 2838
f 2838 491 2061
f 512 2109 2061
f 2061 2109 2838
f 2111 552 2839
f 2839 552 2112
f 535 2064 2112
f 2112 2064 2839
f 2064 513 2839
f 2839 513 2063
f 534 2111 2063
f 2063 2111 2839
f 2109 512 2840
f 2840 512 2065
f 2065 511 2840
f 2840 511 2069
f 551 2113 2069
f 2069 2113 2840
f 550 2109 2113
f 2113 2109 2840
f 2073 570 2841
f 2841 570 2114
f 2114 571 2841
f 2841 571 2115
f 560 2066 2115
f 2115 2066 2841
f 548 2073 2066
f 2066 2073 2841
f 2116 562 2842
f 2842 562 2117
f 551 2068 2117
f 2117 2068 2842
f 2068 549 2842
f 2842 549 2067
f 560 2116 2067
f 2067 2116 2842
f 2091 521 2843
f 2843 521 2118
f 522 2071 2118
f 2118 2071 2843
f 2071 498 2843
f 2843 498 2070
f 2070 497 2843
f 2843 497 2091
f 2119 563 2844
f 2844 563 2120
f 564 2074 2120
f 2120 2074 2844
f 535 2112 2074
f 2074 2112 2844
f 552 2119 2112
f 2112 2119 2844
f 2114 570 2845
f 2845 570 2075
f 2075 564 2845
f 2845 564 2120
f 563 2121 2120
f 2120 2121 2845
f 571 2114 2121
f 2121 2114 2845
f 2077 472 2846
f 2846 472 2076
f 2076 471 2846
f 2846 471 2089
f 2089 517 2846
f 2846 517 2122
f 516 2077 2122
f 2122 2077 2846
f 2123 537 2847
f 2847 537 2124
f 518 2079 2124
f 2124 2079 2847
f 2079 494 2847
f 2847 494 2078
f 516 2123 2078
f 2078 2123 2847
f 2125 538 2848
f 2848 538 2126
f 2126 517 2848
f 2848 517 2088
f 2088 515 2848
f 2848 515 2082
f 536 2125 2082
f 2082 2125 2848
f 556 2128 2127
f 2127 2128 2849
f 538 2125 2128
f 2128 2125 2849
f 2125 536 2849
f 2849 536 2084
f 554 2127 2084
f 2084 2127 2849
f 555 2130 2129
f 2129 2130 2850
f 539 2085 2130
f 2130 2085 2850
f 2085 518 2850
f 2850 518 2124
f 537 2129 2124
f 2124 2129 2850
f 2127 554 2851
f 2851 554 2087
f 2087 539 2851
f 2851 539 2130
f 2130 555 2851
f 2851 555 2131
f 2131 556 2851
f 2851 556 2127
f 2096 541 2852
f 2852 541 2094
f 2094 542 2852
f 2852 542 2092
f 2092 522 2852
f 2852 522 2118
f 521 2096 2118
f 2118 2096 2852
f 579 2132 2107
f 2107 2132 2853
f 580 2133 2132
f 2132 2133 2853
f 574 2097 2133
f 2133 2097 2853
f 565 2107 2097
f 2097 2107 2853
f 2134 576 2854
f 2854 576 2135
f 568 2099 2135
f 2135 2099 2854
f 2099 566 2854
f 2854 566 2098
f 574 2134 2098
f 2098 2134 2854
f 567 2101 2102
f 2102 2101 2855
f 2101 568 2855
f 2855 568 2135
f 576 2136 2135
f 2135 2136 2855
f 2136 575 2855
f 2855 575 2102
f 581 2138 2137
f 2137 2138 2856
f 577 2104 2138
f 2138 2104 2856
f 2104 569 2856
f 2856 569 2103
f 575 2137 2103
f 2103 2137 2856
f 2132 579 2857
f 2857 579 2108
f 2108 578 2857
f 2857 578 2105
f 577 2139 2105
f 2105 2139 2857
f 580 2132 2139
f 2139 2132 2857
f 2140 561 2858
f 2858 561 2141
f 552 2111 2141
f 2141 2111 2858
f 2111 534 2858
f 2858 534 2110
f 550 2140 2110
f 2110 2140 2858
f 2140 550 2859
f 2859 550 2113
f 2113 551 2859
f 2859 551 2117
f 562 2142 2117
f 2117 2142 2859
f 561 2140 2142
f 2142 2140 2859
f 573 2144 2143
f 2143 2144 2860
f 562 2116 2144
f 2144 2116 2860
f 2116 560 2860
f 2860 560 2115
f 571 2143 2115
f 2115 2143 2860
f 572 2146 2145
f 2145 2146 2861
f 563 2119 2146
f 2146 2119 2861
f 2119 552 2861
f 2861 552 2141
f 561 2145 2141
f 2141 2145 2861
f 571 2121 2143
f 2143 2121 2862
f 2121 563 2862
f 2862 563 2146
f 2146 572 2862
f 2862 572 2147
f 2147 573 2862
f 2862 573 2143
f 2123 516 2863
f 2863 516 2122
f 517 2126 2122
f 2122 2126 2863
f 2126 538 2863
f 2863 538 2148
f 537 2123 2148
f 2148 2123 2863
f 2129 537 2864
f 2864 537 2148
f 538 2128 2148
f 2148 2128 2864
f 2128 556 2864
f 2864 556 2131
f 2131 555 2864
f 2864 555 2129
f 582 2150 2149
f 2149 2150 2865
f 576 2134 2150
f 2150 2134 2865
f 2134 574 2865
f 2865 574 2133
f 580 2149 2133
f 2133 2149 2865
f 575 2136 2137
f 2137 2136 2866
f 2136 576 2866
f 2866 576 2150
f 2150 582 2866
f 2866 582 2151
f 2151 581 2866
f 2866 581 2137
f 580 2139 2149
f 2149 2139 2867
f 2139 577 2867
f 2867 577 2138
f 2138 581 2867
f 2867 581 2151
f 2151 582 2867
f 2867 582 2149
f 561 2142 2145
f 2145 2142 2868
f 562 2144 2142
f 2142 2144 2868
f 2144 573 2868
f 2868 573 2147
f 2147 572 2868
f 2868 572 2145

