# https://github.com/mikedh/trimesh
v 0.02333898 -0.05875566 -0.02942384
v 0.01188917 -0.05344402 -0.02210561
v 0.01335222 -0.04136179 -0.03688833
v 0.01972317 -0.04669147 -0.04096404
v 0.00132832 -0.03174560 -0.03284052
v 0.01822991 -0.01694390 -0.04339350
v 0.02490029 -0.03113838 -0.04696699
v 0.02137077 -0.02687518 -0.04564539
v 0.03434927 -0.06325364 -0.01597515
v 0.02254825 -0.05512899 -0.00529853
v -0.00242231 -0.01365900 -0.03548420
v 0.01641601 -0.00542019 -0.04171854
v 0.04681206 -0.06012605 -0.00568356
v 0.03599471 -0.05060092 0.00518744
v 0.00824834 -0.04799634 0.00835035
v -0.00589890 -0.00115175 -0.03468656
v 0.01267737 0.00702355 -0.04139570
v 0.00353739 -0.02801175 0.02599887
v 0.02241244 -0.02281337 0.02388592
v -0.00899479 0.01301216 -0.03269358
v 0.00636568 0.02077031 -0.03848112
v 0.03290266 -0.05300580 -0.04785794
v 0.03502633 -0.06344602 -0.03796023
v -0.01066733 0.02853255 -0.02585270
v 0.00287828 0.03483521 -0.02767977
v 0.03448999 -0.00756279 -0.04335996
v 0.03469152 -0.01489074 -0.04574650
v 0.03831079 -0.01931686 -0.04727496
v 0.03815532 -0.03901521 -0.05315298
v 0.04448014 -0.06903709 -0.02534715
v 0.04219410 -0.03204699 0.01720830
v 0.05677155 -0.05450746 0.00048083
v 0.03397554 0.00130034 -0.04067185
v 0.05914690 -0.06194236 -0.05894569
v 0.07759273 -0.06225250 -0.06084528
v 0.07420107 -0.07417079 -0.05840957
v 0.05797201 -0.07263371 -0.05272370
v 0.05727491 -0.06688248 -0.01576665
v 0.03740734 -0.01625118 0.02391954
v 0.00385622 0.04062333 -0.00825342
v -0.00942171 0.03679752 -0.00709555
v 0.03056619 0.01341631 -0.04237743
v 0.06600944 -0.05107778 -0.05896292
v 0.08222794 -0.05219946 -0.05261091
v 0.07706209 -0.08181037 -0.04842068
v 0.06407261 -0.08006054 -0.04131492
v 0.00898227 0.03376652 0.01325275
v -0.00454786 0.03234376 0.01599866
v 0.02299404 0.02865021 -0.04187519
v 0.09577122 -0.06210150 -0.05785820
v 0.09252780 -0.07239152 -0.05698680
v 0.07422450 -0.07799752 -0.03027275
v 0.08217805 -0.08118983 -0.03662673
v 0.01755604 -0.00370593 0.02663814
v 0.00023237 -0.00712952 0.03035656
v 0.01785485 0.04275702 -0.03042425
v 0.04904330 -0.02598640 -0.05093148
v 0.09916126 -0.05338109 -0.04983459
v 0.09182909 -0.07985702 -0.04926775
v 0.06717351 -0.06106190 -0.00902912
v -0.00181960 0.01279745 0.02819131
v 0.01370581 0.01539773 0.02432232
v 0.07561925 -0.04459046 -0.04903512
v 0.09330932 -0.08061608 -0.03878006
v 0.01753718 0.04746231 -0.00938482
v 0.11370036 -0.06511153 -0.05808703
v 0.10615101 -0.07385029 -0.05500303
v 0.08652931 -0.07135230 -0.02883468
v 0.08090535 -0.06793043 -0.02449473
v 0.02224205 0.03897381 0.01069938
v 0.08404102 -0.04559439 -0.03662271
v 0.08816225 -0.05031332 -0.03711936
v 0.11564327 -0.05420859 -0.05016849
v 0.12026373 -0.07265694 -0.05550233
v 0.11376267 -0.07537482 -0.05364150
v 0.10459445 -0.07936986 -0.04888577
v 0.08911210 -0.05853552 -0.02989497
v 0.08629989 -0.05441519 -0.02829776
v 0.02740923 0.02095440 0.02151869
v 0.11418333 -0.07916826 -0.04891428
v 0.10532052 -0.08052142 -0.04003010
v 0.09620100 -0.07224426 -0.03034324
v 0.10075826 -0.05235469 -0.03673129
v 0.12833905 -0.06016142 -0.05752686
v 0.12826761 -0.05228987 -0.04933799
v 0.13002106 -0.06850923 -0.05604466
v 0.12313914 -0.07778334 -0.04936914
v 0.11465345 -0.08044560 -0.04085684
v 0.09947885 -0.06119034 -0.02922450
v 0.12387336 -0.07893605 -0.04032933
v 0.13982016 -0.05797782 -0.05562527
v 0.14004458 -0.05252562 -0.04776732
v 0.13990509 -0.06490785 -0.05620237
v 0.13170630 -0.07448348 -0.04971349
v 0.10798610 -0.07440616 -0.03186709
v 0.11596351 -0.05498073 -0.03516158
v 0.14966628 -0.05826291 -0.05284949
v 0.14965018 -0.05497359 -0.04651031
v 0.14985476 -0.06319941 -0.05512351
v 0.14079174 -0.07089131 -0.05139014
v 0.13244757 -0.07622622 -0.03984001
v 0.11490897 -0.07695414 -0.03399114
v 0.11473614 -0.06616250 -0.02829494
v 0.14451867 -0.03954243 -0.02094729
v 0.14843121 -0.02595199 -0.02185870
v 0.15782789 -0.02805549 -0.02049681
v 0.15529571 -0.03930609 -0.01951763
v 0.15772427 -0.06020739 -0.04790582
v 0.15576321 -0.05800740 -0.04519186
v 0.15936756 -0.06382695 -0.05013366
v 0.15020264 -0.06792365 -0.05383454
v 0.12157971 -0.07460163 -0.03178239
v 0.14082278 -0.04483740 0.00319764
v 0.15283916 -0.04419653 0.00255078
v 0.15249968 -0.03222391 0.00901164
v 0.13786921 -0.03082056 0.01130332
v 0.16236967 -0.00781932 -0.01356242
v 0.15263244 -0.01081560 -0.01647189
v 0.15291282 0.00208919 -0.01929045
v 0.16320616 0.00222704 -0.01590384
v 0.14875541 -0.01824321 -0.01919031
v 0.15521013 -0.01537566 -0.00754358
v 0.15330630 -0.01712805 -0.01091427
v 0.15425455 -0.01868333 -0.01307706
v 0.15918579 -0.01959060 -0.01406595
v 0.12850740 -0.05368371 -0.03476268
v 0.15860760 -0.06811196 -0.05159725
v 0.15115035 -0.07182699 -0.05032713
v 0.14522194 -0.07243926 -0.04874892
v 0.14267053 -0.04811682 -0.01036808
v 0.15377435 -0.04703739 -0.01028430
v 0.16117366 -0.01371038 -0.00506110
v 0.13002822 -0.06328551 -0.02771602
v 0.15788055 -0.07107866 -0.05052147
v 0.13211283 -0.07184377 -0.03093423
v 0.15310326 0.01774940 -0.02089360
v 0.14366895 0.01513176 -0.02224776
v 0.13789630 0.02727657 -0.02609601
v 0.15097359 0.02730642 -0.02333129
v 0.14507523 0.00757737 -0.02055564
v 0.15000084 0.01038261 -0.01337667
v 0.15108570 0.00934780 -0.01352612
v 0.15656895 0.01034364 -0.01335423
v 0.16387948 0.01094922 -0.01122290
v 0.14956275 -0.01337895 0.00232785
v 0.14679658 -0.01524324 -0.00092604
v 0.14834055 -0.01730991 -0.00227354
v 0.15675429 -0.01760157 -0.00334799
v 0.16978543 -0.02759454 -0.02165325
v 0.16887393 -0.03912978 -0.02145755
v 0.14100981 -0.05417301 -0.03563149
v 0.14207518 -0.07366643 -0.03788388
v 0.16704306 -0.04492950 0.00042402
v 0.16732737 -0.03395208 0.00723610
v 0.15416837 -0.02159341 0.00532490
v 0.13879967 -0.01824880 0.00693834
v 0.13988990 -0.01328898 0.00651361
v 0.13968033 -0.00510756 0.01092838
v 0.15461460 0.01186973 -0.01287756
v 0.17607870 -0.00778024 -0.01453892
v 0.17651832 0.00381614 -0.01595159
v 0.15791747 -0.01198122 0.00510031
v 0.16979483 -0.01978791 -0.01458863
v 0.14301010 -0.06221137 -0.02921721
v 0.15040594 -0.05699820 -0.03650241
v 0.15880877 -0.06226751 -0.03839104
v 0.15620265 -0.05926301 -0.03893249
v 0.16118610 -0.06631773 -0.03916083
v 0.14573426 -0.07386801 -0.04155734
v 0.14391366 -0.06994710 -0.03088461
v 0.16794858 -0.04706034 -0.01213584
v 0.15449425 -0.00261550 0.01263240
v 0.12612721 0.04109562 -0.02834858
v 0.12046079 0.03873614 -0.02872718
v 0.11842311 0.05042151 -0.03334146
v 0.12430680 0.05098077 -0.03256492
v 0.12421855 0.03225309 -0.02631855
v 0.12476474 0.03519344 -0.01984173
v 0.12823508 0.03422165 -0.02042895
v 0.13978600 0.03498064 -0.02193541
v 0.14942926 0.03483695 -0.01957476
v 0.14560721 0.01427520 -0.00342580
v 0.14573568 0.01357885 -0.00407955
v 0.15034174 0.01412082 -0.00313576
v 0.16071725 0.01494856 -0.00117096
v 0.17414726 -0.01388711 -0.00427477
v 0.15244166 -0.06234995 -0.03244883
v 0.15495828 -0.06806430 -0.03273841
v 0.16068677 -0.07181376 -0.03978105
v 0.15234894 -0.07402475 -0.04020314
v 0.15319124 -0.07211687 -0.03527994
v 0.15552441 0.01021190 0.00910636
v 0.13892306 0.01226427 0.00636769
v 0.13645720 0.01566046 0.00060126
v 0.13283256 0.02202172 0.00194518
v 0.13423464 0.04181662 -0.02837388
v 0.13259589 0.05200758 -0.03211790
v 0.12683862 0.03646251 -0.01974200
v 0.16552341 0.01786819 -0.02181351
v 0.16415968 0.02842991 -0.02391123
v 0.15156716 0.01501900 -0.00189516
v 0.17567727 0.01186311 -0.00878813
v 0.16890684 -0.01804141 -0.00410732
v 0.15896577 -0.07373217 -0.04089685
v 0.16800757 -0.02286036 0.00443025
v 0.14604717 0.02419815 0.00416592
v 0.11587188 0.05977545 -0.02974785
v 0.12202782 0.05985208 -0.02879544
v 0.13384733 0.03761653 -0.01924361
v 0.12120652 0.03921091 -0.01333281
v 0.12359315 0.03761670 -0.01417663
v 0.13495625 0.03842271 -0.01416912
v 0.14658720 0.03901217 -0.01129863
v 0.16498974 0.01228224 -0.01249302
v 0.17177466 -0.01200077 0.00653427
v 0.18488556 -0.02735136 -0.02007597
v 0.18523005 -0.03812226 -0.02053437
v 0.18006188 -0.04460988 0.00016017
v 0.17911165 -0.03502674 0.00557622
v 0.16979099 -0.00295930 0.01358820
v 0.14413476 0.03550834 -0.00038865
v 0.12728048 0.03792124 -0.00463812
v 0.11804929 0.03983950 -0.01045785
v 0.11314425 0.04611747 -0.00891620
v 0.10852710 0.05824278 -0.01042830
v 0.11855488 0.05813873 -0.01005180
v 0.11979542 0.06279249 -0.01992117
v 0.11157784 0.06301509 -0.02071350
v 0.13040310 0.06051110 -0.02733641
v 0.12395633 0.04041849 -0.01240214
v 0.16201651 0.03611241 -0.01797608
v 0.17309886 0.01434475 0.00152135
v 0.19319137 -0.00620688 -0.01234094
v 0.19286665 0.00565170 -0.01289039
v 0.18538248 -0.01996688 -0.01214544
v 0.18487716 -0.04683096 -0.01069934
v 0.18706861 -0.04284522 0.00208801
v 0.18763724 -0.03548995 0.00541713
v 0.17030633 0.00878254 0.01089754
v 0.12013855 0.04796163 -0.00743691
v 0.12731534 0.05795619 -0.00990629
v 0.12810954 0.06261597 -0.01861971
v 0.13076333 0.04185329 -0.01169242
v 0.16228268 0.01530883 -0.00134499
v 0.19178787 -0.01370478 -0.00174258
v 0.19884503 -0.02780493 -0.01898140
v 0.19875883 -0.03790454 -0.01951155
v 0.19226137 -0.04548153 -0.00081244
v 0.19437136 -0.03696373 0.00518570
v 0.15957078 0.02472416 0.00470930
v 0.12826047 0.04904947 -0.00735954
v 0.15951804 0.03948630 -0.00860918
v 0.17936370 0.01950441 -0.02035671
v 0.17876217 0.02998716 -0.02214293
v 0.19169166 0.01355906 -0.00356739
v 0.20712984 -0.00527192 -0.01130024
v 0.20681003 0.00623883 -0.01128119
v 0.18041709 -0.01915074 -0.00290828
v 0.19989315 -0.02124874 -0.01263687
v 0.17918096 -0.02422776 0.00379962
v 0.15843718 0.03523356 0.00105827
v 0.17848170 0.01351371 -0.00987500
v 0.20713485 -0.01269083 -0.00353288
v 0.18429861 -0.01195453 0.00743889
v 0.18676302 -0.02059485 -0.00036531
v 0.19217410 -0.02005867 -0.00272352
v 0.21089458 -0.02802615 -0.01886979
v 0.21134850 -0.03819340 -0.01897560
v 0.20001196 -0.04591000 -0.01286138
v 0.20242614 -0.04587354 -0.00249337
v 0.20379719 -0.03771720 0.00404147
v 0.18731609 -0.02529351 0.00424697
v 0.18154603 -0.00347127 0.01304958
v 0.14363023 0.04318125 -0.02784098
v 0.14260608 0.05377989 -0.03152588
v 0.17741660 0.03829333 -0.01447530
v 0.19147056 0.02084559 -0.01927699
v 0.19115657 0.03118981 -0.02017035
v 0.18436029 0.01340207 0.00487156
v 0.20661082 0.01290781 -0.00388245
v 0.22059444 -0.00460985 -0.01202304
v 0.22025907 0.00692597 -0.01153546
v 0.19671795 -0.01219968 0.00805499
v 0.19024533 -0.01032869 0.01022052
v 0.19449859 -0.02589810 0.00448398
v 0.20213771 -0.02064147 -0.00381039
v 0.21110245 -0.02187456 -0.01279494
v 0.18946982 -0.00361551 0.01369419
v 0.18159538 0.00715693 0.01127597
v 0.15241197 0.04409599 -0.02812055
v 0.15175071 0.05439065 -0.03197828
v 0.14389479 0.03959788 -0.01706797
v 0.19135461 0.01447479 -0.01108410
v 0.17172003 0.01618241 -0.00027846
v 0.19003075 0.01184455 0.00845075
v 0.19652081 0.01283532 0.00657035
v 0.22015062 -0.01216455 -0.00370614
v 0.20774656 -0.01221357 0.00606197
v 0.19784215 -0.00448551 0.01364662
v 0.20366424 -0.02660226 0.00333684
v 0.21222738 -0.04544736 -0.01185519
v 0.21250749 -0.04446457 -0.00263826
v 0.21290508 -0.03709807 0.00286737
v 0.18932721 0.00629006 0.01233669
v 0.16881690 0.02487889 0.00424177
v 0.14124298 0.06198871 -0.02400153
v 0.15307804 0.04045540 -0.01948112
v 0.17046886 0.03908272 -0.00619567
v 0.19100386 0.03793071 -0.01307729
v 0.20400051 0.02130276 -0.01724029
v 0.20361963 0.03183776 -0.01761662
v 0.18256832 0.01617027 -0.00098950
v 0.17680827 0.01808207 0.00127870
v 0.19780576 0.00619800 0.01273701
v 0.20736328 0.01248104 0.00546366
v 0.21928230 0.01257373 -0.00377860
v 0.20830464 -0.00506319 0.01231026
v 0.21168897 -0.02154492 -0.00450141
v 0.17565133 0.02482383 0.00380507
v 0.16820375 0.03411760 0.00095934
v 0.13527559 0.05718086 -0.00975627
v 0.13640320 0.06173141 -0.01607064
v 0.15221572 0.06210456 -0.02526471
v 0.13880924 0.04374110 -0.01020558
v 0.17597991 0.03778150 -0.00322916
v 0.18165386 0.03812937 -0.00478430
v 0.20257214 0.01524525 -0.00905724
v 0.19139520 0.01620182 -0.00189391
v 0.18296706 0.02376275 0.00320493
v 0.20817706 0.00541422 0.01193177
v 0.21947157 -0.01124094 0.00516513
v 0.21254887 -0.02693526 0.00206687
v 0.22240904 -0.02857161 -0.01835551
v 0.22294387 -0.03854511 -0.01791264
v 0.17511857 0.03321322 0.00105125
v 0.13617262 0.05006357 -0.00747066
v 0.14122116 0.05667055 -0.00985605
v 0.14091423 0.06051014 -0.01367775
v 0.14534193 0.06174111 -0.01579146
v 0.16239952 0.05472971 -0.03242259
v 0.16205701 0.04489536 -0.02876924
v 0.15399634 0.04389851 -0.01278086
v 0.14713410 0.04428695 -0.01074752
v 0.14303130 0.04583347 -0.00902309
v 0.18239621 0.03261242 0.00108070
v 0.19083488 0.03774987 -0.00365415
v 0.20235300 0.03786290 -0.01036570
v 0.19120307 0.02270355 0.00321150
v 0.21870822 0.01143551 0.00514046
v 0.23500961 -0.00362580 -0.01133462
v 0.23463106 0.00771807 -0.01056759
v 0.21903849 -0.00486684 0.01091221
v 0.22315040 -0.02190494 -0.01139644
v 0.14221492 0.05050246 -0.00776723
v 0.14661526 0.05718275 -0.01037974
v 0.15333679 0.06191097 -0.01709676
v 0.16216618 0.04147512 -0.02045443
v 0.15407012 0.05000370 -0.00946225
v 0.14750263 0.05043608 -0.00826482
v 0.19088002 0.03149091 0.00233151
v 0.20095494 0.01695597 -0.00097731
v 0.21881317 0.00465709 0.01093527
v 0.23456946 -0.01136012 -0.00209981
v 0.23387906 -0.02965227 -0.01804256
v 0.23394183 -0.03960564 -0.01726135
v 0.22370499 -0.04542665 -0.00884427
v 0.22061079 -0.04273417 -0.00144173
v 0.22021214 -0.03586502 0.00206960
v 0.15364068 0.05723039 -0.01125854
v 0.16298103 0.06207528 -0.02556208
v 0.20118177 0.03684694 -0.00194144
v 0.21486595 0.02115893 -0.01518207
v 0.21479363 0.03150773 -0.01580992
v 0.20032740 0.02280888 0.00372165
v 0.23346788 0.01272813 -0.00171791
v 0.24644637 -0.00331646 -0.01062271
v 0.24592164 0.00756355 -0.00936078
v 0.22014911 -0.02234025 -0.00409953
v 0.23452413 -0.02317030 -0.01225729
v 0.22867182 -0.04247079 -0.00133194
v 0.22486236 -0.04071819 -0.00006443
v 0.22482589 -0.03520632 0.00168907
v 0.16214034 0.04461941 -0.01437096
v 0.20046008 0.03083953 0.00328692
v 0.21389212 0.01558832 -0.00561931
v 0.24699506 -0.01041880 -0.00373628
v 0.22920727 -0.00974282 0.00544086
v 0.22004109 -0.02723152 0.00088304
v 0.22426728 -0.02345174 -0.00271287
v 0.22777668 -0.02281256 -0.00444187
v 0.24418313 -0.03034368 -0.01656487
v 0.24417811 -0.03948105 -0.01581279
v 0.23495052 -0.04533467 -0.01046704
v 0.22927459 -0.03590778 0.00143677
v 0.16218450 0.06133439 -0.01757790
v 0.17149794 0.04521169 -0.02917068
v 0.17154934 0.05439599 -0.03260953
v 0.16156983 0.05010586 -0.01120422
v 0.21420192 0.03778140 -0.00756687
v 0.22540946 0.02042169 -0.01425899
v 0.22536135 0.03045133 -0.01540629
v 0.22797426 0.01002603 0.00557782
v 0.24520871 0.01241009 -0.00211899
v 0.25592897 -0.00279351 -0.00949185
v 0.25475245 0.00708354 -0.00796979
v 0.23822487 -0.00959960 0.00510966
v 0.23368272 -0.00835026 0.00663037
v 0.22758812 -0.00419139 0.00952086
v 0.22449813 -0.02762649 0.00047798
v 0.22883847 -0.02776014 0.00022714
v 0.23496445 -0.02326153 -0.00550603
v 0.24410633 -0.02417392 -0.01168022
v 0.25104225 -0.03138424 -0.01442965
v 0.25100846 -0.03846540 -0.01358888
v 0.23586416 -0.04367112 -0.00258158
v 0.16159827 0.05674392 -0.01240259
v 0.17120058 0.04190277 -0.02018152
v 0.22551459 0.01557789 -0.00656507
v 0.20939415 0.01810607 0.00076766
v 0.22715915 0.00380389 0.00951635
v 0.23278007 0.00849299 0.00670253
v 0.23718309 0.00982972 0.00532679
v 0.26268508 -0.00185433 -0.00720795
v 0.26187444 0.00600696 -0.00617404
v 0.25613022 -0.00907727 -0.00334239
v 0.24667167 -0.01021368 0.00422685
v 0.23838186 -0.00403416 0.00896287
v 0.23311248 -0.00368415 0.00902018
v 0.23509276 -0.02809839 -0.00033599
v 0.25152442 -0.02609486 -0.01109670
v 0.25439661 -0.03266330 -0.01232033
v 0.25451392 -0.03676538 -0.01191147
v 0.24452091 -0.04438260 -0.01004282
v 0.23521632 -0.03711882 0.00084484
v 0.17152406 0.06188481 -0.02473802
v 0.18133074 0.04533418 -0.02911953
v 0.18167952 0.05419202 -0.03196863
v 0.20994472 0.03563547 -0.00076411
v 0.22539434 0.03685326 -0.00965349
v 0.23496696 0.02049224 -0.01399179
v 0.23476938 0.02989332 -0.01480642
v 0.21828533 0.01832628 0.00098683
v 0.21400577 0.01955903 0.00218640
v 0.20854630 0.02358346 0.00386551
v 0.23288781 0.00379500 0.00899492
v 0.23817507 0.00425595 0.00871718
v 0.24457455 0.01021311 0.00473853
v 0.25351703 0.01192068 -0.00180781
v 0.26640719 -0.00018040 -0.00478144
v 0.26601765 0.00429597 -0.00443445
v 0.26376924 -0.00709434 -0.00209914
v 0.24512217 -0.00459930 0.00878093
v 0.24267152 -0.02393106 -0.00619125
v 0.25629204 -0.03042642 -0.01001478
v 0.25638234 -0.03748867 -0.00917472
v 0.25194105 -0.04210949 -0.00906453
v 0.24380779 -0.04359012 -0.00349470
v 0.18083283 0.04164870 -0.02176725
v 0.16776636 0.04536362 -0.01491120
v 0.20890538 0.03051363 0.00322308
v 0.21423573 0.03430429 0.00054606
v 0.21845994 0.03570927 -0.00141249
v 0.24266499 0.02158787 -0.01288474
v 0.24224013 0.02911209 -0.01321574
v 0.23494318 0.01582348 -0.00664789
v 0.22589805 0.01761502 0.00005159
v 0.21939299 0.02405382 0.00357597
v 0.21421087 0.02395544 0.00380235
v 0.24425930 0.00464125 0.00852026
v 0.26141570 0.01069341 -0.00159283
v 0.26799202 0.00633558 -0.00112344
v 0.26847553 -0.00189725 -0.00126551
v 0.25484562 -0.01016414 0.00370467
v 0.24106872 -0.02840108 -0.00143127
v 0.25045020 -0.02505194 -0.00647517
v 0.25156089 -0.04248068 -0.00413235
v 0.24152175 -0.03867508 -0.00040506
v 0.16807706 0.06015057 -0.01729479
v 0.18118044 0.06118769 -0.02628184
v 0.18949860 0.04554955 -0.02830311
v 0.19041118 0.05357676 -0.03045756
v 0.17395118 0.04508410 -0.01568922
v 0.17056176 0.04644222 -0.01450566
v 0.16684494 0.05009673 -0.01249377
v 0.21434551 0.03035700 0.00303214
v 0.21952191 0.03107200 0.00235288
v 0.22585175 0.03634329 -0.00317229
v 0.23436920 0.03614663 -0.00963784
v 0.24682984 0.02391039 -0.01125942
v 0.24643761 0.02791041 -0.01134498
v 0.24341709 0.01719208 -0.00701760
v 0.22564789 0.02349762 0.00319509
v 0.25210968 0.01042881 0.00425881
v 0.26344969 -0.00870734 0.00379788
v 0.25157708 -0.00487707 0.00819709
v 0.24867207 -0.02662649 -0.00372456
v 0.25703547 -0.02907791 -0.00591423
v 0.25732978 -0.03776401 -0.00468399
v 0.24999850 -0.04056109 -0.00181938
v 0.16700954 0.05583501 -0.01338870
v 0.17077241 0.05878568 -0.01632660
v 0.17401492 0.05990469 -0.01824666
v 0.19568422 0.04610567 -0.02644940
v 0.19681353 0.05255781 -0.02805953
v 0.18855438 0.04217666 -0.02231004
v 0.17983926 0.04401525 -0.01675969
v 0.17430086 0.04953676 -0.01366635
v 0.17037669 0.05003012 -0.01322070
v 0.22578853 0.03155555 0.00156887
v 0.24240518 0.03477570 -0.00913797
v 0.24818578 0.03040924 -0.00826107
v 0.24921093 0.02280756 -0.00763039
v 0.23431742 0.01708605 -0.00076073
v 0.25041889 0.00584161 0.00760854
v 0.26041362 0.01067039 0.00374504
v 0.26943755 -0.00278327 0.00374334
v 0.26850683 0.00722727 0.00378240
v 0.26184333 -0.00642271 0.00729663
v 0.24369953 -0.03093189 -0.00086760
v 0.24854315 -0.02962982 -0.00168072
v 0.25545493 -0.02893006 -0.00384053
v 0.25612539 -0.03762369 -0.00233867
v 0.24913037 -0.03691518 -0.00056666
v 0.24383730 -0.03606714 -0.00034596
v 0.17049453 0.05520030 -0.01399116
v 0.17432705 0.05542434 -0.01458075
v 0.17998865 0.06035683 -0.01959702
v 0.18990576 0.06022271 -0.02577290
v 0.19877834 0.04731821 -0.02531482
v 0.19954920 0.05092592 -0.02612601
v 0.19506446 0.04343705 -0.02222939
v 0.17937569 0.04874383 -0.01404825
v 0.23344526 0.03629831 -0.00413560
v 0.24330426 0.01710151 -0.00117958
v 0.23323167 0.02224631 0.00220947
v 0.25948665 0.00855961 0.00617709
v 0.26787722 -0.00312860 0.00757344
v 0.26701113 0.00666777 0.00720974
v 0.26025966 -0.00265470 0.00889748
v 0.25365929 -0.00202259 0.00854269
v 0.25448066 -0.02964774 -0.00247188
v 0.25528291 -0.03660288 -0.00134293
v 0.17937219 0.05564718 -0.01512954
v 0.19722148 0.05805808 -0.02467306
v 0.20133090 0.05263582 -0.02346911
v 0.19985836 0.04631162 -0.02234937
v 0.18657545 0.04332231 -0.01769208
v 0.23258355 0.03219455 0.00034158
v 0.24175662 0.03586871 -0.00466700
v 0.25021156 0.02239257 -0.00262708
v 0.24881754 0.03224786 -0.00429882
v 0.24235957 0.02006539 0.00141617
v 0.25297942 0.00365735 0.00821771
v 0.25940493 0.00499657 0.00834180
v 0.26603311 -0.00197556 0.00934370
v 0.26546001 0.00511647 0.00894985
v 0.18693468 0.05977356 -0.01988402
v 0.19420016 0.04369451 -0.01833258
v 0.18512526 0.04734372 -0.01489547
v 0.24092102 0.03391891 -0.00180562
v 0.24907261 0.02292423 0.00068660
v 0.24760884 0.03246141 -0.00140203
v 0.24170978 0.02394892 0.00269942
v 0.23585246 0.02495972 0.00246026
v 0.18510524 0.05574858 -0.01583424
v 0.19524962 0.05892055 -0.01958465
v 0.20033722 0.04671019 -0.01853903
v 0.20123943 0.05407021 -0.01904980
v 0.19300506 0.04553422 -0.01634364
v 0.23534872 0.02989239 0.00148500
v 0.24109859 0.03122361 0.00074560
v 0.24766069 0.02402175 0.00259482
v 0.24675535 0.03131597 0.00060560
v 0.19288266 0.05731239 -0.01731871
v 0.19944655 0.04732898 -0.01666470
v 0.19994831 0.05468395 -0.01677870
v 0.19243455 0.04852980 -0.01506986
v 0.18778379 0.04962398 -0.01475220
v 0.18782589 0.05372788 -0.01528479
v 0.19219449 0.05483206 -0.01576089
v 0.19816383 0.04859359 -0.01533790
v 0.19830215 0.05432176 -0.01557366
v 0.03206009 0.00212700 0.02485768
v 0.09767148 0.05076736 -0.03916401
v 0.08407134 0.04730561 -0.03906570
v 0.07851416 0.05775395 -0.03174015
v 0.09329054 0.06056427 -0.03251343
v 0.10134477 0.03935595 -0.03824648
v 0.08964569 0.03584413 -0.03777216
v 0.10556047 0.02999430 -0.03489707
v 0.09467814 0.02668695 -0.03455856
v 0.11872137 0.01364761 -0.03092623
v 0.10658375 0.01083431 -0.03050066
v 0.12962402 -0.01457787 -0.02587875
v 0.12139088 -0.00722154 -0.02695866
v 0.13142448 -0.00358823 -0.02645030
v 0.13500908 -0.00980907 -0.02487087
v 0.14260394 -0.01036443 -0.02253839
v 0.13949141 -0.01758023 -0.02407783
v 0.12519899 0.00471136 -0.02858520
v 0.11351046 0.00184691 -0.02846368
v 0.08591142 0.00274265 -0.02811617
v 0.08718762 -0.00627689 -0.02687863
v 0.10765689 -0.02877126 -0.02667984
v 0.10003405 -0.01730194 -0.02626615
v 0.11081806 -0.04142922 -0.02492022
v 0.13601866 -0.02685203 -0.02545775
v 0.12136468 -0.02428662 -0.02615475
v 0.11088324 -0.01230417 -0.02598318
v 0.10139135 -0.00242904 -0.02679357
v 0.09445050 0.00616467 -0.02857389
v 0.08287919 0.02116418 -0.03384058
v 0.07764109 0.03071972 -0.03817602
v 0.07146540 0.04341341 -0.04056474
v 0.06565546 0.05564325 -0.03222504
v 0.13384134 -0.04006529 -0.02262912
v 0.12229640 -0.03967485 -0.02325654
v 0.07056999 0.01448693 -0.03303507
v 0.06421243 0.02476482 -0.03901326
v 0.14200322 -0.00159291 -0.02397810
v 0.13124791 0.01466727 -0.02834255
v 0.11050827 0.05078981 -0.03607209
v 0.11208468 0.03959878 -0.03471676
v 0.10754925 0.06054392 -0.03147962
v 0.11591542 0.03111475 -0.03206532
v 0.13644165 0.00610876 -0.02593853
v -0.00197536 -0.05024724 -0.01469161
v 0.05345284 -0.07452707 -0.03242661
v 0.06592932 -0.07240868 -0.02278863
v 0.04623566 -0.06851926 -0.04534718
v 0.04631307 -0.05866438 -0.05454899
v 0.05229717 -0.04566078 -0.05793951
v 0.06212112 -0.03477495 -0.05297608
v 0.07475065 -0.06564912 -0.01696703
v 0.08752477 -0.04133345 -0.03319998
v 0.08975914 -0.05061258 -0.02600097
v 0.11062377 -0.05143810 -0.01740410
v 0.13196495 -0.04952475 -0.01154316
v 0.12141485 -0.05014547 -0.01370434
v 0.08602059 -0.06012869 -0.01840179
v 0.10518533 -0.05445339 -0.00568221
v 0.11439568 -0.04786125 0.00337752
v 0.12897535 -0.04640796 0.00341481
v 0.09745806 -0.05111796 -0.02140849
v 0.09687218 -0.04341168 -0.02775295
v 0.09494412 -0.05761276 -0.01220594
v 0.08045223 -0.03595793 -0.03842681
v 0.09231252 -0.03310293 -0.03108027
v 0.06276637 -0.01973739 -0.04170294
v 0.07209589 -0.02815029 -0.04100669
v 0.08611367 -0.02324218 -0.03132990
v 0.07686953 -0.01459518 -0.03095412
v 0.05100069 -0.00646007 -0.03728605
v 0.05557037 0.00454201 -0.03358648
v 0.04809361 -0.01105092 -0.04192664
v 0.04893189 0.01857611 -0.04007215
v 0.04165855 0.03424356 -0.04306014
v 0.05753266 0.03890202 -0.04234438
v 0.05171040 0.05290230 -0.03293861
v 0.03599667 0.04898267 -0.03263543
v 0.04995024 0.05662918 -0.01398450
v 0.03441900 0.05365171 -0.01191947
v 0.05191996 0.04646508 0.00452806
v 0.03737041 0.04354881 0.00761166
v 0.08133656 -0.06108141 -0.00907351
v 0.08802572 -0.05749107 -0.00212391
v 0.12535662 -0.03031943 0.01386984
v 0.11162094 -0.02949855 0.01573531
v 0.09717822 -0.02869926 0.01762465
v 0.09383440 -0.05206473 0.00374382
v 0.05205176 -0.01247476 0.02278908
v 0.04708770 0.00621288 0.02267914
v 0.04198336 0.02559400 0.01845665
v 0.10174790 0.06352484 -0.02115145
v 0.09948214 0.05732121 -0.00945810
v 0.08921537 0.06211821 -0.01969364
v 0.08955566 0.05383053 -0.00582639
v 0.07617474 0.05916687 -0.01727646
v 0.07748866 0.05065908 -0.00179628
v 0.06377184 0.05809291 -0.01558506
v 0.06521345 0.04859924 0.00133664
v 0.06600541 -0.01037070 0.02133948
v 0.06150851 0.00871784 0.02008791
v 0.05679605 0.02880149 0.01450991
v 0.07949424 -0.00915110 0.01993346
v 0.07491847 0.01092064 0.01760262
v 0.07010892 0.03144036 0.01093080
v 0.09323448 -0.00816570 0.01865266
v 0.08819175 0.01318488 0.01521953
v 0.08243170 0.03403095 0.00778605
v 0.10754817 -0.00781040 0.01666215
v 0.10203929 0.01549593 0.01227396
v 0.09489066 0.03763867 0.00345938
v 0.12377858 -0.00789075 0.01287456
v 0.11830527 0.01786738 0.00639761
v 0.10754738 0.04190304 -0.00402783
v 0.08282125 -0.02736615 0.01790241
v 0.08338398 -0.04885302 0.00825084
v 0.06929139 -0.02748882 0.01836160
v 0.05603358 -0.02910756 0.01833384
v 0.06620300 -0.05094774 0.00602442
v 0.07505911 -0.04856661 0.00875688
v 0.07391373 -0.05740959 -0.00067108
v 0.08040798 -0.05357573 0.00456655
v 0.02776472 -0.03852840 0.01487192
v 0.04788046 -0.04423323 0.00906037
v 0.06032538 -0.04137033 0.01191222
v 0.07220936 -0.04022096 0.01334425
v 0.08395126 -0.04059638 0.01303178
v 0.09709347 -0.04302712 0.01043979
v 0.12423617 0.02384032 -0.03059579
v 0.11210472 0.02215185 -0.03300601
v 0.10056925 0.01895024 -0.03281029
v 0.08857379 0.01355868 -0.03109368
v 0.07860883 0.00736529 -0.02980729
v 0.07083642 -0.00129864 -0.02978449
v 0.06389925 -0.00884196 -0.03321061
v 0.05387342 -0.01369025 -0.04153248
v 0.00192243 -0.05162017 -0.00345420
v 0.00600180 -0.03856588 0.01939734
v -0.00224412 -0.04311894 -0.02418642
v -0.01352146 -0.03391014 -0.02461231
v 0.00567519 -0.05136611 -0.01901445
v 0.01590621 -0.05611665 -0.01305329
v 0.01641235 -0.05189313 0.00001698
v 0.00175711 -0.01746607 0.02973063
v 0.01948089 -0.04345431 0.01279239
v 0.02477494 -0.03116083 0.01955178
v 0.01366800 -0.02598092 0.02431507
v -0.01530897 -0.01738430 -0.03135591
v -0.00095325 -0.02163864 -0.03522698
v 0.01125454 -0.04800554 -0.03011575
v 0.00877699 -0.03692117 -0.03489045
v 0.01806522 -0.05613266 -0.02513691
v 0.02814890 -0.06181052 -0.02245595
v 0.02848265 -0.05944787 -0.01039320
v 0.02921265 -0.05373446 0.00117924
v 0.03165489 -0.04505224 0.01023133
v -0.00089363 0.00279081 0.02983980
v 0.01997558 -0.01323697 0.02625990
v 0.00952542 -0.00610458 0.02825466
v 0.03509715 -0.03454661 0.01619272
v 0.03975436 -0.02478261 0.02119281
v 0.03006909 -0.01915071 0.02413201
v -0.00408599 -0.00729702 -0.03500051
v -0.01750973 -0.00296042 -0.03234534
v 0.01124775 -0.02361651 -0.03976568
v 0.00805164 -0.00985655 -0.03883119
v 0.01730793 -0.01135248 -0.04241422
v 0.01622289 -0.04468047 -0.03833095
v 0.02047902 -0.05363952 -0.03579837
v 0.01953685 -0.02210392 -0.04436097
v 0.01646153 -0.03405764 -0.04222289
v 0.02922500 -0.06115909 -0.03380307
v 0.03908193 -0.06694608 -0.03185544
v 0.03983921 -0.06644184 -0.02094063
v 0.04129038 -0.05582402 -0.00014193
v 0.04089663 -0.06235715 -0.01007058
v 0.04188528 -0.04678214 0.00713646
v 0.04488900 -0.03847062 0.01305177
v -0.00281829 0.02337029 0.02412942
v -0.00724197 0.03639986 0.00507608
v 0.00646368 0.01341148 0.02603812
v 0.01555503 0.00561518 0.02614921
v 0.03487032 -0.00715656 0.02530708
v 0.02485245 -0.00073814 0.02554053
v 0.04476599 -0.01405262 0.02342906
v 0.04919949 -0.03031251 0.01797616
v 0.05404168 -0.02142980 0.02133853
v -0.00763491 0.00551759 -0.03406825
v -0.01887051 0.01313287 -0.03147456
v 0.00406730 0.00243673 -0.03744762
v 0.01502913 0.00067320 -0.04105202
v 0.02442214 -0.00201279 -0.04214975
v 0.03447855 -0.00349591 -0.04159065
v 0.02555439 -0.01143885 -0.04441657
v 0.02136719 -0.03909359 -0.04470259
v 0.02214048 -0.02924359 -0.04555281
v 0.02581698 -0.04985792 -0.04447943
v 0.03298375 -0.05869485 -0.04327297
v 0.02757150 -0.02010393 -0.04667187
v 0.03427434 -0.01157747 -0.04460366
v 0.04891150 -0.07161162 -0.02873495
v 0.04067043 -0.06591416 -0.04127831
v 0.04908138 -0.07194665 -0.03901139
v 0.05085316 -0.06874366 -0.01966318
v 0.05232552 -0.06346642 -0.01074721
v 0.05179838 -0.05708477 -0.00237251
v 0.05212918 -0.04967694 0.00484215
v 0.05419619 -0.04256897 0.01065087
v 0.05816987 -0.03557105 0.01506986
v 0.00250107 0.03210430 0.01444388
v 0.01163131 0.02515164 0.02042206
v 0.00610668 0.03927219 0.00298928
v -0.00251073 0.03806681 -0.00792561
v -0.01050352 0.03389189 -0.01789579
v 0.02968679 0.01134243 0.02370402
v 0.02053035 0.01816006 0.02284572
v 0.03966039 0.00443497 0.02377353
v 0.04974756 -0.00324085 0.02354371
v 0.05906180 -0.01131072 0.02204127
v 0.06266427 -0.02810974 0.01847658
v 0.06784540 -0.01947984 0.02032301
v -0.01009342 0.02093316 -0.03024554
v -0.00079724 0.01588758 -0.03510882
v 0.00948635 0.01369259 -0.04060239
v 0.02117738 0.01013575 -0.04277815
v 0.03298651 0.00717230 -0.04109868
v 0.04344527 -0.00625164 -0.04042522
v 0.04424116 0.00310633 -0.03744431
v 0.05300635 -0.00212775 -0.03465356
v 0.03108268 -0.03514662 -0.05019665
v 0.03466881 -0.04633935 -0.05136395
v 0.03572238 -0.01729900 -0.04633417
v 0.03104371 -0.02459370 -0.04801851
v 0.04547999 -0.06397954 -0.05044282
v 0.03981588 -0.05608723 -0.05096304
v 0.04256584 -0.01214962 -0.04383699
v 0.04938429 -0.00910147 -0.04000296
v 0.05948058 -0.07441590 -0.02681405
v 0.06163975 -0.06964237 -0.01936385
v 0.06036893 -0.07708759 -0.04744118
v 0.05858892 -0.07773417 -0.03743327
v 0.05198103 -0.07082409 -0.04943203
v 0.06291336 -0.06368337 -0.01236972
v 0.06194669 -0.05844742 -0.00427155
v 0.06303200 -0.04656934 0.00888692
v 0.06161374 -0.05254500 0.00336885
v 0.06635016 -0.04055619 0.01278252
v 0.07121927 -0.03427620 0.01588266
v 0.01538095 0.03633162 0.01194628
v 0.02486274 0.03043633 0.01736448
v 0.01036969 0.04395159 -0.00870234
v 0.01960490 0.04499424 0.00156494
v 0.00279513 0.03900526 -0.01871369
v -0.00325101 0.03051685 -0.02626469
v 0.03468766 0.02355105 0.02006730
v 0.04442310 0.01577944 0.02121503
v 0.05438053 0.00751609 0.02145709
v 0.06394672 -0.00096456 0.02132700
v 0.08139485 -0.01888527 0.01944981
v 0.07272970 -0.00975219 0.02058072
v 0.07593280 -0.02735775 0.01822584
v 0.00402661 0.02823089 -0.03428506
v 0.01446257 0.02477849 -0.04057458
v 0.02687627 0.02049056 -0.04319943
v 0.04005048 0.01600188 -0.04125648
v 0.05213392 0.01180810 -0.03671721
v 0.06741732 -0.00558621 -0.03064021
v 0.05759310 -0.00733477 -0.03492732
v 0.06401084 0.00136549 -0.03109691
v 0.04310184 -0.02221602 -0.04903025
v 0.04321451 -0.03181404 -0.05294064
v 0.04859234 -0.05237113 -0.05708627
v 0.04535106 -0.04250923 -0.05577761
v 0.05048364 -0.01206667 -0.04173088
v 0.04629717 -0.01584776 -0.04505637
v 0.05231988 -0.06046227 -0.05700477
v 0.05766491 -0.06747174 -0.05654011
v 0.05945814 -0.01166818 -0.03738981
v 0.06887358 -0.08015670 -0.03513273
v 0.06994013 -0.07564709 -0.02695249
v 0.07104697 -0.06910672 -0.01959648
v 0.07100155 -0.06358497 -0.01302373
v 0.06540263 -0.07394493 -0.05622706
v 0.07525242 -0.07861131 -0.05402554
v 0.07011750 -0.08182769 -0.04544646
v 0.07061273 -0.05915060 -0.00471523
v 0.07005806 -0.05448913 0.00276853
v 0.07081416 -0.04965169 0.00766995
v 0.07342735 -0.04480124 0.01097685
v 0.07804817 -0.04016749 0.01344306
v 0.08400240 -0.03442162 0.01545333
v 0.02976993 0.04143558 0.00914718
v 0.03953970 0.03490684 0.01412067
v 0.00992301 0.03869177 -0.02899620
v 0.01684839 0.04662153 -0.02062645
v 0.03564746 0.05012200 -0.00122313
v 0.02603656 0.05096442 -0.01058012
v 0.04939977 0.02731808 0.01656139
v 0.05898741 0.01877749 0.01813875
v 0.07757109 0.00098880 0.01970753
v 0.06829397 0.00982742 0.01879804
v 0.08631546 -0.00861122 0.01935714
v 0.09008244 -0.02765843 0.01766700
v 0.09542647 -0.01905330 0.01896406
v 0.01986623 0.03641443 -0.03758409
v 0.04532969 0.02589242 -0.04277552
v 0.03262746 0.03186012 -0.04276474
v 0.05693928 0.02164004 -0.03947197
v 0.06729465 0.01923387 -0.03587199
v 0.06402772 0.01012904 -0.03290400
v 0.08192038 -0.01144985 -0.02834187
v 0.07032144 -0.01139429 -0.03195150
v 0.07822100 -0.00357622 -0.02827589
v 0.07442835 0.01060841 -0.03105667
v 0.07467717 0.00321547 -0.02937627
v 0.05810451 -0.01625532 -0.04165989
v 0.05596760 -0.02222691 -0.04714662
v 0.05550447 -0.03019031 -0.05246410
v 0.05721402 -0.03970866 -0.05644454
v 0.06199023 -0.05616432 -0.05997621
v 0.05910015 -0.04836081 -0.05902206
v 0.06747177 -0.06265508 -0.06070705
v 0.07532680 -0.06810789 -0.06090487
v 0.06973235 -0.01762508 -0.03611577
v 0.07949657 -0.08265820 -0.04212602
v 0.07792567 -0.08001010 -0.03364152
v 0.07843289 -0.07395434 -0.02668435
v 0.07739372 -0.06795682 -0.02115945
v 0.07803672 -0.06292218 -0.01312616
v 0.07759515 -0.05974794 -0.00465726
v 0.08360517 -0.07329512 -0.05840489
v 0.09182829 -0.07672741 -0.05376783
v 0.08437237 -0.08089048 -0.04935332
v 0.07734525 -0.05562178 0.00215752
v 0.07728759 -0.05148503 0.00660292
v 0.07911229 -0.04820580 0.00893068
v 0.08376065 -0.04518801 0.01050756
v 0.09022843 -0.04146819 0.01200003
v 0.09767067 -0.03648134 0.01400470
v 0.04479628 0.04510781 0.00614485
v 0.05374611 0.03787469 0.01032744
v 0.03458878 0.05312435 -0.02301336
v 0.02719001 0.04636145 -0.03163576
v 0.05066550 0.05305840 -0.00386757
v 0.04236075 0.05543082 -0.01295373
v 0.07247167 0.02140026 0.01490978
v 0.06357122 0.03013800 0.01259301
v 0.08151706 0.01206443 0.01644610
v 0.09108424 0.00268149 0.01808753
v 0.10021162 -0.00784088 0.01768314
v 0.10451433 -0.02925618 0.01674423
v 0.10961411 -0.01950177 0.01736252
v 0.03834754 0.04250256 -0.03967800
v 0.06094041 0.03129420 -0.04175730
v 0.04992638 0.03668272 -0.04287958
v 0.07113630 0.02790705 -0.03855415
v 0.08020896 0.02564072 -0.03591214
v 0.07686316 0.01813891 -0.03343284
v 0.09337252 -0.02053679 -0.02863334
v 0.08165199 -0.01865807 -0.03106508
v 0.09405264 -0.01196190 -0.02639093
v 0.08276161 0.00464472 -0.02873110
v 0.08608093 -0.00067933 -0.02730694
v 0.08331236 0.01076641 -0.03026086
v 0.08570910 0.01721697 -0.03239187
v 0.06749412 -0.02382265 -0.04132337
v 0.06712703 -0.03111004 -0.04737881
v 0.07065404 -0.04737753 -0.05572146
v 0.06882798 -0.03954097 -0.05208345
v 0.07356807 -0.05269073 -0.05754790
v 0.08008299 -0.05720694 -0.05834042
v 0.08667013 -0.06219906 -0.05942019
v 0.09377128 -0.06755527 -0.05863612
v 0.07851835 -0.02559139 -0.03540284
v 0.09237178 -0.08134685 -0.04414166
v 0.08745978 -0.08097834 -0.03808996
v 0.08459339 -0.07722187 -0.03193983
v 0.08320230 -0.07046500 -0.02712147
v 0.08232924 -0.06274011 -0.02097515
v 0.08357370 -0.06188323 -0.01372536
v 0.08481369 -0.05943594 -0.00549093
v 0.08387384 -0.05586309 0.00165005
v 0.09980232 -0.07298540 -0.05585119
v 0.10497397 -0.07691382 -0.05224125
v 0.09852711 -0.07943551 -0.04900217
v 0.08251119 -0.05159607 0.00615630
v 0.09593609 -0.04808068 0.00701550
v 0.08840086 -0.05008974 0.00663382
v 0.10495181 -0.04519129 0.00797957
v 0.11329981 -0.03916441 0.01121052
v 0.05871346 0.04760820 0.00292263
v 0.06694320 0.04039950 0.00686373
v 0.05027389 0.05649087 -0.02406603
v 0.04411894 0.05116615 -0.03288196
v 0.05708509 0.05751405 -0.01477647
v 0.06428388 0.05476478 -0.00647941
v 0.07621971 0.03268772 0.00938397
v 0.08534682 0.02408145 0.01229651
v 0.09500358 0.01428297 0.01390194
v 0.10542656 0.00389259 0.01614243
v 0.11465970 -0.00750993 0.01501263
v 0.11841568 -0.02988659 0.01491384
v 0.12305715 -0.01993938 0.01375986
v 0.05421477 0.04666509 -0.03947631
v 0.07466510 0.03662808 -0.04025683
v 0.06465930 0.04118807 -0.04149171
v 0.08885416 0.02408913 -0.03411148
v 0.08381358 0.03341682 -0.03777816
v 0.09209052 0.03097069 -0.03605837
v 0.08948412 -0.02825709 -0.03130437
v 0.10435134 -0.02298982 -0.02649620
v 0.10010907 -0.03156481 -0.02898539
v 0.10526418 -0.01502254 -0.02570472
v 0.09498426 -0.00471345 -0.02632853
v 0.10602522 -0.00721403 -0.02630550
v 0.08945497 0.00412651 -0.02812659
v 0.09158010 0.01001828 -0.02966219
v 0.09761658 0.00203379 -0.02744361
v 0.09464013 0.01650314 -0.03197229
v 0.09756535 0.02280605 -0.03366503
v 0.07649061 -0.03254858 -0.04019902
v 0.07734383 -0.03916595 -0.04282732
v 0.07881000 -0.04919830 -0.05050292
v 0.09074377 -0.05316931 -0.05101686
v 0.09753048 -0.05708772 -0.05479945
v 0.10433033 -0.06372696 -0.05767737
v 0.10883796 -0.07028366 -0.05701191
v 0.08533350 -0.03435196 -0.03425650
v 0.10473186 -0.08074414 -0.04477229
v 0.09937101 -0.08046288 -0.03939231
v 0.09463539 -0.07736453 -0.03391560
v 0.09090909 -0.07171982 -0.02972537
v 0.08850565 -0.06453148 -0.02854380
v 0.08592268 -0.05666160 -0.02915132
v 0.08442503 -0.06110731 -0.02662557
v 0.08759137 -0.05235676 -0.02696300
v 0.08854741 -0.05590011 -0.02270804
v 0.09031973 -0.05865940 -0.01538288
v 0.09154424 -0.05865634 -0.00661638
v 0.09108603 -0.05517985 0.00062307
v 0.11103334 -0.07474263 -0.05426288
v 0.11391324 -0.07711466 -0.05184813
v 0.10976127 -0.07927597 -0.04878352
v 0.10965479 -0.05181112 -0.00197223
v 0.09981788 -0.05368906 -0.00027765
v 0.12733305 -0.03963585 0.01017179
v 0.12248675 -0.04695847 0.00352321
v 0.07144646 0.04960036 -0.00026607
v 0.07940322 0.04319136 0.00375809
v 0.05886715 0.05441475 -0.03267699
v 0.06413188 0.05847965 -0.02459970
v 0.07654989 0.05622967 -0.00910029
v 0.07008567 0.05860221 -0.01635987
v 0.08869993 0.03568452 0.00579759
v 0.09839604 0.02722106 0.00870731
v 0.10900712 0.01703682 0.00958066
v 0.12072972 0.00542669 0.01349491
v 0.13790712 -0.02380824 0.01050603
v 0.13106274 -0.01428017 0.00989490
v 0.13210504 -0.03066310 0.01252305
v 0.06821340 0.05023967 -0.03789004
v 0.08706120 0.04142280 -0.03919659
v 0.07782135 0.04545315 -0.03972342
v 0.10029960 0.02871244 -0.03503143
v 0.09568047 0.03802564 -0.03824020
v 0.10330296 0.03436445 -0.03663535
v 0.11571756 -0.01782541 -0.02612655
v 0.11361390 -0.02693673 -0.02573705
v 0.09465105 -0.03828639 -0.02981163
v 0.10979703 -0.03502168 -0.02635968
v 0.10382313 -0.04305486 -0.02628762
v 0.10762282 -0.00017722 -0.02782215
v 0.11742997 -0.00282201 -0.02762845
v 0.11630864 -0.00972391 -0.02675503
v 0.10050005 0.00866307 -0.02962250
v 0.10355106 0.01500022 -0.03163446
v 0.10987929 0.00643950 -0.02937377
v 0.10642728 0.02085489 -0.03320289
v 0.10868714 0.02608331 -0.03384630
v 0.08059386 -0.04476834 -0.04231435
v 0.08424828 -0.03859859 -0.03617657
v 0.08522835 -0.04313309 -0.03480291
v 0.08445078 -0.04830727 -0.03690255
v 0.08632966 -0.05024856 -0.04426414
v 0.09383906 -0.05145132 -0.03715146
v 0.10016476 -0.05200492 -0.04336743
v 0.10787997 -0.05394841 -0.05009253
v 0.11462501 -0.05819201 -0.05568164
v 0.11785484 -0.06951120 -0.05733410
v 0.11629638 -0.07429541 -0.05454353
v 0.09128934 -0.04166646 -0.03043954
v 0.11440971 -0.08047644 -0.04516286
v 0.11031729 -0.08052024 -0.04054043
v 0.10640610 -0.07824036 -0.03538589
v 0.10223436 -0.07305437 -0.03106891
v 0.09801981 -0.06669263 -0.02882253
v 0.09367650 -0.05990708 -0.02940743
v 0.08581351 -0.04881617 -0.03138243
v 0.08894124 -0.05359915 -0.03249133
v 0.08949771 -0.04573491 -0.02928566
v 0.09284502 -0.05002869 -0.02392516
v 0.09686860 -0.05475099 -0.01682246
v 0.09985953 -0.05653192 -0.00935246
v 0.12190587 -0.07541507 -0.05279848
v 0.11866611 -0.07875454 -0.04912063
v 0.10891968 -0.05386689 -0.01190517
v 0.11645919 -0.05070998 -0.01540455
v 0.11941489 -0.05119528 -0.00610440
v 0.13498422 -0.04571085 0.00330949
v 0.13947228 -0.03875033 0.00857690
v 0.13067606 -0.04948098 -0.00414312
v 0.12674546 -0.04993292 -0.01248126
v 0.08359891 0.05190372 -0.00342917
v 0.09142560 0.04666488 -0.00076125
v 0.07679361 0.05984021 -0.02518836
v 0.07214086 0.05669177 -0.03182173
v 0.08880874 0.05931430 -0.01238836
v 0.08263689 0.06058091 -0.01847353
v 0.10062423 0.04007221 0.00000371
v 0.11243865 0.03118912 0.00383908
v 0.13809004 0.00465852 0.01190547
v 0.12886762 0.01328979 0.00713149
v 0.13171228 -0.00442704 0.01185581
v 0.14474514 -0.03139489 0.00992077
v 0.15302075 -0.02634366 0.00819415
v 0.14679069 -0.02095545 0.00618106
v 0.13908550 -0.01080401 0.00816429
v 0.13827261 -0.01429665 0.00647244
v 0.08088621 0.05315385 -0.03664192
v 0.09957459 0.04490413 -0.03956503
v 0.09085974 0.04948260 -0.03935400
v 0.11363277 0.03506065 -0.03328899
v 0.11087482 0.03076381 -0.03390571
v 0.10694119 0.03986118 -0.03708243
v 0.12528768 -0.01124841 -0.02637578
v 0.12592935 -0.01841991 -0.02623021
v 0.12201074 -0.03268640 -0.02519394
v 0.11658186 -0.04008802 -0.02346951
v 0.09762141 -0.04721087 -0.02494052
v 0.11115459 -0.04703367 -0.02164892
v 0.10364735 -0.05174989 -0.01957641
v 0.12627070 -0.00525717 -0.02691310
v 0.11937019 0.00348614 -0.02871528
v 0.12842586 0.00039360 -0.02751373
v 0.11544612 0.01803999 -0.03193461
v 0.11264205 0.01248225 -0.03098882
v 0.12195773 0.00919551 -0.02967037
v 0.11797241 0.02308502 -0.03208914
v 0.11970699 0.02755507 -0.03123522
v 0.10034940 -0.05603907 -0.03187318
v 0.10851583 -0.05362932 -0.03588318
v 0.11614573 -0.05350037 -0.04246053
v 0.12172151 -0.05325272 -0.05005530
v 0.12813645 -0.05547522 -0.05496136
v 0.12182987 -0.06236979 -0.05807934
v 0.12910277 -0.06465861 -0.05769611
v 0.12495267 -0.07069165 -0.05595364
v 0.12374631 -0.07906037 -0.04516241
v 0.11943394 -0.07993725 -0.04065316
v 0.11484208 -0.07890636 -0.03663397
v 0.11231473 -0.07589142 -0.03289574
v 0.11057210 -0.07055475 -0.02964838
v 0.10642175 -0.06345339 -0.02886245
v 0.13084808 -0.07176900 -0.05333975
v 0.12742227 -0.07631288 -0.04952373
v 0.12224928 -0.04575162 -0.01949747
v 0.14190843 -0.04798512 -0.00346626
v 0.13721511 -0.04891716 -0.01087815
v 0.14671889 -0.04421755 0.00291002
v 0.15247625 -0.03869487 0.00719707
v 0.12817552 -0.03992334 -0.02305181
v 0.13296327 -0.04598473 -0.01808845
v 0.09500358 0.05583414 -0.00797559
v 0.10155844 0.05105643 -0.00643551
v 0.09096113 0.06251685 -0.02682831
v 0.08582023 0.05940306 -0.03232254
v 0.09978470 0.06162860 -0.01481491
v 0.09606537 0.06314167 -0.02079267
v 0.12479245 0.02244918 0.00275271
v 0.12934382 0.03104658 0.00181080
v 0.11763543 0.03889273 -0.00403846
v 0.14741654 -0.00301000 0.01174494
v 0.15437149 0.00421842 0.01255154
v 0.14777899 0.01075792 0.00803460
v 0.13408756 0.01751661 0.00076019
v 0.13596609 0.01502333 0.00253397
v 0.15985321 -0.03304296 0.00843537
v 0.16762224 -0.02790649 0.00678544
v 0.16114461 -0.02226772 0.00512910
v 0.14451332 -0.01756115 0.00223057
v 0.15536821 -0.01871332 0.00139632
v 0.15168160 -0.01777183 -0.00252123
v 0.14308762 -0.01427775 0.00339742
v 0.14766822 -0.01425678 0.00039603
v 0.14561186 -0.01076970 0.00715802
v 0.14673024 -0.01635819 -0.00177290
v 0.09558901 0.05644143 -0.03676315
v 0.11135083 0.04506975 -0.03602877
v 0.10448349 0.05118339 -0.03802491
v 0.12046427 0.03165137 -0.02940492
v 0.11627295 0.03933150 -0.03180926
v 0.12187046 0.03491778 -0.02722836
v 0.13363365 -0.00724698 -0.02547549
v 0.13273385 -0.01179687 -0.02524254
v 0.13767663 -0.02172944 -0.02509412
v 0.12944922 -0.02610220 -0.02600352
v 0.13442964 -0.01654566 -0.02516516
v 0.13487980 -0.03326574 -0.02489153
v 0.13933735 0.00227742 -0.02492237
v 0.13658184 -0.00247787 -0.02551942
v 0.13088912 0.00557952 -0.02764879
v 0.12488517 0.01438195 -0.03004686
v 0.12801174 0.01936245 -0.02951319
v 0.13391286 0.01031742 -0.02703693
v 0.13093123 0.02514660 -0.02868654
v 0.12934274 0.03010727 -0.02629548
v 0.11522125 -0.05943084 -0.03004615
v 0.12200091 -0.05467269 -0.03474721
v 0.12825063 -0.05175305 -0.04177277
v 0.13453969 -0.05210841 -0.04853078
v 0.13982267 -0.05464786 -0.05267742
v 0.13436840 -0.05881835 -0.05675582
v 0.13989089 -0.06168638 -0.05668263
v 0.13498835 -0.06649400 -0.05614628
v 0.13217891 -0.07616821 -0.04499074
v 0.12813207 -0.07763109 -0.04002786
v 0.12319485 -0.07743429 -0.03543954
v 0.11756506 -0.07594908 -0.03287248
v 0.11894023 -0.07099292 -0.02942097
v 0.13588857 -0.07266325 -0.05036774
v 0.13996938 -0.06775944 -0.05450932
v 0.14802619 -0.04759257 -0.01019003
v 0.15335977 -0.04695075 -0.00373614
v 0.14352420 -0.04500106 -0.01662960
v 0.13930893 -0.03990029 -0.02196438
v 0.15959975 -0.04448808 0.00192029
v 0.16711234 -0.04016016 0.00519244
v 0.10955688 0.05279231 -0.00796353
v 0.10367032 0.05815164 -0.01033826
v 0.10894668 0.04599859 -0.00796335
v 0.10484585 0.06307338 -0.02692428
v 0.10102755 0.06100427 -0.03230032
v 0.10941464 0.06182088 -0.01524129
v 0.10679699 0.06331344 -0.02108784
v 0.13948890 0.02363135 0.00283496
v 0.14450840 0.03038793 0.00331959
v 0.13615572 0.03601000 -0.00182033
v 0.11964529 0.03931752 -0.00853685
v 0.11587439 0.04196093 -0.01063188
v 0.15297425 -0.01255449 0.00366681
v 0.15586585 -0.00838568 0.00969539
v 0.16217815 -0.00267138 0.01348128
v 0.16964418 0.00322687 0.01331570
v 0.16306320 0.00956034 0.01029816
v 0.14488524 0.01419406 0.00145988
v 0.15793803 0.01387431 0.00426320
v 0.15464106 0.01437558 -0.00202941
v 0.14040158 0.01490806 -0.00131826
v 0.14535007 0.01392228 -0.00408375
v 0.14008605 0.01735208 -0.00050886
v 0.14714268 0.01361514 -0.00373641
v 0.17394501 -0.03458586 0.00620685
v 0.17904049 -0.02929089 0.00546192
v 0.17427411 -0.02351284 0.00398568
v 0.16846096 -0.01945008 0.00064909
v 0.16248303 -0.01765362 -0.00348983
v 0.15161410 -0.01758062 -0.00751023
v 0.15809583 -0.01808548 -0.00864078
v 0.15604815 -0.01928743 -0.01345221
v 0.15269486 -0.01450577 -0.00243249
v 0.15018028 -0.01604074 -0.00556071
v 0.15382156 -0.01618045 -0.00950919
v 0.15331998 -0.01794309 -0.01214880
v 0.10931700 0.05623233 -0.03454953
v 0.11499157 0.05044585 -0.03426398
v 0.11929491 0.04470117 -0.03218217
v 0.12361971 0.03593860 -0.02383728
v 0.12618998 0.03474990 -0.02024965
v 0.12662074 0.03300145 -0.02335038
v 0.14287734 -0.00610727 -0.02308569
v 0.13821110 -0.01010849 -0.02404185
v 0.14107830 -0.01426236 -0.02301465
v 0.14208216 -0.02676808 -0.02427841
v 0.14444688 -0.01824483 -0.02213346
v 0.14804560 -0.02141577 -0.02066038
v 0.14619880 -0.03307430 -0.02275784
v 0.14729637 -0.00028599 -0.02207253
v 0.14128437 0.00677050 -0.02357527
v 0.14812259 0.00511740 -0.02000535
v 0.14079792 0.02112109 -0.02489900
v 0.13737551 0.01497540 -0.02593821
v 0.14390955 0.01076829 -0.02142410
v 0.13305813 0.03438373 -0.02125526
v 0.13951511 0.03183496 -0.02451687
v 0.12295032 -0.06461985 -0.02777842
v 0.12901917 -0.05784383 -0.02981454
v 0.13508553 -0.05350617 -0.03527967
v 0.14045557 -0.05215323 -0.04170357
v 0.14469229 -0.05774523 -0.05431755
v 0.14505602 -0.05351105 -0.04700715
v 0.14953216 -0.05625011 -0.05019057
v 0.14977340 -0.06065050 -0.05444509
v 0.14466529 -0.06384170 -0.05596308
v 0.14022195 -0.07399174 -0.04495946
v 0.13671908 -0.07494589 -0.03926325
v 0.13248119 -0.07469886 -0.03489953
v 0.12651935 -0.07319595 -0.03118381
v 0.13120232 -0.06795862 -0.02840781
v 0.15003544 -0.06593713 -0.05487881
v 0.14541837 -0.06876458 -0.05332191
v 0.14971922 -0.03930681 -0.01980857
v 0.15447039 -0.04415031 -0.01587045
v 0.16026762 -0.04697745 -0.01083720
v 0.16739604 -0.04721964 -0.00571794
v 0.17423031 -0.04494517 -0.00021498
v 0.17934787 -0.04040238 0.00377307
v 0.11356313 0.05813343 -0.01016414
v 0.11663326 0.04753519 -0.00812182
v 0.11889562 0.05321835 -0.00752883
v 0.11403314 0.06228780 -0.02571072
v 0.11224133 0.06006865 -0.03048246
v 0.11901069 0.06155175 -0.01456282
v 0.11582494 0.06280468 -0.02030673
v 0.14790353 0.01489729 -0.00275905
v 0.14865714 0.01889904 0.00207451
v 0.15316378 0.02460177 0.00471765
v 0.15875405 0.03038261 0.00380305
v 0.15163359 0.03539818 0.00071486
v 0.13144299 0.03895157 -0.00959592
v 0.14498931 0.03837903 -0.00562879
v 0.14003437 0.03844054 -0.01257982
v 0.12787709 0.03747764 -0.01403990
v 0.12041483 0.03890566 -0.01191960
v 0.12179124 0.03846241 -0.01402902
v 0.11781898 0.04219359 -0.01095745
v 0.15982461 -0.01347151 0.00006750
v 0.15743833 -0.01446474 -0.00632823
v 0.16438249 -0.01178236 0.00599943
v 0.17057704 -0.00839481 0.01114578
v 0.17626745 -0.00337729 0.01309146
v 0.18126279 0.00213785 0.01272860
v 0.17652753 0.00786930 0.01096658
v 0.17156366 0.01269662 0.00670503
v 0.16653996 0.01466040 0.00023192
v 0.15516776 0.01305652 -0.00828776
v 0.16290459 0.01368822 -0.00652296
v 0.15943364 0.01031853 -0.01224946
v 0.14895111 0.01162174 -0.00794331
v 0.14930633 0.01126440 -0.00803372
v 0.15022829 0.00979608 -0.01366813
v 0.15338123 0.00969913 -0.01348959
v 0.18358997 -0.03524504 0.00547179
v 0.18763206 -0.03028102 0.00527309
v 0.18347596 -0.02479323 0.00408768
v 0.17966876 -0.02074988 0.00081373
v 0.17511956 -0.01856923 -0.00379161
v 0.16369566 -0.01981227 -0.01410627
v 0.16929353 -0.01837267 -0.00932514
v 0.15302431 -0.02757821 -0.02066298
v 0.15300653 -0.02147322 -0.01804653
v 0.15887502 -0.02299104 -0.01817514
v 0.15002256 -0.01508234 -0.01783503
v 0.15512332 -0.01426518 -0.01219695
v 0.15247331 -0.01805020 -0.01539647
v 0.11724445 0.05569551 -0.03256452
v 0.12324312 0.04025750 -0.02841831
v 0.12133304 0.05061271 -0.03284941
v 0.12516286 0.04566735 -0.03136517
v 0.12672642 0.03787665 -0.02408307
v 0.12541616 0.03595888 -0.01994101
v 0.12433657 0.03677696 -0.01668829
v 0.12720413 0.03605928 -0.01739734
v 0.14735297 -0.01051443 -0.02019851
v 0.15265650 -0.00467451 -0.01838019
v 0.15652004 -0.03366149 -0.02091559
v 0.14850704 0.00835660 -0.01727151
v 0.15522114 0.00680312 -0.01678003
v 0.14821316 0.01723942 -0.02100366
v 0.14474040 0.02698819 -0.02378990
v 0.15191880 0.02250281 -0.02280504
v 0.14767439 0.01194055 -0.01765072
v 0.13787762 0.03686043 -0.01829678
v 0.14400735 0.03464366 -0.02065054
v 0.15029526 0.03150234 -0.02226905
v 0.13684326 -0.06249905 -0.02817795
v 0.14198220 -0.05790241 -0.03125256
v 0.14612970 -0.05545206 -0.03599610
v 0.15002050 -0.05503405 -0.04164005
v 0.15448138 -0.05920784 -0.05087739
v 0.15348967 -0.05670849 -0.04596686
v 0.15665781 -0.05890617 -0.04662954
v 0.15868860 -0.06182619 -0.04900052
v 0.15545413 -0.06325021 -0.05330327
v 0.14374844 -0.07167735 -0.04988653
v 0.14519138 -0.07358080 -0.04529093
v 0.14442363 -0.07356591 -0.03995946
v 0.14314350 -0.07233043 -0.03383522
v 0.13796979 -0.07079904 -0.03088319
v 0.14375085 -0.06643333 -0.02918682
v 0.15931025 -0.06620840 -0.05121933
v 0.15515265 -0.06737094 -0.05343506
v 0.15036276 -0.06934609 -0.05268064
v 0.14750228 -0.07197434 -0.04980531
v 0.16139307 -0.03933154 -0.02021670
v 0.16836477 -0.04417014 -0.01782167
v 0.17629079 -0.04700610 -0.01228751
v 0.18151037 -0.04683643 -0.00468112
v 0.18445408 -0.04372425 0.00121769
v 0.18739647 -0.04003611 0.00396516
v 0.12232590 0.03998536 -0.01296057
v 0.12214878 0.04370685 -0.00933976
v 0.12303936 0.05813662 -0.00996516
v 0.12420541 0.04855904 -0.00735618
v 0.12756228 0.05358657 -0.00759986
v 0.12086714 0.06204880 -0.02476622
v 0.11889983 0.05971838 -0.02925069
v 0.12751900 0.06121044 -0.01386255
v 0.12378297 0.06274510 -0.01941102
v 0.15369684 0.01274516 -0.00716517
v 0.15161695 0.01142556 -0.01321046
v 0.15673623 0.01515345 -0.00151612
v 0.16087219 0.01933158 0.00286326
v 0.16474065 0.02482224 0.00450624
v 0.16825614 0.02982048 0.00312768
v 0.16400243 0.03477618 0.00108714
v 0.15872196 0.03834539 -0.00338092
v 0.15293670 0.03926357 -0.00976758
v 0.14814484 0.03750039 -0.01600402
v 0.16688373 -0.01355498 -0.00446186
v 0.17299614 -0.01369509 0.00136944
v 0.15746123 -0.00871625 -0.01447182
v 0.16204110 -0.01170692 -0.01013424
v 0.17871407 -0.01222826 0.00663002
v 0.18254873 -0.00850416 0.01113783
v 0.18578302 -0.00347427 0.01341302
v 0.18928457 0.00159162 0.01355061
v 0.18567225 0.00659431 0.01175304
v 0.18264645 0.01108140 0.00870810
v 0.17926437 0.01399714 0.00295647
v 0.16890764 0.01128348 -0.00991375
v 0.17456487 0.01400058 -0.00395036
v 0.15807456 0.00179874 -0.01691862
v 0.16372401 0.00708414 -0.01472954
v 0.19097283 -0.03621426 0.00531640
v 0.19456690 -0.03129499 0.00565451
v 0.19079464 -0.02564931 0.00435336
v 0.18694764 -0.02205920 0.00180562
v 0.18436708 -0.01988246 -0.00161437
v 0.17701686 -0.01989117 -0.01399536
v 0.18196500 -0.01887800 -0.00709650
v 0.16995066 -0.02278045 -0.01912026
v 0.16318346 -0.02800842 -0.02100921
v 0.12327817 0.05600727 -0.03155257
v 0.12971914 0.04155414 -0.02835717
v 0.12792616 0.05147380 -0.03234392
v 0.13344062 0.04653557 -0.03123826
v 0.13446272 0.03878302 -0.02404194
v 0.12977421 0.03713106 -0.01962671
v 0.12554903 0.03795810 -0.01600657
v 0.16272676 -0.00290549 -0.01538730
v 0.16941439 -0.03323536 -0.02247762
v 0.15420207 0.01390991 -0.01755354
v 0.15693855 0.02766134 -0.02354076
v 0.16486689 0.02305988 -0.02377823
v 0.15879366 0.01774654 -0.02130966
v 0.15512798 0.03533670 -0.01864926
v 0.16325355 0.03286708 -0.02174847
v 0.14811507 -0.06219152 -0.03067083
v 0.15115615 -0.05967916 -0.03366186
v 0.15399822 -0.05846279 -0.03748316
v 0.15636760 -0.05851460 -0.04209222
v 0.15734580 -0.06059891 -0.03838206
v 0.15942908 -0.06123441 -0.04325997
v 0.16018903 -0.06408837 -0.03872721
v 0.16164171 -0.06505834 -0.04462162
v 0.15199703 -0.07381108 -0.04569416
v 0.14832625 -0.07391375 -0.04071030
v 0.15235466 -0.07272592 -0.03657536
v 0.14789889 -0.07266649 -0.03573681
v 0.15450927 -0.07066945 -0.03386379
v 0.14963982 -0.06910551 -0.03140456
v 0.15390613 -0.06524716 -0.03227597
v 0.16148802 -0.06923867 -0.03961260
v 0.16142732 -0.07049938 -0.04590525
v 0.15807312 -0.06959558 -0.05147066
v 0.15511689 -0.07131414 -0.05092642
v 0.17742294 -0.03865539 -0.02176595
v 0.18496844 -0.04344365 -0.01741371
v 0.18948439 -0.04713918 -0.00525744
v 0.18899166 -0.04424850 0.00076050
v 0.19373220 -0.04197086 0.00291203
v 0.12699222 0.04113120 -0.01212469
v 0.12938699 0.04505583 -0.00872755
v 0.13235790 0.04963713 -0.00738331
v 0.13558934 0.05371336 -0.00801198
v 0.13154098 0.05760901 -0.00982025
v 0.12908005 0.06228433 -0.02315999
v 0.12576485 0.06011337 -0.02821974
v 0.13556295 0.05995761 -0.01263696
v 0.13261628 0.06228200 -0.01741152
v 0.15917149 0.01219736 -0.01264170
v 0.16367026 0.01308689 -0.00663403
v 0.16744110 0.01567804 -0.00097722
v 0.16998436 0.01998539 0.00305427
v 0.17228034 0.02489263 0.00399492
v 0.17509845 0.02925676 0.00287676
v 0.17170725 0.03358467 0.00098106
v 0.16900938 0.03749227 -0.00207165
v 0.16553914 0.03929345 -0.00754769
v 0.16066727 0.03849200 -0.01366402
v 0.16834509 -0.00769098 -0.01368213
v 0.17541308 -0.01211325 -0.01018783
v 0.18253281 -0.01397730 -0.00390351
v 0.18694075 -0.01363543 0.00326241
v 0.18811128 -0.01116451 0.00891861
v 0.18984059 -0.00796809 0.01236624
v 0.19340766 -0.00391902 0.01391476
v 0.19794264 0.00103131 0.01391606
v 0.19338556 0.00627985 0.01275153
v 0.18968207 0.00992733 0.01051887
v 0.18796680 0.01266419 0.00698550
v 0.18326211 0.01274770 -0.00686238
v 0.18709383 0.01409197 0.00078459
v 0.16906277 0.00274215 -0.01560517
v 0.17629257 0.00855339 -0.01322682
v 0.19884602 -0.03751391 0.00466119
v 0.20388651 -0.03207143 0.00459649
v 0.19896412 -0.02622741 0.00403494
v 0.19369448 -0.02212638 0.00131675
v 0.18874133 -0.02030352 -0.00148249
v 0.18964479 -0.01939580 -0.00699699
v 0.18512723 -0.02307680 -0.01753404
v 0.17749098 -0.02715594 -0.02151324
v 0.13155270 0.05702042 -0.03068764
v 0.13768056 0.05289030 -0.03192606
v 0.14303755 0.04808613 -0.03085310
v 0.13904286 0.04242514 -0.02819432
v 0.14395827 0.03999748 -0.02312753
v 0.13851177 0.03843504 -0.01849584
v 0.13241100 0.03929523 -0.01519582
v 0.17648292 -0.00204897 -0.01627041
v 0.18502245 -0.03246284 -0.02113567
v 0.16566601 0.01393056 -0.01794541
v 0.17167739 0.02935967 -0.02337510
v 0.17906311 0.02461659 -0.02212831
v 0.17265156 0.01850828 -0.02147060
v 0.16958382 0.03706297 -0.01684392
v 0.17836610 0.03458054 -0.01947834
v 0.15619576 -0.06251965 -0.03489558
v 0.15888351 -0.06708100 -0.03535902
v 0.15931105 -0.07296774 -0.04619778
v 0.15637815 -0.07390875 -0.03995181
v 0.15951955 -0.07311346 -0.03978722
v 0.15754437 -0.07155189 -0.03611187
v 0.19176141 -0.03797540 -0.01965531
v 0.19916734 -0.04269058 -0.01719645
v 0.19296241 -0.04636523 -0.01253566
v 0.20120591 -0.04700418 -0.00757469
v 0.19697275 -0.04601472 -0.00194018
v 0.20337537 -0.04254648 0.00152608
v 0.13498216 0.04270828 -0.01097274
v 0.13719249 0.04661443 -0.00823504
v 0.13846815 0.05673809 -0.00980648
v 0.13947764 0.05033254 -0.00759709
v 0.14161411 0.05364935 -0.00831909
v 0.13805813 0.06237171 -0.01978898
v 0.13574356 0.06130488 -0.02611609
v 0.14105335 0.05912961 -0.01186167
v 0.13928380 0.06110857 -0.01473681
v 0.17140326 0.01293651 -0.01174490
v 0.17428896 0.01402589 -0.00445694
v 0.17489282 0.01717711 0.00057712
v 0.17632296 0.02066914 0.00297810
v 0.17920518 0.02442860 0.00350132
v 0.18264144 0.02842185 0.00266991
v 0.17866015 0.03295415 0.00101871
v 0.17557848 0.03623094 -0.00113877
v 0.17396415 0.03846281 -0.00449319
v 0.17303396 0.03942883 -0.01024014
v 0.18472490 -0.00736996 -0.01399010
v 0.19277895 -0.01120497 -0.00856595
v 0.19513750 -0.01371079 0.00381554
v 0.19269955 -0.01122915 0.00923159
v 0.19746477 -0.00904904 0.01147864
v 0.20277214 -0.00489441 0.01316259
v 0.20826710 0.00029604 0.01293258
v 0.20273066 0.00585470 0.01237451
v 0.19749516 0.01019520 0.01026642
v 0.19249875 0.01236124 0.00761434
v 0.19489503 0.01416792 0.00212847
v 0.18472275 0.00495781 -0.01483579
v 0.19244546 0.01031434 -0.00944679
v 0.20859861 -0.03751794 0.00335482
v 0.21280629 -0.03192536 0.00335442
v 0.20827836 -0.02680377 0.00270165
v 0.20304018 -0.02261714 0.00038942
v 0.19696578 -0.02008988 -0.00350181
v 0.19308784 -0.02083791 -0.01310684
v 0.20099804 -0.02030913 -0.00823545
v 0.19915938 -0.02382161 -0.01640336
v 0.19172430 -0.02776223 -0.01938330
v 0.14203629 0.05891982 -0.02926992
v 0.14773706 0.04383931 -0.02778741
v 0.14696932 0.05424189 -0.03158037
v 0.15202921 0.04866327 -0.03117384
v 0.15278954 0.04114627 -0.02388221
v 0.14874163 0.04006392 -0.01850934
v 0.14089563 0.04137844 -0.01295007
v 0.19300944 -0.00023865 -0.01362169
v 0.19868177 -0.03273689 -0.01998962
v 0.17918622 0.01528506 -0.01647180
v 0.18492105 0.03066626 -0.02114895
v 0.19129542 0.02599087 -0.02072154
v 0.18540340 0.02033748 -0.01965080
v 0.18486991 0.03807149 -0.01418316
v 0.19112313 0.03528560 -0.01724571
v 0.20524102 -0.03802283 -0.01919166
v 0.21182174 -0.04269789 -0.01624463
v 0.20642039 -0.04565573 -0.01250732
v 0.21246779 -0.04596853 -0.00691992
v 0.20772090 -0.04522829 -0.00277466
v 0.21274550 -0.04141833 0.00060390
v 0.14156181 0.04485684 -0.00944657
v 0.14268083 0.04774407 -0.00821989
v 0.14376266 0.05688156 -0.01001300
v 0.14478180 0.05055388 -0.00795432
v 0.14709288 0.05395806 -0.00874262
v 0.14259400 0.06116625 -0.01463113
v 0.14364767 0.06236962 -0.01927828
v 0.14615956 0.05990685 -0.01273302
v 0.18125823 0.01435244 -0.00467728
v 0.17909413 0.01702850 0.00025973
v 0.18297914 0.01947371 0.00172386
v 0.18697222 0.02304907 0.00298851
v 0.19102836 0.02715255 0.00351213
v 0.18646422 0.03203905 0.00143488
v 0.18213289 0.03590236 -0.00143364
v 0.17817423 0.03808035 -0.00408429
v 0.18036246 0.03922787 -0.00900394
v 0.20050863 -0.00550064 -0.01119519
v 0.20711686 -0.01014614 -0.00818646
v 0.20032453 -0.01312118 -0.00277072
v 0.20733914 -0.01337761 0.00152317
v 0.20194853 -0.01252517 0.00705528
v 0.20810893 -0.00943248 0.00981519
v 0.21382481 -0.00507605 0.01157481
v 0.21891126 -0.00009733 0.01174160
v 0.21367514 0.00504381 0.01150199
v 0.20795837 0.00966894 0.00950901
v 0.20156882 0.01294125 0.00594820
v 0.19994090 0.01330079 -0.00372134
v 0.20695138 0.01377701 0.00071910
v 0.20017640 0.00600897 -0.01148379
v 0.20655495 0.01047806 -0.00816371
v 0.21679974 -0.03650400 0.00242986
v 0.22014382 -0.03140777 0.00207679
v 0.21660349 -0.02706020 0.00136928
v 0.21211589 -0.02333289 -0.00072862
v 0.20709461 -0.02119021 -0.00431058
v 0.20578113 -0.02166282 -0.01281792
v 0.21132893 -0.02122888 -0.00866640
v 0.21092579 -0.02410013 -0.01643367
v 0.20502457 -0.02793216 -0.01877748
v 0.14690843 0.06200223 -0.02491195
v 0.15180195 0.05958472 -0.02953524
v 0.15751039 0.05469447 -0.03228884
v 0.16211021 0.04927460 -0.03161940
v 0.15763726 0.04457800 -0.02846002
v 0.16214580 0.04206206 -0.02459974
v 0.15788600 0.04092336 -0.02010163
v 0.15348548 0.04167603 -0.01570849
v 0.15017894 0.04387136 -0.01176873
v 0.14612076 0.04186941 -0.01319226
v 0.14471956 0.04505073 -0.00970441
v 0.20701164 0.00054204 -0.01225538
v 0.21099132 -0.03301011 -0.01983037
v 0.19149264 0.01663944 -0.01587648
v 0.18548861 0.01403655 -0.01105762
v 0.19775570 0.03176682 -0.01843250
v 0.20399164 0.02672301 -0.01867730
v 0.19808543 0.02132594 -0.01813629
v 0.18594574 0.03798939 -0.00466414
v 0.19088424 0.03890014 -0.00829164
v 0.19679680 0.03793718 -0.01149384
v 0.20301846 0.03560113 -0.01437468
v 0.21707511 -0.03825175 -0.01839974
v 0.22319564 -0.04288695 -0.01483891
v 0.21749550 -0.04528591 -0.01076921
v 0.22154536 -0.04475659 -0.00436212
v 0.21685552 -0.04363511 -0.00216342
v 0.22030449 -0.03976728 0.00070465
v 0.14751810 0.04713120 -0.00903247
v 0.14979020 0.05732601 -0.01083550
v 0.15049670 0.05016123 -0.00875307
v 0.15386116 0.05370870 -0.00973087
v 0.14890417 0.06198691 -0.01666662
v 0.15274948 0.06249442 -0.02094045
v 0.15356182 0.06009908 -0.01381539
v 0.19137213 0.01462640 -0.00615732
v 0.18677196 0.01607185 -0.00181617
v 0.19135676 0.01885266 0.00130489
v 0.19570640 0.02262829 0.00356435
v 0.20029280 0.02682975 0.00419184
v 0.19557711 0.03112833 0.00310793
v 0.19083997 0.03518689 0.00000706
v 0.21357598 -0.00501324 -0.01170302
v 0.22047766 -0.00967763 -0.00861624
v 0.21357375 -0.01241446 -0.00373256
v 0.21974820 -0.01243182 0.00106605
v 0.21364393 -0.01183947 0.00551337
v 0.21920586 -0.00867081 0.00852429
v 0.22366539 -0.00453404 0.01014340
v 0.22727243 -0.00018554 0.01005627
v 0.22332009 0.00421047 0.01021666
v 0.21878269 0.00864639 0.00867744
v 0.21306735 0.01198245 0.00531945
v 0.21279805 0.01257625 -0.00398594
v 0.21885530 0.01276868 0.00076344
v 0.21328201 0.00651234 -0.01144963
v 0.21972745 0.01060351 -0.00820116
v 0.22255379 -0.02744669 0.00064110
v 0.22273948 -0.03539800 0.00185064
v 0.22467426 -0.03131552 0.00151008
v 0.21994614 -0.02409848 -0.00122541
v 0.21623201 -0.02183583 -0.00446682
v 0.21632714 -0.02193884 -0.01234974
v 0.22081796 -0.02171208 -0.00733656
v 0.22239822 -0.02442428 -0.01601739
v 0.21651139 -0.02823422 -0.01862404
v 0.15793392 0.06212595 -0.02545170
v 0.16276440 0.05974791 -0.03007968
v 0.16654632 0.04515517 -0.02910178
v 0.16691619 0.05465021 -0.03254476
v 0.17149088 0.04931532 -0.03200774
v 0.17150643 0.04237050 -0.02497923
v 0.16621953 0.04175542 -0.02068614
v 0.16223109 0.04258917 -0.01706828
v 0.15823120 0.04422876 -0.01371051
v 0.15415148 0.04668755 -0.01057761
v 0.22057065 0.00151996 -0.01305060
v 0.22264097 -0.03357951 -0.01897050
v 0.20360487 0.01710516 -0.01360917
v 0.19719207 0.01503035 -0.01007205
v 0.20929733 0.03173700 -0.01660386
v 0.21498030 0.02633496 -0.01670775
v 0.20953811 0.02137791 -0.01605495
v 0.19590246 0.03735827 -0.00262110
v 0.20170176 0.03813221 -0.00603855
v 0.20796793 0.03792637 -0.00906286
v 0.21445611 0.03558618 -0.01263218
v 0.22853244 -0.03908013 -0.01766959
v 0.23447648 -0.04324299 -0.01432349
v 0.22971234 -0.04544687 -0.01003794
v 0.22715691 -0.04469464 -0.00410991
v 0.22623565 -0.04157361 -0.00066081
v 0.22334289 -0.04167459 -0.00066340
v 0.22491100 -0.03857506 0.00098187
v 0.15796548 0.05003680 -0.01037442
v 0.16154373 0.05345996 -0.01121578
v 0.15772167 0.05704938 -0.01177248
v 0.15793392 0.06169261 -0.01744075
v 0.16264049 0.06224237 -0.02131381
v 0.16181079 0.05943696 -0.01457763
v 0.20159814 0.01558650 -0.00468887
v 0.19619618 0.01657440 -0.00147696
v 0.20054726 0.01937928 0.00190670
v 0.20466713 0.02319474 0.00382233
v 0.20861382 0.02708907 0.00403632
v 0.20499918 0.03064908 0.00325365
v 0.20076836 0.03433413 0.00122760
v 0.22801780 -0.00407077 -0.01182600
v 0.23496366 -0.00843912 -0.00812677
v 0.22711372 -0.01166420 -0.00331923
v 0.23098371 -0.01103977 0.00234174
v 0.22479262 -0.01044255 0.00503097
v 0.22817793 -0.00749500 0.00785601
v 0.23030985 0.00369368 0.00913149
v 0.23064637 -0.00384342 0.00918165
v 0.23298874 0.00012818 0.00943453
v 0.22728852 0.00730545 0.00800170
v 0.22380253 0.01080042 0.00517935
v 0.22616172 0.01259304 -0.00311047
v 0.22962078 0.01184876 0.00239794
v 0.22761448 0.00748094 -0.01121244
v 0.23420799 0.01142478 -0.00694674
v 0.22439271 -0.02486787 -0.00117459
v 0.22284310 -0.02288622 -0.00337856
v 0.22643388 -0.02768281 0.00035987
v 0.22690639 -0.03539736 0.00153905
v 0.22910338 -0.03185766 0.00133185
v 0.22549322 -0.02304957 -0.00354708
v 0.22642108 -0.02199315 -0.00748126
v 0.22939020 -0.02255877 -0.01218844
v 0.23419135 -0.02549662 -0.01555788
v 0.22832814 -0.02913672 -0.01829847
v 0.16707999 0.06197060 -0.02550750
v 0.17154487 0.05945217 -0.03032425
v 0.17668614 0.05429348 -0.03246402
v 0.18145743 0.04938372 -0.03155958
v 0.17658958 0.04518120 -0.02923917
v 0.18121746 0.04259683 -0.02542775
v 0.17644599 0.04154583 -0.02133899
v 0.16880340 0.04354450 -0.01704549
v 0.16532206 0.04498833 -0.01481889
v 0.16183260 0.04715888 -0.01239171
v 0.23502651 0.00222638 -0.01229220
v 0.23373485 -0.03477483 -0.01868878
v 0.21436644 0.01727694 -0.01138048
v 0.20773494 0.01541854 -0.00767889
v 0.22024182 0.03099738 -0.01555336
v 0.22535115 0.02525355 -0.01605739
v 0.22024343 0.02072175 -0.01458014
v 0.20606830 0.03629385 -0.00138799
v 0.21132552 0.03712662 -0.00364844
v 0.22033766 0.03737749 -0.00895880
v 0.22531146 0.03438204 -0.01289490
v 0.23941121 -0.03972365 -0.01666725
v 0.24437052 -0.04247231 -0.01311234
v 0.23997054 -0.04502286 -0.01038006
v 0.23539093 -0.04547638 -0.00617498
v 0.23203584 -0.04315997 -0.00190624
v 0.22923409 -0.03945812 0.00051405
v 0.16468272 0.05629964 -0.01297809
v 0.16449370 0.05012153 -0.01191572
v 0.16687703 0.05302021 -0.01252368
v 0.16555863 0.06081215 -0.01758555
v 0.16926553 0.06142833 -0.02029016
v 0.16736403 0.05820542 -0.01505220
v 0.21079855 0.01654515 -0.00188081
v 0.20546615 0.01748259 -0.00025964
v 0.20874774 0.02048383 0.00273501
v 0.21188199 0.03039662 0.00316572
v 0.21163720 0.02383253 0.00383994
v 0.21430520 0.02725531 0.00383753
v 0.20927524 0.03350769 0.00160248
v 0.24096054 -0.00345996 -0.01114417
v 0.24674580 -0.00761429 -0.00783420
v 0.24154570 -0.01095595 -0.00342052
v 0.23726607 -0.01095481 0.00226128
v 0.23534032 -0.00897602 0.00591292
v 0.23216226 -0.00893914 0.00602975
v 0.23341986 -0.00671992 0.00786477
v 0.23282621 0.00669389 0.00781574
v 0.23100588 0.00923127 0.00619912
v 0.23542105 0.00401462 0.00883547
v 0.23551619 -0.00379818 0.00896435
v 0.23835191 0.00025895 0.00940494
v 0.23445073 0.00923265 0.00601597
v 0.23585209 0.01163739 0.00240143
v 0.24068213 0.00791874 -0.00999033
v 0.24015649 0.01266176 -0.00227773
v 0.24559083 0.01103811 -0.00579357
v 0.22844607 -0.02471103 -0.00184997
v 0.23186203 -0.02795900 -0.00000442
v 0.23213052 -0.03651566 0.00124494
v 0.23502525 -0.03269084 0.00094857
v 0.23113354 -0.02294235 -0.00505865
v 0.23471403 -0.02259681 -0.00874248
v 0.23944866 -0.03003771 -0.01739403
v 0.23945403 -0.02367684 -0.01201375
v 0.24430015 -0.02650035 -0.01430989
v 0.17653826 0.06155171 -0.02604327
v 0.18162444 0.05872867 -0.02986488
v 0.18562184 0.04545557 -0.02885113
v 0.18622542 0.05387111 -0.03138609
v 0.18992723 0.04911160 -0.03034078
v 0.18910378 0.04325488 -0.02525455
v 0.18481681 0.04187911 -0.02209653
v 0.17316458 0.04334718 -0.01743615
v 0.18032089 0.04241966 -0.01893036
v 0.17675007 0.04450980 -0.01620376
v 0.17180211 0.04577022 -0.01504166
v 0.16951543 0.04589791 -0.01472426
v 0.16710511 0.04754430 -0.01337130
v 0.24622848 0.00226026 -0.01127113
v 0.24410213 -0.03525386 -0.01737267
v 0.22552702 0.01713804 -0.01067452
v 0.22023011 0.01549560 -0.00629500
v 0.23035500 0.02043098 -0.01415817
v 0.23024833 0.03011350 -0.01516758
v 0.23490348 0.02501609 -0.01578261
v 0.21262676 0.03493243 -0.00002691
v 0.21581974 0.03499331 -0.00027167
v 0.21702362 0.03708480 -0.00387123
v 0.22201118 0.03613182 -0.00252091
v 0.22569564 0.03749400 -0.00616201
v 0.23002142 0.03646374 -0.00978108
v 0.23459718 0.03363957 -0.01244227
v 0.24801672 -0.03906103 -0.01473879
v 0.25142625 -0.04068330 -0.01150975
v 0.24850023 -0.04350606 -0.00948134
v 0.24442201 -0.04477427 -0.00659872
v 0.23974586 -0.04379082 -0.00311592
v 0.23567534 -0.04072489 -0.00033926
v 0.16882727 0.05542730 -0.01369818
v 0.16867107 0.05009140 -0.01290125
v 0.17043909 0.05262152 -0.01328928
v 0.16979992 0.05942429 -0.01675773
v 0.17195106 0.05933181 -0.01714132
v 0.17332774 0.06132864 -0.02087679
v 0.17060226 0.05739458 -0.01518984
v 0.21677506 0.01663839 -0.00147504
v 0.21560982 0.01889611 0.00166802
v 0.21229497 0.01888365 0.00162690
v 0.21407318 0.02124459 0.00302709
v 0.21434435 0.03283692 0.00178425
v 0.21676532 0.03064555 0.00276741
v 0.21663729 0.02400846 0.00374813
v 0.21955507 0.02773254 0.00345616
v 0.25145182 -0.00316827 -0.01004577
v 0.25616045 -0.00655567 -0.00677244
v 0.25181169 -0.00975498 -0.00372925
v 0.24705826 -0.01120214 0.00058020
v 0.24227214 -0.01008235 0.00453007
v 0.23847994 -0.00748338 0.00734291
v 0.23784149 0.00736816 0.00736141
v 0.24128499 0.00445702 0.00867636
v 0.24185326 -0.00431354 0.00889890
v 0.24449820 0.00024967 0.00932769
v 0.24073863 0.01011572 0.00495480
v 0.24474790 0.01186080 0.00154263
v 0.25052038 0.00732529 -0.00872156
v 0.24943068 0.01224387 -0.00203275
v 0.25405258 0.01031583 -0.00492225
v 0.23507362 -0.02495523 -0.00272138
v 0.23808441 -0.03784032 0.00030796
v 0.24001461 -0.03337492 0.00013134
v 0.23789370 -0.02825787 -0.00085195
v 0.23881763 -0.02357628 -0.00587114
v 0.24352089 -0.02346588 -0.00894771
v 0.24796128 -0.03079029 -0.01560675
v 0.24807081 -0.02491609 -0.01143864
v 0.25133701 -0.02824750 -0.01292883
v 0.17681533 0.06025806 -0.01914337
v 0.18056730 0.06143976 -0.02276064
v 0.18560351 0.06075364 -0.02621484
v 0.19055030 0.05756802 -0.02869910
v 0.19293711 0.04573968 -0.02748750
v 0.19403592 0.05314491 -0.02933627
v 0.19627386 0.04910997 -0.02814822
v 0.19531497 0.04436491 -0.02432214
v 0.19200861 0.04270807 -0.02235348
v 0.18768186 0.04228773 -0.01968303
v 0.18308294 0.04356736 -0.01734836
v 0.17424783 0.04706725 -0.01442916
v 0.17951570 0.04600857 -0.01512153
v 0.17679110 0.04915904 -0.01381851
v 0.17220613 0.04983999 -0.01349018
v 0.17044983 0.04787916 -0.01381275
v 0.25540889 0.00229809 -0.00994035
v 0.25084403 -0.03519582 -0.01469766
v 0.23506468 0.01744797 -0.01048524
v 0.23035401 0.01570252 -0.00665957
v 0.22570637 0.01598496 -0.00281761
v 0.22189263 0.01786086 0.00047583
v 0.23913163 0.02080738 -0.01362845
v 0.23883498 0.02953955 -0.01411945
v 0.24244041 0.02526071 -0.01405642
v 0.21921203 0.03374221 0.00061624
v 0.22264203 0.03138847 0.00193159
v 0.22585219 0.03440729 -0.00066327
v 0.22955820 0.03631254 -0.00375242
v 0.23401254 0.03707967 -0.00670029
v 0.23854458 0.03570917 -0.00937579
v 0.24225489 0.03233091 -0.01134445
v 0.25323612 -0.03770982 -0.01250889
v 0.25534254 -0.03723924 -0.01082937
v 0.25461245 -0.04018721 -0.00896534
v 0.25195678 -0.04276100 -0.00653888
v 0.24779328 -0.04329395 -0.00379788
v 0.24271542 -0.04173348 -0.00154965
v 0.17224100 0.05520669 -0.01429886
v 0.17433116 0.05246061 -0.01370139
v 0.17425399 0.05790996 -0.01617783
v 0.21906852 0.02080209 0.00266264
v 0.22245034 0.02391238 0.00344834
v 0.22563056 0.02763357 0.00297354
v 0.25964319 -0.00235460 -0.00848217
v 0.26324433 -0.00482925 -0.00503044
v 0.26014728 -0.00830361 -0.00273429
v 0.25578144 -0.01044366 0.00028476
v 0.25079280 -0.01022928 0.00398331
v 0.24595936 -0.00814365 0.00693601
v 0.24437427 0.00782796 0.00697505
v 0.24700785 0.00509174 0.00820264
v 0.24802655 -0.00495328 0.00845862
v 0.24927475 0.00008669 0.00887271
v 0.24833331 0.01029620 0.00454317
v 0.25292811 0.01177270 0.00155609
v 0.25857362 0.00664147 -0.00710388
v 0.25752515 0.01144719 -0.00164415
v 0.26168802 0.00883982 -0.00393851
v 0.24170003 -0.02538566 -0.00363051
v 0.24294440 -0.03713082 -0.00045231
v 0.24341199 -0.03339180 -0.00038991
v 0.24273070 -0.03006754 -0.00111383
v 0.24651218 -0.02440891 -0.00636864
v 0.25129134 -0.02497655 -0.00883703
v 0.25321332 -0.03201546 -0.01318458
v 0.25441807 -0.02784265 -0.01057948
v 0.25522382 -0.03155478 -0.01147847
v 0.17675561 0.05560369 -0.01488341
v 0.17958713 0.05830395 -0.01714186
v 0.18336368 0.06004008 -0.01978500
v 0.18852031 0.06063719 -0.02258165
v 0.19386444 0.05940165 -0.02522362
v 0.19721157 0.05556230 -0.02675248
v 0.19760648 0.04670089 -0.02569176
v 0.19859898 0.05174859 -0.02687364
v 0.19933140 0.04904694 -0.02594130
v 0.19917476 0.04673573 -0.02410551
v 0.19766404 0.04448687 -0.02217798
v 0.19472274 0.04324496 -0.02011107
v 0.19038462 0.04334943 -0.01812409
v 0.18555093 0.04477278 -0.01631592
v 0.18197938 0.04809228 -0.01435626
v 0.17934806 0.05222462 -0.01394422
v 0.26217789 0.00216581 -0.00767171
v 0.25457284 -0.03474072 -0.01224361
v 0.24302370 0.01890123 -0.01016856
v 0.23929819 0.01633824 -0.00677612
v 0.23468972 0.01567368 -0.00326465
v 0.23001293 0.01732971 -0.00036067
v 0.22582385 0.02005066 0.00214899
v 0.24531189 0.02276697 -0.01192309
v 0.24486575 0.02854332 -0.01216226
v 0.24675545 0.02592911 -0.01145155
v 0.22896301 0.03171530 0.00103436
v 0.23295253 0.03473997 -0.00194259
v 0.23761081 0.03613554 -0.00449176
v 0.24221993 0.03604619 -0.00666641
v 0.24575346 0.03310791 -0.00871221
v 0.24726848 0.02905362 -0.01011591
v 0.25701973 -0.03391022 -0.00959484
v 0.25719327 -0.03769503 -0.00701600
v 0.25487441 -0.04077930 -0.00434415
v 0.25080648 -0.04156221 -0.00255141
v 0.24611289 -0.04032830 -0.00125692
v 0.22909417 0.02294515 0.00284145
v 0.23163710 0.02725337 0.00245878
v 0.26500305 -0.00107261 -0.00583206
v 0.26738727 -0.00102624 -0.00335164
v 0.26661846 -0.00506118 -0.00153739
v 0.26387841 -0.00852642 0.00100417
v 0.25910827 -0.00969429 0.00362335
v 0.25341020 -0.00835336 0.00638420
v 0.25109885 0.00877863 0.00603609
v 0.25209045 0.00454077 0.00795033
v 0.25292382 -0.00310952 0.00829710
v 0.25270227 0.00043704 0.00863157
v 0.25613254 0.01052575 0.00400020
v 0.26095239 0.01137642 0.00122412
v 0.26444006 0.00514776 -0.00516017
v 0.26524374 0.00915600 -0.00128875
v 0.26688766 0.00525447 -0.00305133
v 0.24488676 -0.02700761 -0.00285710
v 0.24946404 -0.02567162 -0.00491823
v 0.24942264 -0.03953542 -0.00148751
v 0.24593308 -0.03663375 -0.00046917
v 0.24890077 -0.03308597 -0.00058182
v 0.24548667 -0.03007644 -0.00125295
v 0.24835896 -0.02757570 -0.00298817
v 0.25424910 -0.02637062 -0.00615034
v 0.25708419 -0.02955636 -0.00804372
v 0.18205288 0.05561275 -0.01539173
v 0.18572554 0.05834008 -0.01783647
v 0.19092849 0.05945913 -0.01991232
v 0.19641343 0.05928559 -0.02178423
v 0.19984879 0.05582518 -0.02406508
v 0.20036878 0.05175195 -0.02521531
v 0.20138813 0.04928472 -0.02293945
v 0.20039427 0.04631636 -0.02025189
v 0.19761873 0.04477440 -0.01837809
v 0.19359067 0.04450377 -0.01719336
v 0.18884826 0.04590362 -0.01576956
v 0.18426231 0.05189630 -0.01438751
v 0.26635328 0.00207367 -0.00480093
v 0.24790782 0.02327024 -0.00990795
v 0.24697458 0.01919350 -0.00731487
v 0.24347877 0.01649364 -0.00378517
v 0.23881835 0.01688541 -0.00103296
v 0.23373431 0.01912305 0.00103538
v 0.24945492 0.02687186 -0.00792043
v 0.23663486 0.03357203 -0.00118164
v 0.24123959 0.03506838 -0.00309461
v 0.24563634 0.03494817 -0.00474845
v 0.24881824 0.03156729 -0.00622357
v 0.25805372 -0.03337954 -0.00544716
v 0.25682544 -0.03761516 -0.00306304
v 0.25342629 -0.03996254 -0.00227724
v 0.23426476 0.03080036 0.00099363
v 0.23497698 0.02389398 0.00237693
v 0.23540139 0.02734924 0.00227411
v 0.26914538 0.00217113 -0.00111800
v 0.26922387 -0.00246789 0.00119148
v 0.26707865 -0.00656085 0.00388764
v 0.26278371 -0.00770267 0.00607525
v 0.25678780 -0.00633679 0.00743061
v 0.25475335 0.00780431 0.00654669
v 0.25992277 0.00958695 0.00523983
v 0.25533227 0.00440496 0.00812562
v 0.25926867 0.00723063 0.00694599
v 0.26082981 -0.00508671 0.00771578
v 0.25604189 -0.00246985 0.00859706
v 0.25995022 0.00116115 0.00933690
v 0.26468691 0.01018539 0.00378124
v 0.26861528 0.00703469 0.00124799
v 0.25237227 -0.02706326 -0.00405359
v 0.25626933 -0.02892609 -0.00453557
v 0.25568283 -0.03762721 -0.00182448
v 0.25266543 -0.03705241 -0.00087615
v 0.25576598 -0.03313841 -0.00150092
v 0.25194687 -0.02932770 -0.00216986
v 0.25489176 -0.02900083 -0.00316344
v 0.18864897 0.05714318 -0.01701910
v 0.19397878 0.05821232 -0.01824542
v 0.19904727 0.05750511 -0.01931061
v 0.20163945 0.05345189 -0.02115865
v 0.20162862 0.04996059 -0.01881825
v 0.19997790 0.04704315 -0.01745676
v 0.19679511 0.04582869 -0.01670377
v 0.19256419 0.04652253 -0.01586692
v 0.18936181 0.04896186 -0.01488845
v 0.18692037 0.04870661 -0.01477933
v 0.18680808 0.05449437 -0.01549489
v 0.18764019 0.05173500 -0.01483061
v 0.25010517 0.02247032 -0.00503803
v 0.24744987 0.01845549 -0.00160043
v 0.24291918 0.01845486 0.00032700
v 0.23786938 0.02060260 0.00160526
v 0.25055570 0.02766624 -0.00359501
v 0.23754009 0.03065597 0.00106291
v 0.24085342 0.03310098 -0.00089214
v 0.24434370 0.03393340 -0.00210888
v 0.24839124 0.03250553 -0.00272375
v 0.25697931 -0.03301386 -0.00292562
v 0.24190861 0.02165189 0.00191390
v 0.23798999 0.02442058 0.00252901
v 0.24148687 0.02765109 0.00238935
v 0.27017811 0.00217847 0.00374450
v 0.26899159 -0.00296463 0.00611826
v 0.26567548 -0.00570134 0.00714741
v 0.26385543 0.00861881 0.00642688
v 0.26791979 0.00701154 0.00581231
v 0.26341179 0.00558379 0.00862468
v 0.26609016 0.00618013 0.00814404
v 0.26670653 -0.00301019 0.00860502
v 0.26411640 -0.00276489 0.00917651
v 0.26644904 0.00153522 0.00958777
v 0.18931818 0.05437786 -0.01554085
v 0.19213889 0.05648694 -0.01680302
v 0.19725492 0.05685311 -0.01726158
v 0.20061020 0.05439567 -0.01766382
v 0.20065007 0.05067678 -0.01631851
v 0.19884673 0.04772828 -0.01599165
v 0.19603273 0.04823973 -0.01529141
v 0.19231402 0.05188194 -0.01492519
v 0.24983293 0.02264984 -0.00065898
v 0.24644136 0.02049625 0.00126783
v 0.24949775 0.02802217 -0.00009213
v 0.24444599 0.03146554 0.00059532
v 0.24708456 0.03215381 -0.00038549
v 0.24858347 0.02304824 0.00187026
v 0.24537036 0.02363051 0.00275736
v 0.24786901 0.02788815 0.00214143
v 0.26850960 0.00181136 0.00799724
v 0.19602791 0.05495781 -0.01591887
v 0.19917994 0.05477859 -0.01607827
v 0.19871395 0.05145430 -0.01506333
v -0.01344099 -0.04232652 -0.01807710
v 0.00958066 -0.05378930 -0.00873778
v 0.01634734 -0.03536288 0.01904493
v -0.01415697 -0.02551434 -0.02897787
v 0.00548736 -0.04498422 -0.02773069
v 0.02234379 -0.05898589 -0.01730404
v 0.02393711 -0.04917329 0.00681061
v 0.01155585 -0.01598422 0.02756296
v 0.03242031 -0.02739636 0.02060982
v -0.01643961 -0.01009762 -0.03208462
v 0.00940453 -0.01664573 -0.03934116
v 0.01601493 -0.05133409 -0.03236895
v 0.01404870 -0.02923726 -0.04053149
v 0.03390598 -0.06450390 -0.02742952
v 0.03499692 -0.05829836 -0.00427415
v 0.03828397 -0.04097769 0.01170279
v 0.00783759 0.00352389 0.02761164
v 0.02750953 -0.01004417 0.02576163
v 0.04700178 -0.02282778 0.02151690
v -0.01835016 0.00480449 -0.03242147
v 0.00638553 -0.00361302 -0.03815358
v 0.02498255 -0.00693051 -0.04330399
v 0.01811376 -0.03696295 -0.04285719
v 0.02645337 -0.05619728 -0.03962526
v 0.02640876 -0.01592202 -0.04557439
v 0.04401398 -0.06933375 -0.03516860
v 0.04635555 -0.06555600 -0.01510182
v 0.04667009 -0.05233995 0.00251060
v 0.05158058 -0.03672735 0.01423426
v 0.00484630 0.02358744 0.02207258
v -0.00023451 0.03708881 0.00375357
v 0.02265653 0.00852159 0.02492518
v 0.04241994 -0.00491523 0.02449626
v 0.06094282 -0.02030313 0.02090313
v -0.01923939 0.02152890 -0.02924023
v 0.00151366 0.00881806 -0.03685690
v 0.02330965 0.00382868 -0.04234980
v 0.04438099 -0.00202737 -0.03840512
v 0.02748835 -0.04270830 -0.04809755
v 0.02839869 -0.02259360 -0.04700205
v 0.03931269 -0.06139643 -0.04646479
v 0.04248092 -0.00952711 -0.04235838
v 0.05516302 -0.07149803 -0.02317071
v 0.05461478 -0.07484506 -0.04378890
v 0.05734688 -0.06098206 -0.00736986
v 0.05766857 -0.04787302 0.00700745
v 0.06474594 -0.03471050 0.01559808
v 0.01815471 0.02776481 0.01882920
v 0.01251626 0.04214139 0.00232413
v -0.00348732 0.03557357 -0.01865436
v 0.03709058 0.01385218 0.02246118
v 0.05691228 -0.00200943 0.02244897
v 0.07460735 -0.01909038 0.01986010
v -0.00253148 0.02349458 -0.03172316
v 0.01793862 0.01719435 -0.04251157
v 0.04272267 0.00941871 -0.03874563
v 0.06046164 -0.00351155 -0.03223894
v 0.03662556 -0.02807229 -0.05051646
v 0.04187286 -0.04969365 -0.05429886
v 0.04365009 -0.01413528 -0.04441389
v 0.05124405 -0.06595700 -0.05378566
v 0.05448970 -0.00993279 -0.03835877
v 0.06398813 -0.07783980 -0.03142927
v 0.06704915 -0.06646608 -0.01616009
v 0.06734384 -0.07859226 -0.05150870
v 0.06612852 -0.05638397 -0.00064762
v 0.06834814 -0.04553665 0.01019553
v 0.07756877 -0.03416714 0.01582020
v 0.03223148 0.03282613 0.01564077
v 0.00943896 0.04268587 -0.01952568
v 0.02754315 0.04783500 0.00024587
v 0.05170342 0.01733908 0.01968723
v 0.07079298 0.00003170 0.02049503
v 0.08842957 -0.01883772 0.01926867
v 0.01162505 0.03236741 -0.03617889
v 0.03639543 0.02338725 -0.04293031
v 0.06022659 0.01545563 -0.03595572
v 0.07467180 -0.00824739 -0.02925601
v 0.06922067 0.00628640 -0.03069512
v 0.05068024 -0.01850973 -0.04605264
v 0.05013890 -0.03575686 -0.05510993
v 0.05486842 -0.05436742 -0.05898348
v 0.06540200 -0.06840035 -0.05921214
v 0.06454236 -0.01437287 -0.03672976
v 0.07381386 -0.08204448 -0.03899288
v 0.07457579 -0.07203724 -0.02358950
v 0.07439562 -0.06139914 -0.00878235
v 0.08358889 -0.07772478 -0.05444808
v 0.07394744 -0.05288938 0.00502119
v 0.07852086 -0.04467547 0.01105401
v 0.09066126 -0.03528771 0.01494912
v 0.04676869 0.03651803 0.01226253
v 0.02597210 0.05043288 -0.02186090
v 0.04333985 0.05179977 -0.00248274
v 0.06592360 0.02018004 0.01667506
v 0.08429610 0.00187988 0.01902549
v 0.10259172 -0.01931844 0.01840211
v 0.02938038 0.04003572 -0.03895122
v 0.05346537 0.02862955 -0.04229727
v 0.07394421 0.02267305 -0.03588000
v 0.08801750 -0.01568577 -0.02818055
v 0.08010248 0.00051462 -0.02811831
v 0.08001100 0.01425290 -0.03159924
v 0.06158020 -0.02644740 -0.04761950
v 0.06427780 -0.04356249 -0.05662648
v 0.07055283 -0.05723331 -0.06020728
v 0.08475647 -0.06778206 -0.06018882
v 0.07425052 -0.02127324 -0.03543372
v 0.08574772 -0.08204933 -0.04363185
v 0.08131752 -0.07598339 -0.02961914
v 0.08003819 -0.06411938 -0.01745273
v 0.08094791 -0.05797485 -0.00133471
v 0.09886614 -0.07659261 -0.05287783
v 0.07963353 -0.05047455 0.00731255
v 0.08951256 -0.04631454 0.00930243
v 0.10535323 -0.03788868 0.01249104
v 0.06046092 0.03918304 0.00856671
v 0.04266045 0.05517748 -0.02357911
v 0.05767867 0.05403437 -0.00511005
v 0.07892919 0.02273527 0.01365553
v 0.09800040 0.00328097 0.01711647
v 0.11619240 -0.01936043 0.01557634
v 0.04662376 0.04473381 -0.03968427
v 0.06799801 0.03405245 -0.04114925
v 0.08625779 0.02847132 -0.03583745
v 0.09712860 -0.02607644 -0.02882569
v 0.10001143 -0.00970047 -0.02575811
v 0.08667953 0.00756591 -0.02901112
v 0.09189471 0.00014010 -0.02705562
v 0.09171725 0.02021472 -0.03301396
v 0.07251441 -0.03580780 -0.04601822
v 0.07477792 -0.04987437 -0.05476293
v 0.08866462 -0.05716026 -0.05620323
v 0.10172974 -0.06874801 -0.05766780
v 0.08207936 -0.03025167 -0.03499705
v 0.09872783 -0.08092966 -0.04442793
v 0.08920536 -0.07736609 -0.03316332
v 0.08549175 -0.06343688 -0.02766485
v 0.08553904 -0.05811384 -0.02451499
v 0.08754328 -0.06029996 -0.01002092
v 0.08640755 -0.05345964 0.00393780
v 0.10999650 -0.07717111 -0.05187714
v 0.10296276 -0.05012383 0.00338271
v 0.12066704 -0.03962496 0.01077014
v 0.07326310 0.04176732 0.00534913
v 0.05742823 0.05761584 -0.02427363
v 0.07053762 0.05541272 -0.00788624
v 0.09179994 0.02552692 0.01066523
v 0.11258938 0.00487710 0.01454687
v 0.13066167 -0.02193404 0.01194773
v 0.06141266 0.04850866 -0.03870920
v 0.08100441 0.03907593 -0.03961136
v 0.09790984 0.03304939 -0.03666691
v 0.10991415 -0.02076574 -0.02592024
v 0.10239699 -0.03742845 -0.02830679
v 0.11190685 -0.00490458 -0.02717908
v 0.09758646 0.01272256 -0.03075162
v 0.10383072 0.00438241 -0.02854978
v 0.10327407 0.02478463 -0.03405374
v 0.08160684 -0.04094260 -0.03902743
v 0.08214748 -0.04806999 -0.04360248
v 0.09268740 -0.05153890 -0.04408761
v 0.10633582 -0.05805111 -0.05510939
v 0.11367756 -0.07219481 -0.05608342
v 0.08852890 -0.03796509 -0.03278420
v 0.10989189 -0.08060006 -0.04498463
v 0.10060466 -0.07764831 -0.03458003
v 0.09258360 -0.06560292 -0.02853335
v 0.08542326 -0.05148880 -0.03166992
v 0.08721873 -0.04691619 -0.03029430
v 0.09229160 -0.05482094 -0.02003766
v 0.09561512 -0.05663646 -0.00362433
v 0.11771374 -0.07658709 -0.05226843
v 0.11431101 -0.05251678 -0.00882487
v 0.13338079 -0.03936378 0.00933498
v 0.12498387 -0.05016279 -0.00475846
v 0.08552634 0.04470098 0.00185229
v 0.07057331 0.05917442 -0.02482644
v 0.08263108 0.05758605 -0.01057461
v 0.10487106 0.02945838 0.00609506
v 0.12939378 0.00522594 0.01239748
v 0.14520327 -0.02519653 0.00905446
v 0.13466379 -0.01064091 0.00903548
v 0.07461030 0.05188713 -0.03716334
v 0.09335794 0.04353681 -0.03958275
v 0.10866657 0.03502404 -0.03552117
v 0.12083459 -0.01447611 -0.02652960
v 0.11553660 -0.03346846 -0.02513278
v 0.10404924 -0.04748010 -0.02327871
v 0.12289846 -0.00104076 -0.02776747
v 0.10951370 0.01676643 -0.03210094
v 0.11591890 0.00803419 -0.02974449
v 0.11418548 0.02692005 -0.03294191
v 0.09417021 -0.05476492 -0.03230252
v 0.10856277 -0.05277071 -0.04299129
v 0.12143433 -0.05687263 -0.05570345
v 0.12330705 -0.06705089 -0.05783329
v 0.09278316 -0.04600108 -0.02740936
v 0.11926219 -0.08009735 -0.04517367
v 0.11107993 -0.07870812 -0.03618823
v 0.10441035 -0.06838466 -0.02912982
v 0.10237232 -0.05462449 -0.01463007
v 0.12626499 -0.07382121 -0.05316844
v 0.11714395 -0.04583408 -0.02026176
v 0.13632273 -0.04878235 -0.00374852
v 0.14599612 -0.03835636 0.00775208
v 0.12780083 -0.04605404 -0.01882218
v 0.09700807 0.04900901 -0.00381441
v 0.08383209 0.06127043 -0.02610840
v 0.09482271 0.06086676 -0.01391097
v 0.12118461 0.03169815 0.00192489
v 0.14658093 0.00442941 0.01212810
v 0.13031513 0.01717290 0.00264510
v 0.16041774 -0.02721514 0.00782079
v 0.14910677 -0.01856526 0.00214554
v 0.14374844 -0.01270071 0.00502619
v 0.14279411 -0.01574989 0.00244502
v 0.08822144 0.05528434 -0.03696039
v 0.10575333 0.04537099 -0.03831777
v 0.11791778 0.03508815 -0.03053346
v 0.12935185 -0.00895055 -0.02601555
v 0.13163781 -0.02066367 -0.02590132
v 0.12849444 -0.03299688 -0.02524075
v 0.13389302 0.00146286 -0.02655055
v 0.12155700 0.01887961 -0.03107232
v 0.12793368 0.00996642 -0.02877720
v 0.12513936 0.02859538 -0.02910456
v 0.10755998 -0.05796949 -0.03088027
v 0.12193089 -0.05265232 -0.04199678
v 0.13437546 -0.05476212 -0.05391535
v 0.13465709 -0.06295533 -0.05729391
v 0.12801289 -0.07774589 -0.04503321
v 0.11903617 -0.07841389 -0.03613033
v 0.11490164 -0.07324200 -0.03079646
v 0.13534508 -0.06964336 -0.05393829
v 0.14743441 -0.04733989 -0.00345822
v 0.13812330 -0.04561653 -0.01733990
v 0.15960073 -0.03932331 0.00666850
v 0.10519436 0.05257308 -0.00793540
v 0.09854212 0.06329073 -0.02722468
v 0.10445934 0.06191381 -0.01527192
v 0.13696038 0.03047827 0.00247912
v 0.11460024 0.04140513 -0.00837498
v 0.14991402 -0.00909984 0.00853967
v 0.16209867 0.00382251 0.01321659
v 0.15073048 0.01390175 0.00304207
v 0.13975614 0.01601239 -0.00137571
v 0.14157558 0.01445646 -0.00021019
v 0.17403235 -0.02866673 0.00593479
v 0.16183806 -0.01896327 0.00123087
v 0.15409917 -0.01801251 -0.00784622
v 0.15101677 -0.01518002 -0.00430338
v 0.15029982 -0.01693762 -0.00661956
v 0.10297707 0.05675358 -0.03594594
v 0.11575216 0.04473183 -0.03375216
v 0.12460382 0.03458019 -0.02364675
v 0.13805259 -0.00649216 -0.02453753
v 0.13671103 -0.01342420 -0.02432720
v 0.14323578 -0.02197725 -0.02347908
v 0.14064074 -0.03313430 -0.02408597
v 0.14426395 0.00342642 -0.02271791
v 0.13464171 0.02006493 -0.02748249
v 0.13940521 0.01066872 -0.02466684
v 0.13199901 0.03217280 -0.02402822
v 0.12216596 -0.05910153 -0.02978406
v 0.13469803 -0.05155695 -0.04177947
v 0.14474523 -0.05514734 -0.05136117
v 0.14470803 -0.06085293 -0.05579607
v 0.13610959 -0.07496394 -0.04506192
v 0.12773324 -0.07614172 -0.03508830
v 0.12470556 -0.06931018 -0.02866812
v 0.14476186 -0.06655717 -0.05497035
v 0.14888388 -0.04452179 -0.01606089
v 0.15997035 -0.04701955 -0.00435018
v 0.17398229 -0.04045999 0.00427606
v 0.11431905 0.05302354 -0.00778618
v 0.10981795 0.06270033 -0.02631512
v 0.11439551 0.06163185 -0.01487566
v 0.14346564 0.01842191 0.00077078
v 0.15198307 0.03044838 0.00391128
v 0.13756683 0.03853780 -0.00722707
v 0.12426504 0.03847899 -0.01083370
v 0.11858215 0.04052248 -0.01206785
v 0.15552520 -0.01384162 -0.00122460
v 0.16306785 -0.00826299 0.01073616
v 0.17603838 0.00251511 0.01292919
v 0.16475755 0.01338822 0.00575370
v 0.15806740 0.01308018 -0.00736257
v 0.14909300 0.01144917 -0.00827913
v 0.15223476 0.01247485 -0.00862585
v 0.18354874 -0.02975977 0.00538507
v 0.17462084 -0.02010662 0.00057753
v 0.16304783 -0.01821148 -0.00872975
v 0.15528738 -0.02263203 -0.01801353
v 0.15327842 -0.01610413 -0.01404699
v 0.15227740 -0.01979865 -0.01702295
v 0.11382124 0.05575596 -0.03321402
v 0.12220199 0.04510275 -0.03162292
v 0.12466595 0.03707223 -0.02405601
v 0.12513704 0.03626840 -0.01704154
v 0.14786616 -0.00554482 -0.02104698
v 0.14580050 -0.01468337 -0.02083272
v 0.15116886 -0.03349038 -0.02126692
v 0.15143877 0.00736085 -0.01708827
v 0.14617343 0.02204125 -0.02310540
v 0.14751158 0.01020117 -0.01770039
v 0.13122261 0.03616747 -0.01771644
v 0.14432385 0.03104002 -0.02268598
v 0.13586417 -0.05736087 -0.03036605
v 0.14553576 -0.05337530 -0.04160937
v 0.15375290 -0.05767047 -0.04886104
v 0.15512439 -0.06103738 -0.05233990
v 0.14303710 -0.07362120 -0.04501355
v 0.13747940 -0.07343123 -0.03450505
v 0.13762816 -0.06707826 -0.02851328
v 0.15542669 -0.06569763 -0.05364338
v 0.14642653 -0.07004900 -0.05193446
v 0.16065225 -0.04420300 -0.01654708
v 0.17502745 -0.04716076 -0.00604785
v 0.18370575 -0.04010956 0.00389609
v 0.11955116 0.04313538 -0.01002976
v 0.12334416 0.05345028 -0.00753553
v 0.11749050 0.06211524 -0.02523439
v 0.12325126 0.06149870 -0.01424258
v 0.15063822 0.01246555 -0.00765780
v 0.15490607 0.01909057 0.00280068
v 0.16414234 0.03017791 0.00342093
v 0.15202457 0.03834485 -0.00419525
v 0.14241386 0.03698468 -0.01714078
v 0.16573030 -0.01344255 0.00084669
v 0.15784863 -0.01257096 -0.01115187
v 0.17720970 -0.00858726 0.01082656
v 0.18555111 0.00188630 0.01307421
v 0.17769081 0.01188498 0.00758033
v 0.16811505 0.01374360 -0.00523581
v 0.15897095 0.00645143 -0.01562020
v 0.19102272 -0.03074193 0.00541932
v 0.18367785 -0.02149383 0.00141187
v 0.17598341 -0.01865724 -0.00882799
v 0.16367098 -0.02309774 -0.01852620
v 0.12019273 0.05577454 -0.03200032
v 0.12880782 0.04614634 -0.03127675
v 0.13004852 0.03852561 -0.02408441
v 0.12428409 0.03735176 -0.01626169
v 0.15741939 -0.00364398 -0.01632437
v 0.16234473 -0.03364557 -0.02144141
v 0.15026959 0.01328238 -0.01771456
v 0.15785175 0.02264438 -0.02322105
v 0.15611958 0.03200960 -0.02192751
v 0.14700025 -0.05874930 -0.03235570
v 0.15381279 -0.05696438 -0.04175243
v 0.15801912 -0.05982357 -0.04260434
v 0.16063500 -0.06294540 -0.04394697
v 0.14815352 -0.07363949 -0.04552606
v 0.14787779 -0.07300212 -0.03743577
v 0.14885643 -0.07156893 -0.03350499
v 0.14924392 -0.06578461 -0.03032435
v 0.16204611 -0.06798642 -0.04534788
v 0.15458036 -0.06873746 -0.05281958
v 0.17709116 -0.04403589 -0.01833714
v 0.18611365 -0.04600827 -0.00209391
v 0.19032276 -0.04086030 0.00349541
v 0.12555331 0.04434417 -0.00894574
v 0.13178140 0.05370306 -0.00777890
v 0.12461901 0.06212454 -0.02412883
v 0.13181315 0.06067509 -0.01326603
v 0.15819337 0.01279694 -0.00692805
v 0.16591734 0.01954917 0.00296693
v 0.17167845 0.02950054 0.00296876
v 0.16450551 0.03803079 -0.00267162
v 0.15402388 0.03798518 -0.01471728
v 0.16781930 -0.01169728 -0.00983812
v 0.18048486 -0.01385327 0.00169409
v 0.18658716 -0.00812948 0.01182653
v 0.19342008 0.00138444 0.01384074
v 0.18647442 0.01035991 0.00979749
v 0.18127155 0.01424756 -0.00205569
v 0.16917067 0.00763197 -0.01378191
v 0.19904395 -0.03177315 0.00528489
v 0.19008449 -0.02216682 0.00160006
v 0.18609979 -0.01930394 -0.00439865
v 0.17744735 -0.02270461 -0.01860634
v 0.12692088 0.05644308 -0.03122283
v 0.13834110 0.04724715 -0.03113643
v 0.13928721 0.03930657 -0.02360756
v 0.12840843 0.03860389 -0.01573778
v 0.16879463 -0.00255544 -0.01543303
v 0.17751949 -0.03264620 -0.02259248
v 0.15938894 0.01387329 -0.01776024
v 0.17222151 0.02387188 -0.02329909
v 0.17097635 0.03390114 -0.02091345
v 0.15481586 -0.06047889 -0.03548630
v 0.15770593 -0.06469695 -0.03499683
v 0.15612870 -0.07366914 -0.04597097
v 0.15641400 -0.07264937 -0.03697524
v 0.15881181 -0.06972495 -0.03569148
v 0.16075391 -0.07200849 -0.04625652
v 0.19201032 -0.04296336 -0.01716323
v 0.19499579 -0.04728930 -0.00712372
v 0.19825682 -0.04254648 0.00219906
v 0.13340350 0.04590792 -0.00847905
v 0.13882310 0.05360884 -0.00818163
v 0.13398698 0.06243434 -0.02175003
v 0.13857454 0.05938251 -0.01210968
v 0.16936112 0.01349661 -0.00595915
v 0.17330905 0.02045865 0.00316294
v 0.17885739 0.02900338 0.00276025
v 0.17249214 0.03681531 -0.00144750
v 0.16739238 0.03897630 -0.01242891
v 0.18413016 -0.01208320 -0.00975631
v 0.19079473 -0.01292550 0.00619430
v 0.19332906 -0.00841063 0.01220302
v 0.20284215 0.00063785 0.01350828
v 0.19322866 0.01008273 0.01059799
v 0.19058303 0.01364438 0.00431595
v 0.18431685 0.00961873 -0.01158441
v 0.20857045 -0.03210201 0.00401706
v 0.19812888 -0.02236131 0.00091803
v 0.19501985 -0.01965701 -0.00820743
v 0.19205608 -0.02355907 -0.01710284
v 0.13687303 0.05799838 -0.03002336
v 0.14728583 0.04857992 -0.03078144
v 0.14824919 0.04070736 -0.02334076
v 0.13682511 0.04017414 -0.01431357
v 0.18488163 -0.00122457 -0.01546079
v 0.19168183 -0.03268218 -0.02020441
v 0.17255482 0.01438341 -0.01747942
v 0.18515610 0.02533908 -0.02126128
v 0.18488592 0.03501936 -0.01836182
v 0.20577488 -0.04263444 -0.01670328
v 0.20713555 -0.04657995 -0.00745440
v 0.20830303 -0.04204842 0.00090932
v 0.14031163 0.04730169 -0.00813934
v 0.14427861 0.05377286 -0.00851892
v 0.14080901 0.06198737 -0.01722399
v 0.14341218 0.05943039 -0.01213033
v 0.17747149 0.01515803 -0.00213366
v 0.17947858 0.02019145 0.00239978
v 0.18677625 0.02767997 0.00296796
v 0.17865300 0.03605232 -0.00130571
v 0.17651179 0.03914290 -0.00715364
v 0.20039124 -0.01053549 -0.00795816
v 0.20105641 -0.01361718 0.00244612
v 0.20246897 -0.00939180 0.01066997
v 0.21378654 0.00002820 0.01239609
v 0.20251421 0.01016641 0.00989941
v 0.20064693 0.01412920 0.00125031
v 0.19992140 0.01051658 -0.00830801
v 0.21673787 -0.03165660 0.00265736
v 0.20776275 -0.02298065 -0.00030501
v 0.20639903 -0.02090007 -0.00857511
v 0.20530119 -0.02398293 -0.01640976
v 0.14678103 0.05937924 -0.02928904
v 0.15749172 0.04906471 -0.03142535
v 0.15780901 0.04167080 -0.02432665
v 0.14948398 0.04150964 -0.01461226
v 0.14350140 0.04310207 -0.01128150
v 0.20037532 0.00025398 -0.01224549
v 0.20497414 -0.03286705 -0.01981141
v 0.18541288 0.01613592 -0.01616411
v 0.19803197 0.02672631 -0.01952322
v 0.18541726 0.03901782 -0.00925483
v 0.19734174 0.03557325 -0.01542337
v 0.21736068 -0.04272963 -0.01547349
v 0.21724552 -0.04540989 -0.00592116
v 0.21676818 -0.04064116 0.00062433
v 0.14495203 0.04755306 -0.00851289
v 0.15019717 0.05387592 -0.00917280
v 0.14781896 0.06255009 -0.02046619
v 0.14944795 0.06015685 -0.01335127
v 0.18616221 0.01445451 -0.00597225
v 0.18700406 0.01893564 0.00129488
v 0.19558096 0.02686071 0.00412840
v 0.18626395 0.03560452 -0.00102930
v 0.21363947 -0.00992412 -0.00843318
v 0.21353084 -0.01287601 0.00113628
v 0.21376437 -0.00919815 0.00909492
v 0.22338081 -0.00017268 0.01083505
v 0.21348659 0.00915834 0.00911741
v 0.21281451 0.01320205 0.00055518
v 0.21298018 0.01049628 -0.00833581
v 0.22266456 -0.03129723 0.00168156
v 0.21639222 -0.02366349 -0.00111312
v 0.21613035 -0.02141676 -0.00830112
v 0.21632982 -0.02427564 -0.01617390
v 0.15769512 0.05972979 -0.02985334
v 0.16662804 0.04935750 -0.03189021
v 0.16647417 0.04235289 -0.02490229
v 0.15807151 0.04210832 -0.01651767
v 0.15048828 0.04676343 -0.00968473
v 0.21349169 0.00095272 -0.01272252
v 0.21679240 -0.03315546 -0.01942943
v 0.19781971 0.01710603 -0.01465274
v 0.20965586 0.02663879 -0.01752318
v 0.19625286 0.03861875 -0.00704325
v 0.20867353 0.03560721 -0.01324851
v 0.22902148 -0.04316271 -0.01471186
v 0.22460631 -0.04349887 -0.00238445
v 0.22291311 -0.03899553 0.00087583
v 0.15780590 0.05359553 -0.01042650
v 0.15793240 0.06240849 -0.02124537
v 0.15782655 0.05984052 -0.01421477
v 0.19658991 0.01511262 -0.00548677
v 0.19594476 0.01904009 0.00163623
v 0.20472451 0.02695776 0.00411134
v 0.19574448 0.03480619 0.00089027
v 0.22772329 -0.00920019 -0.00845449
v 0.22582608 -0.01171062 0.00133083
v 0.22410456 -0.00811428 0.00807108
v 0.23042241 -0.00002599 0.00961220
v 0.22339136 0.00800961 0.00825723
v 0.22470546 0.01232592 0.00123381
v 0.22710389 0.01095636 -0.00768704
v 0.22253037 -0.02452894 -0.00118388
v 0.22669977 -0.03149407 0.00141831
v 0.22394854 -0.02219422 -0.00554408
v 0.22871866 -0.02489961 -0.01589996
v 0.16713989 0.05969287 -0.03020825
v 0.17661435 0.04931895 -0.03190001
v 0.17656106 0.04232099 -0.02529940
v 0.16580406 0.04301252 -0.01735764
v 0.15816477 0.04690195 -0.01160703
v 0.22800144 0.00204140 -0.01276137
v 0.22827985 -0.03418990 -0.01887367
v 0.20896536 0.01722930 -0.01238859
v 0.22029233 0.02572403 -0.01625598
v 0.20698114 0.03775254 -0.00489976
v 0.22009064 0.03500847 -0.01268278
v 0.23968452 -0.04295601 -0.01380685
v 0.23098898 -0.04529401 -0.00537447
v 0.22685050 -0.03887360 0.00081017
v 0.16454842 0.05326023 -0.01195179
v 0.16639030 0.06190469 -0.02111150
v 0.16500405 0.05884114 -0.01489896
v 0.20641833 0.01590032 -0.00349504
v 0.20489734 0.01989076 0.00229186
v 0.21171150 0.02718215 0.00397061
v 0.20544309 0.03390324 0.00138693
v 0.24127946 -0.00813324 -0.00818463
v 0.23402121 -0.01016604 0.00414490
v 0.23119032 -0.00699207 0.00783822
v 0.23040408 0.00685023 0.00788565
v 0.23550018 0.00021633 0.00939605
v 0.23269200 0.01081050 0.00425202
v 0.24033280 0.01145031 -0.00632214
v 0.22617540 -0.02482742 -0.00144276
v 0.23197719 -0.03225585 0.00123073
v 0.23031450 -0.02221957 -0.00836639
v 0.23954415 -0.02593041 -0.01499507
v 0.17659896 0.05911358 -0.03021115
v 0.18588656 0.04923760 -0.03109444
v 0.18531391 0.04287393 -0.02543526
v 0.17660272 0.04276115 -0.01837224
v 0.17078930 0.04448967 -0.01609884
v 0.16480512 0.04735602 -0.01298426
v 0.24088006 0.00230395 -0.01186461
v 0.23928228 -0.03515685 -0.01823898
v 0.22013685 0.01705761 -0.01094360
v 0.23027990 0.02512361 -0.01597278
v 0.21414595 0.03619926 -0.00194232
v 0.22121636 0.03741357 -0.00539544
v 0.23016330 0.03396264 -0.01278537
v 0.24824845 -0.04180266 -0.01230213
v 0.24004367 -0.04529635 -0.00650427
v 0.23229610 -0.04008204 0.00018428
v 0.16871818 0.05278313 -0.01294608
v 0.17104367 0.06065865 -0.01872249
v 0.16912097 0.05769710 -0.01504750
v 0.21383929 0.01753653 0.00004488
v 0.21174556 0.02097281 0.00296679
v 0.21206367 0.03306605 0.00176962
v 0.21676871 0.02748188 0.00365603
v 0.25173040 -0.00714273 -0.00739449
v 0.24202894 -0.01130913 0.00109138
v 0.23563734 -0.00699492 0.00760464
v 0.23517171 0.00700560 0.00761748
v 0.24155446 0.00027663 0.00939722
v 0.24028462 0.01185624 0.00167817
v 0.24988721 0.01078983 -0.00537774
v 0.23155278 -0.02472258 -0.00222243
v 0.23762834 -0.03307710 0.00054382
v 0.23919717 -0.02306472 -0.00889899
v 0.24814394 -0.02720339 -0.01367551
v 0.17673156 0.06156270 -0.02228483
v 0.18627308 0.05819748 -0.02946434
v 0.19350117 0.04902315 -0.02935816
v 0.19252119 0.04375672 -0.02489023
v 0.18401331 0.04231395 -0.01938334
v 0.17678833 0.04657385 -0.01471897
v 0.17214069 0.04755945 -0.01412773
v 0.16889092 0.04779150 -0.01360806
v 0.25104636 0.00221043 -0.01061735
v 0.24789744 -0.03524163 -0.01609769
v 0.23047892 0.01725384 -0.01056809
v 0.22105086 0.01609833 -0.00234223
v 0.23904875 0.02500724 -0.01516731
v 0.21655663 0.03318768 0.00131070
v 0.22245795 0.03422470 -0.00003567
v 0.22986290 0.03731302 -0.00655635
v 0.23865983 0.03313186 -0.01192274
v 0.25383523 -0.03926416 -0.01094373
v 0.24836451 -0.04404416 -0.00649935
v 0.23899368 -0.04132913 -0.00099957
v 0.17224995 0.05252342 -0.01351382
v 0.17220175 0.05754027 -0.01561425
v 0.21634805 0.02108479 0.00288717
v 0.22260358 0.02779870 0.00319267
v 0.25999894 -0.00586584 -0.00602751
v 0.25158459 -0.01091011 0.00029862
v 0.24218389 -0.00788421 0.00711680
v 0.24104181 0.00766035 0.00719583
v 0.24698049 0.00018486 0.00910106
v 0.24893224 0.01185714 0.00146484
v 0.25800168 0.00974516 -0.00445336
v 0.23832581 -0.02519682 -0.00312326
v 0.24183279 -0.03358598 -0.00035839
v 0.24748795 -0.02407875 -0.00892667
v 0.25372973 -0.02960490 -0.01215009
v 0.17678797 0.05820938 -0.01670825
v 0.18447251 0.06107607 -0.02280299
v 0.19426659 0.05671836 -0.02773472
v 0.19812575 0.04913264 -0.02696474
v 0.19747710 0.04529417 -0.02399473
v 0.19130418 0.04260485 -0.02003025
v 0.18237403 0.04534385 -0.01576017
v 0.17675972 0.05237746 -0.01374390
v 0.25917864 0.00230261 -0.00890251
v 0.25306284 -0.03500460 -0.01337069
v 0.23925921 0.01797815 -0.01037223
v 0.23023179 0.01585362 -0.00308842
v 0.22229237 0.02049934 0.00240599
v 0.24497465 0.02560023 -0.01274769
v 0.22925904 0.03455230 -0.00129832
v 0.23818024 0.03673833 -0.00670887
v 0.24522642 0.03107784 -0.01067139
v 0.25580693 -0.03436070 -0.01109563
v 0.25499814 -0.04076313 -0.00662367
v 0.24691397 -0.04180035 -0.00214080
v 0.22876266 0.02741279 0.00270460
v 0.26577115 -0.00330251 -0.00398724
v 0.25989085 -0.00973792 0.00057744
v 0.24951061 -0.00833609 0.00663909
v 0.24758175 0.00821877 0.00657035
v 0.25113747 0.00019594 0.00866313
v 0.25693587 0.01165323 0.00149064
v 0.26482021 0.00742432 -0.00335101
v 0.24545752 -0.02541261 -0.00437293
v 0.24587926 -0.03888433 -0.00103551
v 0.24574515 -0.03320179 -0.00050649
v 0.24500093 -0.02821503 -0.00220030
v 0.25476873 -0.02665971 -0.00839697
v 0.18253326 0.05828045 -0.01739922
v 0.19257214 0.06009744 -0.02222272
v 0.19924575 0.05394524 -0.02583563
v 0.20035117 0.04907832 -0.02473538
v 0.19779280 0.04434609 -0.02012958
v 0.18940035 0.04444099 -0.01674821
v 0.18191922 0.05204540 -0.01412975
v 0.26451391 0.00206925 -0.00629751
v 0.24614337 0.02063541 -0.00998296
v 0.23914378 0.01579335 -0.00348244
v 0.22956768 0.01963654 0.00158809
v 0.24816665 0.02631522 -0.00991179
v 0.23701545 0.03499278 -0.00263415
v 0.24594140 0.03456314 -0.00651773
v 0.25783485 -0.03359850 -0.00760044
v 0.25423014 -0.04043320 -0.00283881
v 0.23365107 0.02720472 0.00221062
v 0.26787114 0.00213241 -0.00312276
v 0.26718915 -0.00623826 0.00125112
v 0.25805533 -0.00826442 0.00606514
v 0.25527951 0.00927461 0.00547292
v 0.25493538 0.00631265 0.00725882
v 0.25622338 -0.00463461 0.00784971
v 0.25574299 0.00085355 0.00890042
v 0.26515353 0.01031431 0.00129099
v 0.25328368 -0.02661478 -0.00482445
v 0.25288341 -0.03942957 -0.00186936
v 0.25263726 -0.03294064 -0.00090895
v 0.25183474 -0.02766242 -0.00353297
v 0.18956718 0.05850597 -0.01822663
v 0.19980554 0.05718922 -0.02146943
v 0.20183400 0.04958682 -0.02067075
v 0.19726315 0.04525023 -0.01739863
v 0.18905398 0.04722499 -0.01532833
v 0.18617472 0.05173075 -0.01470678
v 0.24747446 0.01832988 -0.00429006
v 0.23828826 0.01867772 0.00053157
v 0.25031983 0.02734349 -0.00568194
v 0.23697281 0.03237870 -0.00017814
v 0.24502033 0.03467790 -0.00334995
v 0.25763082 -0.03311190 -0.00375219
v 0.23795298 0.02241810 0.00205283
v 0.23788217 0.02752409 0.00226133
v 0.26998919 0.00220980 0.00125130
v 0.26656911 -0.00622279 0.00600265
v 0.26426384 0.00946566 0.00539684
v 0.26344093 0.00769166 0.00719945
v 0.26462040 -0.00504147 0.00794716
v 0.26400519 0.00139083 0.00965992
v 0.25674739 -0.03307793 -0.00209324
v 0.18869064 0.05597646 -0.01635714
v 0.19808515 0.05723760 -0.01800892
v 0.20124864 0.05032420 -0.01741179
v 0.19629014 0.04647246 -0.01619737
v 0.18949503 0.05186745 -0.01489427
v 0.24702483 0.01934857 0.00013317
v 0.25033521 0.02791569 -0.00175305
v 0.24411500 0.03317966 -0.00110673
v 0.24576634 0.02143302 0.00199302
v 0.24521256 0.02777335 0.00242960
v 0.26969263 0.00199518 0.00612506
v 0.26746120 0.00168207 0.00905295
v 0.19657544 0.05642753 -0.01674739
v 0.19986150 0.05112792 -0.01548810
v 0.19605928 0.05165940 -0.01496533
v 0.24910953 0.02795020 0.00127928
f 721 627 2152
f 5 721 722
f 722 721 2152
f 719 627 2153
f 2153 627 723
f 2 724 723
f 723 724 2153
f 724 10 2153
f 2153 10 725
f 15 719 725
f 725 719 2153
f 727 705 2154
f 2154 705 728
f 728 19 2154
f 2154 19 729
f 18 720 729
f 729 720 2154
f 15 727 720
f 720 727 2154
f 11 731 730
f 730 731 2155
f 731 5 2155
f 2155 5 722
f 732 2 2156
f 2156 2 723
f 627 721 723
f 723 721 2156
f 721 5 2156
f 2156 5 733
f 3 732 733
f 733 732 2156
f 734 1 2157
f 2157 1 735
f 9 736 735
f 735 736 2157
f 736 10 2157
f 2157 10 724
f 724 2 2157
f 2157 2 734
f 725 10 2158
f 2158 10 737
f 14 738 737
f 737 738 2158
f 738 705 2158
f 2158 705 727
f 15 725 727
f 727 725 2158
f 19 740 729
f 729 740 2159
f 740 54 2159
f 2159 54 741
f 55 726 741
f 741 726 2159
f 726 18 2159
f 2159 18 729
f 31 743 742
f 742 743 2160
f 743 39 2160
f 2160 39 744
f 19 728 744
f 744 728 2160
f 728 705 2160
f 2160 705 742
f 745 11 2161
f 2161 11 730
f 746 16 2161
f 2161 16 745
f 5 731 747
f 747 731 2162
f 731 11 2162
f 2162 11 748
f 12 749 748
f 748 749 2162
f 749 6 2162
f 2162 6 747
f 2 732 734
f 734 732 2163
f 732 3 2163
f 2163 3 750
f 4 751 750
f 750 751 2163
f 751 1 2163
f 2163 1 734
f 5 747 733
f 733 747 2164
f 6 752 747
f 747 752 2164
f 752 8 2164
f 2164 8 753
f 3 733 753
f 753 733 2164
f 1 754 735
f 735 754 2165
f 754 23 2165
f 2165 23 755
f 30 756 755
f 755 756 2165
f 756 9 2165
f 2165 9 735
f 757 14 2166
f 2166 14 737
f 10 736 737
f 737 736 2166
f 736 9 2166
f 2166 9 758
f 13 757 758
f 758 757 2166
f 706 760 759
f 759 760 2167
f 760 31 2167
f 2167 31 742
f 705 738 742
f 742 738 2167
f 738 14 2167
f 2167 14 759
f 61 739 763
f 763 739 2168
f 739 55 2168
f 2168 55 741
f 741 54 2168
f 2168 54 764
f 62 763 764
f 764 763 2168
f 39 765 744
f 744 765 2169
f 765 583 2169
f 2169 583 766
f 54 740 766
f 766 740 2169
f 740 19 2169
f 2169 19 744
f 39 743 767
f 767 743 2170
f 743 31 2170
f 2170 31 768
f 700 769 768
f 768 769 2170
f 769 671 2170
f 2170 671 767
f 16 746 770
f 770 746 2171
f 771 20 2171
f 2171 20 770
f 16 772 745
f 745 772 2172
f 17 773 772
f 772 773 2172
f 773 12 2172
f 2172 12 748
f 11 745 748
f 748 745 2172
f 749 12 2173
f 2173 12 774
f 33 775 774
f 774 775 2173
f 775 26 2173
f 2173 26 776
f 6 749 776
f 776 749 2173
f 777 4 2174
f 2174 4 750
f 750 3 2174
f 2174 3 753
f 8 778 753
f 753 778 2174
f 7 777 778
f 778 777 2174
f 751 4 2175
f 2175 4 779
f 22 780 779
f 779 780 2175
f 23 754 780
f 780 754 2175
f 1 751 754
f 754 751 2175
f 8 752 781
f 781 752 2176
f 752 6 2176
f 2176 6 776
f 26 782 776
f 776 782 2176
f 782 27 2176
f 2176 27 781
f 783 30 2177
f 2177 30 755
f 23 784 755
f 755 784 2177
f 784 630 2177
f 2177 630 785
f 628 783 785
f 785 783 2177
f 9 756 758
f 758 756 2178
f 756 30 2178
f 2178 30 786
f 38 787 786
f 786 787 2178
f 787 13 2178
f 2178 13 758
f 757 13 2179
f 2179 13 788
f 32 789 788
f 788 789 2179
f 789 706 2179
f 2179 706 759
f 14 757 759
f 759 757 2179
f 707 791 790
f 790 791 2180
f 791 700 2180
f 2180 700 768
f 31 760 768
f 768 760 2180
f 760 706 2180
f 2180 706 790
f 792 48 2181
f 2181 48 761
f 61 763 761
f 761 763 2181
f 763 62 2181
f 2181 62 793
f 47 792 793
f 793 792 2181
f 40 795 794
f 794 795 2182
f 795 41 2182
f 2182 41 762
f 48 792 762
f 762 792 2182
f 792 47 2182
f 2182 47 794
f 766 583 2183
f 2183 583 797
f 79 798 797
f 797 798 2183
f 798 62 2183
f 2183 62 764
f 54 766 764
f 764 766 2183
f 583 765 799
f 799 765 2184
f 765 39 2184
f 2184 39 767
f 671 800 767
f 767 800 2184
f 800 672 2184
f 2184 672 799
f 671 769 801
f 801 769 2185
f 769 700 2185
f 2185 700 802
f 699 803 802
f 802 803 2185
f 803 682 2185
f 2185 682 801
f 2186 24 804
f 20 771 804
f 804 771 2186
f 20 805 770
f 770 805 2187
f 805 21 2187
f 2187 21 806
f 17 772 806
f 806 772 2187
f 772 16 2187
f 2187 16 770
f 773 17 2188
f 2188 17 807
f 807 42 2188
f 2188 42 808
f 808 33 2188
f 2188 33 774
f 12 773 774
f 774 773 2188
f 26 775 809
f 809 775 2189
f 775 33 2189
f 2189 33 810
f 654 811 810
f 810 811 2189
f 811 653 2189
f 2189 653 809
f 777 7 2190
f 2190 7 812
f 29 813 812
f 812 813 2190
f 813 22 2190
f 2190 22 779
f 4 777 779
f 779 777 2190
f 778 8 2191
f 2191 8 781
f 781 27 2191
f 2191 27 814
f 28 815 814
f 814 815 2191
f 815 7 2191
f 2191 7 778
f 816 630 2192
f 2192 630 784
f 23 780 784
f 784 780 2192
f 780 22 2192
f 2192 22 817
f 631 816 817
f 817 816 2192
f 27 782 818
f 818 782 2193
f 782 26 2193
f 2193 26 809
f 653 819 809
f 809 819 2193
f 819 655 2193
f 2193 655 818
f 30 783 786
f 786 783 2194
f 783 628 2194
f 2194 628 820
f 629 821 820
f 820 821 2194
f 821 38 2194
f 2194 38 786
f 46 823 822
f 822 823 2195
f 823 628 2195
f 2195 628 785
f 630 824 785
f 785 824 2195
f 824 37 2195
f 2195 37 822
f 13 787 788
f 788 787 2196
f 787 38 2196
f 2196 38 825
f 60 826 825
f 825 826 2196
f 826 32 2196
f 2196 32 788
f 827 707 2197
f 2197 707 790
f 706 789 790
f 790 789 2197
f 789 32 2197
f 2197 32 828
f 701 827 828
f 828 827 2197
f 700 791 802
f 802 791 2198
f 791 707 2198
f 2198 707 829
f 708 830 829
f 829 830 2198
f 830 699 2198
f 2198 699 802
f 831 47 2199
f 2199 47 793
f 62 798 793
f 793 798 2199
f 798 79 2199
f 2199 79 832
f 70 831 832
f 832 831 2199
f 833 40 2200
f 2200 40 794
f 47 831 794
f 794 831 2200
f 831 70 2200
f 2200 70 834
f 65 833 834
f 834 833 2200
f 25 836 835
f 835 836 2201
f 836 24 2201
f 2201 24 796
f 41 795 796
f 796 795 2201
f 795 40 2201
f 2201 40 835
f 837 79 2202
f 2202 79 797
f 797 583 2202
f 2202 583 799
f 799 672 2202
f 2202 672 838
f 673 837 838
f 838 837 2202
f 672 800 839
f 839 800 2203
f 800 671 2203
f 2203 671 801
f 682 840 801
f 801 840 2203
f 683 839 840
f 840 839 2203
f 841 685 2204
f 2204 685 842
f 682 803 842
f 842 803 2204
f 803 699 2204
f 2204 699 843
f 697 841 843
f 843 841 2204
f 805 20 2205
f 2205 20 804
f 24 836 804
f 804 836 2205
f 836 25 2205
f 2205 25 844
f 21 805 844
f 844 805 2205
f 21 845 806
f 806 845 2206
f 845 49 2206
f 2206 49 846
f 42 807 846
f 846 807 2206
f 807 17 2206
f 2206 17 806
f 847 656 2207
f 2207 656 848
f 654 810 848
f 848 810 2207
f 810 33 2207
f 2207 33 808
f 42 847 808
f 808 847 2207
f 849 717 2208
f 2208 717 850
f 653 811 850
f 850 811 2208
f 811 654 2208
f 2208 654 851
f 716 849 851
f 851 849 2208
f 7 815 812
f 812 815 2209
f 815 28 2209
f 2209 28 852
f 57 853 852
f 852 853 2209
f 853 29 2209
f 2209 29 812
f 854 631 2210
f 2210 631 817
f 22 813 817
f 817 813 2210
f 813 29 2210
f 2210 29 855
f 632 854 855
f 855 854 2210
f 27 818 814
f 814 818 2211
f 818 655 2211
f 2211 655 856
f 718 857 856
f 856 857 2211
f 857 28 2211
f 2211 28 814
f 630 816 824
f 824 816 2212
f 816 631 2212
f 2212 631 858
f 34 859 858
f 858 859 2212
f 859 37 2212
f 2212 37 824
f 717 860 850
f 850 860 2213
f 860 718 2213
f 2213 718 856
f 655 819 856
f 856 819 2213
f 819 653 2213
f 2213 653 850
f 628 823 820
f 820 823 2214
f 823 46 2214
f 2214 46 861
f 52 862 861
f 861 862 2214
f 862 629 2214
f 2214 629 820
f 38 821 825
f 825 821 2215
f 821 629 2215
f 2215 629 863
f 634 864 863
f 863 864 2215
f 864 60 2215
f 2215 60 825
f 865 36 2216
f 2216 36 866
f 45 867 866
f 866 867 2216
f 867 46 2216
f 2216 46 822
f 37 865 822
f 822 865 2216
f 32 826 828
f 828 826 2217
f 826 60 2217
f 2217 60 868
f 703 869 868
f 868 869 2217
f 869 701 2217
f 2217 701 828
f 707 827 829
f 829 827 2218
f 827 701 2218
f 2218 701 870
f 702 871 870
f 870 871 2218
f 871 708 2218
f 2218 708 829
f 699 830 843
f 843 830 2219
f 830 708 2219
f 2219 708 872
f 709 873 872
f 872 873 2219
f 873 697 2219
f 2219 697 843
f 874 70 2220
f 2220 70 832
f 79 837 832
f 832 837 2220
f 837 673 2220
f 2220 673 875
f 664 874 875
f 875 874 2220
f 876 25 2221
f 2221 25 835
f 40 833 835
f 835 833 2221
f 833 65 2221
f 2221 65 877
f 56 876 877
f 877 876 2221
f 662 879 878
f 878 879 2222
f 879 65 2222
f 2222 65 834
f 70 874 834
f 834 874 2222
f 874 664 2222
f 2222 664 878
f 880 673 2223
f 2223 673 838
f 672 839 838
f 838 839 2223
f 839 683 2223
f 2223 683 881
f 684 880 881
f 881 880 2223
f 686 883 882
f 882 883 2224
f 883 683 2224
f 2224 683 840
f 840 682 2224
f 2224 682 842
f 842 685 2224
f 2224 685 882
f 685 841 884
f 884 841 2225
f 841 697 2225
f 2225 697 885
f 669 886 885
f 885 886 2225
f 886 688 2225
f 2225 688 884
f 25 876 844
f 844 876 2226
f 876 56 2226
f 2226 56 887
f 49 845 887
f 887 845 2226
f 845 21 2226
f 2226 21 844
f 656 847 888
f 888 847 2227
f 847 42 2227
f 2227 42 846
f 49 889 846
f 846 889 2227
f 889 657 2227
f 2227 657 888
f 890 619 2228
f 2228 619 891
f 618 892 891
f 891 892 2228
f 892 654 2228
f 2228 654 848
f 656 890 848
f 848 890 2228
f 893 652 2229
f 2229 652 894
f 717 849 894
f 894 849 2229
f 849 716 2229
f 2229 716 895
f 603 893 895
f 895 893 2229
f 715 897 896
f 896 897 2230
f 897 716 2230
f 2230 716 851
f 654 892 851
f 851 892 2230
f 892 618 2230
f 2230 618 896
f 857 718 2231
f 2231 718 898
f 649 899 898
f 898 899 2231
f 899 57 2231
f 2231 57 852
f 28 857 852
f 852 857 2231
f 29 853 855
f 855 853 2232
f 853 57 2232
f 2232 57 900
f 633 901 900
f 900 901 2232
f 901 632 2232
f 2232 632 855
f 902 34 2233
f 2233 34 858
f 631 854 858
f 858 854 2233
f 854 632 2233
f 2233 632 903
f 43 902 903
f 903 902 2233
f 35 905 904
f 904 905 2234
f 905 36 2234
f 2234 36 865
f 37 859 865
f 865 859 2234
f 859 34 2234
f 2234 34 904
f 860 717 2235
f 2235 717 894
f 652 906 894
f 894 906 2235
f 906 649 2235
f 2235 649 898
f 718 860 898
f 898 860 2235
f 46 867 861
f 861 867 2236
f 867 45 2236
f 2236 45 907
f 53 908 907
f 907 908 2236
f 908 52 2236
f 2236 52 861
f 629 862 863
f 863 862 2237
f 862 52 2237
f 2237 52 909
f 69 910 909
f 909 910 2237
f 910 634 2237
f 2237 634 863
f 60 864 868
f 868 864 2238
f 864 634 2238
f 2238 634 911
f 911 665 2238
f 2238 665 912
f 703 868 912
f 912 868 2238
f 36 913 866
f 866 913 2239
f 51 914 913
f 913 914 2239
f 59 915 914
f 914 915 2239
f 915 45 2239
f 2239 45 866
f 701 869 870
f 870 869 2240
f 869 703 2240
f 2240 703 916
f 704 917 916
f 916 917 2240
f 917 702 2240
f 2240 702 870
f 708 871 872
f 872 871 2241
f 871 702 2241
f 2241 702 918
f 698 919 918
f 918 919 2241
f 919 709 2241
f 2241 709 872
f 710 921 920
f 920 921 2242
f 921 669 2242
f 2242 669 885
f 697 873 885
f 885 873 2242
f 873 709 2242
f 2242 709 920
f 922 664 2243
f 2243 664 875
f 673 880 875
f 875 880 2243
f 880 684 2243
f 2243 684 923
f 663 922 923
f 923 922 2243
f 660 925 924
f 924 925 2244
f 925 56 2244
f 2244 56 877
f 65 879 877
f 877 879 2244
f 879 662 2244
f 2244 662 924
f 661 927 926
f 926 927 2245
f 927 662 2245
f 2245 662 878
f 664 922 878
f 878 922 2245
f 922 663 2245
f 2245 663 926
f 883 686 2246
f 2246 686 928
f 687 929 928
f 928 929 2246
f 929 684 2246
f 2246 684 881
f 683 883 881
f 881 883 2246
f 930 686 2247
f 2247 686 882
f 685 884 882
f 882 884 2247
f 688 931 884
f 884 931 2247
f 689 930 931
f 931 930 2247
f 688 886 932
f 932 886 2248
f 886 669 2248
f 2248 669 933
f 668 934 933
f 933 934 2248
f 934 691 2248
f 2248 691 932
f 889 49 2249
f 2249 49 887
f 56 925 887
f 887 925 2249
f 925 660 2249
f 2249 660 935
f 657 889 935
f 935 889 2249
f 619 890 936
f 936 890 2250
f 890 656 2250
f 2250 656 888
f 657 937 888
f 888 937 2250
f 937 658 2250
f 2250 658 936
f 619 938 891
f 891 938 2251
f 938 613 2251
f 2251 613 939
f 612 940 939
f 939 940 2251
f 940 618 2251
f 2251 618 891
f 941 651 2252
f 2252 651 942
f 652 893 942
f 942 893 2252
f 893 603 2252
f 2252 603 943
f 605 941 943
f 943 941 2252
f 897 715 2253
f 2253 715 944
f 602 945 944
f 944 945 2253
f 603 895 945
f 945 895 2253
f 716 897 895
f 895 897 2253
f 946 715 2254
f 2254 715 896
f 618 940 896
f 896 940 2254
f 940 612 2254
f 2254 612 947
f 714 946 947
f 947 946 2254
f 57 899 900
f 900 899 2255
f 899 649 2255
f 2255 649 948
f 650 949 948
f 948 949 2255
f 949 633 2255
f 2255 633 900
f 950 43 2256
f 2256 43 903
f 632 901 903
f 903 901 2256
f 901 633 2256
f 2256 633 951
f 63 950 951
f 951 950 2256
f 34 902 904
f 904 902 2257
f 902 43 2257
f 2257 43 952
f 44 953 952
f 952 953 2257
f 953 35 2257
f 2257 35 904
f 905 35 2258
f 2258 35 954
f 50 955 954
f 954 955 2258
f 955 51 2258
f 2258 51 913
f 36 905 913
f 913 905 2258
f 649 906 948
f 948 906 2259
f 906 652 2259
f 2259 652 942
f 651 956 942
f 942 956 2259
f 956 650 2259
f 2259 650 948
f 45 915 907
f 907 915 2260
f 915 59 2260
f 2260 59 957
f 64 958 957
f 957 958 2260
f 958 53 2260
f 2260 53 907
f 908 53 2261
f 2261 53 959
f 68 960 959
f 959 960 2261
f 960 69 2261
f 2261 69 909
f 52 908 909
f 909 908 2261
f 634 910 911
f 911 910 2262
f 910 69 2262
f 2262 69 961
f 640 962 961
f 961 962 2262
f 962 665 2262
f 2262 665 911
f 916 703 2263
f 2263 703 912
f 665 963 912
f 912 963 2263
f 963 666 2263
f 2263 666 964
f 964 704 2263
f 2263 704 916
f 914 51 2264
f 2264 51 965
f 67 966 965
f 965 966 2264
f 966 76 2264
f 2264 76 967
f 967 59 2264
f 2264 59 914
f 702 917 918
f 918 917 2265
f 917 704 2265
f 2265 704 968
f 968 698 2265
f 2265 698 918
f 969 710 2266
f 2266 710 920
f 709 919 920
f 920 919 2266
f 919 698 2266
f 2266 698 970
f 670 969 970
f 970 969 2266
f 642 972 971
f 971 972 2267
f 972 668 2267
f 2267 668 933
f 669 921 933
f 933 921 2267
f 921 710 2267
f 2267 710 971
f 973 663 2268
f 2268 663 923
f 684 929 923
f 923 929 2268
f 929 687 2268
f 2268 687 974
f 681 973 974
f 974 973 2268
f 659 976 975
f 975 976 2269
f 976 660 2269
f 2269 660 924
f 662 927 924
f 924 927 2269
f 927 661 2269
f 2269 661 975
f 977 661 2270
f 2270 661 926
f 663 973 926
f 926 973 2270
f 973 681 2270
f 2270 681 978
f 680 977 978
f 978 977 2270
f 979 687 2271
f 2271 687 928
f 686 930 928
f 928 930 2271
f 930 689 2271
f 2271 689 980
f 690 979 980
f 980 979 2271
f 981 689 2272
f 2272 689 931
f 931 688 2272
f 2272 688 932
f 691 982 932
f 932 982 2272
f 692 981 982
f 982 981 2272
f 691 934 983
f 983 934 2273
f 934 668 2273
f 2273 668 984
f 667 985 984
f 984 985 2273
f 985 694 2273
f 2273 694 983
f 937 657 2274
f 2274 657 935
f 660 976 935
f 935 976 2274
f 976 659 2274
f 2274 659 986
f 658 937 986
f 986 937 2274
f 613 938 987
f 987 938 2275
f 938 619 2275
f 2275 619 936
f 658 988 936
f 936 988 2275
f 988 614 2275
f 2275 614 987
f 989 612 2276
f 2276 612 939
f 613 990 939
f 939 990 2276
f 990 589 2276
f 2276 589 991
f 591 989 991
f 991 989 2276
f 651 941 992
f 992 941 2277
f 941 605 2277
f 2277 605 993
f 604 994 993
f 993 994 2277
f 994 648 2277
f 2277 648 992
f 995 605 2278
f 2278 605 943
f 603 996 943
f 943 996 2278
f 996 610 2278
f 2278 610 997
f 609 995 997
f 997 995 2278
f 998 602 2279
f 2279 602 944
f 715 946 944
f 944 946 2279
f 946 714 2279
f 2279 714 999
f 611 998 999
f 999 998 2279
f 945 602 2280
f 2280 602 998
f 998 611 2280
f 2280 611 1000
f 610 996 1000
f 1000 996 2280
f 996 603 2280
f 2280 603 945
f 1001 714 2281
f 2281 714 947
f 612 989 947
f 947 989 2281
f 989 591 2281
f 2281 591 1002
f 713 1001 1002
f 1002 1001 2281
f 633 949 951
f 951 949 2282
f 949 650 2282
f 2282 650 1003
f 647 1004 1003
f 1003 1004 2282
f 63 951 1004
f 1004 951 2282
f 43 950 952
f 952 950 2283
f 950 63 2283
f 2283 63 1005
f 1005 44 2283
f 2283 44 952
f 953 44 2284
f 2284 44 1006
f 58 1007 1006
f 1006 1007 2284
f 1007 50 2284
f 2284 50 954
f 35 953 954
f 954 953 2284
f 955 50 2285
f 2285 50 1008
f 66 1009 1008
f 1008 1009 2285
f 1009 67 2285
f 2285 67 965
f 51 955 965
f 965 955 2285
f 650 956 1003
f 1003 956 2286
f 956 651 2286
f 2286 651 992
f 648 1010 992
f 992 1010 2286
f 1010 647 2286
f 2286 647 1003
f 59 967 957
f 957 967 2287
f 967 76 2287
f 2287 76 1011
f 81 1012 1011
f 1011 1012 2287
f 1012 64 2287
f 2287 64 957
f 53 958 959
f 959 958 2288
f 958 64 2288
f 2288 64 1013
f 82 1014 1013
f 1013 1014 2288
f 1014 68 2288
f 2288 68 959
f 77 1016 1015
f 1015 1016 2289
f 1016 78 2289
f 2289 78 1017
f 69 960 1017
f 1017 960 2289
f 960 68 2289
f 2289 68 1015
f 1017 78 2290
f 2290 78 1018
f 636 1019 1018
f 1018 1019 2290
f 1019 640 2290
f 2290 640 961
f 69 1017 961
f 961 1017 2290
f 963 665 2291
f 2291 665 962
f 962 640 2291
f 2291 640 1020
f 1020 646 2291
f 2291 646 1021
f 666 963 1021
f 1021 963 2291
f 666 1022 964
f 964 1022 2292
f 1022 670 2292
f 2292 670 970
f 698 968 970
f 970 968 2292
f 968 704 2292
f 2292 704 964
f 1023 75 2293
f 2293 75 1024
f 80 1025 1024
f 1024 1025 2293
f 76 966 1025
f 1025 966 2293
f 966 67 2293
f 2293 67 1023
f 1026 642 2294
f 2294 642 971
f 710 969 971
f 971 969 2294
f 969 670 2294
f 2294 670 1027
f 641 1026 1027
f 1027 1026 2294
f 1028 667 2295
f 2295 667 984
f 668 972 984
f 984 972 2295
f 972 642 2295
f 2295 642 1029
f 643 1028 1029
f 1029 1028 2295
f 1030 681 2296
f 2296 681 974
f 687 979 974
f 974 979 2296
f 979 690 2296
f 2296 690 1031
f 679 1030 1031
f 1031 1030 2296
f 1032 659 2297
f 2297 659 975
f 661 977 975
f 975 977 2297
f 977 680 2297
f 2297 680 1033
f 615 1032 1033
f 1033 1032 2297
f 678 1035 1034
f 1034 1035 2298
f 1035 680 2298
f 2298 680 978
f 681 1030 978
f 978 1030 2298
f 1030 679 2298
f 2298 679 1034
f 1036 690 2299
f 2299 690 980
f 689 981 980
f 980 981 2299
f 981 692 2299
f 2299 692 1037
f 693 1036 1037
f 1037 1036 2299
f 1038 692 2300
f 2300 692 982
f 982 691 2300
f 2300 691 983
f 694 1039 983
f 983 1039 2300
f 695 1038 1039
f 1039 1038 2300
f 1040 156 2301
f 2301 156 1041
f 694 985 1041
f 1041 985 2301
f 985 667 2301
f 2301 667 1042
f 116 1040 1042
f 1042 1040 2301
f 988 658 2302
f 2302 658 986
f 659 1032 986
f 986 1032 2302
f 1032 615 2302
f 2302 615 1043
f 614 988 1043
f 1043 988 2302
f 589 990 1044
f 1044 990 2303
f 990 613 2303
f 2303 613 987
f 614 1045 987
f 987 1045 2303
f 1045 585 2303
f 2303 585 1044
f 1046 591 2304
f 2304 591 991
f 589 1047 991
f 991 1047 2304
f 1047 588 2304
f 2304 588 1048
f 590 1046 1048
f 1048 1046 2304
f 605 995 993
f 993 995 2305
f 995 609 2305
f 2305 609 1049
f 608 1050 1049
f 1049 1050 2305
f 1050 604 2305
f 2305 604 993
f 648 994 1051
f 1051 994 2306
f 994 604 2306
f 2306 604 1052
f 606 1053 1052
f 1052 1053 2306
f 1053 645 2306
f 2306 645 1051
f 610 1054 997
f 997 1054 2307
f 1054 601 2307
f 2307 601 1055
f 595 1056 1055
f 1055 1056 2307
f 1056 609 2307
f 2307 609 997
f 1057 611 2308
f 2308 611 999
f 714 1001 999
f 999 1001 2308
f 1001 713 2308
f 2308 713 1058
f 593 1057 1058
f 1058 1057 2308
f 1054 610 2309
f 2309 610 1000
f 611 1057 1000
f 1000 1057 2309
f 1057 593 2309
f 2309 593 1059
f 601 1054 1059
f 1059 1054 2309
f 1060 713 2310
f 2310 713 1002
f 591 1046 1002
f 1002 1046 2310
f 1046 590 2310
f 2310 590 1061
f 712 1060 1061
f 1061 1060 2310
f 63 1004 1062
f 1062 1004 2311
f 1004 647 2311
f 2311 647 1063
f 635 1064 1063
f 1063 1064 2311
f 1064 71 2311
f 2311 71 1062
f 63 1062 1005
f 1005 1062 2312
f 71 1065 1062
f 1062 1065 2312
f 72 1066 1065
f 1065 1066 2312
f 44 1005 1066
f 1066 1005 2312
f 44 1066 1006
f 1006 1066 2313
f 1066 72 2313
f 2313 72 1067
f 83 1068 1067
f 1067 1068 2313
f 1068 58 2313
f 2313 58 1006
f 1007 58 2314
f 2314 58 1069
f 73 1070 1069
f 1069 1070 2314
f 1070 66 2314
f 2314 66 1008
f 50 1007 1008
f 1008 1007 2314
f 74 1072 1071
f 1071 1072 2315
f 1072 75 2315
f 2315 75 1023
f 67 1009 1023
f 1023 1009 2315
f 1009 66 2315
f 2315 66 1071
f 647 1010 1063
f 1063 1010 2316
f 1010 648 2316
f 2316 648 1051
f 645 1073 1051
f 1051 1073 2316
f 1073 635 2316
f 2316 635 1063
f 1025 80 2317
f 2317 80 1074
f 88 1075 1074
f 1074 1075 2317
f 1075 81 2317
f 2317 81 1011
f 76 1025 1011
f 1011 1025 2317
f 64 1012 1013
f 1013 1012 2318
f 1012 81 2318
f 2318 81 1076
f 95 1077 1076
f 1076 1077 2318
f 1077 82 2318
f 2318 82 1013
f 68 1014 1015
f 1015 1014 2319
f 1014 82 2319
f 2319 82 1078
f 89 1079 1078
f 1078 1079 2319
f 1079 77 2319
f 2319 77 1015
f 71 1080 1065
f 1065 1080 2320
f 1080 78 2320
f 2320 78 1016
f 77 1081 1016
f 1016 1081 2320
f 1081 72 2320
f 2320 72 1065
f 1082 636 2321
f 2321 636 1018
f 78 1080 1018
f 1018 1080 2321
f 71 1064 1080
f 1080 1064 2321
f 1064 635 2321
f 2321 635 1082
f 636 1083 1019
f 1019 1083 2322
f 1083 644 2322
f 2322 644 1084
f 646 1020 1084
f 1084 1020 2322
f 640 1019 1020
f 1020 1019 2322
f 646 1085 1021
f 1021 1085 2323
f 1085 641 2323
f 2323 641 1027
f 670 1022 1027
f 1027 1022 2323
f 1022 666 2323
f 2323 666 1021
f 1072 74 2324
f 2324 74 1086
f 87 1087 1086
f 1086 1087 2324
f 1087 80 2324
f 2324 80 1024
f 1024 75 2324
f 2324 75 1072
f 637 1089 1088
f 1088 1089 2325
f 1089 639 2325
f 2325 639 1090
f 642 1026 1090
f 1090 1026 2325
f 1026 641 2325
f 2325 641 1088
f 667 1028 1042
f 1042 1028 2326
f 1028 643 2326
f 2326 643 1091
f 113 1092 1091
f 1091 1092 2326
f 1092 116 2326
f 2326 116 1042
f 1093 643 2327
f 2327 643 1029
f 642 1090 1029
f 1029 1090 2327
f 1090 639 2327
f 2327 639 1094
f 638 1093 1094
f 1094 1093 2327
f 1095 679 2328
f 2328 679 1031
f 690 1036 1031
f 1031 1036 2328
f 1036 693 2328
f 2328 693 1096
f 677 1095 1096
f 1096 1095 2328
f 586 1098 1097
f 1097 1098 2329
f 1098 615 2329
f 2329 615 1033
f 680 1035 1033
f 1033 1035 2329
f 1035 678 2329
f 2329 678 1097
f 676 1100 1099
f 1099 1100 2330
f 1100 678 2330
f 2330 678 1034
f 679 1095 1034
f 1034 1095 2330
f 1095 677 2330
f 2330 677 1099
f 1101 693 2331
f 2331 693 1037
f 692 1038 1037
f 1037 1038 2331
f 1038 695 2331
f 2331 695 1102
f 696 1101 1102
f 1102 1101 2331
f 193 1104 1103
f 1103 1104 2332
f 695 1039 1104
f 1104 1039 2332
f 694 1105 1039
f 1039 1105 2332
f 158 1103 1105
f 1105 1103 2332
f 115 1107 1106
f 1106 1107 2333
f 155 1108 1107
f 1107 1108 2333
f 156 1040 1108
f 1108 1040 2333
f 1040 116 2333
f 2333 116 1106
f 1109 158 2334
f 2334 158 1105
f 694 1041 1105
f 1105 1041 2334
f 1041 156 2334
f 2334 156 1110
f 157 1109 1110
f 1110 1109 2334
f 1045 614 2335
f 2335 614 1043
f 615 1098 1043
f 1043 1098 2335
f 1098 586 2335
f 2335 586 1111
f 585 1045 1111
f 1111 1045 2335
f 588 1047 1112
f 1112 1047 2336
f 1047 589 2336
f 2336 589 1044
f 585 1113 1044
f 1044 1113 2336
f 1113 584 2336
f 2336 584 1112
f 625 1115 1114
f 1114 1115 2337
f 1115 590 2337
f 2337 590 1048
f 588 1116 1048
f 1048 1116 2337
f 1116 623 2337
f 2337 623 1114
f 594 1118 1117
f 1117 1118 2338
f 608 1049 1118
f 1118 1049 2338
f 609 1056 1049
f 1049 1056 2338
f 1056 595 2338
f 2338 595 1117
f 604 1050 1052
f 1052 1050 2339
f 608 1119 1050
f 1050 1119 2339
f 617 1120 1119
f 1119 1120 2339
f 1120 606 2339
f 2339 606 1052
f 645 1053 1121
f 1121 1053 2340
f 1053 606 2340
f 2340 606 1122
f 637 1123 1122
f 1122 1123 2340
f 1123 644 2340
f 2340 644 1121
f 1124 595 2341
f 2341 595 1055
f 601 1125 1055
f 1055 1125 2341
f 1125 600 2341
f 2341 600 1126
f 596 1124 1126
f 1126 1124 2341
f 713 1060 1058
f 1058 1060 2342
f 1060 712 2342
f 2342 712 1127
f 592 1128 1127
f 1127 1128 2342
f 1128 593 2342
f 2342 593 1058
f 1125 601 2343
f 2343 601 1059
f 593 1128 1059
f 1059 1128 2343
f 1128 592 2343
f 2343 592 1129
f 600 1125 1129
f 1129 1125 2343
f 1130 712 2344
f 2344 712 1061
f 590 1115 1061
f 1061 1115 2344
f 1115 625 2344
f 2344 625 1131
f 711 1130 1131
f 1131 1130 2344
f 1081 77 2345
f 2345 77 1079
f 89 1132 1079
f 1079 1132 2345
f 1132 83 2345
f 2345 83 1067
f 72 1081 1067
f 1067 1081 2345
f 58 1068 1069
f 1069 1068 2346
f 1068 83 2346
f 2346 83 1133
f 96 1134 1133
f 1133 1134 2346
f 1134 73 2346
f 2346 73 1069
f 1070 73 2347
f 2347 73 1135
f 85 1136 1135
f 1135 1136 2347
f 1136 84 2347
f 2347 84 1137
f 66 1070 1137
f 1137 1070 2347
f 66 1137 1071
f 1071 1137 2348
f 84 1138 1137
f 1137 1138 2348
f 1138 86 2348
f 2348 86 1139
f 1139 74 2348
f 2348 74 1071
f 644 1083 1121
f 1121 1083 2349
f 1083 636 2349
f 2349 636 1082
f 635 1073 1082
f 1082 1073 2349
f 1073 645 2349
f 2349 645 1121
f 1087 87 2350
f 2350 87 1140
f 90 1141 1140
f 1140 1141 2350
f 1141 88 2350
f 2350 88 1074
f 80 1087 1074
f 1074 1087 2350
f 1075 88 2351
f 2351 88 1142
f 1142 102 2351
f 2351 102 1143
f 1143 95 2351
f 2351 95 1076
f 81 1075 1076
f 1076 1075 2351
f 82 1077 1078
f 1078 1077 2352
f 1077 95 2352
f 2352 95 1144
f 103 1145 1144
f 1144 1145 2352
f 1145 89 2352
f 2352 89 1078
f 644 1123 1084
f 1084 1123 2353
f 1123 637 2353
f 2353 637 1088
f 641 1085 1088
f 1088 1085 2353
f 1085 646 2353
f 2353 646 1084
f 74 1139 1086
f 1086 1139 2354
f 86 1146 1139
f 1139 1146 2354
f 1146 94 2354
f 2354 94 1147
f 87 1086 1147
f 1147 1086 2354
f 606 1120 1122
f 1122 1120 2355
f 1120 617 2355
f 2355 617 1148
f 639 1089 1148
f 1148 1089 2355
f 1089 637 2355
f 2355 637 1122
f 1149 113 2356
f 2356 113 1091
f 643 1093 1091
f 1091 1093 2356
f 1093 638 2356
f 2356 638 1150
f 130 1149 1150
f 1150 1149 2356
f 114 1152 1151
f 1151 1152 2357
f 1152 115 2357
f 2357 115 1106
f 116 1092 1106
f 1106 1092 2357
f 1092 113 2357
f 2357 113 1151
f 639 1148 1094
f 1094 1148 2358
f 1148 617 2358
f 2358 617 1153
f 616 1154 1153
f 1153 1154 2358
f 1154 638 2358
f 2358 638 1094
f 1155 677 2359
f 2359 677 1096
f 693 1101 1096
f 1096 1101 2359
f 1101 696 2359
f 2359 696 1156
f 675 1155 1156
f 1156 1155 2359
f 587 1158 1157
f 1157 1158 2360
f 1158 586 2360
f 2360 586 1097
f 678 1100 1097
f 1097 1100 2360
f 1100 676 2360
f 2360 676 1157
f 674 1160 1159
f 1159 1160 2361
f 1160 676 2361
f 2361 676 1099
f 677 1155 1099
f 1099 1155 2361
f 1155 675 2361
f 2361 675 1159
f 695 1161 1102
f 1102 1161 2362
f 195 1162 1161
f 1161 1162 2362
f 1162 222 2362
f 2362 222 1163
f 696 1102 1163
f 1163 1102 2362
f 1164 172 2363
f 2363 172 1165
f 192 1166 1165
f 1165 1166 2363
f 1166 193 2363
f 2363 193 1103
f 158 1164 1103
f 1103 1164 2363
f 1167 195 2364
f 2364 195 1161
f 695 1104 1161
f 1161 1104 2364
f 1104 193 2364
f 2364 193 1168
f 194 1167 1168
f 1168 1167 2364
f 115 1169 1107
f 1107 1169 2365
f 1169 154 2365
f 2365 154 1170
f 205 1171 1170
f 1170 1171 2365
f 1171 155 2365
f 2365 155 1107
f 156 1108 1172
f 1172 1108 2366
f 1108 155 2366
f 2366 155 1173
f 148 1174 1173
f 1173 1174 2366
f 1174 147 2366
f 2366 147 1172
f 146 1176 1175
f 1175 1176 2367
f 1176 145 2367
f 2367 145 1177
f 158 1109 1177
f 1177 1109 2367
f 1109 157 2367
f 2367 157 1175
f 147 1178 1172
f 1172 1178 2368
f 146 1175 1178
f 1178 1175 2368
f 1175 157 2368
f 2368 157 1110
f 156 1172 1110
f 1110 1172 2368
f 1113 585 2369
f 2369 585 1111
f 586 1158 1111
f 1111 1158 2369
f 1158 587 2369
f 2369 587 1179
f 584 1113 1179
f 1179 1113 2369
f 623 1116 1180
f 1180 1116 2370
f 1116 588 2370
f 2370 588 1112
f 584 1181 1112
f 1112 1181 2370
f 1181 622 2370
f 2370 622 1180
f 1182 625 2371
f 2371 625 1114
f 623 1183 1114
f 1114 1183 2371
f 1183 174 2371
f 2371 174 1184
f 177 1182 1184
f 1184 1182 2371
f 595 1124 1117
f 1117 1124 2372
f 1124 596 2372
f 2372 596 1185
f 597 1186 1185
f 1185 1186 2372
f 1186 594 2372
f 2372 594 1117
f 1187 607 2373
f 2373 607 1188
f 608 1118 1188
f 1188 1118 2373
f 1118 594 2373
f 2373 594 1189
f 599 1187 1189
f 1189 1187 2373
f 1190 616 2374
f 2374 616 1153
f 1153 617 2374
f 2374 617 1119
f 608 1188 1119
f 1119 1188 2374
f 607 1190 1188
f 1188 1190 2374
f 620 1192 1191
f 1191 1192 2375
f 1192 596 2375
f 2375 596 1126
f 600 1193 1126
f 1126 1193 2375
f 1193 626 2375
f 2375 626 1191
f 1194 592 2376
f 2376 592 1127
f 712 1130 1127
f 1127 1130 2376
f 1130 711 2376
f 2376 711 1195
f 621 1194 1195
f 1195 1194 2376
f 626 1193 1196
f 1196 1193 2377
f 1193 600 2377
f 2377 600 1129
f 592 1194 1129
f 1129 1194 2377
f 1194 621 2377
f 2377 621 1196
f 1197 711 2378
f 2378 711 1131
f 625 1182 1131
f 1131 1182 2378
f 1182 177 2378
f 2378 177 1198
f 138 1197 1198
f 1198 1197 2378
f 1132 89 2379
f 2379 89 1145
f 103 1199 1145
f 1145 1199 2379
f 1199 96 2379
f 2379 96 1133
f 83 1132 1133
f 1133 1132 2379
f 73 1134 1135
f 1135 1134 2380
f 1134 96 2380
f 2380 96 1200
f 126 1201 1200
f 1200 1201 2380
f 1201 85 2380
f 2380 85 1135
f 1136 85 2381
f 2381 85 1202
f 92 1203 1202
f 1202 1203 2381
f 1203 91 2381
f 2381 91 1204
f 84 1136 1204
f 1204 1136 2381
f 1138 84 2382
f 2382 84 1204
f 91 1205 1204
f 1204 1205 2382
f 1205 93 2382
f 2382 93 1206
f 86 1138 1206
f 1206 1138 2382
f 1140 87 2383
f 2383 87 1147
f 94 1207 1147
f 1147 1207 2383
f 101 1208 1207
f 1207 1208 2383
f 1208 90 2383
f 2383 90 1140
f 1141 90 2384
f 2384 90 1209
f 112 1210 1209
f 1209 1210 2384
f 1210 102 2384
f 2384 102 1142
f 88 1141 1142
f 1142 1141 2384
f 112 1211 1210
f 1210 1211 2385
f 1211 103 2385
f 2385 103 1144
f 95 1143 1144
f 1144 1143 2385
f 1143 102 2385
f 2385 102 1210
f 94 1146 1212
f 1212 1146 2386
f 1146 86 2386
f 2386 86 1206
f 93 1213 1206
f 1206 1213 2386
f 1213 100 2386
f 2386 100 1212
f 131 1215 1214
f 1214 1215 2387
f 1215 114 2387
f 2387 114 1151
f 113 1149 1151
f 1151 1149 2387
f 1149 130 2387
f 2387 130 1214
f 1216 130 2388
f 2388 130 1150
f 638 1154 1150
f 1150 1154 2388
f 1154 616 2388
f 2388 616 1217
f 104 1216 1217
f 1217 1216 2388
f 1152 114 2389
f 2389 114 1218
f 153 1219 1218
f 1218 1219 2389
f 1219 154 2389
f 2389 154 1169
f 115 1152 1169
f 1169 1152 2389
f 225 1221 1220
f 1220 1221 2390
f 1221 675 2390
f 2390 675 1156
f 696 1222 1156
f 1156 1222 2390
f 224 1220 1222
f 1222 1220 2390
f 624 1224 1223
f 1223 1224 2391
f 1224 587 2391
f 2391 587 1157
f 676 1160 1157
f 1157 1160 2391
f 1160 674 2391
f 2391 674 1223
f 228 1226 1225
f 1225 1226 2392
f 1226 674 2392
f 2392 674 1159
f 675 1221 1159
f 1159 1221 2392
f 1221 225 2392
f 2392 225 1225
f 206 1228 1227
f 1227 1228 2393
f 1228 221 2393
f 2393 221 1229
f 222 1162 1229
f 1229 1162 2393
f 1162 195 2393
f 2393 195 1227
f 222 1230 1163
f 1163 1230 2394
f 1230 223 2394
f 2394 223 1231
f 224 1222 1231
f 1231 1222 2394
f 1222 696 2394
f 2394 696 1163
f 162 1233 1232
f 1232 1233 2395
f 1233 172 2395
f 2395 172 1164
f 158 1177 1164
f 1164 1177 2395
f 1177 145 2395
f 2395 145 1232
f 172 1234 1165
f 1165 1234 2396
f 1234 220 2396
f 2396 220 1235
f 239 1236 1235
f 1235 1236 2396
f 1236 192 2396
f 2396 192 1165
f 193 1166 1237
f 1237 1166 2397
f 1166 192 2397
f 2397 192 1238
f 185 1239 1238
f 1238 1239 2397
f 1239 184 2397
f 2397 184 1237
f 183 1241 1240
f 1240 1241 2398
f 182 1242 1241
f 1241 1242 2398
f 195 1167 1242
f 1242 1167 2398
f 1167 194 2398
f 2398 194 1240
f 184 1243 1237
f 1237 1243 2399
f 183 1240 1243
f 1243 1240 2399
f 1240 194 2399
f 2399 194 1168
f 193 1237 1168
f 1168 1237 2399
f 154 1244 1170
f 1170 1244 2400
f 1244 219 2400
f 2400 219 1245
f 260 1246 1245
f 1245 1246 2400
f 1246 205 2400
f 2400 205 1170
f 155 1171 1173
f 1173 1171 2401
f 1171 205 2401
f 2401 205 1247
f 203 1248 1247
f 1247 1248 2401
f 1248 148 2401
f 2401 148 1173
f 147 1174 1249
f 1249 1174 2402
f 1174 148 2402
f 2402 148 1250
f 125 1251 1250
f 1250 1251 2402
f 1251 124 2402
f 2402 124 1249
f 1252 145 2403
f 2403 145 1176
f 146 1253 1176
f 1176 1253 2403
f 1253 123 2403
f 2403 123 1254
f 122 1252 1254
f 1254 1252 2403
f 146 1178 1253
f 1253 1178 2404
f 1178 147 2404
f 2404 147 1249
f 124 1255 1249
f 1249 1255 2404
f 1255 123 2404
f 2404 123 1253
f 1181 584 2405
f 2405 584 1179
f 587 1224 1179
f 1179 1224 2405
f 1224 624 2405
f 2405 624 1256
f 622 1181 1256
f 1256 1181 2405
f 1183 623 2406
f 2406 623 1180
f 622 1257 1180
f 1180 1257 2406
f 1257 175 2406
f 2406 175 1258
f 174 1183 1258
f 1258 1183 2406
f 174 1259 1184
f 1184 1259 2407
f 1259 178 2407
f 2407 178 1260
f 179 1261 1260
f 1260 1261 2407
f 1261 177 2407
f 2407 177 1184
f 1262 598 2408
f 2408 598 1263
f 1263 597 2408
f 2408 597 1185
f 596 1192 1185
f 1185 1192 2408
f 1192 620 2408
f 2408 620 1262
f 598 1264 1263
f 1263 1264 2409
f 1264 599 2409
f 2409 599 1189
f 594 1186 1189
f 1189 1186 2409
f 1186 597 2409
f 2409 597 1263
f 607 1187 1265
f 1265 1187 2410
f 1187 599 2410
f 2410 599 1266
f 121 1267 1266
f 1266 1267 2410
f 1267 105 2410
f 2410 105 1265
f 616 1190 1217
f 1217 1190 2411
f 1190 607 2411
f 2411 607 1265
f 105 1268 1265
f 1265 1268 2411
f 1268 104 2411
f 2411 104 1217
f 1269 620 2412
f 2412 620 1191
f 626 1270 1191
f 1191 1270 2412
f 1270 140 2412
f 2412 140 1271
f 119 1269 1271
f 1271 1269 2412
f 137 1273 1272
f 1272 1273 2413
f 1273 621 2413
f 2413 621 1195
f 711 1197 1195
f 1195 1197 2413
f 1197 138 2413
f 2413 138 1272
f 1270 626 2414
f 2414 626 1196
f 621 1273 1196
f 1196 1273 2414
f 1273 137 2414
f 2414 137 1274
f 140 1270 1274
f 1274 1270 2414
f 177 1261 1198
f 1198 1261 2415
f 1261 179 2415
f 2415 179 1275
f 180 1276 1275
f 1275 1276 2415
f 1276 138 2415
f 2415 138 1198
f 103 1277 1199
f 1199 1277 2416
f 1277 133 2416
f 2416 133 1278
f 126 1200 1278
f 1278 1200 2416
f 1200 96 2416
f 2416 96 1199
f 85 1201 1202
f 1202 1201 2417
f 1201 126 2417
f 2417 126 1279
f 151 1280 1279
f 1279 1280 2417
f 1280 92 2417
f 2417 92 1202
f 91 1203 1281
f 1281 1203 2418
f 1203 92 2418
f 2418 92 1282
f 98 1283 1282
f 1282 1283 2418
f 1283 97 2418
f 2418 97 1281
f 97 1284 1281
f 1281 1284 2419
f 1284 99 2419
f 2419 99 1285
f 93 1205 1285
f 1285 1205 2419
f 1205 91 2419
f 2419 91 1281
f 1207 94 2420
f 2420 94 1212
f 100 1286 1212
f 1212 1286 2420
f 152 1287 1286
f 1286 1287 2420
f 1287 101 2420
f 2420 101 1207
f 90 1208 1209
f 1209 1208 2421
f 1208 101 2421
f 2421 101 1288
f 135 1289 1288
f 1288 1289 2421
f 1289 112 2421
f 2421 112 1209
f 1211 112 2422
f 2422 112 1289
f 135 1290 1289
f 1289 1290 2422
f 1290 133 2422
f 2422 133 1277
f 103 1211 1277
f 1277 1211 2422
f 1291 111 2423
f 2423 111 1292
f 100 1213 1292
f 1292 1213 2423
f 1213 93 2423
f 2423 93 1285
f 99 1291 1285
f 1285 1291 2423
f 107 1294 1293
f 1293 1294 2424
f 1294 131 2424
f 2424 131 1214
f 130 1216 1214
f 1214 1216 2424
f 1216 104 2424
f 2424 104 1293
f 1215 131 2425
f 2425 131 1295
f 171 1296 1295
f 1295 1296 2425
f 1296 153 2425
f 2425 153 1218
f 114 1215 1218
f 1218 1215 2425
f 1219 153 2426
f 2426 153 1297
f 1297 218 2426
f 2426 218 1298
f 1298 219 2426
f 2426 219 1244
f 154 1219 1244
f 1244 1219 2426
f 1299 225 2427
f 2427 225 1220
f 224 1300 1220
f 1220 1300 2427
f 240 1301 1300
f 1300 1301 2427
f 226 1299 1301
f 1301 1299 2427
f 207 1303 1302
f 1302 1303 2428
f 1303 624 2428
f 2428 624 1223
f 674 1226 1223
f 1223 1226 2428
f 1226 228 2428
f 2428 228 1302
f 1299 226 2429
f 2429 226 1304
f 227 1305 1304
f 1304 1305 2429
f 1305 228 2429
f 2429 228 1225
f 225 1299 1225
f 1225 1299 2429
f 201 1307 1306
f 1306 1307 2430
f 1307 206 2430
f 2430 206 1227
f 195 1242 1227
f 1227 1242 2430
f 1242 182 2430
f 2430 182 1306
f 1228 206 2431
f 2431 206 1308
f 250 1309 1308
f 1308 1309 2431
f 1309 261 2431
f 2431 261 1310
f 221 1228 1310
f 1310 1228 2431
f 1311 222 2432
f 2432 222 1229
f 221 1312 1229
f 1229 1312 2432
f 1312 213 2432
f 2432 213 1313
f 212 1311 1313
f 1313 1311 2432
f 1311 212 2433
f 2433 212 1314
f 211 1315 1314
f 1314 1315 2433
f 1315 223 2433
f 2433 223 1230
f 222 1311 1230
f 1230 1311 2433
f 1315 211 2434
f 2434 211 1316
f 210 1317 1316
f 1316 1317 2434
f 224 1231 1317
f 1317 1231 2434
f 1231 223 2434
f 2434 223 1315
f 1318 162 2435
f 2435 162 1232
f 145 1252 1232
f 1232 1252 2435
f 1252 122 2435
f 2435 122 1319
f 132 1318 1319
f 1319 1318 2435
f 1233 162 2436
f 2436 162 1320
f 215 1321 1320
f 1320 1321 2436
f 220 1234 1321
f 1321 1234 2436
f 172 1233 1234
f 1234 1233 2436
f 220 1322 1235
f 1235 1322 2437
f 1322 273 2437
f 2437 273 1323
f 289 1324 1323
f 1323 1324 2437
f 1324 239 2437
f 2437 239 1235
f 192 1236 1238
f 1238 1236 2438
f 1236 239 2438
f 2438 239 1325
f 232 1326 1325
f 1325 1326 2438
f 1326 185 2438
f 2438 185 1238
f 184 1239 1327
f 1327 1239 2439
f 1239 185 2439
f 2439 185 1328
f 1328 144 2439
f 2439 144 1329
f 143 1327 1329
f 1329 1327 2439
f 1330 182 2440
f 2440 182 1241
f 183 1331 1241
f 1241 1331 2440
f 1331 142 2440
f 2440 142 1332
f 141 1330 1332
f 1332 1330 2440
f 1331 183 2441
f 2441 183 1243
f 1243 184 2441
f 2441 184 1327
f 1327 143 2441
f 2441 143 1333
f 142 1331 1333
f 1333 1331 2441
f 238 1335 1334
f 1334 1335 2442
f 1335 272 2442
f 2442 272 1336
f 260 1245 1336
f 1336 1245 2442
f 1245 219 2442
f 2442 219 1334
f 205 1246 1247
f 1247 1246 2443
f 1246 260 2443
f 2443 260 1337
f 258 1338 1337
f 1337 1338 2443
f 1338 203 2443
f 2443 203 1247
f 1339 125 2444
f 2444 125 1250
f 148 1248 1250
f 1250 1248 2444
f 1248 203 2444
f 2444 203 1340
f 163 1339 1340
f 1340 1339 2444
f 105 1342 1341
f 1341 1342 2445
f 124 1251 1342
f 1342 1251 2445
f 1251 125 2445
f 2445 125 1343
f 1343 106 2445
f 2445 106 1341
f 118 1345 1344
f 1344 1345 2446
f 1345 122 2446
f 2446 122 1254
f 1254 123 2446
f 2446 123 1346
f 121 1344 1346
f 1346 1344 2446
f 1267 121 2447
f 2447 121 1346
f 123 1255 1346
f 1346 1255 2447
f 1255 124 2447
f 2447 124 1342
f 105 1267 1342
f 1342 1267 2447
f 175 1257 1347
f 1347 1257 2448
f 1257 622 2448
f 2448 622 1256
f 624 1303 1256
f 1256 1303 2448
f 1303 207 2448
f 2448 207 1347
f 174 1258 1348
f 1348 1258 2449
f 175 1349 1258
f 1258 1349 2449
f 176 1350 1349
f 1349 1350 2449
f 1350 173 2449
f 2449 173 1348
f 173 1351 1348
f 1348 1351 2450
f 1351 198 2450
f 2450 198 1352
f 178 1259 1352
f 1352 1259 2450
f 1259 174 2450
f 2450 174 1348
f 1353 210 2451
f 2451 210 1316
f 211 1354 1316
f 1316 1354 2451
f 1354 179 2451
f 2451 179 1260
f 178 1353 1260
f 1260 1353 2451
f 598 1262 1355
f 1355 1262 2452
f 1262 620 2452
f 2452 620 1269
f 119 1356 1269
f 1269 1356 2452
f 1356 118 2452
f 2452 118 1355
f 1264 598 2453
f 2453 598 1355
f 118 1344 1355
f 1355 1344 2453
f 1344 121 2453
f 2453 121 1266
f 599 1264 1266
f 1266 1264 2453
f 1268 105 2454
f 2454 105 1341
f 106 1357 1341
f 1341 1357 2454
f 1357 107 2454
f 2454 107 1293
f 104 1268 1293
f 1293 1268 2454
f 140 1358 1271
f 1271 1358 2455
f 1358 142 2455
f 2455 142 1333
f 143 1359 1333
f 1333 1359 2455
f 119 1271 1359
f 1359 1271 2455
f 1360 137 2456
f 2456 137 1272
f 138 1361 1272
f 1272 1361 2456
f 1361 139 2456
f 2456 139 1362
f 136 1360 1362
f 1362 1360 2456
f 137 1363 1274
f 1274 1363 2457
f 1363 141 2457
f 2457 141 1332
f 142 1358 1332
f 1332 1358 2457
f 1358 140 2457
f 2457 140 1274
f 1354 211 2458
f 2458 211 1314
f 212 1364 1314
f 1314 1364 2458
f 1364 180 2458
f 2458 180 1275
f 179 1354 1275
f 1275 1354 2458
f 138 1276 1361
f 1361 1276 2459
f 1276 180 2459
f 2459 180 1365
f 1365 181 2459
f 2459 181 1366
f 139 1361 1366
f 1366 1361 2459
f 1278 133 2460
f 2460 133 1367
f 164 1368 1367
f 1367 1368 2460
f 1368 151 2460
f 2460 151 1279
f 126 1278 1279
f 1279 1278 2460
f 92 1280 1282
f 1282 1280 2461
f 1280 151 2461
f 2461 151 1369
f 165 1370 1369
f 1369 1370 2461
f 1370 98 2461
f 2461 98 1282
f 97 1283 1371
f 1371 1283 2462
f 1283 98 2462
f 2462 98 1372
f 109 1373 1372
f 1372 1373 2462
f 1373 108 2462
f 2462 108 1371
f 1371 108 2463
f 2463 108 1374
f 110 1375 1374
f 1374 1375 2463
f 1375 99 2463
f 2463 99 1284
f 97 1371 1284
f 1284 1371 2463
f 1376 129 2464
f 2464 129 1377
f 1377 169 2464
f 2464 169 1378
f 152 1286 1378
f 1378 1286 2464
f 100 1376 1286
f 1286 1376 2464
f 1287 152 2465
f 2465 152 1379
f 170 1380 1379
f 1379 1380 2465
f 1380 135 2465
f 2465 135 1288
f 101 1287 1288
f 1288 1287 2465
f 135 1380 1290
f 1290 1380 2466
f 1380 170 2466
f 2466 170 1381
f 1381 164 2466
f 2466 164 1367
f 133 1290 1367
f 1367 1290 2466
f 1382 127 2467
f 2467 127 1383
f 111 1291 1383
f 1383 1291 2467
f 1291 99 2467
f 2467 99 1375
f 110 1382 1375
f 1375 1382 2467
f 1384 128 2468
f 2468 128 1385
f 129 1376 1385
f 1385 1376 2468
f 100 1292 1376
f 1376 1292 2468
f 111 1384 1292
f 1292 1384 2468
f 1294 107 2469
f 2469 107 1386
f 150 1387 1386
f 1386 1387 2469
f 1387 171 2469
f 2469 171 1295
f 131 1294 1295
f 1295 1294 2469
f 1296 171 2470
f 2470 171 1388
f 236 1389 1388
f 1388 1389 2470
f 218 1297 1389
f 1389 1297 2470
f 153 1296 1297
f 1297 1296 2470
f 1390 237 2471
f 2471 237 1391
f 238 1334 1391
f 1391 1334 2471
f 1334 219 2471
f 2471 219 1298
f 218 1390 1298
f 1298 1390 2471
f 230 1393 1392
f 1392 1393 2472
f 1393 240 2472
f 2472 240 1300
f 224 1317 1300
f 1300 1317 2472
f 1317 210 2472
f 2472 210 1392
f 1394 226 2473
f 2473 226 1301
f 240 1395 1301
f 1301 1395 2473
f 1395 251 2473
f 2473 251 1396
f 241 1394 1396
f 1396 1394 2473
f 1305 227 2474
f 2474 227 1397
f 208 1398 1397
f 1397 1398 2474
f 1398 207 2474
f 2474 207 1302
f 228 1305 1302
f 1302 1305 2474
f 1394 241 2475
f 2475 241 1399
f 242 1400 1399
f 1399 1400 2475
f 1400 227 2475
f 2475 227 1304
f 226 1394 1304
f 1304 1394 2475
f 1401 201 2476
f 2476 201 1306
f 182 1330 1306
f 1306 1330 2476
f 1330 141 2476
f 2476 141 1402
f 159 1401 1402
f 1402 1401 2476
f 1307 201 2477
f 2477 201 1403
f 244 1404 1403
f 1403 1404 2477
f 1404 250 2477
f 2477 250 1308
f 206 1307 1308
f 1308 1307 2477
f 1309 250 2478
f 2478 250 1405
f 305 1406 1405
f 1405 1406 2478
f 1406 320 2478
f 2478 320 1407
f 261 1309 1407
f 1407 1309 2478
f 1312 221 2479
f 2479 221 1310
f 261 1408 1310
f 1310 1408 2479
f 1408 252 2479
f 2479 252 1409
f 213 1312 1409
f 1409 1312 2479
f 1364 212 2480
f 2480 212 1313
f 213 1410 1313
f 1313 1410 2480
f 181 1365 1410
f 1410 1365 2480
f 180 1364 1365
f 1365 1364 2480
f 1318 132 2481
f 2481 132 1411
f 186 1412 1411
f 1411 1412 2481
f 1412 215 2481
f 2481 215 1320
f 162 1318 1320
f 1320 1318 2481
f 117 1414 1413
f 1413 1414 2482
f 1414 132 2482
f 2482 132 1319
f 122 1345 1319
f 1319 1345 2482
f 118 1413 1345
f 1345 1413 2482
f 1321 215 2483
f 2483 215 1415
f 264 1416 1415
f 1415 1416 2483
f 1416 273 2483
f 2483 273 1322
f 220 1321 1322
f 1322 1321 2483
f 288 1418 1417
f 1417 1418 2484
f 304 1419 1418
f 1418 1419 2484
f 1419 289 2484
f 2484 289 1323
f 1323 273 2484
f 2484 273 1417
f 239 1324 1325
f 1325 1324 2485
f 1324 289 2485
f 2485 289 1420
f 279 1421 1420
f 1420 1421 2485
f 1421 232 2485
f 2485 232 1325
f 144 1328 1422
f 1422 1328 2486
f 185 1326 1328
f 1328 1326 2486
f 1326 232 2486
f 2486 232 1423
f 1423 202 2486
f 2486 202 1422
f 119 1359 1424
f 1424 1359 2487
f 1359 143 2487
f 2487 143 1329
f 144 1425 1329
f 1329 1425 2487
f 1425 120 2487
f 2487 120 1424
f 249 1427 1426
f 1426 1427 2488
f 1427 285 2488
f 2488 285 1428
f 272 1335 1428
f 1428 1335 2488
f 1335 238 2488
f 2488 238 1426
f 272 1429 1336
f 1336 1429 2489
f 1429 265 2489
f 2489 265 1430
f 1430 258 2489
f 2489 258 1337
f 260 1336 1337
f 1337 1336 2489
f 1431 163 2490
f 2490 163 1340
f 203 1338 1340
f 1340 1338 2490
f 1338 258 2490
f 2490 258 1432
f 235 1431 1432
f 1432 1431 2490
f 125 1339 1343
f 1343 1339 2491
f 163 1433 1339
f 1339 1433 2491
f 1433 149 2491
f 2491 149 1434
f 1434 106 2491
f 2491 106 1343
f 1349 175 2492
f 2492 175 1347
f 207 1398 1347
f 1347 1398 2492
f 1398 208 2492
f 2492 208 1435
f 176 1349 1435
f 1435 1349 2492
f 1436 173 2493
f 2493 173 1350
f 176 1437 1350
f 1350 1437 2493
f 1437 197 2493
f 2493 197 1438
f 196 1436 1438
f 1438 1436 2493
f 196 1439 1436
f 1436 1439 2494
f 1439 209 2494
f 2494 209 1440
f 198 1351 1440
f 1440 1351 2494
f 1351 173 2494
f 2494 173 1436
f 1441 230 2495
f 2495 230 1392
f 210 1353 1392
f 1392 1353 2495
f 1353 178 2495
f 2495 178 1352
f 198 1441 1352
f 1352 1441 2495
f 118 1356 1413
f 1413 1356 2496
f 1356 119 2496
f 2496 119 1424
f 120 1442 1424
f 1424 1442 2496
f 1442 117 2496
f 2496 117 1413
f 1357 106 2497
f 2497 106 1434
f 149 1443 1434
f 1434 1443 2497
f 1443 150 2497
f 2497 150 1386
f 107 1357 1386
f 1386 1357 2497
f 1360 136 2498
f 2498 136 1444
f 159 1402 1444
f 1444 1402 2498
f 1402 141 2498
f 2498 141 1363
f 137 1360 1363
f 1363 1360 2498
f 139 1445 1362
f 1362 1445 2499
f 1445 200 2499
f 2499 200 1446
f 199 1447 1446
f 1446 1447 2499
f 1447 136 2499
f 2499 136 1362
f 1445 139 2500
f 2500 139 1366
f 181 1448 1366
f 1366 1448 2500
f 1448 231 2500
f 2500 231 1449
f 200 1445 1449
f 1449 1445 2500
f 151 1368 1369
f 1369 1368 2501
f 1368 164 2501
f 2501 164 1450
f 187 1451 1450
f 1450 1451 2501
f 1451 165 2501
f 2501 165 1369
f 98 1370 1372
f 1372 1370 2502
f 1370 165 2502
f 2502 165 1452
f 1452 167 2502
f 2502 167 1453
f 1453 109 2502
f 2502 109 1372
f 1373 109 2503
f 2503 109 1453
f 1453 167 2503
f 2503 167 1454
f 1454 166 2503
f 2503 166 1455
f 108 1373 1455
f 1455 1373 2503
f 1374 108 2504
f 2504 108 1455
f 166 1456 1455
f 1455 1456 2504
f 1456 168 2504
f 2504 168 1457
f 110 1374 1457
f 1457 1374 2504
f 1385 128 2505
f 2505 128 1458
f 190 1459 1458
f 1458 1459 2505
f 1459 169 2505
f 2505 169 1377
f 1377 129 2505
f 2505 129 1385
f 1459 190 2506
f 2506 190 1460
f 191 1461 1460
f 1460 1461 2506
f 152 1378 1461
f 1461 1378 2506
f 169 1459 1378
f 1378 1459 2506
f 1461 191 2507
f 2507 191 1462
f 188 1463 1462
f 1462 1463 2507
f 1463 170 2507
f 2507 170 1379
f 152 1461 1379
f 1379 1461 2507
f 188 1464 1463
f 1463 1464 2508
f 1464 187 2508
f 2508 187 1450
f 164 1381 1450
f 1450 1381 2508
f 1381 170 2508
f 2508 170 1463
f 1382 110 2509
f 2509 110 1457
f 168 1465 1457
f 1457 1465 2509
f 189 1466 1465
f 1465 1466 2509
f 127 1382 1466
f 1466 1382 2509
f 134 1468 1467
f 1467 1468 2510
f 128 1384 1468
f 1468 1384 2510
f 1384 111 2510
f 2510 111 1383
f 127 1467 1383
f 1383 1467 2510
f 150 1469 1387
f 1387 1469 2511
f 1469 217 2511
f 2511 217 1470
f 236 1388 1470
f 1470 1388 2511
f 1388 171 2511
f 2511 171 1387
f 1471 248 2512
f 2512 248 1472
f 237 1390 1472
f 1472 1390 2512
f 1390 218 2512
f 2512 218 1389
f 236 1471 1389
f 1389 1471 2512
f 248 1473 1472
f 1472 1473 2513
f 1473 249 2513
f 2513 249 1426
f 238 1391 1426
f 1426 1391 2513
f 1391 237 2513
f 2513 237 1472
f 243 1475 1474
f 1474 1475 2514
f 1475 251 2514
f 2514 251 1395
f 240 1393 1395
f 1395 1393 2514
f 1393 230 2514
f 2514 230 1474
f 1396 251 2515
f 2515 251 1476
f 336 1477 1476
f 1476 1477 2515
f 1477 321 2515
f 2515 321 1478
f 1478 241 2515
f 2515 241 1396
f 1400 242 2516
f 2516 242 1479
f 229 1480 1479
f 1479 1480 2516
f 1480 208 2516
f 2516 208 1397
f 227 1400 1397
f 1397 1400 2516
f 241 1478 1399
f 1399 1478 2517
f 1478 321 2517
f 2517 321 1481
f 322 1482 1481
f 1481 1482 2517
f 242 1399 1482
f 1482 1399 2517
f 1401 159 2518
f 2518 159 1483
f 214 1484 1483
f 1483 1484 2518
f 1484 244 2518
f 2518 244 1403
f 201 1401 1403
f 1403 1401 2518
f 1404 244 2519
f 2519 244 1485
f 294 1486 1485
f 1485 1486 2519
f 1486 305 2519
f 2519 305 1405
f 250 1404 1405
f 1405 1404 2519
f 319 1488 1487
f 1487 1488 2520
f 335 1489 1488
f 1488 1489 2520
f 1489 320 2520
f 2520 320 1406
f 1406 305 2520
f 2520 305 1487
f 1408 261 2521
f 2521 261 1407
f 1407 320 2521
f 2521 320 1490
f 308 1491 1490
f 1490 1491 2521
f 1491 252 2521
f 2521 252 1408
f 1448 181 2522
f 2522 181 1410
f 213 1409 1410
f 1410 1409 2522
f 1409 252 2522
f 2522 252 1492
f 231 1448 1492
f 1492 1448 2522
f 1414 117 2523
f 2523 117 1493
f 160 1494 1493
f 1493 1494 2523
f 1494 186 2523
f 2523 186 1411
f 132 1414 1411
f 1411 1414 2523
f 1412 186 2524
f 2524 186 1495
f 245 1496 1495
f 1495 1496 2524
f 1496 264 2524
f 2524 264 1415
f 215 1412 1415
f 1415 1412 2524
f 1497 284 2525
f 2525 284 1498
f 1498 288 2525
f 2525 288 1417
f 273 1416 1417
f 1417 1416 2525
f 1416 264 2525
f 2525 264 1497
f 299 1500 1499
f 1499 1500 2526
f 1500 314 2526
f 2526 314 1501
f 1501 304 2526
f 2526 304 1418
f 1418 288 2526
f 2526 288 1499
f 1419 304 2527
f 2527 304 1502
f 1502 295 2527
f 2527 295 1503
f 1503 279 2527
f 2527 279 1420
f 289 1419 1420
f 1420 1419 2527
f 1504 202 2528
f 2528 202 1423
f 232 1421 1423
f 1423 1421 2528
f 1421 279 2528
f 2528 279 1505
f 255 1504 1505
f 1505 1504 2528
f 120 1425 1506
f 1506 1425 2529
f 1425 144 2529
f 2529 144 1422
f 202 1507 1422
f 1422 1507 2529
f 1507 161 2529
f 2529 161 1506
f 1427 249 2530
f 2530 249 1508
f 271 1509 1508
f 1508 1509 2530
f 1509 300 2530
f 2530 300 1510
f 285 1427 1510
f 1510 1427 2530
f 1429 272 2531
f 2531 272 1428
f 285 1511 1428
f 1428 1511 2531
f 266 1512 1511
f 1511 1512 2531
f 1512 265 2531
f 2531 265 1429
f 1430 265 2532
f 2532 265 1512
f 266 1513 1512
f 1512 1513 2532
f 1513 235 2532
f 2532 235 1432
f 258 1430 1432
f 1432 1430 2532
f 1433 163 2533
f 2533 163 1431
f 235 1514 1431
f 1431 1514 2533
f 1514 216 2533
f 2533 216 1515
f 149 1433 1515
f 1515 1433 2533
f 1437 176 2534
f 2534 176 1435
f 208 1480 1435
f 1435 1480 2534
f 1480 229 2534
f 2534 229 1516
f 197 1437 1516
f 1516 1437 2534
f 1438 197 2535
f 2535 197 1517
f 275 1518 1517
f 1517 1518 2535
f 1518 274 2535
f 2535 274 1519
f 196 1438 1519
f 1519 1438 2535
f 1439 196 2536
f 2536 196 1519
f 274 1520 1519
f 1519 1520 2536
f 1520 292 2536
f 2536 292 1521
f 209 1439 1521
f 1521 1439 2536
f 1522 243 2537
f 2537 243 1474
f 230 1441 1474
f 1474 1441 2537
f 1441 198 2537
f 2537 198 1440
f 209 1522 1440
f 1440 1522 2537
f 1442 120 2538
f 2538 120 1506
f 161 1523 1506
f 1506 1523 2538
f 1523 160 2538
f 2538 160 1493
f 117 1442 1493
f 1493 1442 2538
f 1443 149 2539
f 2539 149 1515
f 1515 216 2539
f 2539 216 1524
f 217 1469 1524
f 1524 1469 2539
f 150 1443 1469
f 1469 1443 2539
f 136 1447 1444
f 1444 1447 2540
f 1447 199 2540
f 2540 199 1525
f 214 1483 1525
f 1525 1483 2540
f 1483 159 2540
f 2540 159 1444
f 200 1526 1446
f 1446 1526 2541
f 254 1527 1526
f 1526 1527 2541
f 1527 253 2541
f 2541 253 1528
f 1528 199 2541
f 2541 199 1446
f 200 1449 1526
f 1526 1449 2542
f 231 1529 1449
f 1449 1529 2542
f 276 1530 1529
f 1529 1530 2542
f 1530 254 2542
f 2542 254 1526
f 1451 187 2543
f 2543 187 1531
f 166 1454 1531
f 1531 1454 2543
f 167 1452 1454
f 1454 1452 2543
f 165 1451 1452
f 1452 1451 2543
f 187 1464 1531
f 1531 1464 2544
f 1464 188 2544
f 2544 188 1532
f 168 1456 1532
f 1532 1456 2544
f 1456 166 2544
f 2544 166 1531
f 1468 134 2545
f 2545 134 1533
f 1533 204 2545
f 2545 204 1534
f 1534 190 2545
f 2545 190 1458
f 128 1468 1458
f 1458 1468 2545
f 204 1535 1534
f 1534 1535 2546
f 189 1536 1535
f 1535 1536 2546
f 1536 191 2546
f 2546 191 1460
f 190 1534 1460
f 1460 1534 2546
f 191 1536 1462
f 1462 1536 2547
f 1536 189 2547
f 2547 189 1465
f 1465 168 2547
f 2547 168 1532
f 1532 188 2547
f 2547 188 1462
f 1467 127 2548
f 2548 127 1466
f 1466 189 2548
f 2548 189 1535
f 1535 204 2548
f 2548 204 1533
f 1533 134 2548
f 2548 134 1467
f 217 1537 1470
f 1470 1537 2549
f 1537 247 2549
f 2549 247 1538
f 269 1539 1538
f 1538 1539 2549
f 236 1470 1539
f 1539 1470 2549
f 236 1539 1471
f 1471 1539 2550
f 1539 269 2550
f 2550 269 1540
f 270 1541 1540
f 1540 1541 2550
f 1541 248 2550
f 2550 248 1471
f 248 1541 1473
f 1473 1541 2551
f 1541 270 2551
f 2551 270 1542
f 1542 271 2551
f 2551 271 1508
f 249 1473 1508
f 1508 1473 2551
f 1475 243 2552
f 2552 243 1543
f 324 1544 1543
f 1543 1544 2552
f 1544 336 2552
f 2552 336 1476
f 251 1475 1476
f 1476 1475 2552
f 321 1477 1545
f 1545 1477 2553
f 1477 336 2553
f 2553 336 1546
f 354 1547 1546
f 1546 1547 2553
f 1547 337 2553
f 2553 337 1545
f 242 1482 1479
f 1479 1482 2554
f 1482 322 2554
f 2554 322 1548
f 306 1549 1548
f 1548 1549 2554
f 1549 229 2554
f 2554 229 1479
f 1545 337 2555
f 2555 337 1550
f 1550 338 2555
f 2555 338 1551
f 322 1481 1551
f 1551 1481 2555
f 321 1545 1481
f 1481 1545 2555
f 1484 214 2556
f 2556 214 1552
f 262 1553 1552
f 1552 1553 2556
f 1553 294 2556
f 2556 294 1485
f 244 1484 1485
f 1485 1484 2556
f 1554 313 2557
f 2557 313 1555
f 1555 319 2557
f 2557 319 1487
f 305 1486 1487
f 1487 1486 2557
f 1486 294 2557
f 2557 294 1554
f 329 1557 1556
f 1556 1557 2558
f 1557 345 2558
f 2558 345 1558
f 335 1488 1558
f 1558 1488 2558
f 1488 319 2558
f 2558 319 1556
f 1489 335 2559
f 2559 335 1559
f 325 1560 1559
f 1559 1560 2559
f 1560 308 2559
f 2559 308 1490
f 320 1489 1490
f 1490 1489 2559
f 1529 231 2560
f 2560 231 1492
f 252 1491 1492
f 1492 1491 2560
f 1491 308 2560
f 2560 308 1561
f 276 1529 1561
f 1561 1529 2560
f 1494 160 2561
f 2561 160 1562
f 233 1563 1562
f 1562 1563 2561
f 1563 245 2561
f 2561 245 1495
f 186 1494 1495
f 1495 1494 2561
f 283 1565 1564
f 1564 1565 2562
f 1565 284 2562
f 2562 284 1497
f 264 1496 1497
f 1497 1496 2562
f 1496 245 2562
f 2562 245 1564
f 1566 299 2563
f 2563 299 1499
f 288 1498 1499
f 1499 1498 2563
f 1498 284 2563
f 2563 284 1565
f 283 1566 1565
f 1565 1566 2563
f 1500 299 2564
f 2564 299 1567
f 317 1568 1567
f 1567 1568 2564
f 1568 330 2564
f 2564 330 1569
f 314 1500 1569
f 1569 1500 2564
f 304 1501 1502
f 1502 1501 2565
f 1501 314 2565
f 2565 314 1570
f 296 1571 1570
f 1570 1571 2565
f 1571 295 2565
f 2565 295 1502
f 1503 295 2566
f 2566 295 1571
f 296 1572 1571
f 1571 1572 2566
f 1572 255 2566
f 2566 255 1505
f 279 1503 1505
f 1505 1503 2566
f 161 1507 1573
f 1573 1507 2567
f 1507 202 2567
f 2567 202 1504
f 255 1574 1504
f 1504 1574 2567
f 1574 234 2567
f 2567 234 1573
f 1509 271 2568
f 2568 271 1575
f 1575 303 2568
f 2568 303 1576
f 1576 332 2568
f 2568 332 1577
f 300 1509 1577
f 1577 1509 2568
f 1511 285 2569
f 2569 285 1510
f 300 1578 1510
f 1510 1578 2569
f 1578 286 2569
f 2569 286 1579
f 266 1511 1579
f 1579 1511 2569
f 235 1513 1580
f 1580 1513 2570
f 1513 266 2570
f 2570 266 1579
f 286 1581 1579
f 1579 1581 2570
f 1581 259 2570
f 2570 259 1580
f 235 1580 1514
f 1514 1580 2571
f 259 1582 1580
f 1580 1582 2571
f 246 1583 1582
f 1582 1583 2571
f 1583 216 2571
f 2571 216 1514
f 229 1549 1516
f 1516 1549 2572
f 306 1584 1549
f 1549 1584 2572
f 1584 275 2572
f 2572 275 1517
f 197 1516 1517
f 1517 1516 2572
f 1585 274 2573
f 2573 274 1518
f 275 1586 1518
f 1518 1586 2573
f 1586 291 2573
f 2573 291 1587
f 290 1585 1587
f 1587 1585 2573
f 290 1588 1585
f 1585 1588 2574
f 1588 307 2574
f 2574 307 1589
f 292 1520 1589
f 1589 1520 2574
f 1520 274 2574
f 2574 274 1585
f 1522 209 2575
f 2575 209 1521
f 292 1590 1521
f 1521 1590 2575
f 1590 324 2575
f 2575 324 1543
f 243 1522 1543
f 1543 1522 2575
f 1523 161 2576
f 2576 161 1573
f 234 1591 1573
f 1573 1591 2576
f 1591 233 2576
f 2576 233 1562
f 160 1523 1562
f 1562 1523 2576
f 216 1583 1524
f 1524 1583 2577
f 1583 246 2577
f 2577 246 1592
f 247 1537 1592
f 1592 1537 2577
f 1537 217 2577
f 2577 217 1524
f 199 1528 1525
f 1525 1528 2578
f 1528 253 2578
f 2578 253 1593
f 262 1552 1593
f 1593 1552 2578
f 214 1525 1552
f 1552 1525 2578
f 1527 254 2579
f 2579 254 1594
f 278 1595 1594
f 1594 1595 2579
f 1595 277 2579
f 2579 277 1596
f 253 1527 1596
f 1596 1527 2579
f 254 1530 1594
f 1594 1530 2580
f 276 1597 1530
f 1530 1597 2580
f 1597 309 2580
f 2580 309 1598
f 1598 278 2580
f 2580 278 1594
f 247 1599 1538
f 1538 1599 2581
f 1599 268 2581
f 2581 268 1600
f 301 1601 1600
f 1600 1601 2581
f 1601 269 2581
f 2581 269 1538
f 269 1601 1540
f 1540 1601 2582
f 1601 301 2582
f 2582 301 1602
f 302 1603 1602
f 1602 1603 2582
f 1603 270 2582
f 2582 270 1540
f 270 1603 1542
f 1542 1603 2583
f 1603 302 2583
f 2583 302 1604
f 303 1575 1604
f 1604 1575 2583
f 1575 271 2583
f 2583 271 1542
f 344 1606 1605
f 1605 1606 2584
f 1606 354 2584
f 2584 354 1546
f 336 1544 1546
f 1546 1544 2584
f 1544 324 2584
f 2584 324 1605
f 1607 337 2585
f 2585 337 1547
f 1547 354 2585
f 2585 354 1608
f 359 1609 1608
f 1608 1609 2585
f 355 1607 1609
f 1609 1607 2585
f 338 1610 1551
f 1551 1610 2586
f 1610 339 2586
f 2586 339 1611
f 306 1548 1611
f 1611 1548 2586
f 1548 322 2586
f 2586 322 1551
f 1607 355 2587
f 2587 355 1612
f 339 1610 1612
f 1612 1610 2587
f 1610 338 2587
f 2587 338 1550
f 337 1607 1550
f 1550 1607 2587
f 1613 312 2588
f 2588 312 1614
f 313 1554 1614
f 1614 1554 2588
f 294 1553 1554
f 1554 1553 2588
f 262 1613 1553
f 1553 1613 2588
f 1615 329 2589
f 2589 329 1556
f 319 1555 1556
f 1556 1555 2589
f 1555 313 2589
f 2589 313 1614
f 312 1615 1614
f 1614 1615 2589
f 1557 329 2590
f 2590 329 1616
f 348 1617 1616
f 1616 1617 2590
f 1617 360 2590
f 2590 360 1618
f 345 1557 1618
f 1618 1557 2590
f 335 1558 1559
f 1559 1558 2591
f 1558 345 2591
f 2591 345 1619
f 326 1620 1619
f 1619 1620 2591
f 1620 325 2591
f 2591 325 1559
f 1560 325 2592
f 2592 325 1620
f 1620 326 2592
f 2592 326 1621
f 1621 276 2592
f 2592 276 1561
f 308 1560 1561
f 1561 1560 2592
f 1563 233 2593
f 2593 233 1622
f 256 1623 1622
f 1622 1623 2593
f 1623 263 2593
f 2593 263 1624
f 245 1563 1624
f 1624 1563 2593
f 245 1624 1564
f 1564 1624 2594
f 263 1625 1624
f 1624 1625 2594
f 1625 298 2594
f 2594 298 1626
f 1626 283 2594
f 2594 283 1564
f 1566 283 2595
f 2595 283 1626
f 298 1627 1626
f 1626 1627 2595
f 1627 317 2595
f 2595 317 1567
f 299 1566 1567
f 1567 1566 2595
f 1568 317 2596
f 2596 317 1628
f 1628 352 2596
f 2596 352 1629
f 1629 362 2596
f 2596 362 1630
f 330 1568 1630
f 1630 1568 2596
f 314 1569 1570
f 1570 1569 2597
f 330 1631 1569
f 1569 1631 2597
f 1631 315 2597
f 2597 315 1632
f 296 1570 1632
f 1632 1570 2597
f 255 1572 1633
f 1633 1572 2598
f 1572 296 2598
f 2598 296 1632
f 315 1634 1632
f 1632 1634 2598
f 280 1633 1634
f 1634 1633 2598
f 1635 234 2599
f 2599 234 1574
f 255 1633 1574
f 1574 1633 2599
f 1633 280 2599
f 2599 280 1636
f 257 1635 1636
f 1636 1635 2599
f 303 1637 1576
f 1576 1637 2600
f 1637 368 2600
f 2600 368 1638
f 388 1639 1638
f 1638 1639 2600
f 1639 332 2600
f 2600 332 1576
f 1578 300 2601
f 2601 300 1577
f 332 1640 1577
f 1577 1640 2601
f 1640 318 2601
f 2601 318 1641
f 286 1578 1641
f 1641 1578 2601
f 259 1581 1642
f 1642 1581 2602
f 1581 286 2602
f 2602 286 1641
f 318 1643 1641
f 1641 1643 2602
f 1643 287 2602
f 2602 287 1642
f 1582 259 2603
f 2603 259 1642
f 1642 287 2603
f 2603 287 1644
f 267 1645 1644
f 1644 1645 2603
f 1645 246 2603
f 2603 246 1582
f 1586 275 2604
f 2604 275 1584
f 306 1646 1584
f 1584 1646 2604
f 1646 323 2604
f 2604 323 1647
f 291 1586 1647
f 1647 1586 2604
f 291 1648 1587
f 1587 1648 2605
f 340 1649 1648
f 1648 1649 2605
f 1649 341 2605
f 2605 341 1650
f 1650 290 2605
f 2605 290 1587
f 1588 290 2606
f 2606 290 1650
f 341 1651 1650
f 1650 1651 2606
f 1651 357 2606
f 2606 357 1652
f 307 1588 1652
f 1652 1588 2606
f 1653 342 2607
f 2607 342 1654
f 343 1655 1654
f 1654 1655 2607
f 1655 292 2607
f 2607 292 1589
f 307 1653 1589
f 1589 1653 2607
f 1655 343 2608
f 2608 343 1656
f 344 1605 1656
f 1656 1605 2608
f 324 1590 1605
f 1605 1590 2608
f 292 1655 1590
f 1590 1655 2608
f 234 1635 1591
f 1591 1635 2609
f 1635 257 2609
f 2609 257 1657
f 1657 256 2609
f 2609 256 1622
f 233 1591 1622
f 1622 1591 2609
f 246 1645 1592
f 1592 1645 2610
f 1645 267 2610
f 2610 267 1658
f 268 1599 1658
f 1658 1599 2610
f 1599 247 2610
f 2610 247 1592
f 1593 253 2611
f 2611 253 1596
f 277 1659 1596
f 1596 1659 2611
f 1659 293 2611
f 2611 293 1660
f 262 1593 1660
f 1660 1593 2611
f 278 1661 1595
f 1595 1661 2612
f 1661 311 2612
f 2612 311 1662
f 310 1663 1662
f 1662 1663 2612
f 1663 277 2612
f 2612 277 1595
f 276 1621 1597
f 1597 1621 2613
f 1621 326 2613
f 2613 326 1664
f 346 1665 1664
f 1664 1665 2613
f 1665 309 2613
f 2613 309 1597
f 278 1598 1661
f 1661 1598 2614
f 1598 309 2614
f 2614 309 1666
f 347 1667 1666
f 1666 1667 2614
f 311 1661 1667
f 1667 1661 2614
f 268 1668 1600
f 1600 1668 2615
f 1668 334 2615
f 2615 334 1669
f 366 1670 1669
f 1669 1670 2615
f 1670 301 2615
f 2615 301 1600
f 301 1670 1602
f 1602 1670 2616
f 1670 366 2616
f 2616 366 1671
f 367 1672 1671
f 1671 1672 2616
f 1672 302 2616
f 2616 302 1602
f 302 1672 1604
f 1604 1672 2617
f 1672 367 2617
f 2617 367 1673
f 368 1637 1673
f 1673 1637 2617
f 1637 303 2617
f 2617 303 1604
f 1674 359 2618
f 2618 359 1608
f 354 1606 1608
f 1608 1606 2618
f 1606 344 2618
f 2618 344 1656
f 343 1674 1656
f 1656 1674 2618
f 355 1609 1675
f 1675 1609 2619
f 1609 359 2619
f 2619 359 1676
f 358 1677 1676
f 1676 1677 2619
f 1677 369 2619
f 2619 369 1675
f 356 1679 1678
f 1678 1679 2620
f 1679 323 2620
f 2620 323 1646
f 306 1611 1646
f 1646 1611 2620
f 1611 339 2620
f 2620 339 1678
f 1675 369 2621
f 2621 369 1680
f 356 1678 1680
f 1680 1678 2621
f 1678 339 2621
f 2621 339 1612
f 355 1675 1612
f 1612 1675 2621
f 262 1660 1613
f 1613 1660 2622
f 293 1681 1660
f 1660 1681 2622
f 1681 328 2622
f 2622 328 1682
f 312 1613 1682
f 1682 1613 2622
f 1615 312 2623
f 2623 312 1682
f 328 1683 1682
f 1682 1683 2623
f 1683 348 2623
f 2623 348 1616
f 329 1615 1616
f 1616 1615 2623
f 1617 348 2624
f 2624 348 1684
f 1684 374 2624
f 2624 374 1685
f 384 1686 1685
f 1685 1686 2624
f 360 1617 1686
f 1686 1617 2624
f 1619 345 2625
f 2625 345 1618
f 360 1687 1618
f 1618 1687 2625
f 1687 346 2625
f 2625 346 1664
f 1664 326 2625
f 2625 326 1619
f 1623 256 2626
f 2626 256 1688
f 281 1689 1688
f 1688 1689 2626
f 1689 297 2626
f 2626 297 1690
f 263 1623 1690
f 1690 1623 2626
f 1625 263 2627
f 2627 263 1690
f 297 1691 1690
f 1690 1691 2627
f 331 1692 1691
f 1691 1692 2627
f 298 1625 1692
f 1692 1625 2627
f 298 1692 1627
f 1627 1692 2628
f 1692 331 2628
f 2628 331 1693
f 352 1628 1693
f 1693 1628 2628
f 1628 317 2628
f 2628 317 1627
f 1629 352 2629
f 2629 352 1694
f 408 1695 1694
f 1694 1695 2629
f 1695 420 2629
f 2629 420 1696
f 362 1629 1696
f 1696 1629 2629
f 1631 330 2630
f 2630 330 1630
f 362 1697 1630
f 1630 1697 2630
f 1697 349 2630
f 2630 349 1698
f 315 1631 1698
f 1698 1631 2630
f 1699 280 2631
f 2631 280 1634
f 1634 315 2631
f 2631 315 1698
f 349 1700 1698
f 1698 1700 2631
f 316 1699 1700
f 1700 1699 2631
f 1701 257 2632
f 2632 257 1636
f 280 1699 1636
f 1636 1699 2632
f 1699 316 2632
f 2632 316 1702
f 282 1701 1702
f 1702 1701 2632
f 1703 388 2633
f 2633 388 1638
f 368 1704 1638
f 1638 1704 2633
f 1704 382 2633
f 2633 382 1705
f 1705 409 2633
f 2633 409 1703
f 332 1639 1640
f 1640 1639 2634
f 1639 388 2634
f 2634 388 1706
f 1706 378 2634
f 2634 378 1707
f 318 1640 1707
f 1707 1640 2634
f 287 1643 1708
f 1708 1643 2635
f 1643 318 2635
f 2635 318 1707
f 378 1709 1707
f 1707 1709 2635
f 353 1708 1709
f 1709 1708 2635
f 1644 287 2636
f 2636 287 1708
f 353 1710 1708
f 1708 1710 2636
f 333 1711 1710
f 1710 1711 2636
f 1711 267 2636
f 2636 267 1644
f 1648 291 2637
f 2637 291 1647
f 1647 323 2637
f 2637 323 1712
f 1712 370 2637
f 2637 370 1713
f 1713 340 2637
f 2637 340 1648
f 341 1649 1714
f 1714 1649 2638
f 1649 340 2638
f 2638 340 1715
f 397 1716 1715
f 1715 1716 2638
f 1716 396 2638
f 2638 396 1714
f 396 1717 1714
f 1714 1717 2639
f 1717 417 2639
f 2639 417 1718
f 357 1651 1718
f 1718 1651 2639
f 1651 341 2639
f 2639 341 1714
f 1653 307 2640
f 2640 307 1652
f 357 1719 1652
f 1652 1719 2640
f 1719 383 2640
f 2640 383 1720
f 342 1653 1720
f 1720 1653 2640
f 1721 358 2641
f 2641 358 1676
f 359 1674 1676
f 1676 1674 2641
f 1674 343 2641
f 2641 343 1654
f 342 1721 1654
f 1654 1721 2641
f 257 1701 1657
f 1657 1701 2642
f 1701 282 2642
f 2642 282 1722
f 1722 281 2642
f 2642 281 1688
f 256 1657 1688
f 1688 1657 2642
f 267 1711 1658
f 1658 1711 2643
f 1711 333 2643
f 2643 333 1723
f 334 1668 1723
f 1723 1668 2643
f 1668 268 2643
f 2643 268 1658
f 277 1663 1659
f 1659 1663 2644
f 1663 310 2644
f 2644 310 1724
f 1724 327 2644
f 2644 327 1725
f 1725 293 2644
f 2644 293 1659
f 311 1726 1662
f 1662 1726 2645
f 1726 373 2645
f 2645 373 1727
f 372 1728 1727
f 1727 1728 2645
f 1728 310 2645
f 2645 310 1662
f 309 1665 1666
f 1666 1665 2646
f 1665 346 2646
f 2646 346 1729
f 371 1730 1729
f 1729 1730 2646
f 1730 347 2646
f 2646 347 1666
f 1726 311 2647
f 2647 311 1667
f 1667 347 2647
f 2647 347 1731
f 399 1732 1731
f 1731 1732 2647
f 373 1726 1732
f 1732 1726 2647
f 334 1733 1669
f 1669 1733 2648
f 1733 365 2648
f 2648 365 1734
f 393 1735 1734
f 1734 1735 2648
f 1735 366 2648
f 2648 366 1669
f 380 1737 1736
f 1736 1737 2649
f 381 1738 1737
f 1737 1738 2649
f 1738 367 2649
f 2649 367 1671
f 366 1736 1671
f 1671 1736 2649
f 1738 381 2650
f 2650 381 1739
f 382 1704 1739
f 1739 1704 2650
f 1704 368 2650
f 2650 368 1673
f 367 1738 1673
f 1673 1738 2650
f 1677 358 2651
f 2651 358 1740
f 398 1741 1740
f 1740 1741 2651
f 1741 416 2651
f 2651 416 1742
f 369 1677 1742
f 1742 1677 2651
f 1712 323 2652
f 2652 323 1679
f 356 1743 1679
f 1679 1743 2652
f 1743 395 2652
f 2652 395 1744
f 370 1712 1744
f 1744 1712 2652
f 369 1742 1680
f 1680 1742 2653
f 1742 416 2653
f 2653 416 1745
f 395 1743 1745
f 1745 1743 2653
f 1743 356 2653
f 2653 356 1680
f 293 1725 1681
f 1681 1725 2654
f 1725 327 2654
f 2654 327 1746
f 361 1747 1746
f 1746 1747 2654
f 1747 328 2654
f 2654 328 1681
f 328 1747 1683
f 1683 1747 2655
f 1747 361 2655
f 2655 361 1748
f 374 1684 1748
f 1748 1684 2655
f 348 1683 1684
f 1684 1683 2655
f 374 1749 1685
f 1685 1749 2656
f 1749 444 2656
f 2656 444 1750
f 460 1751 1750
f 1750 1751 2656
f 1751 384 2656
f 2656 384 1685
f 1687 360 2657
f 2657 360 1686
f 1686 384 2657
f 2657 384 1752
f 1752 371 2657
f 2657 371 1729
f 346 1687 1729
f 1729 1687 2657
f 1689 281 2658
f 2658 281 1753
f 350 1754 1753
f 1753 1754 2658
f 1754 363 2658
f 2658 363 1755
f 297 1689 1755
f 1755 1689 2658
f 1691 297 2659
f 2659 297 1755
f 363 1756 1755
f 1755 1756 2659
f 1756 387 2659
f 2659 387 1757
f 331 1691 1757
f 1757 1691 2659
f 331 1757 1693
f 1693 1757 2660
f 387 1758 1757
f 1757 1758 2660
f 408 1694 1758
f 1758 1694 2660
f 1694 352 2660
f 2660 352 1693
f 1759 420 2661
f 2661 420 1695
f 408 1760 1695
f 1695 1760 2661
f 1760 428 2661
f 2661 428 1761
f 445 1759 1761
f 1761 1759 2661
f 1697 362 2662
f 2662 362 1696
f 420 1762 1696
f 1696 1762 2662
f 402 1763 1762
f 1762 1763 2662
f 349 1697 1763
f 1763 1697 2662
f 1764 316 2663
f 2663 316 1700
f 349 1763 1700
f 1700 1763 2663
f 1763 402 2663
f 2663 402 1765
f 375 1764 1765
f 1765 1764 2663
f 1766 282 2664
f 2664 282 1702
f 316 1764 1702
f 1702 1764 2664
f 1764 375 2664
f 2664 375 1767
f 1767 351 2664
f 2664 351 1766
f 409 1768 1703
f 1703 1768 2665
f 1768 389 2665
f 2665 389 1769
f 378 1706 1769
f 1769 1706 2665
f 1706 388 2665
f 2665 388 1703
f 409 1705 1770
f 1770 1705 2666
f 1705 382 2666
f 2666 382 1771
f 394 1772 1771
f 1771 1772 2666
f 1772 410 2666
f 2666 410 1770
f 389 1773 1769
f 1769 1773 2667
f 1773 390 2667
f 2667 390 1774
f 1774 353 2667
f 2667 353 1709
f 1709 378 2667
f 2667 378 1769
f 1710 353 2668
f 2668 353 1775
f 1775 379 2668
f 2668 379 1776
f 364 1777 1776
f 1776 1777 2668
f 1777 333 2668
f 2668 333 1710
f 340 1713 1715
f 1715 1713 2669
f 1713 370 2669
f 2669 370 1778
f 435 1779 1778
f 1778 1779 2669
f 397 1715 1779
f 1779 1715 2669
f 397 1780 1716
f 1716 1780 2670
f 437 1781 1780
f 1780 1781 2670
f 1781 436 2670
f 2670 436 1782
f 1782 396 2670
f 2670 396 1716
f 1717 396 2671
f 2671 396 1782
f 436 1783 1782
f 1782 1783 2671
f 1783 458 2671
f 2671 458 1784
f 417 1717 1784
f 1784 1717 2671
f 1785 459 2672
f 2672 459 1786
f 383 1719 1786
f 1786 1719 2672
f 1719 357 2672
f 2672 357 1718
f 417 1785 1718
f 1718 1785 2672
f 1721 342 2673
f 2673 342 1720
f 383 1787 1720
f 1720 1787 2673
f 1787 398 2673
f 2673 398 1740
f 358 1721 1740
f 1740 1721 2673
f 1722 282 2674
f 2674 282 1766
f 1766 351 2674
f 2674 351 1788
f 1788 350 2674
f 2674 350 1753
f 281 1722 1753
f 1753 1722 2674
f 333 1777 1723
f 1723 1777 2675
f 1777 364 2675
f 2675 364 1789
f 365 1733 1789
f 1789 1733 2675
f 1733 334 2675
f 2675 334 1723
f 1724 310 2676
f 2676 310 1728
f 372 1790 1728
f 1728 1790 2676
f 385 1791 1790
f 1790 1791 2676
f 327 1724 1791
f 1791 1724 2676
f 373 1792 1727
f 1727 1792 2677
f 1792 401 2677
f 2677 401 1793
f 400 1794 1793
f 1793 1794 2677
f 1794 372 2677
f 2677 372 1727
f 347 1730 1731
f 1731 1730 2678
f 1730 371 2678
f 2678 371 1795
f 1795 438 2678
f 2678 438 1796
f 399 1731 1796
f 1796 1731 2678
f 1792 373 2679
f 2679 373 1732
f 399 1797 1732
f 1732 1797 2679
f 1797 439 2679
f 2679 439 1798
f 401 1792 1798
f 1798 1792 2679
f 365 1799 1734
f 1734 1799 2680
f 1799 392 2680
f 2680 392 1800
f 433 1801 1800
f 1800 1801 2680
f 1801 393 2680
f 2680 393 1734
f 366 1735 1736
f 1736 1735 2681
f 1735 393 2681
f 2681 393 1802
f 1802 415 2681
f 2681 415 1803
f 1803 380 2681
f 2681 380 1736
f 1804 394 2682
f 2682 394 1771
f 382 1739 1771
f 1771 1739 2682
f 1739 381 2682
f 2682 381 1737
f 380 1804 1737
f 1737 1804 2682
f 416 1741 1805
f 1805 1741 2683
f 1741 398 2683
f 2683 398 1806
f 484 1807 1806
f 1806 1807 2683
f 1807 500 2683
f 2683 500 1805
f 1808 478 2684
f 2684 478 1809
f 435 1778 1809
f 1809 1778 2684
f 1778 370 2684
f 2684 370 1744
f 395 1808 1744
f 1744 1808 2684
f 1805 500 2685
f 2685 500 1810
f 478 1808 1810
f 1810 1808 2685
f 1808 395 2685
f 2685 395 1745
f 416 1805 1745
f 1745 1805 2685
f 327 1791 1746
f 1746 1791 2686
f 385 1811 1791
f 1791 1811 2686
f 419 1812 1811
f 1811 1812 2686
f 1812 361 2686
f 2686 361 1746
f 361 1812 1748
f 1748 1812 2687
f 1812 419 2687
f 2687 419 1813
f 444 1749 1813
f 1813 1749 2687
f 1749 374 2687
f 2687 374 1748
f 1814 460 2688
f 2688 460 1750
f 444 1815 1750
f 1750 1815 2688
f 1815 468 2688
f 2688 468 1816
f 485 1814 1816
f 1816 1814 2688
f 384 1751 1752
f 1752 1751 2689
f 1751 460 2689
f 2689 460 1817
f 438 1795 1817
f 1817 1795 2689
f 1795 371 2689
f 2689 371 1752
f 1754 350 2690
f 2690 350 1818
f 376 1819 1818
f 1818 1819 2690
f 1819 386 2690
f 2690 386 1820
f 363 1754 1820
f 1820 1754 2690
f 406 1822 1821
f 1821 1822 2691
f 1822 407 2691
f 2691 407 1823
f 387 1756 1823
f 1823 1756 2691
f 1756 363 2691
f 2691 363 1821
f 1824 428 2692
f 2692 428 1760
f 1760 408 2692
f 2692 408 1758
f 1758 387 2692
f 2692 387 1823
f 407 1824 1823
f 1823 1824 2692
f 1759 445 2693
f 2693 445 1825
f 1825 421 2693
f 2693 421 1826
f 1826 402 2693
f 2693 402 1762
f 420 1759 1762
f 1762 1759 2693
f 1827 445 2694
f 2694 445 1761
f 428 1828 1761
f 1761 1828 2694
f 1828 427 2694
f 2694 427 1829
f 446 1827 1829
f 1829 1827 2694
f 1826 421 2695
f 2695 421 1830
f 422 1831 1830
f 1830 1831 2695
f 1831 375 2695
f 2695 375 1765
f 402 1826 1765
f 1765 1826 2695
f 1832 351 2696
f 2696 351 1767
f 375 1833 1767
f 1767 1833 2696
f 1833 403 2696
f 2696 403 1834
f 377 1832 1834
f 1834 1832 2696
f 409 1770 1768
f 1768 1770 2697
f 1770 410 2697
f 2697 410 1835
f 390 1773 1835
f 1835 1773 2697
f 1773 389 2697
f 2697 389 1768
f 410 1772 1836
f 1836 1772 2698
f 1772 394 2698
f 2698 394 1837
f 434 1838 1837
f 1837 1838 2698
f 429 1836 1838
f 1838 1836 2698
f 353 1774 1775
f 1775 1774 2699
f 1774 390 2699
f 2699 390 1839
f 411 1840 1839
f 1839 1840 2699
f 1840 379 2699
f 2699 379 1775
f 1841 364 2700
f 2700 364 1776
f 379 1842 1776
f 1776 1842 2700
f 1842 412 2700
f 2700 412 1843
f 391 1841 1843
f 1843 1841 2700
f 1780 397 2701
f 2701 397 1779
f 435 1844 1779
f 1779 1844 2701
f 1844 479 2701
f 2701 479 1845
f 437 1780 1845
f 1845 1780 2701
f 1846 436 2702
f 2702 436 1781
f 1781 437 2702
f 2702 437 1847
f 481 1848 1847
f 1847 1848 2702
f 1848 480 2702
f 2702 480 1846
f 1783 436 2703
f 2703 436 1846
f 480 1849 1846
f 1846 1849 2703
f 1849 505 2703
f 2703 505 1850
f 458 1783 1850
f 1850 1783 2703
f 1851 417 2704
f 2704 417 1784
f 458 1852 1784
f 1784 1852 2704
f 1852 506 2704
f 2704 506 1853
f 482 1851 1853
f 1853 1851 2704
f 1851 482 2705
f 2705 482 1854
f 483 1855 1854
f 1854 1855 2705
f 1855 459 2705
f 2705 459 1785
f 417 1851 1785
f 1785 1851 2705
f 1856 484 2706
f 2706 484 1806
f 398 1787 1806
f 1806 1787 2706
f 1787 383 2706
f 2706 383 1786
f 459 1856 1786
f 1786 1856 2706
f 351 1832 1788
f 1788 1832 2707
f 1832 377 2707
f 2707 377 1857
f 376 1818 1857
f 1857 1818 2707
f 350 1788 1818
f 1818 1788 2707
f 364 1841 1789
f 1789 1841 2708
f 1841 391 2708
f 2708 391 1858
f 392 1799 1858
f 1858 1799 2708
f 1799 365 2708
f 2708 365 1789
f 1790 372 2709
f 2709 372 1794
f 400 1859 1794
f 1794 1859 2709
f 1859 418 2709
f 2709 418 1860
f 385 1790 1860
f 1860 1790 2709
f 1861 400 2710
f 2710 400 1793
f 401 1862 1793
f 1793 1862 2710
f 1862 441 2710
f 2710 441 1863
f 440 1861 1863
f 1863 1861 2710
f 1864 461 2711
f 2711 461 1865
f 462 1866 1865
f 1865 1866 2711
f 1866 399 2711
f 2711 399 1796
f 438 1864 1796
f 1796 1864 2711
f 399 1866 1797
f 1797 1866 2712
f 1866 462 2712
f 2712 462 1867
f 487 1868 1867
f 1867 1868 2712
f 1868 439 2712
f 2712 439 1797
f 1862 401 2713
f 2713 401 1798
f 439 1869 1798
f 1798 1869 2713
f 1869 488 2713
f 2713 488 1870
f 441 1862 1870
f 1870 1862 2713
f 392 1871 1800
f 1800 1871 2714
f 1871 414 2714
f 2714 414 1872
f 456 1873 1872
f 1872 1873 2714
f 1873 433 2714
f 2714 433 1800
f 1874 457 2715
f 2715 457 1875
f 415 1802 1875
f 1875 1802 2715
f 393 1801 1802
f 1802 1801 2715
f 433 1874 1801
f 1801 1874 2715
f 1804 380 2716
f 2716 380 1803
f 415 1876 1803
f 1803 1876 2716
f 1876 434 2716
f 2716 434 1837
f 394 1804 1837
f 1837 1804 2716
f 500 1807 1877
f 1877 1807 2717
f 1807 484 2717
f 2717 484 1878
f 508 1879 1878
f 1878 1879 2717
f 1879 525 2717
f 2717 525 1877
f 501 1881 1880
f 1880 1881 2718
f 1881 502 2718
f 2718 502 1882
f 435 1809 1882
f 1882 1809 2718
f 1809 478 2718
f 2718 478 1880
f 525 1883 1877
f 1877 1883 2719
f 1883 501 2719
f 2719 501 1880
f 478 1810 1880
f 1880 1810 2719
f 1810 500 2719
f 2719 500 1877
f 442 1885 1884
f 1884 1885 2720
f 1885 443 2720
f 2720 443 1886
f 419 1811 1886
f 1886 1811 2720
f 1811 385 2720
f 2720 385 1884
f 468 1815 1887
f 1887 1815 2721
f 1815 444 2721
f 2721 444 1813
f 419 1886 1813
f 1813 1886 2721
f 1886 443 2721
f 2721 443 1887
f 485 1888 1814
f 1814 1888 2722
f 1888 461 2722
f 2722 461 1864
f 438 1817 1864
f 1864 1817 2722
f 460 1814 1817
f 1817 1814 2722
f 1889 485 2723
f 2723 485 1816
f 468 1890 1816
f 1816 1890 2723
f 1890 467 2723
f 2723 467 1891
f 486 1889 1891
f 1891 1889 2723
f 1819 376 2724
f 2724 376 1892
f 404 1893 1892
f 1892 1893 2724
f 1893 425 2724
f 2724 425 1894
f 386 1819 1894
f 1894 1819 2724
f 363 1820 1821
f 1821 1820 2725
f 386 1895 1820
f 1820 1895 2725
f 1895 426 2725
f 2725 426 1896
f 406 1821 1896
f 1896 1821 2725
f 1897 427 2726
f 2726 427 1828
f 428 1824 1828
f 1828 1824 2726
f 1824 407 2726
f 2726 407 1822
f 406 1897 1822
f 1822 1897 2726
f 445 1827 1825
f 1825 1827 2727
f 1827 446 2727
f 2727 446 1898
f 1898 422 2727
f 2727 422 1830
f 1830 421 2727
f 2727 421 1825
f 1899 446 2728
f 2728 446 1829
f 1829 427 2728
f 2728 427 1900
f 452 1901 1900
f 1900 1901 2728
f 469 1899 1901
f 1901 1899 2728
f 375 1831 1833
f 1833 1831 2729
f 1831 422 2729
f 2729 422 1902
f 1902 447 2729
f 2729 447 1903
f 403 1833 1903
f 1903 1833 2729
f 1904 377 2730
f 2730 377 1834
f 403 1905 1834
f 1834 1905 2730
f 1905 448 2730
f 2730 448 1906
f 405 1904 1906
f 1906 1904 2730
f 410 1836 1835
f 1835 1836 2731
f 1836 429 2731
f 2731 429 1907
f 411 1839 1907
f 1907 1839 2731
f 1839 390 2731
f 2731 390 1835
f 1838 434 2732
f 2732 434 1908
f 477 1909 1908
f 1908 1909 2732
f 474 1910 1909
f 1909 1910 2732
f 1910 429 2732
f 2732 429 1838
f 1911 453 2733
f 2733 453 1912
f 412 1842 1912
f 1912 1842 2733
f 1842 379 2733
f 2733 379 1840
f 411 1911 1840
f 1840 1911 2733
f 1913 391 2734
f 2734 391 1843
f 412 1914 1843
f 1843 1914 2734
f 1914 430 2734
f 2734 430 1915
f 413 1913 1915
f 1915 1913 2734
f 1844 435 2735
f 2735 435 1882
f 502 1916 1882
f 1882 1916 2735
f 1916 527 2735
f 2735 527 1917
f 479 1844 1917
f 1917 1844 2735
f 1847 437 2736
f 2736 437 1845
f 479 1918 1845
f 1845 1918 2736
f 1918 528 2736
f 2736 528 1919
f 1919 481 2736
f 2736 481 1847
f 480 1848 1920
f 1920 1848 2737
f 1848 481 2737
f 2737 481 1921
f 504 1922 1921
f 1921 1922 2737
f 1922 503 2737
f 2737 503 1920
f 1920 503 2738
f 2738 503 1923
f 1923 531 2738
f 2738 531 1924
f 505 1849 1924
f 1924 1849 2738
f 480 1920 1849
f 1849 1920 2738
f 1925 547 2739
f 2739 547 1926
f 506 1852 1926
f 1926 1852 2739
f 1852 458 2739
f 2739 458 1850
f 505 1925 1850
f 1850 1925 2739
f 1927 482 2740
f 2740 482 1853
f 506 1928 1853
f 1853 1928 2740
f 1928 532 2740
f 2740 532 1929
f 507 1927 1929
f 1929 1927 2740
f 1927 507 2741
f 2741 507 1930
f 508 1931 1930
f 1930 1931 2741
f 1931 483 2741
f 2741 483 1854
f 482 1927 1854
f 1854 1927 2741
f 1931 508 2742
f 2742 508 1878
f 484 1856 1878
f 1878 1856 2742
f 1856 459 2742
f 2742 459 1855
f 483 1931 1855
f 1855 1931 2742
f 1892 376 2743
f 2743 376 1857
f 377 1904 1857
f 1857 1904 2743
f 1904 405 2743
f 2743 405 1932
f 404 1892 1932
f 1932 1892 2743
f 1913 413 2744
f 2744 413 1933
f 414 1871 1933
f 1933 1871 2744
f 1871 392 2744
f 2744 392 1858
f 391 1913 1858
f 1858 1913 2744
f 400 1861 1859
f 1859 1861 2745
f 1861 440 2745
f 2745 440 1934
f 1934 465 2745
f 2745 465 1935
f 418 1859 1935
f 1935 1859 2745
f 385 1860 1884
f 1884 1860 2746
f 1860 418 2746
f 2746 418 1936
f 466 1937 1936
f 1936 1937 2746
f 1937 442 2746
f 2746 442 1884
f 1938 440 2747
f 2747 440 1863
f 441 1939 1863
f 1863 1939 2747
f 1939 464 2747
f 2747 464 1940
f 463 1938 1940
f 1940 1938 2747
f 485 1889 1888
f 1888 1889 2748
f 1889 486 2748
f 2748 486 1941
f 1941 462 2748
f 2748 462 1865
f 1865 461 2748
f 2748 461 1888
f 486 1942 1941
f 1941 1942 2749
f 1942 509 2749
f 2749 509 1943
f 487 1867 1943
f 1943 1867 2749
f 462 1941 1867
f 1867 1941 2749
f 1944 533 2750
f 2750 533 1945
f 488 1869 1945
f 1945 1869 2750
f 1869 439 2750
f 2750 439 1868
f 487 1944 1868
f 1868 1944 2750
f 1939 441 2751
f 2751 441 1870
f 488 1946 1870
f 1870 1946 2751
f 1946 510 2751
f 2751 510 1947
f 464 1939 1947
f 1947 1939 2751
f 414 1948 1872
f 1872 1948 2752
f 432 1949 1948
f 1948 1949 2752
f 455 1950 1949
f 1949 1950 2752
f 1950 456 2752
f 2752 456 1872
f 1951 476 2753
f 2753 476 1952
f 457 1874 1952
f 1952 1874 2753
f 1874 433 2753
f 2753 433 1873
f 456 1951 1873
f 1873 1951 2753
f 1953 477 2754
f 2754 477 1908
f 434 1876 1908
f 1908 1876 2754
f 1876 415 2754
f 2754 415 1875
f 457 1953 1875
f 1875 1953 2754
f 525 1879 1954
f 1954 1879 2755
f 1879 508 2755
f 2755 508 1930
f 507 1955 1930
f 1930 1955 2755
f 1955 526 2755
f 2755 526 1954
f 525 1954 1883
f 1883 1954 2756
f 1954 526 2756
f 2756 526 1956
f 502 1881 1956
f 1956 1881 2756
f 1881 501 2756
f 2756 501 1883
f 467 1890 1957
f 1957 1890 2757
f 1890 468 2757
f 2757 468 1887
f 1887 443 2757
f 2757 443 1885
f 1885 442 2757
f 2757 442 1957
f 1942 486 2758
f 2758 486 1891
f 1891 467 2758
f 2758 467 1958
f 492 1959 1958
f 1958 1959 2758
f 509 1942 1959
f 1959 1942 2758
f 1960 423 2759
f 2759 423 1961
f 1961 451 2759
f 2759 451 1962
f 425 1893 1962
f 1962 1893 2759
f 404 1960 1893
f 1893 1960 2759
f 1963 473 2760
f 2760 473 1964
f 426 1895 1964
f 1964 1895 2760
f 1895 386 2760
f 2760 386 1894
f 425 1963 1894
f 1894 1963 2760
f 1897 406 2761
f 2761 406 1896
f 426 1965 1896
f 1896 1965 2761
f 1965 452 2761
f 2761 452 1900
f 427 1897 1900
f 1900 1897 2761
f 1898 446 2762
f 2762 446 1899
f 1899 469 2762
f 2762 469 1966
f 447 1902 1966
f 1966 1902 2762
f 422 1898 1902
f 1902 1898 2762
f 1967 469 2763
f 2763 469 1901
f 1901 452 2763
f 2763 452 1968
f 495 1969 1968
f 1968 1969 2763
f 514 1967 1969
f 1969 1967 2763
f 1970 493 2764
f 2764 493 1971
f 448 1905 1971
f 1971 1905 2764
f 1905 403 2764
f 2764 403 1903
f 447 1970 1903
f 1903 1970 2764
f 1972 405 2765
f 2765 405 1906
f 448 1973 1906
f 1906 1973 2765
f 1973 470 2765
f 2765 470 1974
f 424 1972 1974
f 1974 1972 2765
f 1910 474 2766
f 2766 474 1975
f 453 1911 1975
f 1975 1911 2766
f 1911 411 2766
f 2766 411 1907
f 429 1910 1907
f 1907 1910 2766
f 477 1976 1909
f 1909 1976 2767
f 1976 524 2767
f 2767 524 1977
f 1977 519 2767
f 2767 519 1978
f 474 1909 1978
f 1978 1909 2767
f 1979 475 2768
f 2768 475 1980
f 430 1914 1980
f 1980 1914 2768
f 1914 412 2768
f 2768 412 1912
f 453 1979 1912
f 1912 1979 2768
f 1981 413 2769
f 2769 413 1915
f 430 1982 1915
f 1915 1982 2769
f 1982 454 2769
f 2769 454 1983
f 431 1981 1983
f 1983 1981 2769
f 526 1984 1956
f 1956 1984 2770
f 1984 543 2770
f 2770 543 1985
f 527 1916 1985
f 1985 1916 2770
f 1916 502 2770
f 2770 502 1956
f 1986 557 2771
f 2771 557 1987
f 528 1918 1987
f 1987 1918 2771
f 1918 479 2771
f 2771 479 1917
f 527 1986 1917
f 1917 1986 2771
f 481 1919 1921
f 1921 1919 2772
f 528 1988 1919
f 1919 1988 2772
f 1988 544 2772
f 2772 544 1989
f 1989 504 2772
f 2772 504 1921
f 503 1922 1990
f 1990 1922 2773
f 1922 504 2773
f 2773 504 1991
f 1991 530 2773
f 2773 530 1992
f 1992 529 2773
f 2773 529 1990
f 529 1993 1990
f 1990 1993 2774
f 1993 546 2774
f 2774 546 1994
f 531 1923 1994
f 1994 1923 2774
f 1923 503 2774
f 2774 503 1990
f 1995 558 2775
f 2775 558 1996
f 547 1925 1996
f 1996 1925 2775
f 1925 505 2775
f 2775 505 1924
f 531 1995 1924
f 1924 1995 2775
f 1997 559 2776
f 2776 559 1998
f 532 1928 1998
f 1998 1928 2776
f 1928 506 2776
f 2776 506 1926
f 547 1997 1926
f 1926 1997 2776
f 526 1955 1984
f 1984 1955 2777
f 1955 507 2777
f 2777 507 1929
f 532 1999 1929
f 1929 1999 2777
f 1999 543 2777
f 2777 543 1984
f 1960 404 2778
f 2778 404 1932
f 405 1972 1932
f 1932 1972 2778
f 1972 424 2778
f 2778 424 2000
f 423 1960 2000
f 2000 1960 2778
f 1981 431 2779
f 2779 431 2001
f 2001 432 2779
f 2779 432 1948
f 1948 414 2779
f 2779 414 1933
f 413 1981 1933
f 1933 1981 2779
f 1938 463 2780
f 2780 463 2002
f 2002 491 2780
f 2780 491 2003
f 465 1934 2003
f 2003 1934 2780
f 1934 440 2780
f 2780 440 1938
f 2004 513 2781
f 2781 513 2005
f 466 1936 2005
f 2005 1936 2781
f 1936 418 2781
f 2781 418 1935
f 465 2004 1935
f 1935 2004 2781
f 442 1937 1957
f 1957 1937 2782
f 466 2006 1937
f 1937 2006 2782
f 2006 492 2782
f 2782 492 1958
f 467 1957 1958
f 1958 1957 2782
f 463 1940 2007
f 2007 1940 2783
f 464 2008 1940
f 1940 2008 2783
f 2008 490 2783
f 2783 490 2009
f 2009 489 2783
f 2783 489 2007
f 2010 548 2784
f 2784 548 2011
f 533 1944 2011
f 2011 1944 2784
f 1944 487 2784
f 2784 487 1943
f 509 2010 1943
f 1943 2010 2784
f 2012 549 2785
f 2785 549 2013
f 510 1946 2013
f 2013 1946 2785
f 1946 488 2785
f 2785 488 1945
f 533 2012 1945
f 1945 2012 2785
f 2008 464 2786
f 2786 464 1947
f 510 2014 1947
f 1947 2014 2786
f 2014 511 2786
f 2786 511 2015
f 490 2008 2015
f 2015 2008 2786
f 2001 431 2787
f 2787 431 1983
f 454 2016 1983
f 1983 2016 2787
f 2016 455 2787
f 2787 455 1949
f 1949 432 2787
f 2787 432 2001
f 2017 498 2788
f 2788 498 2018
f 476 1951 2018
f 2018 1951 2788
f 1951 456 2788
f 2788 456 1950
f 1950 455 2788
f 2788 455 2017
f 2019 499 2789
f 2789 499 2020
f 477 1953 2020
f 2020 1953 2789
f 1953 457 2789
f 2789 457 1952
f 476 2019 1952
f 1952 2019 2789
f 2010 509 2790
f 2790 509 1959
f 1959 492 2790
f 2790 492 2021
f 535 2022 2021
f 2021 2022 2790
f 548 2010 2022
f 2022 2010 2790
f 2023 449 2791
f 2791 449 2024
f 2024 472 2791
f 2791 472 2025
f 451 1961 2025
f 2025 1961 2791
f 1961 423 2791
f 2791 423 2023
f 2026 494 2792
f 2792 494 2027
f 473 1963 2027
f 2027 1963 2792
f 1963 425 2792
f 2792 425 1962
f 451 2026 1962
f 1962 2026 2792
f 2028 495 2793
f 2793 495 1968
f 452 1965 1968
f 1968 1965 2793
f 1965 426 2793
f 2793 426 1964
f 473 2028 1964
f 1964 2028 2793
f 1967 514 2794
f 2794 514 2029
f 493 1970 2029
f 2029 1970 2794
f 1970 447 2794
f 2794 447 1966
f 469 1967 1966
f 1966 1967 2794
f 514 1969 2030
f 2030 1969 2795
f 495 2031 1969
f 1969 2031 2795
f 2031 540 2795
f 2795 540 2032
f 2032 553 2795
f 2795 553 2030
f 2033 515 2796
f 2796 515 2034
f 470 1973 2034
f 2034 1973 2796
f 1973 448 2796
f 2796 448 1971
f 493 2033 1971
f 1971 2033 2796
f 2035 424 2797
f 2797 424 1974
f 470 2036 1974
f 1974 2036 2797
f 2036 471 2797
f 2797 471 2037
f 450 2035 2037
f 2037 2035 2797
f 2038 496 2798
f 2798 496 2039
f 475 1979 2039
f 2039 1979 2798
f 1979 453 2798
f 2798 453 1975
f 474 2038 1975
f 1975 2038 2798
f 2040 523 2799
f 2799 523 2041
f 524 1976 2041
f 2041 1976 2799
f 477 2020 1976
f 1976 2020 2799
f 499 2040 2020
f 2020 2040 2799
f 1977 524 2800
f 2800 524 2041
f 523 2042 2041
f 2041 2042 2800
f 520 2043 2042
f 2042 2043 2800
f 2043 519 2800
f 2800 519 1977
f 519 2043 1978
f 1978 2043 2801
f 2043 520 2801
f 2801 520 2044
f 496 2038 2044
f 2044 2038 2801
f 474 1978 2038
f 2038 1978 2801
f 2045 497 2802
f 2802 497 2046
f 454 1982 2046
f 2046 1982 2802
f 1982 430 2802
f 2802 430 1980
f 475 2045 1980
f 1980 2045 2802
f 2047 565 2803
f 2803 565 2048
f 557 1986 2048
f 2048 1986 2803
f 1986 527 2803
f 2803 527 1985
f 543 2047 1985
f 1985 2047 2803
f 2049 566 2804
f 2804 566 2050
f 544 1988 2050
f 2050 1988 2804
f 1988 528 2804
f 2804 528 1987
f 557 2049 1987
f 1987 2049 2804
f 1991 504 2805
f 2805 504 1989
f 544 2051 1989
f 1989 2051 2805
f 2051 545 2805
f 2805 545 2052
f 530 1991 2052
f 2052 1991 2805
f 1992 530 2806
f 2806 530 2052
f 545 2053 2052
f 2052 2053 2806
f 2053 546 2806
f 2806 546 1993
f 1993 529 2806
f 2806 529 1992
f 567 2055 2054
f 2054 2055 2807
f 558 1995 2055
f 2055 1995 2807
f 1995 531 2807
f 2807 531 1994
f 1994 546 2807
f 2807 546 2054
f 2056 569 2808
f 2808 569 2057
f 559 1997 2057
f 2057 1997 2808
f 1997 547 2808
f 2808 547 1996
f 558 2056 1996
f 1996 2056 2808
f 543 1999 2047
f 2047 1999 2809
f 1999 532 2809
f 2809 532 1998
f 559 2058 1998
f 1998 2058 2809
f 565 2047 2058
f 2058 2047 2809
f 2023 423 2810
f 2810 423 2000
f 424 2035 2000
f 2000 2035 2810
f 2035 450 2810
f 2810 450 2059
f 2059 449 2810
f 2810 449 2023
f 2007 489 2811
f 2811 489 2060
f 2060 512 2811
f 2811 512 2061
f 491 2002 2061
f 2061 2002 2811
f 2002 463 2811
f 2811 463 2007
f 2062 534 2812
f 2812 534 2063
f 513 2004 2063
f 2063 2004 2812
f 2004 465 2812
f 2812 465 2003
f 491 2062 2003
f 2003 2062 2812
f 2064 535 2813
f 2813 535 2021
f 492 2006 2021
f 2021 2006 2813
f 2006 466 2813
f 2813 466 2005
f 513 2064 2005
f 2005 2064 2813
f 2009 490 2814
f 2814 490 2015
f 511 2065 2015
f 2015 2065 2814
f 2065 512 2814
f 2814 512 2060
f 489 2009 2060
f 2060 2009 2814
f 2066 560 2815
f 2815 560 2067
f 549 2012 2067
f 2067 2012 2815
f 2012 533 2815
f 2815 533 2011
f 548 2066 2011
f 2011 2066 2815
f 2068 551 2816
f 2816 551 2069
f 511 2014 2069
f 2069 2014 2816
f 2014 510 2816
f 2816 510 2013
f 549 2068 2013
f 2013 2068 2816
f 497 2070 2046
f 2046 2070 2817
f 498 2017 2070
f 2070 2017 2817
f 455 2016 2017
f 2017 2016 2817
f 2016 454 2817
f 2817 454 2046
f 2071 522 2818
f 2818 522 2072
f 499 2019 2072
f 2072 2019 2818
f 2019 476 2818
f 2818 476 2018
f 498 2071 2018
f 2018 2071 2818
f 548 2022 2073
f 2073 2022 2819
f 535 2074 2022
f 2022 2074 2819
f 2074 564 2819
f 2819 564 2075
f 2075 570 2819
f 2819 570 2073
f 2059 450 2820
f 2820 450 2037
f 471 2076 2037
f 2037 2076 2820
f 472 2024 2076
f 2076 2024 2820
f 2024 449 2820
f 2820 449 2059
f 2077 516 2821
f 2821 516 2078
f 494 2026 2078
f 2078 2026 2821
f 2026 451 2821
f 2821 451 2025
f 472 2077 2025
f 2025 2077 2821
f 2079 518 2822
f 2822 518 2080
f 495 2028 2080
f 2080 2028 2822
f 2028 473 2822
f 2822 473 2027
f 494 2079 2027
f 2027 2079 2822
f 2081 536 2823
f 2823 536 2082
f 515 2033 2082
f 2082 2033 2823
f 2033 493 2823
f 2823 493 2029
f 514 2081 2029
f 2029 2081 2823
f 553 2083 2030
f 2030 2083 2824
f 2083 554 2824
f 2824 554 2084
f 536 2081 2084
f 2084 2081 2824
f 2081 514 2824
f 2824 514 2030
f 2085 539 2825
f 2825 539 2086
f 540 2031 2086
f 2086 2031 2825
f 2031 495 2825
f 2825 495 2080
f 518 2085 2080
f 2080 2085 2825
f 2083 553 2826
f 2826 553 2032
f 2032 540 2826
f 2826 540 2086
f 539 2087 2086
f 2086 2087 2826
f 554 2083 2087
f 2087 2083 2826
f 2088 517 2827
f 2827 517 2089
f 471 2036 2089
f 2089 2036 2827
f 2036 470 2827
f 2827 470 2034
f 515 2088 2034
f 2034 2088 2827
f 2090 521 2828
f 2828 521 2091
f 497 2045 2091
f 2091 2045 2828
f 2045 475 2828
f 2828 475 2039
f 496 2090 2039
f 2039 2090 2828
f 542 2093 2092
f 2092 2093 2829
f 523 2040 2093
f 2093 2040 2829
f 2040 499 2829
f 2829 499 2072
f 522 2092 2072
f 2072 2092 2829
f 2042 523 2830
f 2830 523 2093
f 2093 542 2830
f 2830 542 2094
f 2094 541 2830
f 2830 541 2095
f 520 2042 2095
f 2095 2042 2830
f 541 2096 2095
f 2095 2096 2831
f 521 2090 2096
f 2096 2090 2831
f 2090 496 2831
f 2831 496 2044
f 520 2095 2044
f 2044 2095 2831
f 2097 574 2832
f 2832 574 2098
f 566 2049 2098
f 2098 2049 2832
f 2049 557 2832
f 2832 557 2048
f 565 2097 2048
f 2048 2097 2832
f 2099 568 2833
f 2833 568 2100
f 545 2051 2100
f 2100 2051 2833
f 2051 544 2833
f 2833 544 2050
f 566 2099 2050
f 2050 2099 2833
f 546 2053 2054
f 2054 2053 2834
f 2053 545 2834
f 2834 545 2100
f 568 2101 2100
f 2100 2101 2834
f 2101 567 2834
f 2834 567 2054
f 2102 575 2835
f 2835 575 2103
f 569 2056 2103
f 2103 2056 2835
f 2056 558 2835
f 2835 558 2055
f 567 2102 2055
f 2055 2102 2835
f 2104 577 2836
f 2836 577 2105
f 578 2106 2105
f 2105 2106 2836
f 559 2057 2106
f 2106 2057 2836
f 569 2104 2057
f 2057 2104 2836
f 565 2058 2107
f 2107 2058 2837
f 559 2106 2058
f 2058 2106 2837
f 2106 578 2837
f 2837 578 2108
f 2108 579 2837
f 2837 579 2107
f 2109 550 2838
f 2838 550 2110
f 534 2062 2110
f 2110 2062 2838
f 2062 491 2838
f 2838 491 2061
f 512 2109 2061
f 2061 2109 2838
f 2111 552 2839
f 2839 552 2112
f 535 2064 2112
f 2112 2064 2839
f 2064 513 2839
f 2839 513 2063
f 534 2111 2063
f 2063 2111 2839
f 2109 512 2840
f 2840 512 2065
f 2065 511 2840
f 2840 511 2069
f 551 2113 2069
f 2069 2113 2840
f 550 2109 2113
f 2113 2109 2840
f 2073 570 2841
f 2841 570 2114
f 2114 571 2841
f 2841 571 2115
f 560 2066 2115
f 2115 2066 2841
f 548 2073 2066
f 2066 2073 2841
f 2116 562 2842
f 2842 562 2117
f 551 2068 2117
f 2117 2068 2842
f 2068 549 2842
f 2842 549 2067
f 560 2116 2067
f 2067 2116 2842
f 2091 521 2843
f 2843 521 2118
f 522 2071 2118
f 2118 2071 2843
f 2071 498 2843
f 2843 498 2070
f 2070 497 2843
f 2843 497 2091
f 2119 563 2844
f 2844 563 2120
f 564 2074 2120
f 2120 2074 2844
f 535 2112 2074
f 2074 2112 2844
f 552 2119 2112
f 2112 2119 2844
f 2114 570 2845
f 2845 570 2075
f 2075 564 2845
f 2845 564 2120
f 563 2121 2120
f 2120 2121 2845
f 571 2114 2121
f 2121 2114 2845
f 2077 472 2846
f 2846 472 2076
f 2076 471 2846
f 2846 471 2089
f 2089 517 2846
f 2846 517 2122
f 516 2077 2122
f 2122 2077 2846
f 2123 537 2847
f 2847 537 2124
f 518 2079 2124
f 2124 2079 2847
f 2079 494 2847
f 2847 494 2078
f 516 2123 2078
f 2078 2123 2847
f 2125 538 2848
f 2848 538 2126
f 2126 517 2848
f 2848 517 2088
f 2088 515 2848
f 2848 515 2082
f 536 2125 2082
f 2082 2125 2848
f 556 2128 2127
f 2127 2128 2849
f 538 2125 2128
f 2128 2125 2849
f 2125 536 2849
f 2849 536 2084
f 554 2127 2084
f 2084 2127 2849
f 555 2130 2129
f 2129 2130 2850
f 539 2085 2130
f 2130 2085 2850
f 2085 518 2850
f 2850 518 2124
f 537 2129 2124
f 2124 2129 2850
f 2127 554 2851
f 2851 554 2087
f 2087 539 2851
f 2851 539 2130
f 2130 555 2851
f 2851 555 2131
f 2131 556 2851
f 2851 556 2127
f 2096 541 2852
f 2852 541 2094
f 2094 542 2852
f 2852 542 2092
f 2092 522 2852
f 2852 522 2118
f 521 2096 2118
f 2118 2096 2852
f 579 2132 2107
f 2107 2132 2853
f 580 2133 2132
f 2132 2133 2853
f 574 2097 2133
f 2133 2097 2853
f 565 2107 2097
f 2097 2107 2853
f 2134 576 2854
f 2854 576 2135
f 568 2099 2135
f 2135 2099 2854
f 2099 566 2854
f 2854 566 2098
f 574 2134 2098
f 2098 2134 2854
f 567 2101 2102
f 2102 2101 2855
f 2101 568 2855
f 2855 568 2135
f 576 2136 2135
f 2135 2136 2855
f 2136 575 2855
f 2855 575 2102
f 581 2138 2137
f 2137 2138 2856
f 577 2104 2138
f 2138 2104 2856
f 2104 569 2856
f 2856 569 2103
f 575 2137 2103
f 2103 2137 2856
f 2132 579 2857
f 2857 579 2108
f 2108 578 2857
f 2857 578 2105
f 577 2139 2105
f 2105 2139 2857
f 580 2132 2139
f 2139 2132 2857
f 2140 561 2858
f 2858 561 2141
f 552 2111 2141
f 2141 2111 2858
f 2111 534 2858
f 2858 534 2110
f 550 2140 2110
f 2110 2140 2858
f 2140 550 2859
f 2859 550 2113
f 2113 551 2859
f 2859 551 2117
f 562 2142 2117
f 2117 2142 2859
f 561 2140 2142
f 2142 2140 2859
f 573 2144 2143
f 2143 2144 2860
f 562 2116 2144
f 2144 2116 2860
f 2116 560 2860
f 2860 560 2115
f 571 2143 2115
f 2115 2143 2860
f 572 2146 2145
f 2145 2146 2861
f 563 2119 2146
f 2146 2119 2861
f 2119 552 2861
f 2861 552 2141
f 561 2145 2141
f 2141 2145 2861
f 571 2121 2143
f 2143 2121 2862
f 2121 563 2862
f 2862 563 2146
f 2146 572 2862
f 2862 572 2147
f 2147 573 2862
f 2862 573 2143
f 2123 516 2863
f 2863 516 2122
f 517 2126 2122
f 2122 2126 2863
f 2126 538 2863
f 2863 538 2148
f 537 2123 2148
f 2148 2123 2863
f 2129 537 2864
f 2864 537 2148
f 538 2128 2148
f 2148 2128 2864
f 2128 556 2864
f 2864 556 2131
f 2131 555 2864
f 2864 555 2129
f 582 2150 2149
f 2149 2150 2865
f 576 2134 2150
f 2150 2134 2865
f 2134 574 2865
f 2865 574 2133
f 580 2149 2133
f 2133 2149 2865
f 575 2136 2137
f 2137 2136 2866
f 2136 576 2866
f 2866 576 2150
f 2150 582 2866
f 2866 582 2151
f 2151 581 2866
f 2866 581 2137
f 580 2139 2149
f 2149 2139 2867
f 2139 577 2867
f 2867 577 2138
f 2138 581 2867
f 2867 581 2151
f 2151 582 2867
f 2867 582 2149
f 561 2142 2145
f 2145 2142 2868
f 562 2144 2142
f 2142 2144 2868
f 2144 573 2868
f 2868 573 2147
f 2147 572 2868
f 2868 572 2145

